ASSET,BKPREM,CHBAL,DEP,DEPDOM,EINTEXP,ELNATR,EQ,FREPO,INTAN,INTINC,LIAB,LNAG,LNATRES,LNAUTO,LNCI,LNCON,LNDEP,LNLSGR,LNLSNET,LNMUNI,LNRE,LNREAG,LNRECONS,LNREMULT,LNRENRES,LNRERES,NETINC,NIMY,NONII,NONIX,NUMEMP,ORE,ROA,ROE,SC,SCMUNI,SCUS,TRADE
333667000,2436000,128321000,258582000,190845000,2113000,27000,26127000,7489000,8548000,2881000,307540000,0,135000,0,3590000,0,50000,38810000,38675000,296000,3062000,0,0,1191000,1871000,0,534000,1.2161712774549083,2333000,2384000,43940,0,0.6814429618522743,8.29,101263000,340000,59262000,5126000
184534,4999,4300,153456,153456,928,-748,8938,3975,156,2507,175596,12492,866,1231,7509,4395,0,123301,122435,0,98803,66774,1931,458,8670,20970,1195,3.8440470828819397,377,1503,40,251,2.618224044389305,55.45,40034,3953,34328,0
47626,265,1644,44785,44785,126,0,2717,2025,0,482,44909,2637,134,244,7064,878,0,15885,15751,145,5161,189,0,0,4810,162,63,3.1145084916286647,39,332,9,54,0.5178206326864001,9.11,26398,6562,19588,0
300810,1541,21061,268970,268970,2319,310,31077,0,0,4657,269733,9448,4003,24158,26698,54108,0,243947,239944,1026,152285,39140,13482,619,21106,77938,494,3.334420799483721,104,1481,45,46,0.6691579480285069,6.4,28411,9819,18592,0
358884,2699,29931,323272,323272,1231,60,29021,1625,0,4069,329863,9,2220,419,4902,2191,0,176812,174592,4000,166271,1504,22735,6999,84562,50471,989,3.383904098870094,608,2001,48,0,1.1131918581665257,13.52,137584,51939,85647,0
410941,2270,6824,372669,372669,1963,45,33672,26975,0,5697,377269,1657,3994,718,14057,1529,0,289465,285471,784,271794,47883,59659,773,68770,94709,1182,3.821669088899351,237,2416,62,974,1.1564935350837282,14.13,82472,28222,54252,0
119954,892,21412,109602,109602,89,0,10052,0,0,1448,109902,5359,1896,585,4767,2357,0,46451,44555,1935,31917,11212,1278,620,9460,9347,573,4.578243238121708,155,941,29,0,1.8698298226435415,21.84,51888,17609,34279,0
227464,4695,27570,211434,211434,852,0,14190,6740,0,2587,213274,10179,2931,2042,34057,8587,0,117909,114978,0,65086,12845,740,0,504,50997,293,3.1257811637904824,171,1507,48,25,0.5003853223151787,8.16,67902,15765,52137,0
390685,5604,12154,330529,330529,1115,0,38658,12100,928,4400,352027,0,3894,537,5586,2305,0,214746,210852,0,206826,0,74102,7923,59848,64953,986,3.598930181028379,488,2520,68,0,1.0318921118074986,10.32,142380,84796,57660,0
370378,6869,92349,329097,329097,570,150,22112,0,0,4259,348266,0,1485,3195,12946,4798,0,119401,117916,298,101616,495,10659,13338,45579,31545,1152,4.29183675546914,616,2685,73,0,1.2368660155762445,21.61,136633,39439,65689,0
177852,4383,17559,161986,161986,810,177,14686,0,0,2788,163166,420,1361,4102,12606,12052,0,140512,139151,100,115297,8523,11831,47,20590,74306,511,4.934544932923369,179,1312,35,15,1.1878886499680363,14.07,13047,0,13047,0
2146581,20169,613163,1898426,1898426,2500,865,229099,0,5964,29856,1917482,407,15841,19541,62452,69039,0,854825,838984,2409,711315,5172,183647,16421,250616,255459,15758,5.252990763676864,7544,13974,413,468,2.8795791187570554,28.3,638407,32064,559827,0
445201,6097,24695,377124,377124,1808,90,24865,50931,0,6280,420336,802,5003,1308,19840,6318,0,280589,275586,0,253104,11854,41093,14293,93263,92601,3087,4.566981804070149,827,2122,53,0,2.9147802112200627,47.3,84866,18566,62449,0
57646,634,8238,50413,50413,349,3,3127,0,0,761,54519,0,198,2,0,288,0,33015,32817,1481,31285,722,1628,0,535,28400,-181,2.9964998409018593,10,600,14,0,-1.255625601581672,-22.43,15132,6569,8557,0
129847,472,9017,115941,115941,402,0,11776,0,2895,1238,118071,577,971,1080,4488,4355,0,38225,37254,0,28794,4639,2633,0,5525,15997,150,2.887874639987219,77,765,19,0,0.4684608718056824,4.99,72030,40553,29265,0
410399,2466,5637,358251,358251,846,147,36580,157,2608,4771,373819,35262,4565,482,31776,791,0,250346,245781,1853,180664,35451,13760,4888,107136,19429,2066,4.099200655872105,510,2222,61,0,1.9926048896460016,22.82,135588,74826,59009,0
298155,1644,4712,237142,237142,1603,90,20491,1655,0,3326,277664,6028,2576,1883,3070,3301,0,221812,219236,4369,205031,24374,6307,22573,106941,44836,159,2.464998417350842,234,1716,38,0,0.2148303903934335,3.09,59190,24064,31096,0
567505,2784,20592,489516,489516,3055,39,49339,171,0,7157,518166,30365,3827,1457,16812,3798,0,306344,302517,1213,254146,53360,13596,10378,27495,149317,2083,3.134165710798335,455,1947,49,0,1.4736209122583612,17.36,208715,145817,3281,0
266958,4375,9233,209059,209059,1822,40,22305,546,0,3156,244653,16163,1625,3521,14356,7486,0,130059,128434,0,92010,32787,4333,0,22749,32141,211,2.1505679699984483,216,1280,23,0,0.31640883470450076,3.8,115120,53070,20400,0
1396617,20616,69656,1130523,1130523,9271,450,140509,2621,5534,17709,1256108,270334,13700,6543,236354,19905,0,1250362,1236662,3821,699220,226862,65511,54133,245878,106836,3897,2.575109588262469,2228,6148,107,0,1.1300544982338367,11.2,39683,9042,30441,0
333965,1586,7389,285714,285714,1170,0,24833,10114,3949,3508,309132,17839,2435,1680,37791,2824,0,162081,159646,803,102622,35520,0,250,48359,18493,1105,2.957724652027743,240,1430,36,0,1.3205205001844844,17.44,145479,122930,22375,0
293024,4570,17788,249961,249961,1644,21,18475,106,0,3298,274549,14612,2034,5175,26700,7149,0,214261,212227,2338,163462,16874,11782,4726,31344,98736,623,2.357183066475698,115,1103,26,0,0.8560411531822437,13.75,55195,778,54271,0
127454,598,3261,93919,93919,480,0,24772,0,0,1707,102682,2556,362,808,24712,1526,0,72761,72399,0,42967,1964,8506,90,20815,11592,601,4.184589150591496,82,678,16,3262,1.9166756361345978,9.8,46225,32632,0,0
116882,257,942,85429,85429,443,0,30573,3350,2481,1061,86309,12842,278,233,3993,429,0,34898,34620,946,16687,10292,0,0,2945,3450,393,2.2863485016648166,26,231,8,0,1.37898365746467,5.18,73299,72300,999,0
396812,2662,7044,305152,305152,2781,275,38340,6635,0,5825,358472,108669,3694,6857,55606,12268,0,359484,355790,745,182062,113180,0,297,20888,47697,1578,3.274870159036689,74,1203,30,0,1.619792675775862,16.72,15459,524,14935,0
2008264,27846,25095,1796752,1796752,7969,391,152577,0,7086,21411,1855687,25457,13390,50730,152849,98079,0,1365876,1352486,1769,1045416,68284,48186,76562,411482,440902,3750,2.8715725902820597,3731,12356,363,530,0.7466302709297264,9.69,517585,90469,284299,0
116561,2429,12211,96746,96746,389,38,12210,379,0,1700,104351,45,1499,9,17002,247,0,90679,89180,0,73385,0,2320,7300,52593,11172,-61,4.932743862289531,510,1857,46,0,-0.20768166826258114,-1.99,9089,1994,7095,0
2668315,28469,150075,2198207,2198207,11546,0,227331,0,65308,28408,2440984,10351,16037,19369,218715,34410,4007,1424625,1408588,3873,1118062,29504,116856,59318,610809,301575,5957,2.840070648062705,3974,13535,367,122,0.9089891234499776,10.73,907996,426637,173774,0
321408,983,5433,279360,279360,1565,0,20231,7092,175,2595,301177,6177,689,940,4719,2605,0,140980,140291,7649,119802,41818,5394,2785,11445,58360,22,1.3130051245442727,85,1154,40,0,0.02724622693939727,0.44,163490,30194,132903,0
407500,4615,47885,370730,370730,2237,0,34550,25000,0,6009,372950,41617,5962,5927,53575,8849,0,310970,305008,1000,205915,37821,31067,5267,59023,72737,2396,3.9943981002252937,495,1871,48,66,2.401309896508655,27.09,13104,1516,10860,0
251417,2183,39707,218883,218883,1293,0,12838,0,0,3442,238579,97,2056,4419,37851,12388,0,141459,139403,58,85898,10476,16567,2333,19841,36681,796,3.6539618238353424,454,1807,46,0,1.2810840932729002,24.3,63713,34700,27125,0
7756052,81831,165735,6329349,6329349,43451,19942,818368,845,196500,105519,6937684,40688,160844,14734,1193590,750756,0,5938201,5777357,34396,3252912,67923,474128,286289,1981382,443190,24754,3.5772163970832382,38015,48335,880,8920,1.274489165278202,12.11,1044900,60630,696687,0
491438,3400,15260,418524,418524,2070,60,42237,26801,723,5586,449201,12860,5577,11200,33309,20423,0,314399,308822,0,236888,52704,3244,12641,98877,69422,1014,3.0338427488375554,582,2665,79,0,0.8421236215052961,9.62,128507,24263,104244,0
249066,5329,4430,213379,213379,709,0,24225,10124,0,2782,224841,3060,1110,7649,23342,10749,0,105148,104038,302,67485,9236,2014,764,15338,40133,1031,3.674505789606626,347,1375,35,40,1.6711274639911338,17.05,115164,29509,55840,0
2724414,21565,96220,2267728,2267728,13927,1125,291853,0,17839,35475,2432561,0,29889,2987,547165,66636,0,2163633,2133744,782,1548341,0,232075,159818,784570,371878,8057,3.4253188335905542,2942,14460,286,0,1.1767571118258833,11.15,291922,30903,190565,5337
1160346,15142,55779,1055662,1055662,8275,-158,97763,354,0,16097,1062583,61630,12292,17143,141493,29767,0,915012,902720,0,681695,141376,55123,31881,272244,181071,3460,2.7934816380902046,2184,6519,181,437,1.163883941260863,14.05,152830,93382,57934,0
1344302,299,152786,1148528,1148528,6759,30,186131,0,136,17896,1158171,0,12492,0,379842,0,0,962204,949712,0,510507,0,18149,0,492213,145,6092,3.2255927337999006,2428,5762,63,0,1.7048493547171777,13.15,198337,0,135977,0
887626,30497,20137,667176,667176,2681,0,135871,0,7611,10682,751755,0,14335,1633,37335,3760,0,470677,456342,1544,426998,469,52443,16685,179518,177883,3903,3.9175627481450515,800,4898,140,0,1.7772010108599139,11.55,355522,0,355522,0
328941,2902,34252,258200,258200,1144,-9,44549,0,0,3842,284392,1227,4006,563,1540,1793,0,292687,288681,0,288125,32703,17294,1666,12069,224393,1108,3.3828494048981104,57,1331,41,0,1.3515574015455085,10.07,0,0,0,0
313621,12104,9831,260160,260160,1337,60,40660,0,76,3945,272961,16,3178,6004,15630,12699,0,243423,240245,1751,213324,323,7989,0,158989,46023,591,3.704782265911884,395,2295,58,168,0.7622892539464753,5.85,38090,19081,15113,0
155000,5052,5465,136503,136503,733,30,12479,0,0,2200,142521,124,1552,10602,20121,20533,0,118031,116479,0,77066,11,8652,3235,18418,46750,357,4.028905405173449,178,1195,30,165,0.9172779711969578,11.58,25356,14729,9702,0
450961,4146,76512,421135,421135,1342,0,26733,0,595,5196,424228,0,3117,11698,28305,25531,0,222661,219544,2690,166441,1127,7131,579,79080,78524,1734,3.8913521161246516,997,2412,66,0,1.5739633422666797,27.23,131951,38804,84365,0
84446,365,4278,79548,79548,319,0,4681,3000,0,719,79765,4372,249,37,3745,470,0,30444,30195,0,21857,11303,46,750,3303,6455,2,2.0359212861932723,34,461,9,0,0.009416362106204794,0.17,42044,16003,26041,0
357219,3379,6663,314348,314348,1865,38,18552,5264,583,4194,338667,14393,2552,8488,25306,12056,0,239319,236767,876,186595,43528,13308,3788,40171,85800,522,2.73113185421455,362,2024,45,0,0.5803022407503908,10.84,93999,33051,60948,0
30078996,434255,634919,23080700,23080700,119865,5341,3162574,56,1204894,324635,26916422,715496,227675,478829,2054843,947761,1403,18225527,17997852,275561,14138447,719716,1609246,1532181,7467687,2809617,66352,3.0171382314213315,40169,153687,3329,14405,0.8747421067574741,8.37,8626085,393570,6342636,44107
1753861,24439,84708,1557525,1557525,9826,437,141722,199,12562,23973,1612139,312454,13633,11394,234420,27029,0,1367533,1353900,23952,769678,113596,78819,147672,317595,111996,4564,3.4938024335851545,2387,10029,199,0,1.05280974656385,12.96,223039,21591,193403,0
139903,387,11932,124377,124377,588,0,12941,0,35,1391,126962,18457,1214,936,4259,2081,0,72093,70879,289,46613,34565,2878,4,4014,5152,153,2.3385596598458678,63,715,19,0,0.42938630033186226,4.69,54367,34646,14503,0
628297,9740,38258,571665,571665,2332,25,46623,8759,6980,7794,581674,136997,1724,7001,33629,13201,0,333840,332116,149,149635,98345,9065,655,28775,12795,1891,3.787266166909785,1124,4568,110,0,1.198709374782096,16.34,209959,104338,101166,0
217138,1793,2411,173938,173938,942,25,26731,2191,0,2997,190407,31177,1021,924,13642,3079,0,144693,143672,2446,93576,67282,0,0,23413,2881,913,4.023514554647845,102,1158,31,0,1.6788643301092272,13.7,58537,37263,21274,0
195422,4676,18697,160781,160781,447,55,32372,0,3986,3139,163050,6576,1630,1641,18359,4648,0,132723,131093,0,103017,6159,10255,7456,51014,28133,1036,6.038040552664633,602,1888,37,0,2.140114494059685,12.95,34035,0,34035,0
520258,517,33564,448453,448453,2070,0,31437,0,9549,6688,488821,84154,3509,2639,21379,4501,0,244124,240615,19,129536,75333,2059,899,16631,34614,2518,3.8299853099578165,1318,3271,81,0,1.9800987493647542,32.47,224938,104447,69296,0
158491,1261,40242,133245,133245,511,0,11945,0,0,1787,146546,0,909,21000,15452,21345,0,69302,68393,0,32505,329,1823,4708,14898,10747,479,3.258468570844878,148,924,28,0,1.201321704672991,16.19,47644,5293,42351,0
122084,6719,6378,97226,97226,433,0,7662,0,0,1207,114422,2467,833,2436,4720,3279,0,89681,88848,172,79043,12417,5451,440,5412,55323,161,2.8965981812057935,115,722,16,0,0.5302790140433363,8.45,15825,5802,5835,0
814760,8841,118574,691847,691847,2369,1,24410,0,0,8419,790350,884,3632,419,37372,3897,0,295745,292113,0,253876,445,20167,7228,111550,114486,3586,3.205060286919116,1299,3762,109,0,1.7870613716792383,55.85,365663,44753,314684,0
137027,95,27500,118236,118236,211,30,17710,0,0,1526,119317,28747,826,1084,5820,2484,0,49880,49054,0,12823,6219,979,0,1398,4227,960,3.979979040794785,51,376,7,0,2.794485257998668,22.21,56269,3300,52969,0
256505,1201,35945,236106,236106,1878,0,8605,3891,0,2645,247900,683,788,0,11872,1055,0,74301,73513,0,60690,1482,3521,6719,45341,3627,127,1.2491093784988703,63,704,18,0,0.19803292492291139,5.73,133346,27326,95254,0
253595,2572,32015,217140,217140,1188,0,23413,0,0,3204,230182,25744,2867,3766,24280,7343,0,147778,144911,0,90380,28973,8765,522,30205,21915,751,3.3096247532351337,154,1188,30,0,1.1548138708369133,12.99,64065,18426,45142,0
535151,11309,28596,492014,492014,1051,84,38864,0,2473,6111,496287,1093,3809,3682,31174,10845,0,341888,338079,8555,290060,19093,18214,11053,55519,186181,1948,4.050219520297123,1964,4992,130,0,1.4528978244756974,20.09,139657,33924,101490,0
289978,1952,16966,264888,264888,809,0,24171,0,0,3613,265807,10417,1554,4020,12396,10848,0,171552,169998,153,137712,11418,22977,0,28138,75179,1081,3.9963585249531897,206,1641,53,0,1.4803757771630466,18.72,97979,14382,83597,0
1424505,16577,107872,1299207,1299207,5283,200,115264,0,5485,16574,1309241,6808,15168,11926,133414,49627,0,936429,921261,2342,743773,20835,125232,5503,314656,277547,3922,3.471688947001475,3601,9809,246,317,1.1305941456728181,13.76,330981,134786,174772,867
2254750,37070,444071,1980760,1980760,15496,1480,238984,0,7538,36284,2015766,44481,20296,3473,456467,5610,0,1606839,1586543,343,1092589,58225,277813,66049,494335,196167,5665,3.8706737300690115,1464,13600,230,192,1.0065472209901964,9.58,134866,66871,36669,0
185449,382,25855,163650,163650,1191,75,18864,0,0,2888,166585,39811,1569,1222,26482,1958,0,148161,146592,0,67928,11469,5728,1242,27931,21558,638,3.814072398825661,147,1132,29,0,1.3737971872686898,13.78,8609,0,8538,0
595537,15989,63205,518993,518993,3341,135,35551,0,2469,7587,559986,51695,4880,3731,24391,8262,0,345107,340227,2889,255894,45536,44182,9408,128394,28374,542,3.213355936308046,614,4187,126,0,0.3723751886137011,5.98,155282,52103,103179,0
12191083,130704,1072406,8597629,8597629,51192,-2500,1356716,0,0,108661,10834367,0,97501,409,147881,189359,0,6592306,6494805,0,6086830,4871,603372,407701,4443756,627130,13002,1.964089046860248,7266,49129,768,2929,0.4293402835034408,3.84,4286374,1546175,2740499,0
370160,5334,30218,319316,319316,1084,0,25549,0,222,4326,344611,26899,2717,27649,34520,28999,0,198203,195486,0,106668,24313,21504,10845,40008,9998,562,3.7153068752372564,423,2900,88,0,0.609666798652658,8.97,127400,9703,117534,0
10929896,116141,646547,7990445,7990445,61042,2020,868715,0,121,128101,10061181,202804,147848,13895,1291188,123615,0,6584271,6436423,40783,4769902,52699,640724,349733,2060015,1666731,11765,2.5082641447999916,16024,66213,1178,0,0.42082227922211013,5.44,3458338,3859,3454479,0
2822316,66307,33805,2497602,2497602,17499,900,211284,0,36870,38013,2611032,24265,30224,10592,332144,66649,0,2037149,2006925,5407,1608021,123856,270397,50949,777855,384964,6776,3.181834661779809,5115,16440,387,0,0.9641022722422208,12.87,579230,279215,289010,0
797955,20003,14594,612866,612866,4766,150,51207,0,2781,10945,746748,16549,10430,20823,52094,46310,0,529595,519165,785,413832,73680,45332,23888,137700,133232,720,3.316386432281498,1054,6094,130,0,0.35947067942454736,5.62,219932,108401,35268,0
283703,10374,6142,249398,249398,989,10,33286,17450,1637,3100,250417,130,1256,8541,20746,12532,0,158314,157058,377,124062,3231,3000,5689,34224,77918,638,3.3848503494485183,1180,2093,60,0,0.910586279120385,7.58,79699,31514,48185,0
1551293,20987,267377,1120308,1120308,12881,630,158250,0,5307,20460,1393043,48,17069,920,218322,92883,0,1058035,1040966,43,731986,1596,33409,28335,163306,505340,2962,2.2918234533914883,24970,27862,472,602,0.7943041793486276,7.54,103712,7243,69090,0
5715300,51403,739818,4962013,4962013,14570,0,575327,0,13282,66473,5139973,319003,75018,2967,495045,4926,0,3696295,3621277,471,2705888,723686,227414,114426,1213952,426410,23227,4.048010213810716,5030,24951,384,873,1.685149111065162,16.35,1046067,77993,953773,0
1129487,13972,79213,894909,894909,6300,0,85047,0,16810,13950,1044440,89378,7510,19121,126398,30965,0,696807,689297,0,443810,118162,29440,6382,182449,107377,3163,2.9760587742430866,3196,7038,195,381,1.1171285240826756,14.88,270724,130782,139942,0
1033284,28135,43223,918631,918631,5436,769,107977,0,1107,14863,925307,5360,6500,1513,82488,12724,0,809547,803047,54,708669,62894,96252,5279,321162,223082,5041,4.102102180506421,4868,7643,169,422,1.999197901655208,18.76,106184,27676,68816,0
73744,413,3682,66391,66391,290,0,7097,5425,0,948,66647,3140,430,408,8218,1308,0,38848,38418,0,25983,1936,6895,1736,7101,8315,188,3.823552911609393,39,509,15,0,1.0072597712234457,10.7,22602,2185,20417,0
443084,7226,24172,389761,389761,1915,120,46542,0,0,5577,396542,0,6194,254,39094,2286,0,313024,306830,0,271644,0,45208,5134,132074,89228,588,3.6481416220133767,348,3091,80,1613,0.5115284195142002,5.02,83231,13712,60587,0
153447,736,5602,130423,130423,726,50,15366,0,0,2182,138081,1192,1725,1425,8295,4524,0,118063,116338,0,103842,8419,24531,1849,20756,48287,407,4.114839635005811,100,1099,31,293,1.0784778093916338,10.59,24098,9900,14198,0
47044,369,7725,42194,42194,142,0,4669,0,1337,515,42375,4637,295,244,2961,563,0,24444,24149,0,16283,3061,0,0,5995,7227,101,3.1425742991343175,24,258,7,0,0.8047728608280794,8.62,12757,1412,11345,0
61579,298,13229,59193,59193,130,0,1703,0,0,493,59876,633,371,274,1582,1544,0,18204,17833,0,14443,8696,630,0,4242,875,47,2.5008181050963643,16,332,10,0,0.3063361061096129,9.68,28529,6382,22147,0
3458892,38906,169221,2897379,2897379,13923,1200,309919,0,144684,40519,3148973,107198,28973,58438,312700,83165,0,2366602,2337629,45952,1812533,181972,193578,97009,651437,688537,10787,3.3959237040799026,6181,20035,458,524,1.2492311371468932,14.36,672868,118283,554226,0
59470,299,10972,50142,50142,164,53,9126,0,2936,764,50344,5372,157,612,5228,1194,0,32243,32086,290,20159,5740,0,151,11181,3087,324,4.45723836939363,25,246,6,0,2.154452285365185,14.24,11366,7908,3383,0
1543241,27786,186123,1318025,1318025,6032,-215,116112,0,17512,19483,1427129,127926,10445,2037,140772,11443,0,929370,918925,4952,634835,152098,99281,32976,226901,123579,4214,3.638111865651407,1996,10117,202,260,1.0666366300711672,14.68,352419,166145,186056,0
418423,6105,11556,350444,350444,1903,178,34721,0,2568,5356,383702,36623,1866,2226,62392,7328,0,326069,324203,3806,214891,45938,21203,3360,73669,70721,770,3.577093857276234,380,2589,62,0,0.7446151391378661,8.95,64246,18292,29933,0
141296,1393,22301,132410,132410,318,45,8173,0,0,1234,133123,2470,706,3092,9969,5836,0,53185,52479,342,34389,4033,2676,109,4512,23059,314,2.6868769089182463,84,639,20,0,0.8810912623947302,15.24,62855,19259,43596,0
136025,2003,1911,122305,122305,412,4,10364,3316,296,1441,125661,0,1083,734,3256,1789,0,76905,75822,0,72076,0,7471,545,32917,31143,196,3.138546706470393,165,973,31,0,0.5709458475341548,7.48,50793,26022,24771,0
346327,1886,56678,320645,320645,975,6,23604,0,2285,3430,322723,106,2341,2698,38317,19734,0,137280,134939,6645,71947,430,4892,968,47800,17857,464,3.1160457316202486,326,2080,52,701,0.5506511538900863,7.75,140148,30621,107230,0
209675,3419,5712,193949,193949,802,45,15209,2778,0,2647,194466,488,1745,236,14401,877,0,149327,147582,0,133614,7809,15898,1952,65610,42345,613,3.7518492346329237,192,1231,36,0,1.20059246202245,16.87,47996,9226,38770,0
821596,15420,35792,643464,643464,3596,59,91767,3,276,11358,729829,57205,7076,6467,62144,17066,0,680493,673417,1019,535754,120069,47556,6525,133688,227916,2611,4.116669009098358,1282,6288,164,1398,1.2742249451127972,11.33,63326,1852,60878,0
91624,409,3126,76965,76965,502,9,8457,2702,0,1083,83167,1080,875,4056,2441,6466,0,60822,59947,0,50867,8330,2504,0,9622,30411,155,2.6663913078396955,49,466,13,0,0.6814459844146709,7.34,24513,18455,5064,0
211059,1171,10715,186764,186764,997,0,22675,0,0,2956,188384,61087,1607,300,12245,2720,0,132437,130830,1211,55169,34766,5127,0,8689,6587,781,3.8694576537339085,136,1212,29,91,1.4469829432948504,13.84,61920,25389,36531,0
1395800,18695,6780,1132295,1132295,10164,0,140585,1639,3103,19053,1255215,81644,14984,3045,62278,6185,0,1018219,1003235,0,831783,94736,111357,118202,295221,212267,7906,2.6941598878873054,1012,4688,139,125,2.2500089825333305,22.85,311476,223647,2134,0
111498,301,23706,92396,92396,393,-32,15236,100,130,1057,96262,8426,545,3505,3748,4573,0,56783,56238,1733,38281,12448,985,753,6123,17972,262,2.591345919313137,176,610,13,0,0.9524372123035257,6.89,25867,7466,18401,0
106328,1207,18435,81317,81317,95,0,24937,0,0,1802,81391,1318,1509,163,9237,327,0,87281,85772,0,76356,2414,20953,509,19586,32894,1255,6.515484772869323,43,495,12,0,4.562848235304811,19.45,0,0,0,0
234942,2439,5140,214122,214122,734,35,14909,12465,0,2438,220033,0,1582,584,4259,3925,0,167163,165581,0,158974,3,9974,8089,25036,115872,450,3.0952553948993677,188,1316,37,0,0.7889408031417376,12.05,44556,33212,7087,0
278511,2451,26835,251927,251927,1021,20,24696,1668,381,3231,253815,16121,2481,6747,26162,12660,0,146361,143880,784,90634,52191,5313,0,4060,29070,844,3.396348924905726,166,1159,39,0,1.2034106139675478,13.86,91711,75925,15786,0
152437,2824,17777,132513,132513,408,45,18223,4819,0,2063,134214,485,1279,3174,9644,5715,0,95850,94571,0,79820,1014,15059,327,22885,40535,570,4.762624191540946,177,1021,25,0,1.5402023204363906,12.68,29607,7254,22353,0
533551,12907,69773,481248,481248,3059,1000,50492,0,0,7782,483059,9997,6529,4920,42291,15949,0,406311,399782,2256,336076,36388,54848,2259,112912,129669,414,3.838522782339788,913,4090,125,0,0.3132599177692716,3.29,34415,15063,19352,0
882612,8015,31800,796559,796559,4818,110,83705,41044,2396,9843,798907,16278,4240,3229,27890,8395,0,479967,475727,1268,426054,102954,60977,7678,234617,19828,1773,2.374442493306376,539,3345,76,0,0.8058312549356027,8.46,310783,120655,190128,0
635075,5153,81826,502577,502577,3743,1480,57021,1898,104,9468,578054,648,5266,1170,67929,3400,0,543338,538072,40,470910,16581,52073,118549,184403,99304,2223,3.711654676725413,852,2874,77,812,1.4082421441642758,15.9,751,751,0,0
830415,13465,32991,741232,741232,4755,0,64172,0,0,10240,766243,12427,7364,4713,37572,14130,0,628582,621218,6603,556904,222386,51822,31510,106158,145028,1667,2.8711339801454674,1157,4975,154,21,0.8150199324198378,10.35,133251,87004,46247,0
2597979,43059,250131,2020021,2020021,10711,350,342922,54,58866,30935,2255057,55374,19619,9930,220853,43815,0,1579584,1559965,3420,1253386,166729,199162,60961,378082,448452,5466,3.4432115472893585,3628,17525,484,58,0.8401436820918441,6.35,568483,358372,188149,0
4479894,63757,382037,3606804,3606804,12233,0,684019,0,36309,42817,3795875,85037,76702,209807,219228,278942,0,2197744,2121042,14617,1599604,179783,126981,148564,846513,297763,20598,2.9246852196842963,6210,19109,427,0,1.83057230379564,12.26,1741937,20279,1183259,0
1131156,13564,49639,936347,936347,4911,67,84351,0,4715,9774,1046805,4992,9052,861,29167,5122,0,687590,678538,1980,646119,27973,42902,179756,231889,163599,977,1.7992119429491094,1396,5177,118,0,0.34471398133622533,4.62,363545,109285,228242,0
215864,1296,13722,153687,153687,502,0,17425,0,0,2215,198439,16741,1406,1740,11471,3445,0,94550,93144,490,62403,41179,2246,121,5256,13601,839,3.2738713815765896,142,981,27,0,1.560621737563505,19.46,104627,34650,65051,0
467574,8056,5742,372943,372943,3083,30,37627,0,5184,5535,429947,9496,4846,3741,44034,4129,0,383868,379022,3439,322752,49296,39808,32963,116030,84655,791,2.2551403427086747,254,1877,49,0,0.6756547540875084,8.4,57246,12659,44571,0
1578098,25652,78860,1366163,1366163,5012,724,164915,0,60875,18744,1413183,71956,11579,8411,153169,12110,0,1016008,1004429,14142,764416,117814,56120,54243,295365,240874,4102,3.9502550355359705,3775,11504,254,135,1.0658850522743601,10.02,362728,166362,134630,0
551055,4325,20464,494258,494258,2221,275,54082,0,11706,5974,496973,148487,4048,7261,28882,11471,0,358884,354836,2322,167518,90693,2208,0,31869,42748,1034,2.9487591227971963,443,2654,79,0,0.7476554421940868,7.57,139750,31795,94561,0
83106,1844,5869,70591,70591,478,105,8265,0,1281,1404,74841,5689,1029,1179,11435,2792,0,72900,71871,0,53353,11437,7655,1809,10286,22166,131,5.005743631326441,60,707,18,0,0.6511298469720598,6.39,996,0,976,0
170303,1073,2127,155721,155721,900,75,11455,14607,0,2176,158848,82,943,1345,41707,2044,0,126876,125933,1371,81623,3254,2394,10236,16556,49183,307,3.193592791890877,65,893,21,0,0.7419827495052945,10.79,23247,21894,1353,0
122866,1195,7558,112902,112902,351,15,9275,2,124,1694,113591,883,1322,1446,2544,3480,0,71318,69996,1040,63429,7919,11168,2147,5319,36876,550,4.450317080949876,150,928,31,0,1.77234973293912,23.24,43105,7541,33808,0
108636,209,73565,524,524,0,0,101896,0,7105,7,6740,0,0,0,0,0,0,0,0,0,0,0,0,0,0,0,766,1.5155615696887685,23406,22389,133,0,2.880511422393532,3.02,1845,0,1845,0
103865,744,3603,78881,78881,400,0,8272,35,304,1242,95593,15312,722,245,14882,720,0,75520,74798,1186,43255,19128,4709,1070,12759,5589,162,3.4130349967825455,125,649,14,0,0.6276667360845413,7.8,22832,0,22832,0
242912,4804,31507,221076,221076,1090,40,21115,0,1402,3152,221797,2936,2548,14956,24064,22279,0,166966,164418,0,117687,2239,7359,2052,51036,55001,693,3.621657935988689,410,1738,51,0,1.1526778344460222,13.23,37338,16315,20304,0
659008,8702,12717,621594,621594,2258,150,29617,1300,0,6920,629391,0,4259,9967,100608,21427,0,386514,382255,0,264441,1126,21846,18157,131644,91668,892,2.90680092902904,1032,4606,95,0,0.5388551894639313,11.91,247754,122173,124799,0
224936,508,15676,195072,195072,553,0,27855,4581,0,1780,197081,341,1688,1698,6011,3377,0,61618,59930,657,51232,0,1602,0,19180,30450,352,2.310315691364795,241,1029,29,26,0.6215992494895425,5.02,133723,54860,78863,0
298996,6609,9035,281834,281834,1260,159,13641,5553,724,3395,285355,4810,3111,4364,22463,8219,0,159571,156460,0,123155,16610,6376,10439,33487,56243,266,3.1237997695557547,515,2173,45,281,0.35784191727932524,7.69,109458,44232,60969,0
207424,2652,7248,178010,178010,1091,5,8908,0,0,2149,198516,11750,992,823,5389,2248,0,68101,67109,14,44254,27849,469,0,5977,9959,192,2.1906689512017103,146,1007,25,0,0.36970712263878464,8.56,121325,65145,34718,0
79963,1095,5531,63424,63424,392,6,3976,845,0,996,75987,979,429,885,3700,1291,0,50393,49964,0,43662,3734,13095,0,5718,21115,76,3.248294174985715,58,580,19,0,0.37978874251197775,7.62,20250,10562,8526,0
363249,10018,6593,330689,330689,2452,68,30789,23828,2274,5622,332460,24450,3106,3097,24027,4278,0,280644,277538,660,227229,105737,12885,2562,51563,54482,899,3.8862862826047313,411,2334,56,0,1.0100456851865116,11.69,33784,18658,15014,0
56029,439,7568,51647,51647,170,24,4163,0,0,680,51866,805,559,2502,4697,4797,0,36860,36301,0,26368,2255,716,0,2552,20845,134,3.9133687582727466,25,336,9,0,0.9787094182522003,13.04,11270,3250,8020,0
199517,10369,28739,166819,166819,917,-101,4157,0,515,2318,195360,2558,1119,2755,15549,4863,0,101729,100610,0,78943,11428,5388,0,33263,28864,137,3.182174372253075,666,2029,53,554,0.2749554702591505,12.75,50403,25477,22690,0
366761,2701,42368,301428,301428,2066,60,22260,0,0,4697,344501,1716,3036,1558,8435,2074,0,242850,239814,0,230620,14422,23684,16856,78549,97109,874,3.015088334008987,310,2007,54,0,0.9441044780150041,15.61,71793,11288,60505,0
758683,9222,13846,702169,702169,3498,97,40180,7047,0,9838,718503,7324,6045,1457,68784,2296,0,441552,435507,283,362500,62798,105699,11133,96312,86558,4008,3.585924680027629,782,3018,75,0,2.1599919161979186,40.68,274045,205467,47946,0
376928,4095,85814,333766,333766,278,8,41975,500,0,4809,334953,409,1362,1847,5043,7492,0,109091,107729,82,95766,2993,32076,369,34856,25472,2161,4.558780066027354,524,2242,69,0,2.045977691647682,20.8,169106,21219,147887,0
1274091,40213,71128,942109,942109,10084,6656,237091,2150,2321,38684,1037000,4243,19036,785,22736,380021,0,928962,909926,53,231185,19,127929,11304,844,91089,3936,10.691463884767701,11751,28256,314,639,1.2532282926794323,6.69,118543,169,117874,0
44272,411,2254,40065,40065,142,0,4091,0,123,564,40181,2644,481,170,4587,4167,0,18685,18204,0,7240,2074,0,0,4457,709,424,3.8731586434766645,539,529,14,0,3.6939428919913753,38.54,22678,9614,13064,0
1174606,32415,60216,919444,919444,7800,58,130279,0,36860,16110,1044327,97896,10572,1484,56436,9941,0,967589,957017,0,769568,63398,88172,40923,172696,404379,4204,3.0969343238429934,17853,21688,403,668,1.4132214701083405,13.13,63440,28748,24473,0
247619,2262,14061,236758,236758,1155,0,9952,70,384,2787,237667,30911,1404,2482,14643,10103,0,124729,123325,0,69072,50113,0,0,18959,0,393,2.821887785868515,129,1273,34,0,0.6272832291519106,15.53,95404,11065,84339,0
66612,177,4737,54000,54000,334,0,6693,0,0,728,59919,13358,387,1750,7315,3250,0,31653,31266,0,7655,1310,290,0,145,5910,15,2.5908055991648924,36,350,8,0,0.09050797601538635,0.9,27473,8627,14152,0
149950,1440,17416,129393,129393,822,48,18836,0,0,2180,131114,0,1770,598,10038,3619,0,115520,113750,750,101103,618,18266,8988,44362,28869,231,3.9580153088920547,127,1134,25,0,0.6338839800230504,4.93,13070,2273,10797,0
827361,8653,22020,717436,717436,2890,215,99214,0,2363,11518,728147,1939,6613,1781,35795,7726,0,544574,537961,253,495648,26146,117544,9586,122563,219809,3014,4.46621705126405,1360,5876,153,0,1.4455280175966898,12.15,212436,79043,133393,0
657267,8911,33211,589968,589968,3456,95,55554,24448,0,9110,601713,82,5759,562,43924,5956,0,578779,573020,255,528378,18302,71583,16660,183828,238005,2174,3.7231109113686913,807,3437,88,0,1.3572665500753474,15.88,1716,1338,378,0
237132,5795,6903,173636,173636,1356,10,21261,0,0,3288,215871,450,1953,1506,14591,5625,0,193391,191438,1066,171951,2676,27060,4368,49690,88157,184,3.4988115449915114,335,2049,62,0,0.3142478971862858,3.47,26885,1997,24888,0
1573074,19982,35389,1372621,1372621,8177,481,140366,1000,19793,19456,1432708,6111,11662,19529,69644,46253,0,1074734,1063072,7214,943517,62700,130822,40871,312482,396642,3337,3.1312083600681406,2478,9064,268,0,0.8548757474478776,9.49,376866,88222,288573,0
223000,2924,7127,195719,195719,1177,0,20543,13617,0,3278,202457,416,1908,7621,8728,27510,0,181294,179386,474,144166,11206,4586,712,31535,96127,860,4.026958194673049,284,1415,36,371,1.5312095219866553,16.75,12958,0,12958,0
726142,704,13276,537675,537675,3804,50,118496,3,0,7496,607646,147,1576,1471,3383,5705,0,389869,388293,4622,376012,9828,65365,29215,178840,92764,1417,2.068413968517193,115,2305,59,0,0.7746714684999282,4.81,311640,187867,80553,0
722128,33290,48552,635171,635171,4666,0,58090,0,0,11883,664038,36320,7468,565,141250,1413,0,592806,585338,3847,393164,57877,49768,22167,160101,103251,2300,4.401482001006297,827,5744,139,0,1.286219486365025,16.23,38416,1785,34669,0
109436,268,2856,102754,102754,423,0,2343,7620,0,1126,107093,3723,462,3027,5578,6130,0,46126,45664,198,30498,9979,3363,0,2836,14320,177,2.7013266472616886,137,663,17,0,0.6539992794923192,33.18,50736,10778,39958,0
283029,8353,13279,256482,256482,557,0,24588,125,0,3220,258441,585,2122,448,21923,4972,0,137509,135387,0,110029,1873,16903,8116,44582,38555,678,4.17768905396051,370,2184,55,778,0.9325628456921408,10.98,113008,39969,67907,0
103193,180,4340,93448,93448,577,0,9252,2750,0,807,93941,1139,170,251,1548,1314,0,4848,4678,0,847,321,27,0,460,39,14,0.9160244538702033,51,227,8,0,0.05282744763243417,0.58,87298,56585,29755,0
310658,3536,21103,283270,283270,1494,75,24131,0,0,3997,286527,2179,3810,8625,49801,15497,0,227209,223399,51,159681,902,29951,11401,53450,63977,786,3.520913777702755,456,2098,59,235,1.0392993324220732,12.98,51871,18985,27085,0
603689,1525,11302,513374,513374,4759,600,46863,37027,250,9861,556826,763,7632,644,77370,1397,0,500899,493267,0,421040,6783,60438,30724,208338,114757,2264,3.538917602421474,708,1983,35,0,1.5269170556601395,19.86,52315,15750,28715,0
17339524,177469,1675903,14166703,14166703,51163,-91,2199069,0,891750,172941,15140455,2377,120828,2400121,482919,2716644,0,10455561,10334733,12364,7190883,15872,77584,2758553,2171327,2167547,-113293,3.092281899591935,16170,88866,1477,19293,-2.601069517734383,-20.44,3837803,112567,3369317,20943
132471,3618,32449,111439,111439,242,67,20709,0,0,1602,111762,12178,960,1351,4134,1838,0,61940,60980,0,43875,14577,6438,621,9769,12470,473,4.6560792218185245,180,805,25,0,1.4753471978540404,9.22,30011,7264,22747,0
207429,11205,22655,187669,187669,808,15,13096,0,0,2098,194333,331,1380,37,3280,1044,0,140397,139017,0,133603,1762,17937,856,39661,73387,92,2.8492388225354914,254,1437,33,0,0.18404923316987296,2.8,30097,13989,16108,0
401466,4925,22689,316900,316900,2097,0,18846,0,0,4495,382620,1443,1568,2191,11564,10703,0,183139,181571,10334,149160,2856,58308,2297,20224,65475,716,2.510649714371716,417,2099,50,0,0.7094772435917286,15.55,177479,57568,118235,0
194093,1015,22142,175668,175668,741,0,10973,0,2334,2066,183120,10094,1586,3316,10456,4393,0,107187,105601,840,81396,27981,5364,2145,16114,29792,588,2.703840218347852,598,1294,39,0,1.142313184198001,21.43,59523,13777,45746,0
607277,8604,43272,528046,528046,2549,806,47441,0,1985,7667,559836,100292,4390,5995,36643,10497,0,463307,458917,5283,309034,93687,24297,64164,49876,77010,1096,3.635159406676356,506,3192,98,16,0.7338466688985604,9.27,74783,29769,45014,0
458914,3262,15123,430286,430286,1599,190,25906,0,1894,4823,433008,5174,3817,122639,17034,131117,0,287441,283624,2897,131103,17575,3511,3690,19948,86379,645,2.8958528181008765,1041,3411,79,1001,0.5582633250206914,9.96,146642,57141,86914,0
202661,588,1766,167308,167308,946,0,24859,4142,0,2692,177802,20882,1621,6112,25538,11817,674,106446,104825,0,47490,9454,1776,3741,4841,27678,567,3.502024545260809,285,1312,37,0,1.0962320647878951,9.21,86271,54056,27952,0
55595,169,4809,49131,49131,166,61,6285,0,0,680,49310,9191,668,4361,1723,6475,0,40531,39863,676,22386,5756,0,0,1783,14847,63,3.7459802680124983,44,414,13,0,0.4382494369712094,4.02,9491,1307,8184,0
807195,20436,26721,710232,710232,4699,112,61523,1711,2035,10329,745672,15451,9032,2877,54250,8771,0,604569,595537,15292,497909,25034,29549,24755,319247,99324,1335,2.9679065452091766,918,4880,97,0,0.6538836895203506,8.74,130284,15693,106091,0
173319,1830,3477,158412,158412,595,13,10889,7036,440,1644,162430,10067,1231,4784,8853,5999,0,82526,81295,10125,46760,22466,2501,0,933,20860,188,2.632016384239265,180,1020,29,0,0.4373427935852513,6.85,71823,18851,52972,0
196334,3293,6342,177718,177718,618,4,13997,3440,186,1997,182337,22805,1456,1009,9907,1344,0,117860,116404,8377,75420,25618,2293,2610,14588,30311,264,2.948274249368628,150,1220,28,564,0.5297574704080787,7.61,62597,15920,46677,0
351525,5818,4167,298293,298293,1543,82,37473,0,2953,4855,314052,17177,3224,4108,34298,5177,0,283689,280465,130,226829,48336,25826,8031,48055,96581,1377,4.111081113790182,756,2227,59,0,1.5736670757020146,14.79,42968,25236,16108,0
220825,1407,7998,199416,199416,922,16,16489,0,1136,2580,204336,269,1897,2590,17088,4356,0,164653,162756,9,142931,3749,8472,5135,68057,57518,211,3.1871437770921642,285,1716,48,0,0.3842817823571863,5.1,39705,26330,13375,0
568475,4302,26631,510228,510228,2106,-716,45300,296,8617,5933,523175,48289,5629,4978,23663,8457,0,363860,358231,9815,273592,95396,8970,25800,54643,88783,955,2.8749820407527014,802,4382,110,0,0.6649676916221035,8.53,153749,69666,51855,0
409991,6107,36232,341690,341690,2049,0,40708,0,214,4768,369283,27903,5078,5791,42566,7756,0,329944,324866,296,251311,92250,2119,1844,65188,89910,1007,2.8745300410326213,225,1889,49,0,1.0000670352779357,10,33817,33817,0,0
57406,137,22701,50439,50439,185,0,6549,0,306,633,50857,3034,452,2643,4359,4879,0,22374,21922,0,10102,2847,0,0,5610,1645,193,3.5652468018224144,37,233,5,86,1.4077572530498368,11.67,10546,3497,7049,0
127472,594,11269,103464,103464,270,0,22645,2649,1195,1295,104827,6999,940,1269,8593,1730,0,56269,55329,1035,37912,15211,0,287,8449,13965,572,3.451047729673539,65,415,16,0,1.7802399589175393,10.18,51549,22230,26992,0
89332,187,1730,72590,72590,378,15,8320,2218,0,1153,81012,14828,1529,1767,7818,2677,0,49131,47602,0,23659,11548,231,0,3630,8250,235,3.730579924666354,76,520,11,0,1.068218234712547,11.35,34773,12218,22555,0
274647,1295,6098,195969,195969,1933,0,31077,2250,0,3934,243570,64258,2100,1103,15155,1415,0,197695,195595,0,111507,40111,0,159,70244,993,935,3.121003213026796,57,940,15,0,1.3662399906481968,12.19,56681,26887,18496,0
452427,2488,3524,381219,381219,2368,0,56665,6032,0,5785,395762,48919,6711,3347,10200,8724,2838,343777,337066,0,272966,122197,10938,1593,28398,109840,1465,3.142462676358302,358,2245,57,66,1.303188029350641,10.31,95222,33031,62191,0
689056,10609,51551,554584,554584,3279,112,61546,136,17871,8430,627510,9280,4404,9747,37994,13246,0,409678,405274,1393,342410,29042,75955,5365,112330,119718,1099,3.334201783613476,911,4814,117,0,0.6500328639226586,7.09,180131,50261,118047,0
1000959,8964,155709,900237,900237,2681,225,21473,207,0,11265,979486,0,4391,1006,131805,1557,0,343578,339187,0,210709,0,35814,18400,136604,19891,2383,3.750910116784438,1891,7098,121,0,0.986517660963728,46.33,467749,97538,174905,0
794402,8733,26389,657386,657386,3756,0,65168,0,7032,9063,729234,0,4318,11,44235,180,0,541399,537081,0,497520,2816,16332,33467,365948,78957,1304,2.8509630461307256,507,4128,100,1242,0.6544340857777897,8.03,182833,20712,91883,0
519485,7441,18209,425792,425792,2329,0,38882,7200,1219,5734,480603,92340,4708,3331,23324,7795,0,311473,306765,1173,177708,80067,6600,3515,37976,49550,1057,2.8290952295887637,249,2604,76,31,0.8246272550230002,10.69,164982,122596,23263,0
115753,306,16864,102174,102174,582,0,12760,3900,0,1537,102993,23812,1683,2780,9358,5419,0,88210,86527,0,49610,26510,1579,0,7240,14281,512,3.3711930669914305,52,396,10,0,1.761008452496625,16.12,6698,2089,4470,0
518876,7752,14626,443975,443975,2916,60,39789,0,3816,6147,479087,57857,5175,1006,35493,1344,0,407182,402007,1278,311148,105234,26621,33450,88676,57167,-189,2.644220932801925,574,4029,76,1026,-0.14421192285425155,-1.87,71643,12591,55589,0
94574,722,16338,83802,83802,237,14,9926,9750,156,1381,84648,17501,746,2438,13309,3276,0,57471,56725,115,22972,9679,3414,865,6013,3001,373,5.253248840519815,56,652,19,0,1.5909575602473875,15.04,9545,580,8965,0
185366,2698,3100,160852,160852,780,0,22787,11980,146,1871,162579,45200,1983,1042,7289,1721,0,106023,104040,0,51813,45049,0,0,2119,4645,258,2.610859836791347,68,769,14,0,0.5568054903611143,4.49,51417,2373,49044,0
267214,1940,9242,230643,230643,996,120,35879,4185,0,2387,231335,10545,3396,3058,22292,11660,0,113274,109878,0,68701,10406,1142,406,21627,35120,542,2.128624141367576,104,832,25,0,0.8016906502088352,6.03,139737,111388,2350,0
78763,63,1498,67100,67100,413,0,9884,0,0,1023,68879,11007,554,1120,7022,1311,0,47426,46872,881,27179,9008,6345,959,2803,8064,221,3.242977425421487,89,422,10,0,1.086796164248832,8.96,25842,11546,14274,0
195413,1396,6722,163512,163512,592,22,13323,15000,0,2028,182090,643,1414,497,14804,1306,0,114901,113487,0,98116,1271,8287,6734,36869,44955,215,3.1576488050245315,261,1375,38,0,0.4488646594761332,6.51,53720,3059,50661,0
128457,1657,24479,110373,110373,518,20,11404,594,3166,1462,117053,10045,764,497,18009,1779,0,65727,64963,0,35842,18192,1291,0,9165,7194,361,3.261216910653366,107,675,20,0,1.1579512922704345,12.48,31390,0,31318,0
294551,3556,12251,259180,259180,998,0,30340,0,0,3194,264211,6994,1862,943,30870,2334,0,218296,216434,1179,176784,62918,9869,5312,23162,75523,883,3.1572818046539712,274,1583,45,0,1.1842414082145851,11.26,52045,18692,32263,0
142640,1615,23526,130636,130636,388,0,11554,6200,0,1467,131086,1153,657,1613,4194,2852,0,43192,42535,0,34993,1772,3823,1615,14775,13008,250,3.1126720948513977,82,911,33,0,0.6953305079737025,8.65,67756,13678,54078,0
168199,1343,13404,149378,149378,1058,0,14628,0,0,2135,153571,12989,1664,2373,14867,4723,0,117671,116007,0,85087,37128,4314,253,6846,36546,497,2.753313818976647,79,659,19,0,1.1874221650146486,13.68,30120,29057,827,0
98002,519,3310,87797,87797,461,2,9860,0,0,1188,88142,2722,762,506,8650,942,0,75367,74605,12,62669,23890,304,2310,20235,15930,234,3.087917513950315,52,545,16,0,0.9523809523809524,9.61,18483,5400,13009,0
209501,3543,17466,188422,188422,602,83,20204,0,1211,2787,189297,8234,2162,616,5705,1210,0,170386,168224,0,155151,39940,8485,7229,42213,57284,746,4.582802430877811,541,1847,57,43,1.444560628945432,14.85,13283,4853,8340,0
222737,1941,20103,187323,187323,710,209,21891,0,0,2805,200846,8963,2154,10488,14180,18457,0,160067,157913,15,118141,42252,6531,0,14526,54832,689,4.0053149286403915,284,1279,34,0,1.2410780627293811,12.71,35674,444,35230,0
239074,2554,21040,202095,202095,1071,17,17884,0,0,3163,221190,11068,2003,2666,16612,5219,0,168688,166685,2728,133019,26379,18116,9953,38832,39739,1003,3.7005098814404036,388,1460,34,0,1.6694303256262963,22.36,40535,277,40258,0
138105,680,19788,114672,114672,412,0,12995,1750,1901,1501,125110,10301,1674,2060,6895,3881,0,69134,67460,0,48028,18827,4570,0,13495,11136,407,3.3188318565191888,113,734,27,0,1.1403115544099518,12.38,40187,10743,29444,0
1400992,16512,70157,981994,981994,7181,0,165193,0,6747,17882,1235799,42512,3192,8121,76708,10934,0,674658,671466,157,543936,32482,89763,7238,312628,101825,7194,3.211878638350749,760,4267,100,0,2.064703514573681,17.81,611673,1236,610437,0
203123,511,3772,178628,178628,904,0,13587,12445,0,2586,189536,1426,2105,5224,20058,13303,0,131930,129825,0,97033,2900,21296,0,32807,40030,475,3.5083876956129507,192,1239,30,0,0.9635132736631253,13.44,53280,15446,37834,0
167046,36,15100,146518,146518,889,0,19588,0,0,1739,147458,21844,1783,1426,4081,2503,0,60361,58578,555,31352,27991,149,0,2761,451,206,2.0743343827024914,66,646,18,0,0.48580752235215735,4.11,88968,18330,44869,0
167291,6745,4777,147823,147823,1033,30,12651,32,632,2342,154640,20868,1339,2104,15668,3773,0,125834,124495,1817,83708,38014,9231,1401,13671,21391,218,3.397639302562505,185,1224,30,0,0.5146911263000082,6.91,26592,17777,6597,0
69939,107,4244,49169,49169,493,0,17252,0,0,801,52687,6009,239,305,1088,368,0,15053,14814,0,7588,7588,0,0,0,0,126,1.7930171297172215,4,161,4,0,0.7063720646666807,2.93,48610,6836,13682,0
314452,5321,49599,213199,213199,2387,30,32834,573,188,4425,281618,45337,3525,1054,23234,1416,0,187886,184361,0,117572,63087,1682,275,39502,13026,497,2.7728598518669694,505,1871,43,12,0.6293160619629407,6.12,62602,5101,46307,0
69948,965,2697,62148,62148,316,13,7429,0,0,696,62519,8266,651,3301,6395,3548,0,32922,32271,0,14713,4908,660,35,1327,7783,115,2.4357022674465187,96,281,11,0,0.6767791198928923,6.17,30280,4111,22580,0
919540,17822,132783,796487,796487,1154,0,115146,0,518,12344,804394,0,10481,359,18225,3072,0,539354,528873,1158,518922,497,144138,6700,252493,115094,5253,5.16619604190436,1955,6509,127,1245,2.288780433606904,18.51,216306,0,216306,0
174477,725,3185,160146,160146,914,0,9187,29205,274,1881,165290,12505,1123,824,13417,2624,0,75778,74655,339,46840,24789,192,1271,11452,9136,243,2.3997642423960417,30,758,20,0,0.5808151729000722,10.41,64573,52655,11845,0
319787,1787,20388,256237,256237,1805,0,49961,669,67,4289,269826,45,2965,895,6051,1049,0,227609,224644,4086,217090,979,27984,13511,154319,20297,593,3.4207160575008047,276,2187,49,0,0.7646149606007321,4.72,54990,7703,45419,0
707883,6864,41286,584365,584365,2624,265,65109,0,0,8083,642774,0,5750,0,35759,51,0,509186,503436,0,473359,303,60147,37379,197005,178525,1306,3.253815812805753,784,4221,62,0,0.7406325716708041,8.06,131266,24955,99973,0
1764993,16099,111081,1505832,1505832,4236,-461,150758,0,0,14765,1614235,1000,7763,30499,89928,63355,0,743684,735921,3943,585230,15815,131720,6198,218638,212859,4322,2.4625502738034784,2204,7549,252,0,0.9679216391065424,11.7,869395,48266,821131,0
279343,7144,51774,253762,253762,355,9,23829,0,0,2855,255514,0,1798,1030,9736,2389,0,130981,129183,0,118856,366,14794,2171,64624,36901,845,3.8132135475850917,486,1855,55,385,1.222226440952541,14.29,86752,0,86752,0
2114308,38631,245126,1888716,1888716,9239,450,154143,0,2872,24764,1960165,25296,11065,5469,111255,16996,0,1155980,1144915,827,999506,136783,179571,17297,417785,248070,3675,3.184212867450345,3885,14166,338,0,0.7024758930105321,9.64,623967,42326,485744,0
151846,809,22904,133624,133624,361,37,17188,3570,0,2277,134658,1916,1526,3512,10284,9324,0,101992,100466,0,80468,559,28425,600,12839,38045,1014,5.260683188671409,149,964,22,0,2.688612176310914,24.24,20525,2042,18483,0
226744,4456,37771,203811,203811,47,75,19788,505,0,2730,206956,534,1424,5743,18031,13671,0,115629,114205,1910,81489,4745,8063,104,17715,50862,654,5.201704173674491,296,2135,40,0,1.1779379781433068,13.18,61138,9877,51261,0
210376,4767,50081,174575,174575,467,60,33970,0,0,2997,176406,5458,1747,9766,12656,20363,0,127623,125876,0,88980,6285,8774,0,12460,61461,1309,5.11454663991469,496,1355,35,0,2.5086840907457537,15.69,26222,18755,7467,0
246966,4465,5920,204210,204210,853,75,22883,0,1416,3636,224083,11375,2079,3086,32423,3822,0,181972,179893,544,133808,43194,12445,1097,51627,25445,926,4.827982521766472,553,2336,62,0,1.5193746936331063,16.15,51589,4948,46641,0
784145,21469,23610,718899,718899,3832,298,52719,0,5704,10798,731426,35307,5621,10328,56217,23852,0,477659,472038,3544,359386,72654,52058,11427,135083,88164,1364,3.7993401877989967,1496,6538,143,330,0.7024310861804152,10.3,252063,88062,86636,0
742124,8214,23349,690288,690288,2950,30,48678,0,4794,7381,693446,38578,5890,5477,31950,14224,0,342304,336414,733,256273,84035,19425,560,69590,82663,932,2.551342823376657,247,3551,132,0,0.5051264645347836,7.64,349813,80492,251460,0
252097,3668,7256,238719,238719,750,15,12320,17070,0,2729,239777,5109,2164,1812,9850,4079,0,145929,143765,0,126282,8881,4928,1716,75775,34982,100,3.3261063211146404,202,2105,56,0,0.1574722553570093,3.21,73079,23097,39960,0
393432,6743,5925,359038,359038,1344,-27,13394,23400,0,3751,380038,6397,1390,1311,20131,4132,0,137500,136110,0,106090,247,22485,305,59378,23675,893,2.647607995622152,457,2004,44,0,0.9089891185961054,25.92,203396,102222,98321,0
1359330,18093,122955,1159380,1159380,6816,0,97362,0,525,15113,1261968,78960,10840,5790,69926,11393,0,818643,807803,1903,656784,130027,31594,21051,300794,173318,2748,2.5867840805373103,823,5618,151,67,0.8241273168740293,11.41,388361,31393,356968,0
1814648,30305,108896,1563062,1563062,4677,901,125650,0,21169,24015,1688998,27173,17866,844,159733,2552,0,957398,939532,0,767299,46231,116635,41239,433232,129962,10726,4.582054567393556,2796,10507,245,2354,2.3692184930911138,32.55,663608,97174,487684,0
852362,5296,81105,786328,786328,2880,425,62743,0,998,11417,789619,174,6658,77,193557,61227,0,579879,573221,0,326077,3099,33635,20865,173670,94808,4881,4.324655653662812,743,3975,81,0,2.362580614713853,31.5,165130,25851,131555,0
382612,9686,80807,333516,333516,1352,60,20015,0,0,4719,362597,932,4083,7264,15857,10956,0,162257,158174,0,135199,2876,10298,4480,54673,62872,1251,3.8536428341500053,1100,3156,85,0,1.2975664147078272,24.89,125810,66284,59526,0
176211,4440,27013,158730,158730,10,121,17383,0,0,3041,158828,1175,1299,4932,16074,9593,0,120065,118766,743,87265,2557,4502,5172,48541,26493,995,7.1713123844731985,231,2146,83,613,2.22992298921737,22.83,23236,0,22236,0
285436,3211,22344,249394,249394,428,0,32918,0,0,2965,252518,7632,1600,1125,6436,3693,0,71996,70396,3959,49969,22033,1641,705,14465,11125,1358,3.7544164708929135,484,1663,44,0,1.8983846954965786,16.65,181217,92720,84709,0
87060372,1197653,2225311,74709976,74709976,468127,12992,5829172,893808,1077605,1055764,81231200,170002,699279,79561,13276407,568438,985,58121080,57421801,4276681,36567514,180759,4336571,2901343,16558226,12590615,152940,2.928910130125063,153764,525882,9708,5985,0.702110898781428,10.62,20312065,1582276,18214226,59476
119241,2600,6089,115367,115367,169,-70,3816,0,0,1050,115425,283,145,117,2160,214,0,8550,8405,0,5815,21,0,0,4281,1513,541,3.175318297726638,106,516,12,661,1.8257366433949929,56.01,97797,19224,43531,0
310851,8938,6113,262979,262979,1346,-164,30861,6441,1114,4182,279990,2187,2415,2239,11683,9385,0,247576,245161,130,224183,12694,27213,11160,88266,84850,518,3.947242514975269,404,2763,80,0,0.6651172943336628,6.75,32869,14502,13310,0
615906,12537,21658,543065,543065,3019,31,41515,9900,0,7183,574391,2949,4574,17660,31411,32357,0,469668,465094,401,400827,21686,26142,15994,127451,209554,545,2.956979463940953,676,4120,121,0,0.35853906842339844,5.28,88504,7796,80708,0
450645,21416,19828,370659,370659,2609,0,41670,5933,13505,5483,408975,197,2300,1505,22743,6109,0,245111,242811,0,214122,1993,13951,21987,96973,79218,388,2.978581727686223,498,2882,57,0,0.35273929793061126,3.75,128762,28099,31057,0
92754,3645,3239,87811,87811,200,0,3995,6427,142,809,88759,82,390,792,1423,2667,0,51709,51319,520,47008,1055,2198,1599,8153,34003,17,2.9976004429951395,157,745,15,0,0.07469736581936419,1.68,24402,1786,22616,0
289432,1127,4490,235769,235769,933,0,52655,5451,0,2749,236777,883,3012,388,4212,1837,0,101340,98328,489,94374,13415,1266,630,10835,68228,807,2.5721696484689676,109,1118,26,575,1.1153129216326827,5.94,177190,140259,36234,0
102398,984,12013,90138,90138,131,0,11137,5269,0,1117,91261,0,731,2933,5654,3188,0,56762,56031,619,47301,523,3003,0,9869,33906,430,4.13512550063956,83,638,19,0,1.6866382945341152,15.73,24670,5200,16084,0
126232,1909,982,113365,113365,751,0,9451,1957,909,2105,116781,41109,630,4441,9888,5351,0,101758,101128,71,44515,36592,0,0,5344,2579,836,4.448259010886572,73,591,13,0,2.547295212776087,38.85,15118,11478,3640,0
60273,112,9398,51923,51923,208,30,7977,4581,0,745,52296,12782,488,3036,3294,3936,0,29194,28706,0,8834,5485,540,0,2618,191,143,3.9969855137187036,64,393,12,0,0.9861558884885265,7.24,16396,7587,2306,0
2475391,56887,94007,2296648,2296648,14576,467,164781,64,16818,28953,2310610,24150,17339,35177,75223,90064,0,1521876,1504537,1342,1174967,79344,182348,40137,364130,509008,2541,2.4583096620358553,5134,16413,417,917,0.405555115534728,6.08,732759,468042,264392,0
117493,6465,13621,93718,93718,1011,30,11694,9989,984,2179,105799,190,915,382,11862,618,0,83483,82568,0,70810,176,10612,0,7324,52698,167,4.5507897159165625,69,1061,17,0,0.5831743717562017,5.78,1008,1008,0,0
170826,2353,3423,136474,136474,628,2250,7660,1854,0,2722,163166,9009,1862,2172,23725,6521,0,101174,99312,6806,54471,15990,5293,780,19414,12994,-1543,5.2353272079504976,235,1622,59,0,-3.666792418080875,-73.52,62085,13119,38070,0
525308,9035,9300,444788,444788,2511,0,40979,0,0,6799,484329,0,7101,437,46957,1943,0,416157,409056,0,359853,1185,55522,15667,157745,129734,373,3.5751059900534017,412,4006,84,0,0.29105181483096265,3.64,77737,4239,69964,0
360042,14150,5551,280041,280041,2063,75,45210,7407,32,4612,314832,5065,2093,14640,38803,21602,0,237159,235066,0,169588,18966,23885,14819,45754,66164,264,3.2473612800896876,315,2525,69,0,0.30252505285593967,2.33,80553,6491,74062,0
89223,881,5522,79444,79444,213,0,8306,8495,0,820,80917,1990,1400,2785,6195,3576,0,26830,25430,0,15069,3685,1880,0,4591,4913,273,3.0689308668971313,50,366,15,0,1.2776861244690934,13.37,44676,40516,3206,0
45007,1303,5286,32309,32309,222,100,8003,8000,513,857,37004,2535,319,194,2616,363,0,24582,24263,338,18730,2015,0,0,16239,476,531,6.930328372054952,491,509,15,352,4.7702465974936,27.42,2851,0,2836,0
126511,1059,7536,104171,104171,606,15,21560,56,0,1568,104951,2162,752,4003,15638,9687,500,66184,65432,0,38048,5958,1540,989,5038,24523,311,3.2674133260875102,42,609,23,523,0.977641557625054,5.7,47142,33813,12399,0
506110,17919,20265,456004,456004,2982,109,38032,17600,755,6935,468078,5120,3118,15121,43159,23977,0,374215,371097,5560,296399,28667,49615,1441,57661,159015,617,3.486763112022078,907,3971,101,299,0.49028664286750145,6.46,60839,12355,47038,0
211549,3806,11462,181603,181603,552,0,19086,4076,0,1948,192463,796,1185,1081,13509,3540,0,68874,67689,1525,49504,3872,13112,6136,14966,11418,171,2.9600572503909457,920,2076,81,0,0.3202262182875388,3.58,111934,81028,30906,0
981449,21359,53834,798442,798442,4298,352,94355,0,950,12602,887094,21,9749,10795,87036,38866,0,685350,675601,2836,556105,1261,58500,41841,158438,296065,2416,3.6573039275057533,1848,6596,149,25,0.9998096388932571,10.29,194715,113227,81488,0
122144,1065,20929,105239,105239,331,0,16211,0,0,1486,105933,0,1224,8509,1577,18317,0,61811,60587,0,41898,68,529,0,1931,39370,402,3.91759483420179,170,800,20,0,1.3063771189022533,10.01,38236,14514,23722,0
164627,5390,13574,142763,142763,386,6,21072,0,0,1944,143555,0,1346,3627,12843,5874,0,119498,118152,0,100781,0,3000,4317,31377,62087,433,4.188256483665665,365,1397,42,65,1.0565904217516098,8.26,20868,5112,10317,0
232953,1701,9751,181883,181883,1205,20,22312,0,4438,3146,210641,18774,1476,1206,22236,1764,0,192018,190542,5810,143412,38431,19301,7422,55009,23249,244,3.5278721896072263,216,1825,41,0,0.4123092911110595,4.38,20459,8377,12054,0
435406,6699,7125,339219,339219,2153,50,21301,4172,2338,5135,414105,12422,1959,2442,46565,4100,0,311395,309436,5837,237049,45188,14622,10781,78923,87535,605,2.899251731517817,369,2656,77,0,0.5513319679133908,11.02,92810,27288,63226,0
211509,3065,34946,176745,176745,793,15,21460,0,190,2414,190049,8345,1167,18,11390,503,0,111727,110560,2532,88948,17143,3711,9891,32845,25358,517,3.1227424652520255,190,1279,37,0,0.9540175533693934,9.73,60716,28476,31240,0
186812,371,5453,157280,157280,1196,60,22088,13042,0,2749,164724,4578,1770,1695,15842,2704,0,159202,157432,420,135592,25985,7674,2039,59192,40702,466,3.5315219028831475,172,1082,25,0,1.0114164170681945,8.52,6889,3152,3638,0
2805130,10083,230809,2242027,2242027,12784,1300,458747,0,3279,36842,2346383,12306,53637,10585,209420,26754,0,1675715,1622078,36477,1320675,37730,337372,56690,642147,246736,9520,3.6424079817152877,3694,14046,367,0,1.362117850021453,8.38,827789,342488,440269,0
317591,8891,38982,290918,290918,1027,50,25138,0,0,3904,292453,2316,1725,1068,26641,3946,0,190408,188683,0,157505,12407,15625,2423,76224,50826,538,3.944351331064337,510,2630,60,0,0.6892962099919123,8.67,71661,0,71449,0
77895,268,6392,65927,65927,175,0,11866,0,0,816,66029,122,932,1939,3726,5113,0,21733,20801,2701,10066,847,529,0,624,8066,58,3.4922602305926898,78,661,19,0,0.29768014781359065,1.89,47800,37575,10225,0
129415,1159,8141,120271,120271,335,19,8718,1558,0,1550,120697,10998,1030,857,11297,2047,0,70656,69626,425,45889,6240,1410,0,26925,11314,231,4.1327584887369575,168,1014,20,0,0.7145922995719406,10.64,43923,16731,23023,0
59741,1513,1960,54788,54788,136,0,4834,6067,0,710,54907,0,382,751,2012,1507,0,27551,27169,103,23894,0,5632,423,2853,14986,-150,4.462411568063438,59,841,20,0,-1.0626804342820708,-12.09,21404,8946,9059,0
39743,240,6531,34602,34602,82,5,4654,0,0,430,35089,3148,108,1954,3701,3219,0,20602,20494,377,10157,3004,220,0,942,5991,119,3.6120193056204264,21,210,6,0,1.1858347554215818,10.37,11973,3218,8755,0
37479,41,379,26740,26740,48,0,10494,1649,0,354,26985,7987,47,302,1157,362,0,13081,13034,0,3573,1724,0,0,1837,12,117,3.292623876903212,3,154,6,0,1.2271869100062933,4.48,22014,5535,16479,0
433075,7227,51935,386423,386423,1570,132,42975,0,1508,6043,390100,26982,3918,14398,31523,20702,0,307002,303084,0,227764,58346,20365,17,32960,116076,1541,4.365504898749419,419,2744,79,0,1.4221754623973717,14.6,61246,33248,27998,0
415379,3172,13973,344640,344640,2228,60,47500,0,1500,5517,367879,53935,3286,4450,55241,5669,0,314324,311038,541,198299,48105,16684,4618,57075,71817,1002,3.347650842765247,312,2248,57,0,0.9698072483897038,8.5,72330,26293,45045,0
261722,4520,4654,222856,222856,1281,45,27284,4111,2863,3220,234438,28769,2785,1092,29027,1922,0,204105,201320,573,143793,45637,4715,281,32870,60290,800,3.1445622912004154,789,1840,43,0,1.223391240518718,11.89,40977,8522,32455,0
33046,80,5309,27613,27613,86,0,3075,946,0,240,29971,2464,310,377,2093,685,0,6217,5907,0,974,836,0,0,95,43,-64,1.990371255937187,4,222,5,109,-0.7796677275426761,-8.13,19583,10051,9050,0
162112,1038,8576,130566,130566,395,0,30993,0,0,1628,131119,21210,1428,1319,11281,3787,0,98517,97089,20,62216,33760,2708,1643,9367,14738,390,3.2684763015586893,112,833,20,0,0.9532917592205007,5.01,49420,32850,16347,0
209490,1584,4803,197089,197089,698,0,7791,196,0,2068,201699,25771,572,1198,6852,2615,0,101858,101286,4698,61859,30665,753,0,14322,16119,555,2.76520484213607,196,977,21,0,1.0502015251575303,28.36,93549,0,93477,0
55344,1376,781,48318,48318,265,30,3342,0,0,465,52002,1341,144,707,3539,1006,0,12204,12060,1054,5262,1037,961,0,991,2273,-233,1.5562385713729916,17,386,8,0,-1.6549617778409142,-26.85,38090,29880,6198,0
158707,620,11453,146728,146728,444,5,8820,783,0,1403,149887,11382,678,633,6873,919,0,57537,56859,102,38257,23675,1417,70,4576,8519,261,2.5996116846988184,66,749,21,0,0.6740310803220371,11.98,85072,51291,32499,0
257431,5084,14142,228032,228032,1266,25,27443,0,0,3292,229988,23501,1952,1770,15933,2583,0,197411,195459,0,155363,85932,1574,0,17276,50581,526,3.3744381314839993,159,1561,27,0,0.8200618944053382,7.61,35442,7360,27996,0
134151,523,5428,108747,108747,467,0,12991,0,0,1654,121160,21013,982,806,15803,1430,0,115069,114087,1718,75100,26243,4195,7402,13575,23685,586,3.6981361331578246,14,584,14,0,1.7570424118855226,18.38,11814,9046,2768,0
221357,2697,12656,195511,195511,449,63,21705,0,0,2276,199652,328,1619,9885,14683,18263,0,135189,133570,1994,99921,187,4982,815,38361,55576,386,3.611831862999481,330,1592,47,0,0.7077439287122177,7.18,69016,12997,42126,0
25720,251,4910,17792,17792,10,0,7657,1223,0,300,18063,64,1014,29,10914,98,0,17727,16713,0,6651,228,0,0,6233,190,109,4.662098346160802,13,194,6,0,1.6605411993220724,5.73,2264,1652,0,0
355557,6876,6095,312115,312115,888,0,22598,0,1249,3435,332959,3040,2391,2010,11462,4053,0,192459,190068,1269,172636,13721,13204,4724,92834,48153,400,3.03891257757236,802,2875,82,0,0.4443648290792344,7.08,138739,36391,101848,0
397345,9586,31281,364771,364771,1559,120,29500,1395,0,4753,367845,0,3299,1330,24851,10427,8847,273564,270265,5447,223980,0,22045,11062,63967,126906,1011,3.3627910955523825,1509,3335,71,0,1.0068016371729887,13.58,78226,18952,53795,0
79294,21,9362,54061,54061,338,200,22916,5000,0,899,56378,275,1172,87,60489,230,0,62513,61341,0,1505,0,0,1130,46,329,118,3.198426442605777,9,213,4,0,0.598274889566314,2.07,3123,0,3123,0
92042,687,8408,80826,80826,200,15,9772,3523,0,1061,82270,22857,948,789,4953,1420,0,70006,69058,0,40721,30541,1727,0,1995,6458,275,4.07528147723037,36,564,15,0,1.2052152952777473,11.21,8471,0,8409,0
202347,818,20378,180714,180714,505,30,20776,0,0,2588,181571,234,1842,196,14981,2979,0,155404,153562,0,137210,68,15894,4112,28083,89053,1170,4.2577763696477575,248,1012,22,0,2.3173192379584813,22.23,26685,2104,24581,0
308489,2942,9239,282404,282404,969,96,19602,6138,201,3899,288887,27587,2684,2295,22881,6754,0,209482,206798,358,150510,64286,4386,9180,34464,38194,966,4.049856078066851,252,2120,50,0,1.2536133848534694,19.62,74530,51181,6041,0
308554,984,29238,254810,254810,1465,27,26519,0,0,3237,282035,26078,1761,5922,19759,15253,0,150519,148758,4364,59695,5996,9030,8259,12449,23961,653,2.4473659222940602,191,1247,34,80,0.880727510596042,9.88,125531,47746,27758,0
465565,3519,18833,399297,399297,1916,0,34016,67,2593,5201,431549,28202,2867,2757,51288,6059,0,282167,279300,0,188049,56878,12825,16840,50523,50983,543,2.9373236823398443,361,2274,52,0,0.463046363263283,6.4,153310,992,151818,0
268164,4166,6817,215457,215457,1165,125,18634,11183,2331,3653,249530,47,2653,6560,34233,8609,0,193177,190524,0,150288,991,25290,0,90085,33922,977,4.053363309975175,553,1553,40,0,1.4758586831322342,20.54,45979,1168,43274,0
106639,1317,7366,94500,94500,474,0,6439,1207,0,1506,100200,8161,1012,1163,16465,2963,0,77269,76257,0,49641,5228,6856,511,12671,24375,272,4.180401330680074,74,834,20,0,1.0227197954560407,16.8,17317,581,16621,0
152766,1260,10319,137376,137376,366,26,10638,0,0,1886,142128,4,1200,450,30796,1898,0,89207,88007,413,54871,0,9805,575,19434,25057,425,4.209666307783382,165,1079,23,0,1.1035593033295032,15.2,46669,9149,31499,0
111850,666,6796,99356,99356,194,0,12050,120,1226,1423,99800,6842,589,2099,6608,3844,0,50221,49632,0,32918,9195,0,3594,9186,10943,549,4.515083188295317,50,657,20,69,1.9353815239807521,18.15,52353,2426,49912,0
62693,1336,8029,54989,54989,174,15,7503,1190,0,918,55190,2114,725,3205,6459,5772,0,47831,47106,0,33485,3213,872,0,9494,19906,295,5.102005828904509,61,475,9,0,1.8613748935230463,15.79,3325,587,2738,0
52049,24,29465,44284,44284,231,0,7601,0,0,607,44448,1751,631,1024,2372,2407,0,15462,14831,0,8929,3537,112,0,2061,3219,112,2.9163394510533918,12,276,5,0,0.8561627473651018,5.97,7537,0,7537,0
192825,3122,4691,159732,159732,1074,99,29696,49274,0,3040,163129,7431,10592,437,7546,2336,0,135962,125370,0,118614,5024,1150,0,109256,3184,792,4.216068130460074,574,1392,28,0,1.6496563215996667,10.5,8542,1048,7494,0
172477,2214,19531,154076,154076,502,13,10945,6329,0,1747,161532,2762,1127,779,5907,2339,0,102038,100911,391,90620,3828,12438,0,24765,49589,159,2.958711712755434,85,1135,38,0,0.3648242849071161,5.86,42242,11595,30593,0
86434,784,5553,78172,78172,398,45,7728,56,472,1084,78706,5641,689,751,6303,1854,0,72296,71607,153,54382,9256,267,5765,23358,15736,231,3.3912549126232787,28,401,12,0,1.0669129957854626,12.16,7366,522,6844,0
35956,36,1151,31500,31500,82,96,4269,8000,0,501,31687,9795,360,1122,4213,1613,0,19057,18697,0,3435,2394,0,0,762,279,181,4.942276218981761,11,156,5,0,2.0152255299013264,17.33,7641,0,7566,0
79712,817,3655,65479,65479,465,43,6481,329,0,1195,73231,6991,823,3189,9981,5909,0,73189,72366,1814,48459,5009,5351,2336,8927,26836,198,3.828729897529027,-5,487,8,0,1.0009668429733265,12.33,1467,0,1452,0
255724,594,9417,173523,173523,1548,0,25289,0,130,3169,230435,8609,3293,0,20709,62,0,212796,209503,0,183373,28537,8765,40182,78079,27810,465,2.575315261642339,15,1120,20,0,0.7187461357734636,7.33,31452,1031,27634,0
848526,2108,88852,743701,743701,4476,0,101652,0,1801,9780,746874,19960,6329,2923,70916,11183,0,369209,362880,0,267029,38834,3764,166,102639,121626,4002,2.586689327833855,344,1645,34,818,1.8976447772092957,15.84,379702,40156,339546,0
314344,4334,5112,293117,293117,1109,60,6891,3400,0,3035,307453,13687,2478,1244,29313,4338,0,165438,162960,2790,114495,12519,1666,0,43559,56751,617,2.578252852175485,193,1447,33,0,0.784197841549458,33.21,131260,43187,88073,0
170188,2947,8852,148828,148828,609,0,15845,7,0,2297,154343,33056,1285,1572,21619,4024,0,121496,120211,223,60661,34413,0,1559,17884,6805,697,4.316680145636809,149,1140,21,0,1.6236678120086192,17.8,32718,16540,12551,0
110203,66,3338,103961,103961,192,0,5883,12461,0,1397,104320,18300,410,1325,2985,2706,0,43044,42634,57,18996,10436,137,330,2508,5585,822,4.606049022886903,36,419,9,0,3.0074087624622705,57.35,50490,23795,26067,0
5188891,131440,156747,4633996,4633996,27117,2025,393029,0,17302,73279,4795862,221155,48009,31004,926448,79642,0,4311279,4263270,39424,3044148,242562,629838,291017,1149295,731436,19212,3.770846071436303,14366,39270,645,2210,1.4835087352174932,19.71,537552,275516,252911,2170
147005,2331,3373,128302,128302,729,0,13984,5750,0,1907,133021,25653,1630,2153,14092,3800,0,103644,102014,0,60099,23388,4348,4274,14489,13600,362,3.356256833422962,51,869,16,0,0.9755473137078545,10.29,31009,22543,8376,0
72828,281,15453,66305,66305,141,0,6448,3025,0,778,66380,1792,743,285,5591,528,0,25021,24278,2584,14523,3175,0,787,9652,909,270,3.697415581965667,33,403,9,0,1.5052474598949115,15.74,28643,5769,20327,0
827156,6894,74059,785714,785714,3664,0,37726,0,2736,7962,789430,304,4864,668,88881,1539,0,436932,432068,41,346018,3163,16117,26726,146818,153194,1508,2.1949162766855896,1174,3964,102,0,0.7334362802913318,15.49,294775,13034,266951,0
304275,3395,6027,260326,260326,1098,0,32467,2268,0,3365,271808,1120,5878,2691,18674,4948,0,185580,179702,42,160796,1147,20564,6414,42592,90079,755,3.2076179156850673,297,1629,47,0,0.9916628083759387,9.31,99672,98054,1136,0
123791,760,4330,106586,106586,249,114,16889,5812,0,1493,106902,173,1511,6591,5453,8156,0,79005,77494,264,64957,1155,820,227,7709,55046,258,4.358031178840427,68,885,29,0,0.8412917741718534,6.16,29419,11582,17837,0
1804941,26349,331359,1594359,1594359,6131,300,195616,4197,35040,27363,1609325,358,18678,12835,97302,27683,0,1250863,1232185,21,1126616,13703,200405,27790,639951,244767,9630,5.083793582225399,3565,11636,297,1121,2.138899654955284,18.45,141018,0,111881,0
924008,21976,65555,772615,772615,6077,123,85924,0,24,14266,838084,4452,9863,26373,54292,54664,0,764525,754662,2492,648306,71293,100116,3434,122295,351168,2415,3.804654301578904,651,5716,171,524,1.0611046912690636,11.37,60036,12956,45145,0
141255,1139,26417,131339,131339,559,30,8724,5703,0,1615,132531,1892,930,507,7554,1716,0,48275,47345,0,37114,16221,1906,0,9176,9811,272,3.1382571676931876,18,581,16,0,0.7546227579797196,12.57,55209,25021,30188,0
266209,2426,8940,235399,235399,365,-26,23650,0,0,2545,242559,2,1115,1192,4046,3817,0,97712,96597,282,89470,1561,16803,593,24086,46427,914,3.5108627381508386,257,1387,47,0,1.3662488695561186,15.3,145267,76927,68340,0
176156,266,16480,154966,154966,1165,199,18085,0,0,2729,158071,0,1183,682,6200,1291,1945,149930,148747,0,139525,0,15412,6205,50091,67817,-343,3.6543977195062824,90,1857,30,0,-0.7800440622557032,-7.52,7369,0,7369,0
70280,461,8064,60493,60493,100,0,9621,0,0,949,60659,66,1149,0,6159,499,0,53936,52787,0,47127,236,3460,2314,33117,8000,150,5.226504967180442,83,741,19,0,0.8665198396938297,6.22,7905,796,7109,0
114446,2329,22833,104413,104413,46,0,9524,0,0,1392,104922,2884,727,264,9225,3638,0,41469,40742,662,25060,3057,2644,0,12123,7236,672,5.271170593447262,181,855,26,0,2.43771935393182,29.04,45065,30281,14784,0
838076,17146,100077,727019,727019,6808,230,91986,2926,8040,13568,746090,862,4539,336,252008,3702,0,675610,671071,0,417749,17268,79875,43936,189723,86947,1397,3.4185808211800297,290,5099,77,0,0.6649570717137401,6.12,16540,612,10621,0
872872,8737,134638,765041,765041,6808,180,86229,0,0,12696,786643,292,8396,40,54904,876,0,709260,700864,12078,638020,5372,152676,139625,303880,36467,2233,2.8722564201065266,259,3178,65,70,1.0491116260877837,10.49,10349,0,10349,0
173509,2519,22069,163487,163487,367,0,9415,0,0,2013,164094,409,593,2714,3397,5869,0,66233,65640,15,56590,3941,12497,0,15752,24400,574,4.085064139353798,301,1250,35,0,1.3029833551821395,24.44,76475,16404,60071,0
47511,402,8762,42302,42302,102,0,4904,0,0,634,42607,7059,270,1356,5707,2785,0,25125,24855,14,9423,3867,58,0,1723,3775,237,4.899331176829478,86,381,11,0,2.0164420857838703,19.85,11486,4668,6818,0
115544,1964,44294,100897,100897,294,-205,14390,2856,0,1182,101154,633,309,189,2424,745,0,32738,32429,724,28212,9675,1020,2475,10266,4776,540,3.147638606425543,19,580,21,0,1.8474012367324946,15.26,33203,14939,17839,0
491682,9120,5125,402247,402247,2541,75,39351,0,2180,6408,452331,13719,5631,2696,61464,6552,0,363865,358234,4113,277080,21392,36618,24619,79475,114976,1187,3.3938691820090705,1139,3044,80,0,0.9691744156733547,12.13,100041,44882,29997,0
355556,3849,7235,314095,314095,1611,0,37812,2489,773,4324,317744,170,4112,1163,43786,2141,0,264699,260587,4623,213935,5574,22203,16906,105475,63777,928,3.267956142173558,365,1951,51,348,1.045485078883145,9.86,70421,42534,27581,0
165722,1611,2397,141651,141651,574,0,13340,4111,0,1859,152382,242,1163,1089,18987,1559,0,112332,111169,0,91541,1621,11999,1314,34039,42568,239,3.251919359991902,201,1201,38,0,0.5758810648980612,7.16,42916,11976,26591,0
469587,4157,39290,392220,392220,2259,2,35076,0,3066,5449,434511,5403,2979,367,32939,3359,0,279634,276655,5403,230950,30885,9933,46008,100536,43588,1051,2.925941128046613,498,2631,57,0,0.8816226554373721,11.94,122868,27789,93903,0
330426,5903,9437,272188,272188,1550,0,34012,0,8903,4254,296414,18916,2742,4400,44609,5986,21015,252413,249671,4553,154380,35941,4470,1419,64447,48103,350,3.5001423874491935,359,2650,70,0,0.4209310995922982,4.07,52089,18615,32831,0
114390,407,5019,92742,92742,408,0,19762,75,0,1226,94628,14266,910,1250,4930,1795,0,63398,62488,0,41978,34308,974,0,3611,3085,107,2.9523358372245156,164,860,22,0,0.3696426643635971,2.16,43538,7042,36496,0
323035,1832,8360,264355,264355,1384,55,29930,8572,1898,3164,293105,32894,2083,2336,8708,4417,0,183509,181426,2714,134776,54896,766,2328,57471,19315,435,2.34712378440745,445,1628,41,38,0.544031366222218,5.82,113670,52114,61341,0
71721,628,4483,64157,64157,270,3,7368,1141,0,778,64353,484,448,1464,8370,2776,0,42250,41802,765,29416,4731,1218,0,6401,17066,147,3.0247997856441096,53,386,15,0,0.8368081745342765,8.05,22695,1169,21526,0
255539,1906,4924,231698,231698,1337,20,23287,25303,0,2882,232252,37936,1670,7882,23162,12105,0,161643,159973,141,88258,27051,880,0,538,59789,362,2.5624121503115944,121,1133,33,8,0.5676839631240652,6.25,60175,20471,36090,0
179320,385,14150,160907,160907,396,0,18053,0,0,2210,161267,14223,813,2693,12431,3098,0,78692,77879,988,47660,20602,2452,4081,8519,12006,1000,4.145338208409506,176,945,29,0,2.1702389704386325,22.61,80875,9642,66908,0
123867,1098,11780,113340,113340,536,0,8944,2199,57,1461,114923,5665,817,1727,15982,3555,0,86664,85847,0,61459,17027,720,1520,15681,26511,306,3.2629304643061867,107,619,15,59,1.0005640434558698,13.68,17997,7426,10571,0
215873,2238,37292,189719,189719,414,0,25739,0,87,2924,190134,9877,1915,1202,39515,2485,0,148981,147066,0,97096,14400,13412,2695,35588,31001,1246,4.98123354989792,507,1771,42,2950,2.3117526461775375,19.54,24557,7599,16958,0
42157,236,857,36947,36947,149,0,3782,3370,0,502,38375,3180,183,391,242,1376,0,30642,30459,0,25844,2045,1691,1427,7054,13627,212,3.4963476538318683,13,154,7,0,2.0259696821282236,22.29,6874,0,6874,0
116515,1088,7085,100391,100391,230,0,10973,0,3292,1304,105542,3348,700,1087,9051,2289,0,52829,52129,165,37976,11309,288,481,13773,12125,163,3.853865303101662,163,1046,27,0,0.5511877588976245,5.79,51692,23566,28048,0
188274,5647,16833,165376,165376,248,0,21186,0,0,2160,167088,27221,2244,0,11176,4116,0,129772,127528,744,85086,23859,2826,25,6021,52355,899,4.398208052263226,110,1123,36,0,1.9158129152215493,17.18,34031,2071,31960,0
52250,13,8188,43184,43184,205,0,8999,1141,0,602,43251,1156,100,3202,2885,6285,0,34521,34421,260,23935,5632,316,0,3955,14032,228,3.2701812191103787,22,191,7,0,1.75074867542041,10.26,5900,0,5900,0
58014,223,3120,50525,50525,523,0,5301,0,679,854,52713,2030,167,75,4035,342,0,12033,11866,0,5626,1386,175,0,3924,141,-18,2.4629121517927732,6,381,7,24,-0.12423967904749578,-1.36,39231,628,25239,0
213743,4746,22080,195304,195304,813,37,17797,0,0,2631,195946,9462,1267,3743,12229,5996,0,140162,138895,1359,111097,29503,5071,4169,29056,43298,617,3.64902702648455,384,1548,36,0,1.1546387894070782,14.02,44811,13631,31180,0
409726,4888,7508,363342,363342,1664,0,35125,0,6149,4846,374601,88100,3147,9861,30907,14342,0,271274,268127,408,134338,44959,4018,7157,28626,49578,1348,3.320766531432224,605,2357,57,80,1.3173534193896734,15.33,113664,41421,72243,0
29702,137,4277,28738,28738,111,0,856,226,0,301,28846,3673,157,533,2534,1136,0,18828,18671,49,11436,4614,0,0,736,6086,-26,2.6663859944567236,15,232,7,0,-0.34978558816110317,-11.8,6112,220,5817,0
123637,1505,3035,104053,104053,424,0,15262,2003,1551,1266,108375,6546,1086,996,12433,1246,0,82232,81146,0,62007,9116,4279,2790,21106,24716,225,3.014450207422457,51,607,17,0,0.7371188481289467,5.85,28858,3090,7926,0
187300,599,7857,152862,152862,1135,0,18299,337,0,2087,169001,8445,1092,4401,8617,6612,0,129701,128609,1313,104672,17730,4645,608,14861,66828,294,2.0942235616649296,176,756,21,0,0.6243380344500808,6.42,45575,12022,33553,0
197215,675,7927,173697,173697,1193,29,20381,0,1100,2494,176834,20399,2580,5692,15673,8521,0,161643,159063,170,116843,33407,24172,889,16612,41763,611,2.718224483346696,137,785,22,0,1.2242526248296866,12.06,26083,9308,16700,0
125737,4076,5024,101114,101114,595,0,13160,0,0,1241,112577,10263,1167,1159,13889,1759,0,71742,70575,0,45699,19624,0,990,5211,19874,18,2.2590967110209648,81,709,22,30,0.057515337423312884,0.54,41608,37310,4059,0
139355,544,30879,122267,122267,388,0,16766,930,0,1995,122589,7395,1513,672,2258,1322,0,73025,71512,0,59278,50452,0,0,3572,5254,819,4.658933185476711,68,819,27,0,2.2596220168299075,19.9,32793,12011,20782,0
84435,410,1359,66312,66312,323,0,7658,9100,0,786,76777,9254,915,694,5346,1689,0,28274,27359,0,11610,10483,0,0,1127,0,267,2.338177181309733,202,388,10,0,1.2831371983636395,13.61,44196,29248,14948,0
183793,1573,4775,169819,169819,708,3,11867,3193,0,1841,171926,3367,1076,1349,9822,2743,0,77010,75934,0,57042,7598,3369,2616,11803,31656,318,2.509704893703033,194,991,33,0,0.678405427243418,10.9,96019,13242,82777,0
201021,3526,23256,168267,168267,267,45,13276,1903,1799,2343,187745,439,1267,5166,7235,8287,900,128049,126782,166,111085,18111,2232,5525,16371,68846,628,4.50374227139603,331,1734,48,0,1.2801761261421953,19.27,40957,0,40957,0
349282,2368,24632,319809,319809,552,24,18125,2600,0,2398,331157,10102,673,685,19998,5606,0,86595,85922,450,50385,7760,5549,111,18036,18929,260,2.2103383607754745,321,1832,67,0,0.29066964416725244,5.7,222295,12625,209670,0
187131,825,23763,171360,171360,135,0,15221,25,0,1965,171910,0,898,738,2434,3924,0,88321,87423,558,81405,837,8359,1204,16342,54663,1015,4.213058755478559,119,934,25,0,2.275440376176251,27.81,73394,12704,55179,0
270828,10614,19665,238050,238050,1975,0,30585,225,4538,4324,240243,16538,1612,2028,22535,6519,0,216656,215044,554,166044,49273,14197,870,49496,52208,446,3.8470357025876187,591,2494,62,0,0.6634991771345686,5.86,12930,11155,1335,0
299771,7920,22038,260712,260712,1005,0,28268,0,19,4272,271503,18012,2238,8363,75915,15841,0,216939,214701,4280,102892,149,28846,0,45687,28210,1559,4.655147539465271,370,2078,63,0,2.0939068184603604,22.49,50643,5668,44102,0
349409,6285,45006,285896,285896,1862,7,36639,2000,1423,5066,312770,18334,2494,3992,20081,10424,0,247658,245164,0,196708,84517,9502,13809,38215,50665,1167,3.9148842579864738,357,2387,58,170,1.347096729510018,12.85,42132,28204,13183,0
222249,3319,4258,183966,183966,1017,25,24432,6187,1865,2873,197817,28708,1863,204,28808,452,0,162594,160731,0,104581,33286,4210,10115,47998,8972,611,3.608104627258103,217,1437,30,364,1.1072175270178746,10.04,39119,17139,19999,0
48036,270,12909,44344,44344,72,0,3489,0,0,582,44547,760,262,2465,4453,3881,0,30152,29890,34,21023,1493,1950,0,3173,14407,206,4.376039041132622,23,287,6,0,1.7186717837477057,24.07,4625,2543,2082,0
192202,3255,21501,172679,172679,562,12,17640,8685,3836,2047,174562,8587,1527,2479,7203,3840,0,107541,106014,0,78493,7288,5959,2727,40562,21957,328,3.365934925258111,110,1137,32,116,0.6820278893264196,7.48,43109,2034,41073,0
44492,147,9659,39349,39349,235,2,4907,3420,0,596,39585,5214,353,746,3452,1194,0,27874,27521,0,17909,7857,1056,991,4387,3618,79,3.4086751254057246,17,266,6,0,0.7093631445439649,6.42,3303,0,3303,0
128232,2243,3281,104113,104113,464,30,7570,0,0,1562,120662,21509,894,2512,11334,4152,0,102739,101845,0,65577,37722,3754,3961,9705,10435,204,3.622551870043426,43,884,21,298,0.635982089622035,10.36,18438,892,17469,0
229564,5281,11414,205359,205359,1058,6,23378,0,0,3471,206186,2856,2287,3628,19360,8209,0,159230,156943,0,128746,15997,11422,3483,45144,52700,867,4.579768734015649,478,1785,49,0,1.5353862705122159,15.01,49116,11310,33385,0
249832,1933,18745,222769,222769,1056,75,21210,5,1086,3495,228622,25967,3275,4396,30262,10518,0,197428,194153,1401,129249,42024,6318,3074,31108,46725,1308,4.112239349527699,286,1342,42,0,2.081696232296928,24.97,28862,951,27911,0
108497,895,6429,95000,95000,501,0,10192,0,732,25156,98305,358,280,166,2087,57404,0,72128,71848,839,11439,3063,1000,172,3280,3924,238,103.76355965194702,56,24391,19,0,0.9134654595873093,10.26,21299,15282,6017,0
479960,11844,13507,441960,441960,2613,225,35846,0,2050,6665,444114,8207,2984,17337,34653,26926,0,413081,410097,404,342605,23026,52099,31802,93849,141829,671,3.5948756165939177,940,4094,133,162,0.5608029260373235,7.5,39053,5958,33024,0
1198300,27240,38633,907511,907511,5207,600,101688,0,11608,16489,1096612,179054,9300,13475,103528,18889,0,903129,893829,0,596416,325849,20923,1392,87069,161183,2210,4.162402697334349,1022,9017,225,0,0.7518781004871472,8.74,188452,61241,127084,0
1825851,31861,43498,1536894,1536894,8314,-230,172344,0,127,24022,1653507,21748,23675,9498,163321,18145,0,1521762,1498087,21408,1285599,98142,99869,165691,543870,378027,5494,3.5972326865428963,2732,11934,276,1132,1.189970480869692,12.69,182327,104028,67526,0
148949,2216,18145,138643,138643,597,30,9428,0,0,1623,139521,4787,845,1298,4081,2457,0,78317,77472,0,66693,11431,3529,6666,7132,37935,323,2.906597920620981,173,761,24,0,0.8756947268537346,13.83,48990,10950,38040,0
35182,570,10391,31953,31953,27,0,3186,177,0,333,31996,2284,246,258,481,266,0,8828,8582,0,5797,4452,0,0,286,1059,34,3.729660552136023,17,282,9,0,0.38605654592937433,4.25,14696,9745,4951,0
138083,2867,17413,130211,130211,354,3,4168,0,97,1333,133915,2483,446,1648,3439,2815,0,49770,49324,0,40516,10377,1620,0,5435,23084,339,3.012945046067437,128,765,25,0,0.9910940406450882,31.09,67113,29538,37575,0
8610829,94783,662484,7008606,7008606,52543,339,640527,0,22632,94737,7970302,638532,67554,30762,511485,54985,0,5896779,5829225,134781,4521901,601649,862307,471416,1835709,750820,13255,2.1059951596401003,9323,36842,882,1084,0.6306948176382572,8.34,1838352,110711,1725356,0
17019,87,3569,15277,15277,55,0,1710,1000,0,195,15309,1769,66,1148,624,1425,0,9716,9650,0,5898,957,0,0,656,4285,22,3.528559276645348,41,157,6,0,0.5217133540832963,5.68,2152,0,2152,0
132907,2131,4424,113787,113787,656,23,14323,9145,0,2419,118584,29700,1991,2380,26680,3596,0,101952,99961,22,41856,28911,1252,566,7944,3183,823,5.757580705736353,134,839,26,0,2.516117444291157,23.31,14385,11234,3207,0
284944,3668,5459,254858,254858,2108,78,22108,0,2033,4155,262836,84579,2744,3047,25206,8348,0,207243,204499,131,87403,34477,17083,0,11631,24212,733,3.093231384134156,588,1803,39,0,1.025190955801752,13.21,59247,4754,49236,0
519753,18241,7123,468618,468618,2539,0,49067,28154,695,6950,470686,39127,5623,2800,85958,5000,0,407246,401623,200,271218,40488,21449,13355,143442,52484,1396,3.6177125206192597,425,3407,80,0,1.0804880384904514,11.42,58420,4437,43001,0
632208,13409,12360,528439,528439,4987,83,54084,1932,4577,9495,578124,1121,7620,149,97174,354,0,541595,533975,0,442259,8190,98687,45467,154782,135133,1649,2.97994667098543,787,3502,58,0,1.0421208961354946,12.15,58217,13462,44755,0
67837,67,1930,55578,55578,297,0,6423,0,0,1050,61414,5021,422,1328,6467,1535,0,36860,36438,45,23783,8269,39,0,9839,5636,468,4.55315032047406,55,340,9,314,2.6464226642351245,29.91,27889,6983,5098,0
554046,7470,31872,521000,521000,1177,11,25455,0,2654,4712,528591,0,1671,2363,4214,4141,0,266618,264947,41053,203140,432,2017,6358,24008,170325,835,2.7322377974376093,913,3568,96,0,0.6002800108553631,12.71,225378,96545,128833,0
1760240,40820,97235,1637919,1637919,9125,140,103516,0,90,22920,1656724,12433,13887,10344,253177,25603,0,1238477,1224590,8604,938321,41581,90647,23933,416713,365447,2510,3.3116785883294835,2042,12332,269,0,0.5724411765376659,9.69,372127,177375,191797,0
145901,1764,12467,133427,133427,371,0,12019,3880,0,1634,133882,109,909,1310,12871,1642,0,54909,54000,215,34527,1674,3002,779,18650,10422,314,3.7897484753238766,244,1155,35,0,0.8783554612240331,10.36,68531,55515,11089,0
154766,1711,3032,134113,134113,893,11,17717,7600,0,2903,137049,5528,1375,1850,10225,3015,0,137244,135869,0,118460,6788,7903,7379,34004,62386,1082,5.540147117090734,143,1048,24,0,2.818781892843303,24.62,2796,0,0,0
923535,10728,83858,752609,752609,3918,670,83474,0,235,11645,840061,977,8916,263569,22914,271116,0,771394,762478,15935,459714,9614,14060,26714,220861,188465,1388,3.6072773447506985,1051,6404,158,0,0.6107434525485779,6.68,36187,5948,20438,0
557174,8578,21249,467219,467219,2318,0,52684,61,277,6122,504490,230,3857,6599,61491,8233,0,394750,390893,14210,310575,62200,11506,3907,115474,117488,1304,2.9113591030197505,532,2808,81,0,0.9355810476678186,9.97,116629,62388,49538,0
709912,10524,95344,637408,637408,2518,75,62462,0,0,9250,647450,113,6702,1472,60634,3644,0,510485,503783,4713,441597,3950,67046,35815,226125,108661,1887,4.052483026239256,1253,5918,121,0,1.071170844512059,12.16,80608,59789,18314,0
40612,1753,24336,31671,31671,68,0,8889,0,2216,509,31723,455,123,524,3517,755,0,10813,10690,0,6084,259,1544,0,1348,2933,25,5.243601557623139,27,433,11,0,0.25744333028692057,1.13,1081,0,1081,0
318469,4469,18914,297278,297278,1088,40,19649,0,0,3936,298820,3562,2128,7862,25424,19501,0,184735,182607,2345,133780,231,3776,1217,48325,80231,1453,3.8134579045062207,444,1799,48,0,1.8196761089238331,28.85,103066,40969,62097,0
390447,828,115007,348185,348185,2280,0,27250,0,0,3999,363197,29369,1215,2721,2555,4516,0,135061,133846,146,98470,27590,4707,0,6852,59321,640,1.842461009146656,71,1086,24,0,0.6586649170879807,9.42,134388,100774,33614,0
79875,1524,7425,65846,65846,285,0,6719,0,91,995,73156,11129,692,536,6072,664,0,55293,54601,1866,35546,13915,4141,0,8692,8798,118,3.7652299574422954,32,597,17,0,0.5938264693116267,6.95,14615,3519,10666,0
168693,481,9978,126417,126417,784,18,19043,0,4360,1824,149650,14763,1030,754,5816,893,0,106428,105398,1452,83504,18032,5488,0,37394,22590,400,2.627946569297877,37,639,19,0,0.9525708995543755,8.38,45041,13807,31234,0
273210,826,16941,181657,181657,1397,0,37059,0,0,3365,236151,15774,1902,2802,31039,3610,0,190751,188849,1614,138680,53414,631,1412,19521,63702,1240,3.0174677343309786,107,835,15,0,1.8197126981826721,13.42,58347,28958,28573,0
154107,1433,12848,132273,132273,440,35,17042,3302,0,1696,137065,3376,945,1904,12261,5070,0,97499,96554,29,76693,20423,3624,1363,12920,38363,461,3.554637337135135,193,793,34,213,1.1971344082007602,10.92,35222,19152,16070,0
27127,914,1315,23868,23868,70,0,3180,0,858,349,23947,2503,102,1094,4730,1179,0,18306,18204,0,9893,2091,545,770,2958,3529,61,4.440377193331477,24,242,8,0,0.8729250143102462,7.69,5542,4754,788,0
135624,1333,4148,124833,124833,399,7,2842,18847,0,1553,132782,124,620,590,3854,1513,0,35972,35352,831,29570,839,356,154,10055,18166,312,3.5697990054676083,162,997,18,0,0.9347509390576842,38.95,74589,58610,12492,0
43408,271,14411,40180,40180,119,9,2857,0,287,392,40551,4150,139,355,1698,504,0,11429,11290,19,5053,3617,0,0,1104,332,110,2.757192814129351,20,174,5,0,0.9966024915062288,15.47,15657,2530,13127,0
24515,327,6969,22027,22027,112,0,2065,0,0,362,22450,310,395,238,3862,1759,0,14830,14435,7,8892,865,0,0,6935,1092,-40,4.342350948803682,30,320,7,0,-0.644381796214257,-7.67,1492,1309,183,0
60468,370,10422,52903,52903,313,0,7225,0,0,717,53243,10041,503,0,3998,1870,0,36223,35720,0,20315,11902,457,1033,1320,5603,134,2.7950498560099626,17,282,7,0,0.8974766840245803,7.41,12902,7160,5742,0
104866,109,21751,95645,95645,371,0,8638,999,0,1102,96228,6260,511,2586,7049,6754,0,46694,46183,133,26417,4973,0,0,8018,13426,231,2.8731029806969532,52,552,15,0,0.8856131001730013,10.72,35015,1082,33933,0
311608,3451,24954,281983,281983,1097,50,22507,0,6184,3425,289101,32902,1822,10074,19964,18962,0,208425,206603,219,136378,56791,3800,0,20993,54794,862,3.284314330607573,511,1865,48,10,1.1298564905307344,15.34,60315,24996,35319,0
305780,1138,36163,259809,259809,792,-147,44470,0,0,3407,261310,36721,1682,1354,17308,3431,0,156392,154710,2174,86290,48185,0,0,13363,24742,1425,3.481421325203361,296,1173,32,0,1.8422902576782294,12.9,109224,20797,88427,0
26583,14,4662,23846,23846,24,0,2709,2409,0,313,23874,3827,130,2843,0,4360,0,14896,14766,0,6709,3091,0,0,1671,1947,94,4.363663816695921,12,200,4,0,1.3907382748927355,14.05,4457,0,4457,0
41117,1430,5051,33096,33096,152,0,2356,0,277,490,38761,1996,505,175,5091,454,0,20206,19701,0,12660,446,0,537,11053,624,13,3.613234272275376,20,339,11,0,0.13022300689931507,2.17,14109,8177,5932,0
297616,5007,31300,250501,250501,1018,45,28499,0,2498,3396,269117,2879,2414,16120,14325,17955,0,175895,173481,442,140211,8756,15141,8041,46940,61333,644,3.5285629230092943,529,1962,59,0,0.8668220171446358,9.08,72753,7121,65632,0
217121,5186,8078,199138,199138,1074,94,16688,8270,0,2589,200433,16104,1421,1528,16407,4727,0,150317,148896,2188,110890,21677,2808,1715,28806,55884,392,3.0297197509230394,404,1300,35,47,0.7291887078059931,9.41,40362,12532,26980,0
297430,2555,4428,265023,265023,932,0,22503,0,3603,3301,274927,39617,1375,2197,31238,4111,0,160265,158890,370,84905,39090,4676,6675,16399,18065,960,3.4241217015817957,271,1642,54,0,1.2884608931986712,16.72,117769,58920,58774,0
242012,4540,5319,191512,191512,1101,0,16070,0,580,3031,225942,11116,1096,16376,33984,21649,0,178494,177398,139,111578,9930,7272,7360,24928,62088,643,3.3617470633702387,636,1923,45,0,1.0595066208865336,15.9,51123,19748,31375,0
173009,3638,15137,148174,148174,557,21,15344,503,503,1998,157665,13323,932,5248,23105,9384,0,97712,96780,432,51468,10697,597,10848,14980,14346,343,3.4714840232837565,203,1198,34,98,0.7755027060635608,9.01,52809,11966,38510,0
104843,249,11548,90801,90801,238,1,13905,869,0,816,90938,14605,232,751,1501,1642,0,36449,36217,767,17929,9651,0,0,3000,5278,229,2.307926509710361,40,392,8,0,0.862332722985027,6.63,51513,15265,36243,0
179347,3267,15195,163234,163234,495,0,14875,1806,873,2092,164472,2414,1483,1600,20003,4265,0,111578,110095,1256,83574,4419,10736,5169,26584,36666,365,3.874086135950828,285,1403,49,82,0.8174028424344048,9.79,44655,20656,23889,0
99961,298,2578,84962,84962,447,0,14490,2704,0,1595,85471,5939,1237,2052,5617,11228,0,72294,71057,0,49296,12399,1881,0,12194,22822,673,4.803397525078714,124,599,15,857,2.6881290941044895,18.57,21554,0,21554,0
23686,173,3941,21663,21663,96,0,1974,190,0,279,21712,1899,177,0,4615,1762,0,18240,18063,0,9963,3109,0,0,356,6498,6,3.307577606072929,8,184,7,0,0.10333247222939809,1.22,724,219,505,0
148973,2076,5946,123754,123754,840,-56,23052,15687,3926,2585,125921,6411,522,374,6094,786,0,98231,97709,54,84886,0,12657,3122,30756,38351,104,5.124270910952945,143,1795,41,0,0.2847286864151563,1.81,20744,1416,19256,0
60140,495,3397,50291,50291,145,11,7764,0,0,647,52376,4913,360,1271,2114,2052,0,38166,37806,8,27370,15573,0,0,5620,6177,98,3.5333139775296716,29,422,12,0,0.6398537477148081,5,17681,6513,10268,0
649125,11599,13939,575183,575183,2360,180,51400,0,6789,9424,597725,44638,4912,1333,109792,18022,0,431724,426812,3581,255020,118432,5512,1627,104875,24574,2349,4.754301097884155,1037,5562,153,0,1.441444758424536,18.5,165273,4326,11418,0
519053,1626,6594,426669,426669,4238,0,46603,0,0,6514,472450,9527,4748,702,99322,7150,10265,412911,408163,5597,281050,13666,31731,34443,170555,30655,749,1.8331942261630887,29,1650,32,0,0.5912850582107904,6.43,96556,36710,11767,0
101795,301,10990,90901,90901,444,0,9107,5774,0,1027,92688,1519,624,1648,5117,1978,0,48497,47873,0,38489,1287,1188,328,4158,31528,107,2.4239652412531445,89,565,14,0,0.42776045414567837,4.66,35168,1777,33323,0
363368,1198,3024,307398,307398,1708,-9,31418,94,230,4458,331950,79695,2841,2017,22751,4046,0,240742,237901,0,134250,91142,1983,0,15740,25385,868,3.1247691931845942,420,2061,60,0,0.9385052034058656,10.98,106333,68627,37502,0
296467,4572,24375,253319,253319,1376,7,31278,0,0,3761,265189,8078,3871,4735,16208,7752,0,154157,150286,0,121849,26997,11908,451,12593,69900,1008,3.3554273333673335,789,2006,54,0,1.3360150831861575,13.06,109615,42546,26602,0
115935,97,2128,97972,97972,409,0,17299,9382,0,1350,98636,33096,946,1606,2452,1755,0,57307,56361,1002,19003,15859,0,0,2663,481,400,3.466328997352366,11,472,14,0,1.4123171711287064,9.3,45472,33334,11674,0
194641,708,80791,154788,154788,320,-24,38743,0,0,1865,155898,7916,742,166,1807,325,0,21104,20362,0,11051,8470,0,0,1402,1179,1171,3.3592250952595792,258,858,29,0,2.416768784263141,12.28,86995,15722,71273,0
138469,2290,4044,121025,121025,364,0,13702,0,0,1478,124767,0,849,526,8816,1060,0,93099,92250,247,82975,0,10341,10000,36503,26131,112,3.4770666541816873,123,1040,32,309,0.32328947036092237,3.25,34105,15111,18994,0
442896,9213,6863,368366,368366,1443,0,37803,0,4557,5410,405093,8888,4773,3201,33918,12869,0,315662,310889,1066,258149,3861,81322,16196,39504,117266,-1654,3.8316655719970636,702,6257,106,0,-1.4846147373145213,-16.72,99546,21247,74549,0
871852,12655,12568,730798,730798,4038,150,81415,0,8817,10977,790437,116123,7259,1390,108923,2563,0,739043,731784,3465,497499,194778,21587,52486,184447,44201,1964,3.3372831009463213,1010,5625,118,0,0.8973117198779218,9.47,87219,37742,46348,0
90492,390,6824,71569,71569,431,0,8941,0,0,1013,81551,10529,757,2102,4550,2531,0,65295,64538,692,46578,22070,362,0,4339,19807,210,2.6555940865121372,51,420,9,0,0.9123393902531742,9.13,15826,3166,12583,0
237387,3246,10610,214577,214577,234,0,20229,0,401,2773,217158,0,1118,2060,28325,9219,0,149478,148360,219,111707,0,11862,9956,70076,19813,587,4.544417248739277,311,2209,42,1700,0.9642967882099522,11.64,62497,10735,49390,0
144547,1475,16006,133491,133491,172,19,10167,75,403,1638,134380,829,666,2458,13749,5089,0,53451,52785,3277,30507,1924,2798,799,10989,13997,553,4.237285073758676,515,1367,33,0,1.5319408277466897,22.15,71521,32456,22432,0
204536,7724,2993,175269,175269,820,59,13340,35,548,2195,191196,11675,1731,1795,10850,2821,0,144508,142777,715,118412,24004,5335,7343,34948,46782,93,2.9378380182947184,303,1482,37,0,0.18058559247365855,2.76,42386,18057,24329,0
59394,628,3300,53771,53771,180,0,5495,2609,0,865,53899,470,563,1058,3492,2251,0,45761,45198,0,39537,3051,3691,0,8097,24698,178,4.80208908401027,6,444,13,0,1.1880923775196903,12.42,7293,0,7293,0
139535,2556,7458,113878,113878,784,110,10957,0,0,1934,128578,1027,960,326,12237,3059,0,122826,121866,0,106146,807,9672,13711,52161,29795,286,3.444996143102144,64,818,19,0,0.8224712961831292,10.5,5507,245,2912,0
772642,8922,75207,634629,634629,3658,0,68853,0,3397,9484,703789,40478,10169,1373,119057,6005,0,581424,571255,331,409977,61773,13318,46466,229311,59109,1326,3.1673328703206614,732,4659,102,0,0.6896592077110765,7.4,101999,1460,97686,0
236917,3620,16366,214239,214239,676,10,19323,0,0,2553,217594,8189,1287,3833,19608,9703,0,133637,132350,0,95332,6755,5418,10987,41946,30226,484,3.226804655400643,225,1609,41,0,0.7919350253308763,9.95,81005,18716,62217,0
168130,2962,15425,140352,140352,1125,24,16262,3045,200,2458,151868,10676,1440,8687,20434,8970,0,134509,133069,0,94245,34389,3533,4780,18691,32852,552,3.364207657168816,161,871,20,0,1.328579809558193,13.72,11271,4729,6542,0
44014,160,20223,37005,37005,194,0,6805,0,58,492,37209,2083,343,1370,1746,1988,0,18449,18106,0,12624,4620,227,0,973,6804,127,2.8645927207622894,103,274,6,0,1.193048379520902,7.57,5273,0,5273,0
150484,531,2438,127802,127802,581,170,14201,9622,122,2210,136283,6369,1668,2010,87523,2456,0,124676,123008,0,28328,4302,0,0,20509,3517,420,4.508297384343423,35,1074,24,0,1.1264357026477945,11.16,13262,1513,11749,0
216854,855,2361,191983,191983,711,0,13373,0,660,2355,203481,1604,1534,14393,21199,16228,0,111215,109681,1694,70474,3068,5243,1394,18727,42042,670,3.157538406873984,384,1322,30,0,1.2323737219295845,19.81,96737,49679,47058,0
107059,601,14833,91364,91364,478,30,11508,0,0,1382,95551,5062,925,6593,11993,9615,0,81178,80253,0,54489,7474,5314,0,8532,33169,166,3.630868406123074,63,694,19,267,0.6313557508997295,5.81,8963,0,8963,0
74940,403,6745,63738,63738,413,0,6383,0,0,897,68557,3923,322,913,2836,1436,0,56043,55721,0,47844,18414,2703,712,5136,20879,47,2.836276800691489,31,468,10,0,0.2502495840266223,2.94,9275,9275,0,0
614799,7139,24846,565983,565983,2910,0,38607,0,5435,6977,576192,119871,2200,1305,34233,2078,0,339928,337728,3451,180296,106454,11088,2483,35487,24784,1235,2.7791135980620685,293,3037,63,0,0.8116809765146518,12.84,232559,140586,90886,0
205042,5118,35653,176713,176713,939,137,26101,6318,0,2844,178941,16312,1818,4427,11053,6971,0,134567,132749,0,100231,50911,7090,217,9982,32031,1769,3.9813992371597258,1495,1031,29,0,3.4901328282604087,27.45,21890,8760,13130,0
112606,1850,14509,88539,88539,723,-76,19611,7063,1259,1671,92995,1040,1029,1529,6238,2349,0,83300,82271,0,73673,10225,4708,2470,17337,38933,39,3.6519478018009344,115,1087,32,0,0.14174280041977677,0.8,4528,502,4026,0
161760,397,4572,117806,117806,594,23,24413,0,0,1235,137347,6667,111,256,4097,971,0,22236,22125,1533,8942,5526,0,0,3416,0,108,1.6534681559057962,81,556,16,0,0.2644320525925971,1.74,128248,53782,74370,0
217724000,1852000,31236000,149906000,149905000,1265000,63000,21723000,394000,626000,3084000,196001000,322000,1736000,1476000,37569000,2784000,2000,135498000,133762000,1478000,60936000,1131000,4864000,3293000,26889000,24759000,748000,3.6830538959610872,643000,1372000,16032,56000,1.3872990178368076,13.9,34965000,14000,33512000,0
2255874,56303,56990,1844826,1844826,9494,133,140606,0,2313,29171,2115268,4849,18586,22964,313635,49764,0,1495342,1476756,44640,1081195,23575,64685,91385,532810,368740,5240,3.8180354978149187,4473,17508,456,51,0.940788453437592,14.81,589301,333347,214785,0
421614,6445,6798,319416,319416,1335,75,84965,0,0,4776,336649,0,3443,8041,6742,21796,0,279009,275566,246,250183,164,1851,1266,12942,233960,-52,3.325284264210795,333,2616,92,399,-0.0483830636016306,-0.24,127637,17859,46989,0
9534885,88811,206817,7622473,7622473,43021,2627,1277680,0,383339,127725,8257205,319,104802,13531,1186960,108232,0,7656034,7551232,228679,5950684,17338,436682,578845,2771539,2146280,32697,3.9035257149894877,14886,56018,1232,133,1.370895113128091,10.27,970001,25005,703479,10257
64439,407,1635,55669,55669,198,0,5526,4835,0,715,58913,2864,255,1639,1872,2210,0,39727,39472,0,32779,9826,1805,0,2461,18687,78,3.588595623579225,51,479,11,0,0.49079754601227,5.63,14490,10675,3404,0
444275,12301,56431,305530,305530,1861,110,44169,0,2002,6385,400106,8123,4083,670,52339,4121,0,361215,357132,0,296633,30617,57435,4536,161297,42748,863,4.424769023682637,359,3678,88,0,0.7791867745911075,7.9,4792,0,1792,0
127361,1351,2536,122119,122119,453,7,4968,0,0,1411,122393,2642,687,3529,9424,8436,0,64378,63691,2133,41743,5761,6276,0,5486,24220,235,3.1027209534875246,198,914,23,0,0.7271517697249587,18.5,58251,27232,31019,0
145097,1038,4114,130064,130064,545,0,11433,5102,0,1640,133664,4455,1295,969,4557,2020,0,100575,99280,571,88957,15758,6547,6541,22826,37285,531,3.1725681504579577,255,818,23,0,1.4856575293599221,18.57,33218,11298,20015,0
437980,2938,17494,310327,310327,1925,0,77898,1712,0,4840,360082,5289,4684,1106,18071,2992,0,269404,264720,5144,238304,7694,20065,48438,63817,98290,1215,2.831946100730817,684,2155,73,0,1.1043659950712554,6.29,132428,49892,68865,0
188442,2393,11362,170677,170677,613,30,14336,0,0,2485,174106,955,1869,1748,10499,2528,0,133409,131540,4204,115224,8324,16169,2744,49851,38136,813,4.266058965959265,158,968,21,461,1.7680687437306144,23.45,39784,12526,26936,0
108838,238,8481,93537,93537,501,16,14422,0,0,1149,94416,4318,485,2440,12488,3456,0,71627,71142,650,50692,3582,3455,2071,18007,23577,242,2.714264022912074,103,431,11,0,0.8983800388864914,6.74,24159,16385,7774,0
1496228,34409,18641,1298339,1298339,6603,486,144337,85,20683,18542,1351891,41015,11433,2838,159282,5244,0,1214673,1203240,6030,970334,114106,67277,81873,439035,268043,2051,3.3929469672641295,1600,11002,233,0,0.5468354497878214,5.69,198690,28631,155310,0
22759676,389618,1170622,17357506,17357506,108229,4500,3689182,5200,1444883,318993,19070494,278609,290294,6991,2284775,1163229,0,14513674,14223380,17337,10601038,337618,2330555,415926,5616965,1899974,103819,4.260533684584179,35538,106491,2642,30650,1.831743631582735,11.28,4680970,2007508,1950076,0
165958,617,3532,135151,135151,691,0,28802,24100,0,2255,137156,41351,2568,1791,11755,2515,0,96061,93493,0,39423,21594,1560,218,11783,4268,955,3.9811252915366087,308,917,29,0,2.290078624034435,13.49,37586,0,37586,0
183277,1400,31539,162158,162158,855,42,20768,0,0,2949,162509,11624,2538,7755,18132,10393,0,133674,131136,692,92799,25847,5897,0,15634,45421,1086,4.943080218826903,262,1173,38,0,2.385364929534541,21.19,10978,5793,4185,0
209462,2056,22705,144693,144693,509,0,61954,4550,0,2513,147508,2051,1172,5296,5695,15506,0,98425,97253,169,74952,22214,3772,0,10114,38852,1023,4.405363816223345,417,1248,38,42,1.9724664507172605,6.64,64676,35361,29315,0
241184,7713,8647,188359,188359,518,10,25612,14775,0,3181,215572,68,1872,148,2161,1218,0,148617,146745,0,145163,2120,32485,1534,47683,61341,1165,4.959574255097741,493,1625,40,0,1.9771104912016464,18.46,54525,19888,29571,0
66352,503,4021,56360,56360,444,30,8516,0,0,1183,57836,17288,737,185,7715,671,0,56238,55501,0,30565,20179,142,95,4239,5910,250,4.78712205865682,24,388,10,0,1.5343895047757874,11.81,4376,1002,3374,0
340184,4693,49682,299668,299668,1030,120,36540,0,0,4988,303644,3704,5031,5219,43511,14661,0,247798,242767,30,185604,20425,28908,9057,37728,89486,1467,4.948064388594324,510,2423,60,0,1.7267635102030006,16.12,33505,7833,25672,0
347603,11112,11160,316070,316070,1194,-64,30271,11697,706,5637,317332,233,2610,571,82046,2658,0,285701,283091,0,200764,9671,27750,2867,77262,83214,1808,5.586281360359468,1286,3985,69,47,2.0853998938845186,24.28,23808,8211,15597,0
25101,176,4756,21696,21696,38,0,3242,3134,0,323,21859,1350,148,163,1640,591,0,14121,13973,210,10320,1934,0,0,2765,5621,87,4.918987724105197,8,179,5,242,1.3885563801771605,10.9,2621,0,2621,0
30424,54,1659,25677,25677,53,0,4633,0,0,290,25791,1831,139,345,94,1277,0,8794,8655,0,5572,3827,0,0,449,1296,90,3.22690448635033,8,143,5,0,1.1708459361888963,7.77,19537,7487,12050,0
580676,9283,35339,536795,536795,1555,0,41484,0,1981,4904,539192,0,3524,248,4266,1020,0,298897,295373,0,293463,0,3129,85187,94050,111097,369,2.409777262898856,1158,4046,80,0,0.2538088523575335,3.51,227727,31894,195833,0
323641,4104,7650,276472,276472,896,116,45198,33423,0,4238,278443,30468,2087,1401,9045,1966,0,230288,228201,111,183874,118107,8770,0,45937,11060,1594,4.373408186399839,396,2007,41,0,1.9790210115789493,14.3,44842,44728,0,0
326059,4270,25992,313851,313851,1053,75,11479,0,0,3592,314580,158,2280,568,44966,1605,0,199043,196763,71,149500,3686,8571,11585,95412,30246,759,3.3025494276795007,426,2131,59,0,0.9274717687796995,24.13,90418,7244,83174,0
140008,2847,5318,111374,111374,777,300,12768,421,0,2406,127240,11352,2164,12263,32408,17815,0,117048,114884,74,55398,14931,3672,158,23515,13122,275,4.875129060737105,114,1018,29,0,0.7733816110945108,8.66,13259,7847,5412,0
95757,1219,19523,79846,79846,326,12,15297,0,8134,1210,80460,7776,359,2476,9558,3383,0,52543,52184,981,30819,5179,1008,4363,5434,14835,205,4.199250642772741,29,632,18,0,0.8536909118355915,5.4,13628,1330,12298,0
89923,821,10253,83477,83477,84,0,6022,1006,0,815,83901,6829,316,1893,5204,2675,0,39350,39034,57,24585,12443,0,0,2809,9333,322,3.3401873429289473,249,544,17,0,1.3929820956377381,21.82,36391,5361,30545,0
54287,43,694,43888,43888,268,0,5332,0,0,637,48955,7550,407,361,4881,1889,0,35711,35304,0,21385,11492,0,1238,2336,6319,137,2.877585635466828,34,260,8,0,1.0030751208083175,10.27,15720,9744,4128,0
475132,4020,10604,359213,359213,2685,0,37558,682,68,5422,437574,24113,3684,619,18966,823,0,348390,344706,4579,298879,24916,10764,22840,218161,22198,459,2.455256273540846,398,2534,50,0,0.3894942620664198,4.83,99639,33930,65232,0
86392,403,7653,66527,66527,443,25,7617,1992,273,983,78775,15083,792,1990,3146,2934,0,57394,56602,331,35898,16911,1714,847,2107,14319,142,2.650355528015853,37,399,9,0,0.6591315245897834,7.46,16575,11647,4928,0
114806,1624,5967,93889,93889,366,20,13839,2365,0,1243,100967,433,1186,3426,448,7509,0,74399,73213,0,65982,4394,4038,423,5639,51488,189,3.3441850932091497,181,809,26,0,0.6624866911155802,5.47,27948,14462,13486,0
341104,2561,23881,295513,295513,756,108,44745,488,46,4976,296359,3653,7592,5444,30490,6935,0,282021,274429,734,236915,17640,21186,17211,97400,83478,2862,5.234952612514266,664,1914,60,0,3.4080557292131823,26.09,37268,13750,23518,0
1763912,15134,134913,1438943,1438943,8927,-43,157632,0,18021,21550,1606280,383,15300,1293,110879,3908,0,1462532,1447232,3530,1343645,8336,54826,52181,720698,507604,3425,3.0764103387420727,2387,10782,234,345,0.7825333976115024,8.76,99962,19757,79323,0
599528,6342,195501,545710,545710,1931,24,38027,0,242,5980,561501,4,2948,5618,15310,8607,0,315967,313019,56215,235831,390,2932,3459,133507,95543,1437,2.9245003647499836,920,3354,87,0,0.9902149944873209,15.28,70076,44247,19817,0
127161,529,6481,118424,118424,405,5,8206,4635,0,1385,118955,5854,657,1902,17596,4812,0,74061,73404,0,45797,9318,3307,1859,9272,22041,273,3.1765969084905086,48,752,23,0,0.8580183861082737,13.11,41176,11042,29614,0
101621,847,16132,91627,91627,469,0,4626,5077,0,1082,96995,4231,889,2428,5532,4801,0,54502,53613,0,39938,16555,629,415,4572,17767,2,2.548525399506301,52,663,17,0,0.007804611549849517,0.17,23842,3209,20633,0
226020,1230,16197,210450,210450,1069,64,13478,0,0,2676,212542,16354,1776,4910,16195,8359,0,148921,147145,437,107418,27696,1084,13119,19950,45569,278,2.9704045489518327,68,1276,33,0,0.48824073078046076,8.32,54444,21494,29409,0
40985,146,8216,36146,36146,87,0,4501,1806,0,538,36484,5195,450,1397,2725,2229,0,26124,25674,0,15962,8844,288,0,2886,3944,255,4.615286216821234,69,248,7,0,2.4427042172569866,22.8,4480,738,3742,0
330957,8488,39011,285920,285920,1291,0,26398,0,0,2907,304559,3260,1737,1427,16672,3593,0,144495,142758,6934,113907,19257,3433,1010,28549,61658,429,2.1664340140865135,589,1726,41,1663,0.5278140470511159,6.53,125299,20091,103896,0
168031,472,13748,137519,137519,912,-175,29256,0,0,3254,138775,38078,6005,60,12641,116,0,123017,117012,0,72181,22587,3202,0,34348,12044,1305,6.273228288456001,29,765,17,0,3.2179316466932977,18.19,29595,9277,20318,0
286920,8981,18441,254666,254666,1338,0,15884,0,607,3113,271036,3087,2192,1229,19927,3856,0,133906,131714,0,106616,3539,7272,244,69204,26357,163,2.7576188931849916,412,1981,60,50,0.23057404804215403,3.92,115949,64044,51622,0
503186,17323,12951,453186,453186,1967,85,38933,0,207,6488,464253,769,5014,28198,30278,40660,0,362918,357904,0,290615,46811,47063,1721,89785,105235,1101,3.943348706374906,1225,4146,130,0,0.8689398401221725,11.39,92789,36991,55410,0
989559,15998,148986,840466,840466,3922,147,108259,0,13367,13824,881300,10465,7839,13352,126794,22763,0,723070,715231,0,563103,42139,128829,14146,177568,200421,4866,4.419904299385802,798,5628,144,0,1.9982762506038,18.18,79350,58956,18822,0
156513,865,4129,142740,142740,600,34,7975,0,0,1983,148538,18998,923,1714,14781,5500,0,84382,83459,2216,42880,14742,954,0,10230,16954,385,3.743060418759959,108,1006,29,0,0.9891863941907781,19.25,64192,32167,32025,0
179715,2615,8441,153291,153291,966,0,24872,0,0,2332,154843,14030,1718,4953,10212,11388,0,126002,124284,109,90171,9540,3173,0,11701,65757,663,3.2791312462679176,242,818,29,0,1.4685320493829894,10.77,36173,32786,3387,0
61908,285,1624,50475,50475,257,0,6835,0,0,837,55073,8239,736,1818,4514,4317,0,43002,42266,0,25932,8228,1797,0,1860,14047,209,3.8760013699660014,37,408,9,0,1.3399583266549127,11.68,16417,16417,0,0
123712,2582,15403,102462,102462,608,10,11385,108,0,1665,112327,2952,1201,2729,1754,4020,0,96408,95207,0,87548,6633,5545,2013,7834,65523,249,3.7391442771990024,123,921,35,49,0.8178078479994088,8.78,6858,554,6304,0
79976,754,1999,60801,60801,417,16,7253,1690,0,1004,72723,1899,767,732,9334,2648,0,50578,49811,2476,34220,5899,1736,326,11003,15256,132,3.1786214692324872,50,506,11,47,0.6513291802874237,7.24,21118,6215,14903,0
250796,2517,10328,223148,223148,988,0,24212,0,0,2444,226584,21942,1483,1199,1937,2016,0,104338,102855,114,78299,40667,1384,8711,4770,22767,498,2.4792157096456986,64,920,25,0,0.7989780140663448,8.04,124094,62921,14317,0
497981,7696,13898,373363,373363,1903,2,76071,0,4173,6001,421910,127494,3703,3638,27777,12055,0,324360,320657,1437,155574,121006,887,100,26581,7000,1525,3.4810862467149795,760,2944,82,0,1.2070913649432964,8.08,140807,43243,88829,0
518085,3493,49112,436033,436033,2925,203,23901,7000,0,7020,494184,29732,3977,138,25388,1261,0,320233,316256,0,210407,35730,68170,25864,64992,15651,2308,3.4477169925299465,234,1815,52,0,1.81378630838886,37.85,125223,8843,106944,0
1326855,12271,64144,1130303,1130303,6064,810,145517,0,24734,17318,1181338,20703,11562,863,206988,2171,0,934573,923011,9733,691454,32594,94721,45647,435451,83041,2224,3.5928999202260647,1993,9590,182,267,0.6672842446358853,6.15,274426,62589,98587,135
653342,9285,53278,590760,590760,1180,177,52260,0,430,7335,601082,0,5721,144816,51259,153329,0,487391,481670,0,282748,1132,6175,25839,90957,158645,1251,4.037538282406287,771,5072,151,0,0.7620352921021072,9.64,79228,41122,35508,0
3806726,51698,80417,3515013,3515013,7716,830,264766,0,20409,41226,3541960,4568,32355,1311,248016,16032,0,2503929,2471574,8554,2226475,51700,416013,68052,1339650,351060,13730,3.7037886464122516,8086,22952,530,0,1.4437531061262372,20.88,1114078,104997,1009081,0
260697,2369,3402,211226,211226,933,0,30941,10295,782,3534,229756,27165,4657,1073,23460,3516,0,206221,201564,1392,144404,19854,24605,9956,68777,21212,988,4.245984699926336,214,1832,36,0,1.519146940564145,12.99,33964,2984,30831,0
454163,22609,4004,420805,420805,2151,-18,29754,57804,824,4739,424409,0,4038,6207,20515,7169,0,330316,326278,0,302550,2072,16073,38174,61414,184817,-1327,2.551264973463345,167,4532,75,505,-1.1779836018823768,-17.42,25299,707,24592,0
1214513,15291,109280,1110623,1110623,6929,321,97152,99378,2892,16544,1117361,38518,8310,3765,121307,8342,0,805920,797610,33119,604262,35091,91485,31638,322013,124035,3963,3.3384779110121157,934,6265,145,400,1.3004944537012653,16.48,168936,25272,123771,0
356540,4990,31442,308509,308509,1426,0,41327,2816,5334,5163,315213,76332,2621,3493,36014,7185,2320,258972,256351,0,119788,49597,2002,1389,34688,32112,1852,4.596089572706337,388,2196,45,0,2.0700312125386664,18.39,38513,6852,14297,0
55475,483,6342,48390,48390,162,0,7052,3169,0,813,48423,6937,678,1319,6963,2416,0,41825,41147,145,25205,4701,126,0,2676,17702,233,5.061568814205049,58,476,14,0,1.7109393644557855,13.23,3489,2502,987,0
456099,7388,29347,442854,442854,1374,225,11879,0,0,4932,444220,2210,2262,3595,38664,16230,0,258705,256443,782,200760,19934,11536,9,81471,87810,599,3.24928539465393,495,3198,96,23,0.5236855132981368,21.25,160062,60182,98493,0
308044,1408,23611,284536,284536,561,0,22969,0,0,2694,285075,3210,1435,1579,11676,4552,0,116375,114940,1065,94964,5081,33989,786,24652,30456,671,2.8875685975222822,163,1625,46,0,0.8868256498789867,11.67,166316,31827,134489,0
587323,3447,31491,505433,505433,2885,30,42551,485,0,5457,544772,6127,1839,11201,9043,27460,0,184174,182335,400,140640,11428,4302,976,21238,102696,594,1.9025286914197586,690,2510,54,75,0.40903456824128903,5.53,339010,84412,251086,0
1375708,14392,68511,1203583,1203583,5885,1500,92487,0,19722,13951,1283221,8908,8675,3337,78292,11704,0,859056,850381,41661,688416,46355,159341,4135,295796,182789,176,2.538665390934327,3184,9574,240,49,0.0514406487074989,0.75,384024,34776,326109,0
150994,3965,5316,108395,108395,824,-20,31150,17500,9271,2368,119844,34,1218,535,7729,910,0,108688,107470,0,100369,6266,4443,0,56056,33604,219,5.302448175351686,247,1592,30,0,0.6493289896485396,2.82,5355,791,4564,0
3695387,70012,54077,2991808,2991808,16616,-670,316355,0,0,38876,3379032,0,24606,186,82774,1639,0,2120577,2095971,0,2035554,0,72022,218640,1217666,527226,6451,2.6381503081990063,3889,19490,381,0,0.7057678000962759,8.2,1275520,458594,326491,0
669579,2364,15959,521743,521743,638,105,107734,18,0,7242,561845,3409,3629,234868,16718,236696,0,326447,322818,607,69400,4411,3012,885,40453,20639,2878,4.269877048683484,764,3807,79,50,1.7071620877144982,10.77,282099,178846,23577,0
251018,1898,22739,219542,219542,1500,90,28856,2319,0,3524,222162,2547,2704,1380,54953,12830,0,128730,126026,4,58214,1532,1503,8555,18468,28156,622,3.391378291995325,113,1223,43,81,1.0024073085484635,8.72,94048,6899,34070,0
592807,7963,20144,504894,504894,2079,50,46592,809,7538,6447,546215,29258,4099,3107,44243,5244,0,389076,384977,32180,278091,81800,13839,19785,86244,76423,1114,3.1996630391488075,658,3844,110,0,0.7560795173036331,9.39,151507,50194,100031,0
262958,1870,9865,244487,244487,1217,0,17240,485,0,2497,245718,856,1996,5791,16962,11988,0,142424,140428,3111,109492,6252,6158,291,17150,79641,58,2.072102698589999,89,1281,41,0,0.08768862977066778,1.33,100043,36000,64043,0
401679,2265,6834,338164,338164,2779,60,33346,5594,756,4917,368333,502,3590,858,39577,3546,0,322874,319284,0,279240,1205,37993,16082,129281,94679,687,2.199828942206903,130,1521,32,0,0.6850672540096253,8.22,61727,27095,32498,0
597102,8123,66603,504392,504392,3501,1000,62345,6324,10809,8574,534757,950,8730,451,152660,1374,0,462318,453588,3664,303670,9579,36248,66154,127219,64470,907,3.696487953897735,1893,4879,97,0,0.6104090901825591,5.87,34107,2921,17336,0
3151043,59687,207451,2618809,2618809,13033,0,252682,0,0,35907,2898361,110628,21960,15570,133498,35105,0,1491710,1469750,3688,1208600,177456,168005,49446,567707,245986,7397,3.0934471501175222,3707,15948,430,0,0.9340936445610782,11.72,1306686,405739,900947,0
176236,730,2460,139143,139143,476,0,25883,10828,756,1796,150353,22311,1196,1621,5255,2224,0,99112,97916,1102,68213,50859,58,357,1309,15630,752,3.046607907909352,173,657,20,0,1.6860088728458966,11.69,61210,60906,0,0
295360,3934,11698,250084,250084,1750,75,24836,0,0,3680,270524,14596,2361,8859,38385,15013,0,257943,255582,1017,188777,48097,3560,2920,36404,97796,405,2.7132511743070578,204,1651,56,34,0.5472852792083958,6.48,19501,11585,7916,0
1309902,15364,39913,962920,962920,5438,400,116333,0,11751,15697,1193569,75509,9568,2848,97329,5254,0,876394,866826,3024,695278,188437,58144,75034,247748,125915,2940,3.3860292873875446,1524,6858,174,0,0.8989080102181992,10.23,317112,225155,67835,0
158021,1669,9436,142875,142875,354,15,14206,523,0,1557,143815,4988,1161,46,9459,77,0,67645,66484,929,51911,21014,264,5859,19932,4842,342,3.1871137810217047,129,887,20,0,0.833008573655495,9.49,70812,17337,51920,0
250349,1715,2472,222545,222545,934,0,21974,5959,620,2875,228375,9542,1650,2023,50620,4699,0,189081,187431,35,121768,17079,4638,5846,25374,68831,665,3.245873676817338,174,1450,40,0,1.067199463993051,11.99,47593,28278,19315,0
160399,924,14907,141492,141492,432,45,15163,0,0,1681,145236,21415,1147,1223,7817,2916,0,69143,67996,658,36285,22570,844,21,4083,8767,328,3.35738022196611,100,976,34,45,0.80964414535334,8.59,69982,18264,51718,0
47435,544,4838,40635,40635,190,9,6597,344,0,596,40838,7605,213,198,5668,364,0,31016,30803,451,16928,9133,1619,1116,4524,536,-36,3.6749980199364116,53,486,9,0,-0.3037686295604848,-2.17,9193,113,8580,0
105599,1390,6887,91241,91241,274,11,14126,1800,0,808,91473,21,333,773,1110,2394,0,39778,39445,0,36253,3418,0,0,10152,22683,107,2.1515124044359837,61,478,16,0,0.4080173502705021,3.04,55447,30177,25270,0
122048,1212,7619,104572,104572,470,7,14084,0,0,1553,107964,21969,2059,3861,11016,4563,0,98834,96775,18,61242,34986,6,0,11050,15200,514,3.6384099174386666,60,593,12,0,1.6503915264917541,14.7,14522,3672,10850,0
209276,3880,12807,186167,186167,833,0,22513,0,1927,2595,186763,4872,2043,4603,37497,6122,0,167681,165638,0,119190,7677,8902,7254,40948,54409,1026,3.6555352988923957,474,1182,32,0,1.9848044454976763,18.28,23404,11204,12200,0
341286,1871,3332,317980,317980,951,300,21836,4400,1,3818,319450,34937,1863,3330,23993,5816,0,237778,235915,3823,169210,74799,7298,0,29406,57707,745,3.4692747739435323,252,1977,50,466,0.8736620217946425,13.5,91076,47343,6692,0
69155,604,19790,62035,62035,186,0,6669,0,0,892,62486,11925,430,1183,3343,1397,0,44065,43635,0,27397,18324,0,0,2831,6242,164,4.372227684066296,13,548,17,0,0.9513174877097321,9.83,4339,0,4323,0
322170,1805,22882,285077,285077,934,0,35614,0,0,3122,286556,11407,2135,7145,18941,7948,0,171667,169532,938,132413,21710,7328,0,59574,43801,1009,2.8300453027133123,291,1110,41,0,1.2405254713443534,11.41,117909,14862,102976,0
255902,745,30473,200651,200651,1022,60,22639,0,443,3022,233263,16985,2570,369,26576,1501,0,96724,94154,57,51350,19168,6656,188,22565,2773,1183,3.41316586066177,168,926,27,0,1.912104608123616,20.62,120539,55184,54809,0
82336,989,1613,75214,75214,293,0,6393,0,0,985,75943,9455,1000,2624,8901,4846,0,66227,65227,718,42307,11537,424,966,10550,18830,187,3.518808080037629,53,559,15,0,0.8991897675089557,11.79,12210,4384,7772,0
16488,45,3078,15211,15211,43,0,1145,288,0,126,15343,2707,200,160,1013,187,0,6115,5915,156,2051,1723,0,0,0,328,-25,1.8411201996395399,21,129,3,0,-0.533006422727394,-8.45,6598,0,6598,0
124748,1447,4020,109874,109874,218,6,13100,0,0,1534,111648,14640,660,6420,6111,8346,0,91231,90571,246,61870,18814,3238,3922,5182,30714,530,4.5065985197741565,98,651,26,0,1.6885971899193934,16.38,23982,12776,10956,0
676208,6249,30484,570301,570301,3130,75,52739,0,991,7773,623469,63362,5316,7381,84545,13854,0,436104,430788,8115,266086,109758,4172,1348,81165,69643,1805,2.947010304697889,756,2882,90,3,1.072083509662858,13.8,179976,59641,108507,0
889402,6824,7727,780726,780726,6721,-29,78537,0,403,11849,810865,0,9086,0,87855,59,0,743958,734872,0,649864,411,62880,58403,304090,224080,402,2.39743239105077,1595,6255,177,0,0.1806440161388802,2.05,119300,22414,75877,0
38714,565,5614,33765,33765,103,0,4603,0,0,435,34111,2141,231,867,2648,1818,0,23738,23507,573,16558,7032,0,0,967,8559,95,4.035431575428841,19,228,5,0,1.0095777042734362,8.34,7060,3090,3970,0
225984,3833,14672,191791,191791,1172,0,20499,0,0,2652,205485,7651,1923,3683,28907,8037,0,170021,168098,772,124642,35504,8019,749,52616,27754,154,2.778116699672445,143,1442,40,0,0.2708984284812757,3,31635,20581,11054,0
281695,7912,4319,260327,260327,1122,30,12910,0,2070,3006,268785,28468,1391,2632,12183,3905,0,153199,151808,261,108342,30573,9852,1243,12868,53806,228,2.8889225384643398,2506,4131,136,0,0.32439815605258665,6.94,109593,49190,60403,0
647213,9392,34972,542726,542726,2676,0,48151,0,5852,6389,599062,16048,4170,10713,52619,14667,0,369077,364907,5049,280565,28239,22329,34611,74943,120443,776,2.4818585531125583,685,3404,90,143,0.48207703137461067,6.36,209629,68950,129091,0
521810,4402,25113,390707,390707,2837,0,22063,4057,10096,5565,499747,41273,2287,590,21857,1273,0,252476,250189,5153,179519,70785,826,9775,68928,29205,561,2.319769808765677,312,2470,63,0,0.4463735135801781,9.75,211924,89891,51650,0
160860,1439,8123,144672,144672,551,0,9756,2,0,1592,151104,18660,373,2884,10113,3838,0,98290,97917,79,65577,42917,0,0,9791,12869,326,2.65745110615445,46,773,27,75,0.7918266968257102,13.57,48030,9659,38371,0
224973,6007,4089,197196,197196,530,-45,27194,6822,0,2047,197779,2127,3085,7447,14723,12545,0,109457,106372,0,80038,8725,4328,5569,32397,29019,406,2.974794159245614,448,1604,43,325,0.7247411638700465,6.01,91801,22170,69631,0
123023,510,6314,103354,103354,220,0,19306,6248,0,1013,103717,1416,331,5693,4180,9646,0,45272,44941,283,29681,8849,450,0,3495,16887,204,2.786244455180289,101,640,19,0,0.6643274092045168,4.2,59403,4857,54546,0
118997,3006,5545,97010,97010,477,15,19094,4,640,1467,99903,30360,512,1479,11639,2889,0,73969,73457,29,28993,16068,2912,17,2206,7790,429,3.5420235151005586,94,639,19,0,1.4291365633263238,9,34479,9760,24644,0
827685,17414,48186,683655,683655,3958,65,79400,0,12587,10236,748285,19877,7447,794,66870,1741,0,677016,669569,9553,577284,38032,84076,44789,278684,131703,2100,3.268389408450411,914,4920,131,0,1.0247076533462804,10.7,68603,6628,55590,0
104754,540,6790,92688,92688,350,5,9109,0,0,1126,95645,51092,746,431,1886,622,0,67979,67233,180,14171,10459,0,0,621,3091,266,3.2274331820474034,87,516,12,0,1.034194514103536,11.78,26311,603,22154,0
450917,4503,5065,388784,388784,2044,75,39334,26525,13558,4716,411583,71323,3457,6516,41855,8532,0,312478,309021,494,190236,85099,10842,361,38246,55688,620,2.6232018868989617,309,2269,58,357,0.5625955618469468,6.31,82648,1435,81036,0
1603247,23668,55886,1333628,1333628,9021,-271,129759,0,23186,17536,1473488,157154,11779,2716,125667,4896,0,1068146,1056367,32755,747439,187452,38347,68413,270139,183088,1970,2.292201132236989,1160,7605,180,0,0.4891932067949433,6.06,386404,294678,75715,0
348387,2994,17506,323482,323482,940,7,23093,0,0,3416,325294,5148,2577,20747,36316,27722,0,171235,168658,11681,89802,11435,4145,6604,13464,54154,889,2.919566015237517,910,2540,73,0,1.0120616344396947,15.45,153014,79153,51941,0
256752,2303,20071,189145,189145,1240,0,13625,0,2155,2896,243127,27276,1869,4289,5282,7087,0,148646,146777,1775,107186,48328,306,288,11816,46448,714,2.683546867878665,489,1424,48,0,1.0984847756394847,22.94,79376,3258,76118,0
202199,4979,18734,176241,176241,403,9,23504,0,471,2102,178695,1630,1736,952,17352,3265,0,115396,113660,0,93147,2225,9418,517,41321,39666,590,3.675907821040191,180,1280,35,0,1.193067067051886,9.89,60267,38027,22240,0
242175,7272,23207,215082,215082,1458,21,22491,250,700,3954,219684,41270,1750,1280,10539,6374,0,188714,186964,0,130531,30016,9376,6369,40684,44086,646,4.5232550764296,350,2179,54,63,1.0621549743298848,11.62,11744,10957,787,0
187155,2152,8924,168552,168552,742,30,16295,0,0,2537,170860,0,1534,103,17370,1197,0,148440,146906,0,129873,1950,39589,2556,32244,53534,503,4.194660279254543,160,1305,36,0,1.090328751459778,12.5,20441,2276,1155,0
210313,2729,52433,189169,189169,766,0,19732,0,0,3414,190581,25614,1592,3457,9936,10894,0,111257,109665,0,64767,31391,1734,0,4857,26785,1389,5.25477628008275,278,1537,50,200,2.5967956028342276,27.01,42068,3286,38782,0
1010430,18561,98160,835172,835172,3978,79,92161,13443,2712,11330,918269,0,8229,3740,22068,5407,0,783394,775165,1998,753886,6375,41684,77819,446196,181812,1974,3.254294306257556,1699,6562,159,0,0.8080712977598433,8.62,63920,17163,44051,0
324292,3589,54282,278058,278058,1110,0,20589,0,258,3390,303703,7765,2429,3013,23003,4291,0,151026,148597,28,115895,12402,5525,244,61819,35905,338,2.963781421120192,271,2188,65,0,0.4132067225555247,6.52,103267,38113,65154,0
48313863,803054,3036005,38120226,38120226,283205,22000,5189932,1469,1581610,637113,43123931,106599,472575,45253,8033353,222833,19,33052172,32579597,112148,23691501,438070,3864570,951641,8848602,9588618,116978,3.244451779972791,84285,263300,5323,4957,0.9623029888633715,9.03,8328299,134643,7486704,29515
51371,2239,6701,44062,44062,80,0,6601,0,0,492,44770,15,860,422,7535,1584,0,22335,21475,0,12705,2122,1985,0,4177,4421,40,3.7347595521914516,61,433,14,0,0.3069986089125534,2.38,16914,4586,10318,0
245706,5199,1614,202590,202590,1542,228,25426,26063,0,3947,220280,29566,2701,1406,20889,3391,0,208837,206136,0,155743,35227,18670,7069,54076,40701,665,4.306206174168582,501,1728,36,0,1.1226612981509854,10.6,1297,1081,186,0
253693,7520,8791,225042,225042,926,45,16551,0,0,2916,237142,18455,3166,1697,8088,5130,0,168479,165313,433,136185,17830,21042,0,29576,67737,614,3.330641483223358,188,1519,38,0,0.9654847079172891,14.75,67308,25073,39504,0
839312,7366,18489,691340,691340,2915,48,55249,14482,1659,9003,784063,3279,4547,3091,69431,5353,0,504113,499566,0,424510,43496,34786,5902,121461,218865,1976,3.0904867148539945,816,4440,124,0,0.9380116029092125,14.2,264976,67861,197115,0
166860,2125,5715,154026,154026,894,0,6851,5721,0,1955,160009,12251,1442,2849,15050,4637,0,91944,90502,3360,56380,12765,2583,171,14158,26703,261,2.7905906333733332,241,1041,24,0,0.6309014820746023,14.92,58554,18750,39804,0
2468910,45065,72733,2217985,2217985,10688,125,189936,0,22117,25928,2278974,0,18886,118121,153375,130799,0,1697672,1678786,113047,1269318,926,90551,28182,512264,637395,5659,2.651393318932475,4256,12898,288,220,0.9105538525466725,11.98,559016,264029,294987,210
46370,17,10611,37491,37491,165,0,8577,2000,0,401,37793,2908,227,389,1322,643,0,7604,7377,16,2707,1448,0,0,1231,28,98,2.296948756630493,116,254,9,0,0.8245514398098484,4.6,25615,5168,20447,0
153767,29,32934,131416,131416,387,0,21883,0,0,1086,131884,743,452,407,1439,1110,0,10352,9900,0,7050,3178,145,0,621,3106,246,1.8973876988745288,75,453,12,0,0.6490743764037717,4.54,108488,16144,40615,0
232632,3320,46539,188771,188771,908,17,20515,4675,89,2947,212117,1500,1601,1499,8687,2913,243,146483,144882,1501,131615,1329,6865,2479,80663,40279,498,3.7113636622185817,211,1735,40,0,0.8754658603473736,9.68,30950,12942,15403,0
186410,1574,3025,159787,159787,541,0,26454,1003,0,1714,159956,4363,1005,2990,10829,5761,0,70685,69680,0,47486,11383,6366,0,5493,24244,570,2.638089240734077,331,934,31,0,1.2120148950251572,8.7,105479,10874,94605,0
186278,207,9262,170164,170164,710,60,15389,10000,0,2347,170889,6590,1400,6042,23560,22278,0,115395,113995,0,64566,14090,969,0,12596,36911,807,3.7505119150922592,248,1018,28,0,1.7715725175757775,21.58,51734,6260,45474,0
278059,665,3550,242557,242557,1967,50,34820,37500,0,4871,243239,25956,1472,872,66561,1414,0,174327,172855,105,79595,31883,6304,1519,8910,30979,2544,4.182381501891181,711,1021,16,152,3.52400328990087,30.33,58982,1747,52433,0
116311,542,9129,96713,96713,282,0,19432,0,0,1561,96879,2285,700,1491,43769,1914,0,78840,78140,592,30254,3005,0,84,7976,19189,822,4.489806664501918,62,519,15,0,2.8257133035407356,16.97,27850,3289,24561,0
296147,7551,34190,252640,252640,1224,115,30027,0,3640,4569,266120,417,1932,3854,55263,8588,0,189627,187695,2797,122532,949,25727,2629,67085,26142,1141,5.174454129895041,263,2352,50,0,1.5836609494331924,15.03,55032,15630,37402,0
166764,1538,14015,156451,156451,318,25,3738,0,638,1564,163026,1337,789,2011,4422,3333,0,75347,74558,6348,59861,6643,1307,147,8004,43760,355,3.1287371113796514,301,1167,32,0,0.8557645080710043,36.63,74101,13230,60875,0
515054,6376,46317,450510,450510,4613,0,58930,0,1214,9247,456124,1404,3884,494,156223,1291,0,451015,447131,0,292096,2347,35747,8195,214808,30999,1169,3.6359463591987815,79,3223,50,0,0.8916287765751044,8.01,7424,0,7424,0
889369,4649,78109,761635,761635,1488,11,89875,0,0,7055,799494,2640,1723,462,23078,5860,0,319288,317565,0,288587,26068,74672,8943,148104,30800,2370,2.6198525479971977,659,3226,84,0,1.0852809910401353,10.61,477610,0,477610,0
568336,11904,36343,514027,514027,2255,399,36942,11263,39,6921,531394,459,3675,26134,70597,49914,0,438763,435088,783,313689,75,19697,16256,62364,215297,391,3.5630424075353844,1148,4950,124,718,0.2797332875457875,4.24,58577,23976,33266,0
340590,7189,6156,287717,287717,1301,284,34559,3733,1550,4267,306031,409,3156,3713,21123,10653,0,261347,258191,1791,227335,8251,23227,10156,93010,92691,642,3.7984187129110696,434,2410,78,0,0.7574930754867808,7.49,49006,15681,20327,0
3955727,47010,75638,3137892,3137892,16762,104,487592,0,127213,45738,3468135,13387,28355,1437,200453,7629,0,3014809,2986454,39261,2661075,31095,179894,186379,1261403,1002304,11572,3.2557970992101803,8417,22687,463,0,1.1683674016710976,9.53,527596,108106,263694,0
189254,1462,16061,175058,175058,507,37,13769,0,0,2320,175485,85,1163,2882,9759,6651,0,105926,104763,36,89394,2464,15919,1416,30663,38932,526,4.110854765292414,252,1502,41,0,1.110375200213209,15.14,61191,25437,35754,0
15332,42,5806,12135,12135,43,0,3161,745,0,182,12171,94,105,110,894,247,0,5622,5517,0,4387,3933,0,0,112,342,38,4.036444154052779,16,117,3,0,1.018732616199189,4.83,2714,0,2714,0
215136,2745,16557,175341,175341,858,0,23122,0,0,2083,192014,5709,2815,1911,26263,5625,0,134812,131997,474,96741,24590,3803,6610,25493,36245,155,2.3704592401952485,94,1135,26,0,0.2867138202998009,2.67,57807,11225,46582,0
32259,430,10812,29140,29140,85,3,2948,1752,0,368,29311,412,183,1968,1656,2950,0,15680,15497,0,10617,1888,720,0,2136,5873,50,3.8117044918849756,58,280,8,0,0.6340048501371036,6.88,3465,1532,1933,0
67300,485,7344,58053,58053,312,0,1342,0,0,734,65958,6494,495,308,2193,589,0,36702,36207,0,27423,7864,652,652,8316,9939,34,2.695516787097289,25,393,11,0,0.2058656575212867,9.34,21959,9282,12677,0
475064,986,5910,386107,386107,2044,32,32509,8853,0,4898,442555,7864,2554,2569,16267,4632,0,264314,261760,2252,233148,120587,11188,674,23349,77350,1712,2.4570801940955604,254,1341,46,0,1.440592393133625,20.48,191501,66164,125337,0
51163,41,2717,46286,46286,95,0,4822,591,0,632,46341,12380,331,1103,5398,1343,0,31406,31075,0,12285,9425,0,150,2710,0,-27,4.174480862104148,21,289,8,0,-0.2035431586882774,-2.05,16059,947,13228,0
233312,2477,20829,205227,205227,877,210,23371,0,908,3384,209941,27401,2362,2464,29764,4189,0,186766,184404,415,124818,59480,5167,590,16249,43332,959,4.670931740956125,298,1601,34,435,1.6585848846535498,16.65,17400,3131,14185,0
136475,409,1318,111054,111054,807,0,13369,70,0,1369,123106,13372,1263,551,4866,820,0,61405,60142,456,41885,34825,150,0,1561,5349,112,1.755098216795228,27,463,14,0,0.33051997875228706,3.24,68673,58162,918,0
98811,478,1262,74900,74900,369,0,8107,2071,525,1289,90704,9125,803,2364,4280,2938,0,79170,78367,388,62439,19739,2957,668,4645,34430,129,4.103021518563942,122,910,23,0,0.5356002927117879,6.35,11855,3304,7845,0
119571,2021,2757,105815,105815,415,8,7262,3432,811,1365,112309,5140,838,978,16660,3306,0,82061,81223,0,55528,23994,0,0,115,31419,188,3.3804520909875366,60,806,21,0,0.6308142704951724,10.34,26250,11319,14931,0
52487,2021,882,48593,48593,220,0,3542,1475,0,515,48945,8725,316,71,5512,839,0,22210,21894,0,7134,3607,0,0,2719,808,-20,2.467174040311115,20,343,8,0,-0.15173211694752914,-2.21,24396,7094,17302,0
303827,1910,7265,267072,267072,1187,8,28926,15500,0,4028,274901,856,560,5349,17510,11649,0,210951,210391,0,180888,13082,41887,530,35678,89711,1063,4.043869076002249,321,1768,84,0,1.4188136288861377,14.79,54991,22153,23481,0
188607,2633,28974,162126,162126,731,15,19995,2263,0,2056,168612,3644,716,3601,5486,5807,0,68705,67989,0,53722,4476,3752,7852,11496,26146,315,2.958860671158924,171,1098,35,0,0.6691663037590152,6.34,83166,60274,22892,0
304380,4307,4861,252266,252266,1675,-75,24587,417,0,3462,279793,2031,1654,1945,9978,6192,0,201127,199473,911,181678,9749,19392,2525,33116,116896,305,2.52755898551109,248,1747,53,0,0.40073314457269366,4.94,82405,35695,46710,0
489097,3854,9110,368287,368287,4366,87,29524,0,0,6656,459573,840,1863,2212,17580,4058,0,378973,377110,172,356093,21637,91930,12443,71613,158470,469,2.0181901505270208,274,1831,52,0,0.3899299955104009,6.33,78287,30908,35837,0
324738,4471,25105,304146,304146,942,30,17597,6575,0,3490,307141,4418,2359,5099,33975,18571,0,160634,158275,0,103590,6205,6983,9305,31283,49814,915,3.4344019786899938,640,2039,60,0,1.144502868293049,21.06,118177,41659,76518,0
673060,27186,52751,518471,518471,1094,9,90512,145,4656,8626,582548,48,7773,2310,68190,8581,0,424568,416795,1932,345817,9816,66295,3041,167640,99025,714,4.970567272919251,3003,9772,196,0,0.4200259427788187,3.15,136858,64787,71607,0
1471624,20530,163072,1210622,1210622,7191,191,61285,0,13304,15556,1410339,597,6668,2258,68422,16611,0,667416,660748,3824,563499,10813,59561,25901,364679,102545,3244,2.5460414230134445,7219,9559,264,1234,0.9021053063341335,21.39,536569,175071,352160,0
151073,2915,10918,130088,130088,474,0,15118,0,0,1653,135955,1996,760,2773,3019,3626,0,50433,49673,0,40287,303,98,0,13144,26742,442,3.3946618294895052,96,833,16,0,1.1734409430005044,11.57,81596,55593,26003,0
447395,8587,51664,409963,409963,2437,90,33540,0,0,6664,413855,5935,3752,16962,28956,25069,0,331274,327522,0,271288,12932,29671,9623,75417,143645,1487,4.210599714113528,852,3070,85,107,1.3554717944277075,17.9,44967,28432,16536,0
272267,3136,44922,247889,247889,1533,39,22579,0,857,3830,249688,20308,2875,1450,23276,2733,0,204405,201530,0,155898,72991,7988,0,14362,60557,956,3.7359844672826896,227,1513,51,5,1.4119688731757298,17.13,13461,5663,7206,0
549922,7048,4340,384014,384014,2571,0,75738,0,5131,6967,474184,436,6763,330,31171,744,0,465482,458719,0,431310,813,41232,7804,65107,316354,1230,3.549419162099696,4071,6882,178,0,0.8963258836871422,6.53,36463,13874,18456,0
125065,2337,12263,116203,116203,292,9,8564,0,922,1470,116501,1775,1187,3727,7643,4873,0,74675,73488,3900,56484,15245,3928,0,13195,24116,375,4.154470111091518,201,995,21,0,1.2334106270659628,17.15,34924,16969,15611,0
481551,7772,10977,399038,399038,2128,120,39860,5061,0,5950,441691,18545,3965,2245,50775,4846,0,374491,370526,406,289351,50327,38294,11207,94431,95092,814,3.4131094838364,755,3435,51,0,0.6806674554827596,8.23,71711,25348,46288,0
53860,1458,14875,51133,51133,228,0,2438,0,0,536,51422,112,203,824,1591,1337,0,13609,13406,0,10569,108,13,0,4117,6331,20,2.810090780530085,71,356,10,0,0.1619925078465121,3.23,21092,16090,3691,0
88743,1670,4734,67619,67619,320,18,7358,0,0,1077,81385,6199,756,487,5714,1114,0,57156,56400,0,44123,12311,1509,902,7006,22395,191,3.7482669835611016,47,595,13,0,0.8783880888735593,10.33,22417,5514,4870,0
6589361,136743,147137,5634072,5634072,37335,567,467982,0,33660,74099,6121379,0,41469,1092,744342,14480,0,3772033,3730564,118,2864797,5052,137176,176671,1460651,1085247,3804,2.4004880766068064,13170,44438,833,0,0.2315243464983388,3.28,2323134,1010,1923688,5715
254637,2475,22168,231899,231899,1063,10,17043,0,0,3050,237594,1598,1914,3611,7202,4840,0,164082,162168,180,148854,12776,7446,1260,39843,87529,775,3.244505404787564,496,1698,52,0,1.217550798379479,17.87,66339,33748,32591,0
140151,629,15746,124420,124420,662,2,12985,0,10,1987,127166,11723,971,2162,8276,3741,0,84836,83865,0,60926,35621,1115,0,9259,14931,751,4.013388056762937,85,657,28,79,2.1493066983386515,22.31,35787,22250,13537,0
614875,5219,13421,484629,484629,2197,326,57684,0,1279,7282,557191,211357,5517,3336,25702,5472,0,469417,463900,625,225955,53562,11741,4774,59896,95982,1810,3.5406055584373988,619,3094,84,0,1.1827775177518733,12.74,106144,4090,85736,0
171604,1696,14760,98360,98360,1044,0,20053,1320,3323,2170,151551,20351,1584,2662,22150,7604,0,109583,107999,137,59273,33662,2391,100,11554,11566,534,2.7922691836766327,417,1009,30,0,1.2085310067979869,10.74,37067,5224,22042,0
60862,108,806,53863,53863,226,6,6781,292,0,889,54081,9186,581,2663,14434,2919,0,37708,37127,0,11168,2197,0,0,8928,43,196,4.410847491455231,24,440,8,0,1.2430139918347933,11.5,20706,8408,7998,0
348313,10103,17762,310986,310986,1227,75,28460,0,1258,4829,319853,38673,2834,1359,36283,3197,0,225540,222706,217,147170,27780,37935,4800,31567,45088,1232,4.472311894710703,479,2654,72,0,1.396629441164009,17.46,85009,31477,39251,0
433795,9061,7700,393449,393449,882,1,38272,380,0,4913,395523,40,3757,0,35477,36,0,184187,180430,0,148558,957,14320,7224,120882,5175,1145,3.9090711834492393,636,3521,91,460,1.0535917010099987,12.12,227518,114572,44634,0
718474,4194,56059,591135,591135,2615,-232,37945,0,273,8684,680529,3235,1700,490,131210,23377,0,238869,237169,11309,60323,600,4029,0,36989,18705,3590,3.6547251278160173,753,3464,81,0,2.073234556315533,38.69,405437,156861,242495,0
427985,4189,33836,361437,361437,1013,176,59589,0,0,5474,368396,1858,3540,65,52915,1312,0,271625,268085,11,215502,0,7899,31401,132519,43683,728,4.4260892212672545,896,4255,85,0,0.6791123963665621,4.89,103552,12680,88940,0
122538,437,11849,117615,117615,485,0,4314,3143,0,1153,118224,3385,802,1623,5418,3254,0,32056,31254,6678,13316,2269,316,0,7406,3325,286,2.254766696623335,128,510,21,0,0.9123789243658608,26.03,72816,18094,54217,0
17470,54,4288,15180,15180,70,0,2228,2932,0,242,15242,4811,101,75,1602,237,0,6666,6565,0,0,0,0,0,0,0,39,4.40771349862259,10,143,4,0,0.8939315798521575,7.06,3213,1977,1236,0
516872,4412,34604,399637,399637,3978,156,47154,0,0,8322,469718,94843,3606,410,14930,1116,0,463250,459644,368,351834,62280,16256,48798,178090,46410,1322,3.5941297535447974,309,3175,68,0,1.043981264405826,11.64,2586,0,1318,0
21180,136,2321,16912,16912,70,0,3422,0,0,319,17758,5944,356,0,4701,706,0,14292,13936,0,2941,757,372,0,1812,0,109,4.768744613616777,12,152,6,0,1.9600791224599894,12.43,4326,3077,500,0
103415,530,2176,84789,84789,374,9,15295,16313,0,1666,88120,644,512,441,261,2779,0,65734,65222,166,61880,2883,37299,0,2461,19237,865,5.202230677860321,223,641,14,0,3.3360330132284317,22.53,17063,206,16857,0
1224490,40190,70183,929041,929041,5983,0,135322,0,856,18184,1089168,2040,7134,702,25540,4286,0,936011,928877,177,796087,98762,188592,2126,176697,329910,4083,4.262045404529275,849,7914,152,4103,1.3394559669843624,12.17,162393,58978,96976,0
335057,7023,25825,291727,291727,1358,138,28280,1000,0,4502,306777,1418,2785,1058,35114,2644,0,210071,207286,725,170142,4402,47924,6564,72107,39145,822,4.111476728276701,235,2211,49,350,1.0185163673535766,11.68,85708,1067,81007,0
139068,234,59860,127570,127570,159,0,11285,0,0,1106,127783,1109,59,112,274,210,0,3581,3522,0,1965,48,0,0,1193,724,422,2.7968103957471944,38,451,12,0,1.1693637774329417,15.3,73573,6155,34333,0
133154,2295,2343,116683,116683,626,0,14484,0,4100,1647,118670,1094,1122,670,15400,3238,0,77852,76730,632,57485,1339,8189,3510,21329,23118,254,3.354221933851852,92,859,22,0,0.7516766606616382,7.09,43027,43027,0,0
143444,1105,15970,128499,128499,429,1,14402,2000,0,1369,129042,3840,362,1009,5046,5275,0,47980,47618,0,33673,8662,4413,0,7160,13438,252,2.733263305576657,104,791,18,0,0.7007469768120879,6.95,73915,36606,37309,0
700559,6909,32090,520802,520802,2934,477,59653,41851,468,11044,640906,85,4316,676,50854,1773,0,495782,491466,11734,186235,2827,17986,20483,57884,87055,4596,4.886944221195991,606,3560,89,0,2.6486078024724087,30.86,119281,1513,117196,0
132416,7926,7800,109405,109405,596,9,13163,0,0,1517,119253,4813,875,1695,26671,3012,0,85514,84639,1161,49849,23812,3975,93,7529,14440,373,3.155717167563956,146,684,12,0,1.1341608957742624,11.37,28036,17199,10821,0
399068,2042,23668,331574,331574,2002,0,45300,923,38,4481,353768,172,5028,2848,15553,4540,0,228683,223655,7778,199837,2511,15371,15553,134808,31594,1550,2.5593012766825094,710,1639,67,0,1.543077369152639,13.82,145235,44382,99610,0
460416,2541,44698,398551,398551,2027,0,50298,1179,403,6297,410118,3298,6762,1850,47506,2876,0,376024,369262,9926,312384,13303,23406,27750,177263,70662,2561,3.8241559933233997,116,1826,52,382,2.2311374793635026,20.44,38399,5298,33023,0
184874,3310,12195,161187,161187,643,27,16167,516,0,2311,168707,752,1465,1238,5232,4412,0,132744,131279,1986,120066,4446,12360,1404,21604,80252,674,3.8791599804646615,187,1154,38,0,1.4727974958072254,17.03,32968,25306,7662,0
80010,1307,1486,54323,54323,355,0,9194,33,0,822,70816,586,432,602,721,965,0,54526,54094,522,51732,7853,920,1714,4855,36390,88,2.4979440102164308,18,383,9,0,0.44071064591654047,3.82,20671,7792,12879,0
394236,4339,41401,341482,341482,1956,60,30070,0,527,4638,364166,27103,2963,8901,39838,18940,0,253468,250505,697,163317,61655,2182,10130,23438,65912,695,2.9762466223151915,278,1994,48,125,0.717978915180347,9.3,80489,41236,39253,0
134475,30,4903,108827,108827,655,100,17188,4050,0,1464,117287,19120,1341,175,5908,593,0,70433,69092,472,43951,17061,6358,2227,12143,6162,366,2.5467280525715186,127,366,13,0,1.099879418957143,8.61,51016,1792,46196,0
3457881,55415,406056,3172846,3172846,19417,614,260009,9745,4911,44047,3197872,97559,34678,1668,964787,4941,500,2739275,2704597,2736,1660752,80934,139707,94157,845839,500115,7842,3.012768487151087,2993,16969,289,0,0.9228955052093815,12.25,236865,32133,200192,0
169808,1276,2524,149696,149696,436,30,17245,4046,129,1605,152563,6716,1083,399,5411,921,0,77137,76054,72,64007,25993,737,961,19868,16448,339,2.954706298655343,216,958,25,0,0.7960479389931403,7.8,77505,41123,36351,0
312059,5633,9108,272413,272413,1407,0,25442,169,3026,3473,286617,53783,1802,3119,40806,3625,0,200227,198425,2927,98115,63708,1230,0,21110,12067,626,2.9454535085968465,199,1658,46,0,0.8079608668155241,9.81,84296,42155,42141,0
98887,1278,1981,89709,89709,153,0,8842,13379,0,935,90045,0,223,366,4762,4104,0,32678,32455,85,23727,838,544,0,329,22016,134,3.413673245554204,47,643,24,0,0.5435912518318315,5.89,45720,17765,27954,0
96961,254,1758,84647,84647,436,10,8591,0,0,1136,88370,16797,785,369,11544,516,0,65031,64246,0,35870,18684,1638,1765,9671,4112,205,3.070781513895286,63,415,8,0,0.8406591998359689,9.5,25767,6862,18412,0
101830,816,3863,84772,84772,516,0,8268,0,0,1225,93562,12184,600,967,17960,1502,0,55139,54539,126,23366,8167,1248,0,2968,10983,316,2.9398044967813495,140,513,11,0,1.2294822848527587,15,40180,22691,1687,0
167752,1944,8848,141702,141702,670,6,6255,0,132,1607,161497,1068,1204,2059,8080,2457,0,75823,74619,886,62331,3902,5028,5363,30429,17609,64,2.33953902092664,198,1065,27,0,0.15240453879767107,3.87,78294,26897,47535,0
81218,550,4299,75813,75813,219,48,5119,0,25,1026,76099,14528,592,433,4058,1554,0,47073,46481,225,26663,10275,1859,0,6810,7719,178,4.23733263323707,60,602,18,0,0.8845324835858351,14.08,27657,15686,8443,0
52992,226,1393,46937,46937,135,0,5508,6206,0,546,47484,3788,419,271,2068,515,0,18404,17985,0,12033,5531,198,0,2655,3649,61,3.2968024625750756,50,396,14,163,0.45485049586160614,4.39,25314,4922,20392,0
20523,71,7114,16954,16954,115,0,2407,0,0,315,18116,516,383,782,2107,995,0,12623,12240,0,9005,844,394,0,587,7180,103,4.3387477289367355,19,112,5,0,2.0967454642611774,17.51,754,0,735,0
348286,4926,29295,288317,288317,2514,-44,44145,0,10305,5481,304141,0,3010,1188,17397,1691,0,293856,290846,0,134925,4664,29191,32353,51729,16988,1067,3.711591687385655,150,1755,33,0,1.2421076832858229,9.79,6958,102,6856,0
24763,252,2200,17002,17002,27,8,5584,1463,610,274,19179,0,198,647,971,2473,0,12838,12640,0,9394,292,857,0,623,7622,12,4.676923076923077,29,256,7,12,0.1938884737341708,0.86,5322,0,5322,0
17351025,282193,822317,14403467,14403467,82975,2438,2564914,20069,1082475,213472,14786111,7148,201052,20563,1559064,97592,0,12691966,12490914,50009,10617492,64270,1458837,812537,4772986,3508862,45080,3.4577461653905837,40749,111843,2304,9142,1.0389573275012212,7.06,1963597,307018,1596015,0
35229989,378581,794274,30032352,30032352,152781,12968,3746272,414,897564,421684,31483717,298,313726,48832,7835464,466428,0,23987492,23673766,827423,13865700,30793,1511626,875775,6249950,5197556,110941,3.3927000325024985,84109,203735,3564,2541,1.2533928627438584,11.9,7559181,859407,3956347,93837
85318,290,6556,79359,79359,246,-50,5746,0,0,797,79572,936,279,2004,1160,4008,0,39432,39153,0,33167,1175,1645,0,3474,26873,193,2.59535332838756,69,477,13,0,0.8658688410592313,13.41,38030,2534,35496,0
94889,99,14280,82698,82698,271,25,11646,11463,0,1437,83243,22896,926,1362,6344,2502,0,63157,62231,0,31394,16390,1628,0,7135,6241,647,5.156953151778508,66,369,13,0,2.6904803983740684,22.61,5627,158,5469,0
1072236,14199,81356,943091,943091,7637,3600,99705,0,1793,16076,972531,350,9809,933,155651,5322,0,922314,912505,113,722220,8449,91390,25281,429914,167186,400,3.281223800439849,2223,6530,113,0,0.14733758678529185,1.6,31688,5903,1002,0
252705,921,4716,200502,200502,1295,-7,30020,10409,40,3493,222685,18784,1153,5032,17502,12902,0,177826,176673,64,127580,20081,11102,1829,14790,79778,1194,3.7648187281746925,339,1350,31,5,1.915618143823776,16.1,49455,36255,11933,0
338681,5336,24901,276772,276772,1166,90,45784,0,141,4880,292897,0,3128,487,18888,793,0,260270,257142,0,240577,1231,55362,10959,136815,36210,1294,4.589207824142149,213,2167,48,0,1.5222298196469404,11.46,45681,5101,21966,0
217792,1596,8302,188456,188456,938,0,17683,340,0,2404,200109,12126,2384,3368,4756,6096,0,148460,146076,2452,123009,49592,3554,0,28759,41104,528,2.857414342134436,255,1120,41,40,0.9750197358398235,12.1,54945,8415,46436,0
102472,797,2751,88066,88066,239,0,7089,75,227,1119,95383,341,689,811,4159,1231,0,61198,60509,0,55486,2850,7963,2374,20258,22041,110,3.6101083032490973,126,896,26,0,0.4269150536069471,6.1,35338,22446,9967,0
282127,2457,5637,218005,218005,1093,0,32227,19407,1189,2801,249900,7272,2322,3033,26581,4964,0,171859,169537,2542,130492,23050,13633,6116,37181,50512,716,2.7192202142500355,235,1311,37,0,1.0328201688430179,8.95,69479,32080,26473,0
750209,11357,56351,535734,535734,4438,224,64584,1796,8266,15768,685625,47,5773,638,140008,931,0,507011,501238,82,365843,615,18920,20996,116748,208564,1791,6.748823013903439,11779,20566,525,0,0.9830767805744908,11.56,138311,22076,112010,0
2009733,27738,17578,1667264,1667264,14537,0,165290,0,15466,28333,1844443,0,9064,80,44353,688,0,1664455,1655391,6094,1613296,83,264068,27418,949836,371891,3782,2.949539695638974,3793,13334,326,83,0.7607786615867627,9.21,242581,2797,238950,0
222750,5134,10350,155264,155264,962,341,26373,15725,1573,3524,196377,0,3458,27148,10742,53828,0,168813,165355,0,104226,39,8611,987,7753,86836,595,5.011712579652877,459,2053,74,0,1.0638012568945943,9.11,16378,10141,6237,0
99451,1135,35298,91114,91114,254,0,8042,1606,0,941,91409,895,286,1671,947,3038,0,46279,45993,0,41189,6849,931,389,8278,24742,211,2.9885644993773823,55,448,14,0,0.8773525574723098,10.57,13991,161,13830,0
26417,1040,171,24170,24170,122,0,2196,1700,0,285,24221,4785,220,646,6816,829,750,14920,14700,0,1737,879,0,0,858,0,-86,2.7382877302030617,13,261,5,0,-1.3340055066506378,-15.79,8064,7715,349,0
951405,2711,193955,861147,861147,4974,150,87219,0,0,10872,864186,26277,3286,15526,85709,26270,0,263824,260538,0,125168,40996,5734,0,33767,44671,3960,2.5588490819185292,896,2684,65,0,1.6963582914330693,18.8,487398,228697,247691,0
445105,5660,35817,366967,366967,2218,-200,30019,0,0,4486,415086,15702,3086,4963,20848,9969,0,193221,190135,1697,145008,12650,19688,2978,62241,47451,465,2.154784907479873,392,2332,66,0,0.4108463434675432,6.13,193748,54447,139301,0
633084,9965,42976,536555,536555,1330,0,65566,0,2132,7922,567518,157,6290,199,24210,603,0,440653,434363,5427,410210,17596,63323,11070,268905,49316,2816,4.367023408490919,1982,5758,138,732,1.7907007245311215,17.31,138246,48010,90236,0
205962,563,5869,132762,132762,807,0,46690,475,0,2285,159272,30126,1371,6151,5930,21836,0,120427,119056,0,60432,17532,749,122,9634,32395,454,3.0260453855623033,135,1039,22,0,0.8805851818267778,3.88,72398,23541,48857,0
331917,7468,18974,295007,295007,597,9,33501,0,0,3921,298416,5240,1951,872,21296,7340,0,190138,188187,0,156164,3468,16822,191,62816,72867,1372,3.9872549387112497,616,2559,75,0,1.5576748410535877,16.82,115011,48923,33949,0
316344,1290,29301,285983,285983,1447,60,22855,5075,0,3621,293489,0,2357,737,20127,7760,0,187890,185533,0,155200,0,16899,360,15275,122666,354,2.767025431751108,282,2028,38,0,0.42507842636927184,6.2,87570,42890,42653,0
999464,10868,45170,784127,784127,5007,150,132317,5000,0,14825,867147,27592,11455,6983,78974,32693,0,844340,832885,12,705214,30486,144440,36332,235321,258635,3662,4.172044792752251,821,5854,165,306,1.4817662232562845,11.22,81134,13289,67845,0
9822054,163810,291512,8568551,8568551,64127,3012,1050195,0,137724,138701,8771859,3465,98375,3051,1844990,22199,0,7915002,7816627,63,5337657,99531,1069066,359765,2420788,1388507,22221,3.2733977830800045,9827,52662,921,3936,0.912624453456194,8.53,1202573,289272,778982,28082
525224,11032,31280,431347,431347,1269,75,85786,0,0,7086,439438,16823,4373,20180,27236,35160,0,385328,380955,4127,301810,39742,38347,34545,81290,107886,2697,4.667897770872181,587,2813,93,0,2.076132558408067,12.74,96109,4169,91940,0
1067830,18952,62801,876110,876110,6266,1200,129773,0,1030,18861,938057,206,15795,1139,320478,3389,0,946870,931075,120,618239,5470,133948,43901,341132,93788,5164,4.92023659716515,708,6939,120,12658,1.9039463842209152,16.1,23372,4330,17684,0
19043068,212555,1498309,15297455,15297455,71374,3083,1618763,3601,395190,220286,17424305,58984,154569,480887,1410182,942300,0,11517679,11363110,251106,8504174,299318,1063738,815925,3475648,2849545,69755,3.3302708604234987,55141,111668,2843,4082,1.466848781201751,17.35,5259819,31502,5190384,0
136061,632,5690,121453,121453,488,22,8355,10898,117,1402,127706,691,1439,232,10972,599,0,87817,86378,1524,73353,8452,5748,3124,28753,27276,246,2.8701523002041136,75,721,20,0,0.738145783792299,11.74,29929,14649,15280,0
129687,2521,8716,112969,112969,511,0,13804,7982,0,1519,115883,7003,1210,1601,4426,2410,0,85934,84724,0,71785,50647,1562,0,2274,17302,352,3.374298590276296,140,701,23,0,1.0971542561481158,9.98,21534,2152,19382,0
312829,4993,37412,240377,240377,1711,0,17907,0,0,3376,294922,319,2719,900,13782,2654,0,182479,179760,653,164627,18462,5121,12212,84586,44246,99,2.2397998305016342,268,1842,48,81,0.12478218261683363,2.2,79987,31037,39701,0
122612,1672,9272,99726,99726,378,0,13874,0,0,1319,108738,14791,775,2485,12686,3847,0,84746,83971,203,53182,9718,895,1798,9398,31373,274,3.3304282042320508,162,716,18,0,0.9134551273503134,8,23926,5348,18105,0
81169,1212,5938,62216,62216,463,0,10137,0,0,1500,71032,91,739,2273,5299,5702,0,70501,69762,0,59338,3223,15153,0,11441,29521,181,5.460517222086923,115,971,15,0,0.9015010490533616,7.2,2787,2739,48,0
40040,6,4934,34906,34906,158,0,5040,180,15,617,35000,9775,354,2031,7552,4551,0,26752,26398,205,4661,4131,0,0,284,246,352,4.749217517266355,135,242,7,0,3.5236117019945445,28.29,7922,5722,2200,0
98077,1775,8797,88614,88614,297,0,8894,0,0,1642,89183,4553,958,1602,11474,6256,0,72185,71227,233,49620,5663,9959,0,10290,23708,481,6.07648693216472,125,989,29,0,2.042191853522622,20.85,15148,5280,9868,0
54239,508,1437,46723,46723,125,0,6626,3550,0,755,47613,5597,538,2917,6940,7306,0,40246,39708,0,20375,2742,158,879,4264,12332,268,5.250875145857643,52,414,12,0,2.0342327982086608,16.35,6743,6549,194,0
752913,8288,19356,653960,653960,3200,200,75940,23164,0,10000,676973,17493,6378,3159,110482,9425,0,511879,505501,56097,298536,19221,56660,11512,131144,79999,3026,3.874307218318636,967,4434,110,0,1.6237368215593184,16.28,170875,78148,79282,0
2142473,28156,43289,1815054,1815054,12723,225,180551,0,14578,28648,1961922,114646,18777,3353,240232,5389,0,1356472,1337695,15175,980070,151141,185610,36490,462129,144700,7593,3.1281344262979363,2879,10986,238,0,1.4003027719051462,16.98,679397,43710,577485,0
486540,4067,52826,421846,421846,1784,0,55411,688,839,5675,431129,42,6265,1403,25444,4062,0,271731,265466,5879,236108,591,13460,25475,154002,42580,1235,3.337912132101025,700,3053,94,0,0.9996377830705068,8.99,145624,0,145624,0
906842,8983,11487,758735,758735,3546,0,74564,18643,5590,9343,832278,50407,9481,5182,61749,8713,0,550441,540960,28889,400637,170997,28248,13157,86216,102019,1162,2.70500901455803,742,5260,149,0,0.5126361276119847,6.21,291425,122712,168517,0
733280,17106,56137,656434,656434,2642,125,69806,0,3401,8336,663474,27,5288,1903,32951,2632,0,466962,461674,92,431160,293,35898,23576,191432,179961,1721,3.3615752291932797,1848,5696,140,35,0.9446065900168641,9.87,171473,29141,141410,0
990075,12645,49629,737073,737073,5692,-491,76040,0,1253,12668,914035,29309,7849,9691,109555,15793,0,706649,698800,2395,549512,28823,40887,28823,364049,86930,2386,3.082550240299506,1915,6649,145,0,0.9818344172878573,12.63,185899,78206,102076,0
158331,702,3245,137078,137078,449,0,20373,2787,0,1641,137958,0,1088,374,880,405,0,79107,78019,149,77665,2954,2332,1831,33617,36931,297,3.2696389202236906,151,1039,29,0,0.7478682920841163,5.79,64366,40498,23868,0
3111526,25855,126007,2728746,2728746,18232,3180,276184,0,15107,44733,2835342,282390,37930,12695,536914,16851,0,2284864,2246934,38511,1370987,335565,181085,103177,575489,175671,10985,3.6988831887915503,4525,14271,387,0,1.4383689668458246,16.11,587461,206205,346695,10995
8685808,58926,149962,7143140,7143140,53931,3450,747036,0,7192,130469,7938772,0,81567,5233,559304,507556,0,6917324,6835757,36245,4803725,2074,936581,744738,2248576,871756,36312,3.7286870814046296,13173,39309,986,0,1.6691494529308886,19.66,1259595,229458,1013000,0
1580482,28286,22433,1207464,1207464,12833,0,140901,0,0,18783,1439581,36941,14172,17481,152691,34850,0,1278471,1264299,236,1052872,89042,96926,193803,330046,343055,872,1.5686750100843392,702,5724,113,1330,0.2206264196342333,2.45,237978,170565,11953,0
242642,2492,6432,187795,187795,1466,0,22690,0,1312,2776,219952,4890,1826,627,23115,2185,0,181004,179178,28,141022,11364,11458,12609,73034,32557,145,2.342768490657987,139,1294,26,0,0.2416163299312643,2.55,43448,26359,16297,0
609102,3676,16966,533198,533198,4756,130,47001,0,0,7665,562101,35834,6744,1870,77725,4224,0,515316,508572,786,388926,48204,125488,66059,111103,38072,510,1.9729424072406785,192,2437,44,0,0.3379993256582081,4.31,72904,29234,22294,0
58275,155,590,44802,44802,337,0,5583,205,0,809,52692,11135,436,624,5057,1044,0,34092,33656,0,16815,7453,1043,0,3964,4355,151,3.153130584364614,49,360,8,0,0.964964133369546,10.85,22225,8876,13333,0
680899,10626,14608,622756,622756,4592,0,54700,0,4511,9742,626199,4229,3847,7562,51724,14263,0,578542,574695,0,502357,52440,39677,30498,140570,239172,1820,3.1982785188244307,932,4262,91,0,1.0612183019340995,13.39,61366,26519,24090,0
1024449,17181,22757,876882,876882,3922,-130,106671,0,5755,12587,917778,1275,7895,1909,149340,5156,0,797792,789897,11439,629564,2738,18707,98601,283025,226493,2275,3.637481804719911,1074,7117,169,0,0.8847311924134786,8.52,149505,17067,130113,0
303924,6705,15690,269459,269459,236,0,32455,0,2885,3189,271469,101,2734,491,8260,1005,0,191630,188896,2833,178504,15392,5983,5523,59284,92322,1095,4.110523385300668,2214,3732,81,0,1.4061040324367013,13.56,85609,0,85609,0
54029,160,5035,43371,43371,126,0,10427,0,0,541,43602,686,373,1556,1748,2326,0,27371,26998,53,22558,976,540,0,760,20282,39,3.2218620810123633,32,414,12,0,0.2914798206278027,1.49,20941,9866,11075,0
91698,2727,7028,84352,84352,107,15,7186,349,0,815,84512,35,509,3771,2065,6107,0,43132,42623,445,34479,595,768,0,3755,29361,128,3.412993962182292,159,702,25,78,0.551736028793724,7.11,33980,14000,19581,0
16097607,121233,283317,13006620,13006620,84657,2677,1342700,747,129904,188746,14754907,454772,106068,10982,1923463,87598,0,11564618,11458550,742583,8160481,697226,736188,1254816,3482803,1989448,26639,2.7340548897195602,24380,92570,1435,2014,0.6575825614604509,7.85,3513717,229036,3166554,40245
2443138,18479,144709,2153147,2153147,9241,-1640,177086,0,0,31073,2266052,0,25473,80,227285,34352,0,1732550,1707077,0,1438110,3687,104506,275171,906290,148456,9522,3.736555068062227,1899,13147,203,0,1.5484818369073132,21.71,476077,92510,364392,0
182169,930,13814,166436,166436,336,15,15218,196,0,1671,166951,0,1318,1070,2757,10052,0,85019,83701,0,72210,713,1650,7519,7960,54368,342,3.1532981195359806,220,1179,33,0,0.7601942718694777,8.86,74959,33337,37133,0
378514,6346,18010,334805,334805,1407,200,31807,0,0,4632,346707,1407,3552,370,28697,2696,0,235679,232127,321,202235,1267,6317,24655,107474,62522,493,3.6501772033700473,404,2836,67,0,0.5231497754992406,6.28,107934,19916,7096,0
1060515,25086,24753,949022,949022,4385,-291,104604,0,31002,11846,955911,7974,8575,3205,54775,10836,0,705144,696569,891,626384,52688,48713,99591,204687,220705,1949,3.1246106538711604,2295,7879,152,0,0.7324630714968892,7.33,241749,116497,121782,0
1279165,20428,139500,1109779,1109779,5780,185,76950,8770,11233,14824,1202215,24253,8193,1841,43005,3007,0,774245,766052,0,695005,114259,71720,31176,290790,187060,2031,3.1609487914237766,1434,7838,193,0,0.6603785471265526,10.57,285439,88815,187956,0
88474,400,4711,66473,66473,476,0,3797,0,0,906,84677,13,550,4106,263,4322,0,46604,46054,418,41588,5634,1234,899,2532,31289,87,1.9751611995659237,23,326,8,0,0.3909211923096365,8.81,36507,7439,28624,0
3871898,55770,48902,2990716,2990716,20515,1992,446530,0,134618,50060,3425368,4649,38849,8743,297943,15787,0,2901855,2863006,72,2526269,24908,267737,292951,1260156,680517,7294,3.3987595016724903,8412,27451,539,0,0.7564014517225011,6.5,603902,333451,270451,0
377864,3759,22765,306706,306706,2014,-7,44959,4795,0,4931,332905,7407,5327,1997,65823,4029,0,313688,308361,3457,232950,50848,2446,8994,111336,59326,969,3.3486732876722156,198,1903,52,0,1.0298964922139986,8.7,21541,4117,17424,0
396195,8182,21566,308211,308211,2026,80,21889,0,259,5206,374306,2571,2811,2507,47132,3866,0,287138,284327,1907,231656,946,45100,7622,124222,53766,866,3.479117091983261,323,2557,66,0,0.8870326529932872,15.69,75124,23307,51817,0
317309,3045,9922,292418,292418,1328,100,21533,500,94,4114,295776,2509,1908,6043,27913,10836,0,126187,124279,5298,79584,1546,36,0,57437,20565,1306,3.7535408379449837,518,1898,58,0,1.6266238214450297,24.95,169527,73681,77056,0
3213604,51334,68962,2701975,2701975,4616,1011,460127,179943,158561,35920,2753477,19763,35461,61644,174700,110787,0,2519833,2484372,48664,2163026,13572,94689,194188,865917,994660,12931,4.42573369606517,9822,23508,596,374,1.6026604833296074,11.23,144123,18112,99095,0
66712,2281,4686,57410,57410,123,-9,9166,281,0,507,57546,0,158,53,12,564,0,25288,25130,76,24636,526,4406,970,4575,14159,52,2.404564916208114,54,395,17,0,0.3093097782040701,2.28,34003,0,34003,0
402468,12933,45503,330588,330588,1890,114,27810,0,0,4652,374658,366,4115,12352,22816,16467,0,307305,303190,856,266800,161,4889,19318,75346,167086,508,3.1223284068861923,467,2607,66,0,0.5320193433017141,7.23,30150,0,30150,0
407551,3365,49358,364484,364484,1637,0,37316,229,900,4447,370235,3187,2376,1174,32921,9179,0,211096,208720,23733,142095,28723,5848,1235,54117,52172,1317,2.850856334848802,530,2011,56,0,1.2892520722744727,14.24,139778,89184,22943,0
130550,2146,8778,99838,99838,785,50,15333,0,4584,1886,115217,19916,1001,295,18330,646,1048,112447,111446,768,71739,32742,3665,3599,12314,19419,332,3.640572042655204,37,708,18,0,1.0171373863092388,8.67,1681,1650,0,0
324482,7006,6410,272536,272536,1725,0,26662,500,1622,4043,297820,7665,3148,2451,15764,4168,0,232646,229498,11117,193868,22793,15123,5912,124094,25946,584,3.07879790075924,390,2131,52,0,0.7190690272405881,8.83,69059,28431,22933,0
247821,2466,17635,216263,216263,744,0,26730,1477,266,2963,221091,1378,2108,5097,12291,7641,0,150992,148884,492,129184,2378,10493,5383,27961,82969,810,3.8240571799086207,296,1613,40,0,1.2932505493321198,12.25,65775,65775,0,0
68717,1811,10780,56227,56227,198,0,10490,0,0,845,58227,178,1507,213,3760,1613,0,28209,26702,0,22658,55,2340,0,5032,15231,104,4.12141287384145,256,797,16,718,0.5991516818735012,3.99,24965,24715,0,0
1085352,10011,103699,928208,928208,4166,300,124862,0,1825,12355,960490,0,7679,322,62179,591,0,717916,710237,3939,649330,1286,94488,98433,366218,88905,2688,3.2012337396119444,1355,6006,162,1395,1.003127309096066,8.66,228242,52623,175619,0
750283,10944,52101,566260,566260,5325,100,67565,219,10950,11092,682718,13621,4054,303,105443,1862,0,501667,497613,1000,379631,32368,51964,13654,212286,69359,2264,3.305114918937429,484,3291,67,0,1.2252350249992052,13.65,164367,10289,16986,0
1806517,35662,40204,1572488,1572488,6580,250,144426,0,4982,19091,1662091,18,17204,126,57837,758,0,1429824,1412620,7010,1360729,265,104268,113628,688153,454415,1272,2.9624034513622175,2801,13713,311,0,0.2801492918219037,3.52,246265,435,226528,0
411073,5796,119028,367713,367713,498,27,27799,0,2210,3564,383274,43104,1863,3306,12796,4436,0,180544,178681,25,108999,29853,2665,71,21396,55014,854,3.230730931798754,1262,3457,119,0,0.8545127076245748,12.44,101059,0,100969,0
698381,13991,66368,603851,603851,2119,102,59912,2188,4981,8152,638469,13006,5786,13122,15686,18823,0,437026,431240,1051,384865,95622,28739,8576,50824,201104,2638,3.7578161314207903,1275,4568,142,229,1.5472844073557595,17.6,168412,37125,124548,0
137565,2003,7251,123332,123332,374,-9,10022,0,496,1545,127543,0,568,23,2542,35273,0,77781,77213,0,39953,0,629,9053,8665,21606,261,3.6250783602015306,77,996,24,0,0.7550881659458131,10.29,45154,23235,21919,0
649758,17212,16756,558341,558341,3905,0,57208,1500,570,9289,592550,4152,4946,1495,16637,3301,0,537043,532097,0,512954,68610,112079,19247,81988,231030,1076,3.6180516180516182,1000,4908,91,0,0.6639685232022597,7.57,54198,15582,34689,0
781417,10929,29786,673027,673027,2814,44,77254,0,0,8949,704163,8093,6312,41782,65813,64521,0,447404,441092,2997,305761,17030,21013,14583,112753,140382,1942,3.2800777381097186,1221,5138,140,0,0.9830211195152724,10.16,281553,98373,78277,0
237689,8493,27042,211643,211643,734,33,15409,0,0,2546,222280,0,1478,3037,14528,3644,0,123340,121862,178,104991,3825,6173,5857,46987,42149,142,3.376368680081148,308,1902,47,1020,0.24469838124266283,3.7,72312,10103,62209,0
341510,6278,12899,289019,289019,1684,75,20832,0,0,4074,320678,115,2807,3635,13112,6076,0,223257,220450,0,203914,2849,23006,11713,59342,107004,196,3.0159203367988026,410,2490,78,351,0.22900038702233777,3.71,86075,24982,61093,0
275235,7189,30760,207017,207017,1417,0,27552,4265,64,2958,247683,0,1248,874,12745,1049,0,194981,193733,0,181187,92,10002,0,32545,138548,24,2.4339104854790627,197,1706,48,0,0.03606927555235775,0.35,34740,34138,19,0
531017,10358,10206,477247,477247,2145,0,30417,9747,1808,5415,500600,1425,3426,4425,4821,11216,0,292374,288948,0,275907,27006,26486,1412,39983,181020,797,2.6241005985477166,1573,4058,108,0,0.5932161601162614,10.05,191025,25061,161382,0
273066,5404,8709,242489,242489,1420,0,21200,3170,1783,3126,251866,6952,2614,1751,18055,2699,0,192405,189791,0,164699,22632,3301,3411,61592,73763,148,2.7213488702254764,323,1865,41,0,0.2163367105491554,2.78,54858,35860,18873,0
162497,1056,5453,143325,143325,589,27,13981,11000,0,2004,148516,293,550,4084,4996,9650,0,93523,92973,187,78356,2594,15469,631,21855,37807,582,3.772088544113776,248,879,20,0,1.4327785009370297,16.63,43632,17621,22075,0
407733,13384,11951,357927,357927,870,0,36022,0,0,5416,371711,0,3775,409,30868,2157,0,315491,311716,489,281977,370,19967,19304,178601,63735,1139,4.757600216635118,-166,3241,71,0,1.1030061517529226,12.55,61296,19992,41304,0
218276,4844,7197,203352,203352,907,70,14282,8000,212,2380,203994,17642,2046,4350,14694,10160,0,111456,109410,5509,63229,13861,791,1900,18581,28096,302,2.8660026996461276,200,1301,35,54,0.5477489242265541,8.6,84279,43490,31328,0
71670,320,11630,63835,63835,188,0,7762,3700,0,746,63908,17831,526,480,1547,755,0,32342,31816,0,12210,11120,0,0,1065,25,217,3.1821843300233104,9,352,14,0,1.1851366388814932,11.37,23040,5415,17550,0
1532807,38631,68947,1381541,1381541,7494,600,94146,11688,253,19070,1438661,137407,14195,11093,182379,33908,0,1103152,1088957,1404,730043,87688,74173,102328,325515,140339,10950,3.3031392092268756,1225,8870,199,0,2.890112384461489,48.59,270978,48642,198455,0
247883,6071,7241,217723,217723,750,150,26553,10586,354,3529,221330,4944,4743,6618,33410,8177,0,194016,189273,326,147159,18801,6599,893,47034,73832,560,4.939456553133818,127,1986,44,0,0.896582778806224,8.41,23761,1003,22758,0
551864,8315,6563,442853,442853,2260,60,43879,0,8316,5472,507985,908,3496,6441,26937,16787,0,367502,364006,122,322587,10872,17124,31422,54939,208230,420,2.539567079715287,689,3391,88,0,0.3041979314540661,3.82,140760,39089,101671,0
720315,1922,29357,631657,631657,2809,124,51106,0,838,7063,669209,10412,3780,7368,33282,11830,0,372812,369032,6291,310913,55052,26944,21811,72042,135064,1908,2.5244755141007746,660,2409,69,0,1.0518749961236917,14.89,286232,73793,210316,0
598027,2586,250985,499807,499807,733,0,91629,0,1389,7575,506398,864,7018,870,35920,5062,0,230099,223081,4903,183888,13288,20445,29139,94327,26689,4759,4.725892860997311,1177,3260,88,147,3.1616772036529697,21.22,108038,6329,101709,0
234669,4939,4019,170821,170821,1115,0,23694,7768,0,2598,210975,333,2377,1296,1720,1553,0,199546,197169,194,195739,8772,4637,87016,43505,51809,344,2.6895419798873768,352,1404,30,0,0.5911516286742909,5.85,16155,5356,10799,0
162549,3835,4115,140221,140221,508,22,10029,0,0,1501,152520,0,966,4149,8767,6531,0,76297,75331,990,60009,0,0,0,25267,34742,298,2.685471275869296,208,836,24,29,0.7411068729579926,11.94,72941,34103,37397,0
79240,91,12058,59839,59839,222,0,18927,2814,0,1145,60313,26709,629,2504,5884,2991,0,60981,60352,0,25397,20302,0,0,2485,2610,550,4.95793410459737,30,441,9,0,2.8408907483810153,11.73,2655,155,2500,0
1049632,40239,12921,892539,892539,6683,0,85645,0,1892,13990,963987,188238,10739,8451,93372,14798,0,778892,768153,428,481882,188433,20549,39858,161512,71530,1335,2.9788561143600267,1086,6584,160,0,0.5037533872462661,6.18,204531,151823,52708,0
664987,10492,17524,575764,575764,3317,0,44409,768,2573,8378,620578,4414,4868,4858,74157,8565,0,506841,501973,10676,408938,15813,51148,27467,186895,127615,1250,3.2607067441736852,925,4498,103,0,0.7564296520423601,11.32,114090,26679,87411,0
204470,3236,36473,179953,179953,394,75,20059,0,0,2966,184411,1557,2201,15216,12891,20274,0,123452,121251,1813,86917,4843,12863,1116,40093,28002,986,5.592170526413058,475,1669,53,0,1.9905469209358195,20.04,37383,13822,19820,0
1216288,11181,84869,1043545,1043545,5546,75,75456,195,28,11031,1140832,0,8089,90536,81149,95928,0,711043,702954,3176,530669,0,32909,28123,153813,315824,1548,1.9745788720060695,2153,5656,152,0,0.5263697024591547,8.12,371959,43102,285888,0
415754,7784,64020,311273,311273,1452,422,65687,0,38432,4573,350067,15550,5137,848,14620,3813,0,218222,213085,0,184241,10470,2799,2447,21481,147044,-1547,3.6186765916495647,17193,21950,641,0,-1.4937190417797175,-9.31,74060,14690,59370,0
540158,10008,20396,492123,492123,1839,21,43847,0,0,6307,496311,1061,4391,38234,60733,43816,0,384281,379890,25643,252511,6194,48219,25879,85735,86484,1087,3.5942004502805958,1700,3852,100,0,0.8147089823164305,10.05,108525,28449,73566,0
1326906,19435,26517,1119549,1119549,5737,-1,140654,0,35466,15260,1186252,12819,15643,6455,107798,15626,0,996292,980649,12089,847376,49399,37819,39426,307636,413096,2866,3.1464115528117564,3747,9731,237,510,0.8601853630426431,8.18,212454,9761,179794,0
1120957,10637,43418,917082,917082,4178,0,120421,9102,23610,12578,1000536,1458,8866,58436,54864,106086,0,708685,699819,252,545978,5805,41024,85272,298177,115700,2947,3.2800199925028113,2456,7332,213,0,1.0530951868332727,9.89,290568,123355,129546,0
394163,9975,8322,358725,358725,2279,105,28596,0,0,5344,365567,19960,3573,13845,30508,20466,0,282158,278585,0,211073,6380,30024,16033,76537,82099,829,3.355672550954355,604,2717,75,0,0.850843273950494,11.52,85400,64636,20014,0
139234,351,9754,127686,127686,549,0,10949,0,2165,1347,128285,7406,817,3461,4625,4462,0,58701,57884,895,40194,20081,732,0,2313,17068,363,2.4698044738124896,64,499,13,0,1.0536016195859608,13.16,64995,32478,32517,0
139186,1587,11465,122656,122656,466,24,9954,253,0,1656,129232,35190,1333,742,7332,1451,0,86504,85171,0,42530,29456,0,0,1907,11167,387,3.5982507663291416,39,782,20,0,1.0990064215200792,15.42,35859,458,35242,0
1306570,15627,46577,948232,948232,5390,0,330614,0,0,10377,975956,0,1043,1171,71868,5207,0,108513,107470,0,30215,0,0,5338,23639,1238,14554,1.5779286166862707,130,2402,42,0,4.475478886849936,18,1120136,85848,63,0
361721,3046,41976,311729,311729,785,0,47715,0,204,4908,314006,13264,3509,1723,75520,8111,0,218842,215333,0,121772,25940,17421,0,48588,29823,1798,4.8426832670200115,424,2749,76,0,1.9716128324800735,15.24,87364,19006,68358,0
77163,700,10331,67103,67103,277,3,1783,0,0,780,75380,906,359,2884,6805,4082,0,26884,26525,1141,13572,1368,1699,0,2506,7999,171,2.7495165797762944,89,412,11,0,0.8891257579992071,34.75,38529,16375,8888,0
71441,61,18770,63060,63060,288,8,8018,2533,0,832,63423,7821,460,4226,3141,6607,0,23771,23311,0,6184,3177,0,0,2754,253,299,3.309581207175829,44,281,7,0,1.7345273920452486,15.06,26271,2033,24238,0
60815,152,6788,54325,54325,190,9,6399,201,0,1091,54416,20123,368,3433,3942,10431,0,43666,43298,0,9048,2387,0,0,881,5780,464,6.366310136812076,90,518,18,0,3.109685094119914,29.62,9451,919,8532,0
8443997,123149,54812,6670686,6670686,59895,809,819334,0,19938,124087,7624663,114517,99038,346838,1310429,554354,0,6272101,6173063,134637,3915684,356202,662644,418342,2094112,384384,27224,3.2442024606829913,31460,58936,988,0,1.2963655194581016,13.61,1792905,2492,243917,0
200958,910,8299,184634,184634,673,0,15558,0,1344,2754,185400,7583,1163,2782,26320,4939,0,123747,122584,0,84449,21984,3624,2581,24075,32185,893,4.260731807816631,153,1253,32,149,1.7527890298567887,21.57,63129,27587,34682,0
67807,600,1776,55532,55532,145,0,6237,35,0,658,61570,9216,365,522,8120,683,0,28149,27784,0,10002,3719,0,0,3449,2834,123,3.1292890474883337,66,496,15,0,0.7033344054894393,7.96,35780,11613,24167,0
733793,9631,46927,651131,651131,2188,0,76287,3306,3203,8248,657506,35049,7262,12197,41845,18408,0,484309,477047,22787,366150,117996,8673,3471,93747,142263,2160,3.5073833748002317,1196,4661,144,0,1.1756045723398205,11.32,174664,79667,92815,0
121324,207,13022,101402,101402,929,101,11600,0,0,2087,109724,18204,2224,259,18227,1059,0,101717,99493,0,61223,17236,592,3060,32978,7357,545,3.9628355833889435,44,556,13,0,1.7683035641861748,18.83,4709,2801,1908,0
389502,5149,16801,352289,352289,1055,90,22280,10912,80,3454,367222,325,2663,91,10328,298,0,211549,208886,7943,192768,6463,8638,7423,29639,140605,189,2.6349028523729503,387,2529,62,0,0.19577123768337368,3.37,134799,17292,117507,0
742440,6435,13337,593776,593776,5056,-150,72599,0,1527,8797,669841,532,8066,600,35391,5837,0,650287,642221,87,607633,0,60908,153285,282732,110708,602,2.1065315993817237,528,3730,94,0,0.32267271633343025,3.49,58282,37863,20090,0
37093,1123,13037,33807,33807,75,30,3207,0,0,398,33886,895,357,1401,2567,2518,0,20767,20410,213,14574,3560,0,0,1167,9847,53,3.7362637362637363,26,266,8,215,0.5682808165015882,6.67,1825,1583,245,0
65794,41,1772,50008,50008,270,0,1391,0,0,670,64403,8987,684,959,3392,1557,0,34590,33906,0,19412,5385,245,0,1019,12763,58,2.5198636123819798,100,432,12,0,0.3453871462387042,14.86,27785,27785,0,0
374110,11863,29885,339096,339096,1517,0,32508,0,0,4445,341602,259,3252,1641,4829,2591,0,274261,271009,0,266566,4826,34636,19438,124367,83299,240,3.347404703858147,270,2917,57,649,0.2535761501065152,2.97,51047,4389,46658,0
132397,3134,18041,122017,122017,94,0,7835,3800,0,1331,124562,2613,449,5758,2775,8330,0,43916,43467,0,30186,943,1999,0,5669,21575,531,3.890395880017298,293,999,27,0,1.582618025751073,26.05,62803,3442,11070,0
35416,103,6445,31897,31897,93,0,3420,0,0,313,31996,2492,467,708,1488,1381,0,15202,14735,365,9473,3645,506,0,876,4446,51,2.6285526531953343,15,173,5,0,0.581967563866661,6,13537,3229,10324,0
110424,145,1476,82222,82222,462,0,27768,3000,452,1227,82656,7602,2446,1008,2810,1466,0,42403,39957,300,30225,16603,0,0,7658,5964,493,2.844593181342815,47,292,9,59,1.7789083889242205,7.07,63963,61990,1973,0
1058165,8856,56024,774236,774236,9152,0,100872,5000,6866,13504,957293,80006,12158,3478,98906,20020,18047,729938,717780,2932,509505,125369,52431,9800,283670,38235,1226,1.803572436879368,1979,4742,106,0,0.48111472633902014,5.02,191994,72820,72848,40270
523327,8193,30914,461565,461565,2758,150,51867,0,0,6803,471460,2390,4761,468,78649,2426,0,377442,372681,0,290479,26267,35398,12956,124177,91681,1352,3.2666344983252946,525,2666,63,0,1.0287686164698095,10.47,94964,28297,58823,0
244728,2980,23372,207463,207463,619,0,27769,0,8173,3095,216959,24422,1875,276,21122,1097,0,151335,149460,0,104544,59113,2841,0,30033,12557,931,4.301514259841169,183,1406,40,0,1.5021035096140272,13.19,57087,7684,49312,0
271228,2068,5869,224803,224803,1350,75,21859,0,3296,2866,249369,44620,2560,1319,17108,3198,0,208127,205567,7720,135195,54817,5348,2024,39700,33306,326,2.4041311091948896,212,1310,34,0,0.48294060460163885,6,43199,2777,40422,0
193851,1270,12311,165854,165854,676,0,26946,0,0,2357,166905,71670,1574,2941,6401,5063,0,131608,130034,907,47567,38819,0,0,8730,18,627,3.701807411322334,149,1041,23,0,1.3006814575100352,9.43,43000,0,42902,0
157322,770,9407,141998,141998,982,15,14857,0,0,2461,142465,44352,1864,3764,30645,5715,0,133997,132133,0,53204,24517,0,0,25592,3095,715,3.984509176629062,52,786,19,0,1.8138978826230487,19.25,11868,3224,7400,0
20683,23,7209,17396,17396,81,0,3092,0,0,302,17591,8607,189,206,1755,324,0,13122,12933,0,2432,1757,0,0,521,154,64,4.506180706002294,7,150,4,0,1.230857994566916,8.37,0,0,0,0
579850,6989,32481,503452,503452,1417,162,60826,12698,1279,6565,519024,14913,4528,34024,32001,41209,0,382896,378368,1040,286832,57114,16823,9767,76014,127114,1954,3.829968874063176,554,3102,103,0,1.359546701803365,12.99,128327,10853,117474,0
381562,5573,26443,312087,312087,1422,900,36235,0,3614,4833,345327,43324,3471,2981,41614,4447,0,249594,246123,864,159202,79411,1727,0,30837,47227,-296,3.854139301543181,238,2557,50,0,-0.3063088234533215,-3.25,86252,70547,12120,0
83796,1819,1621,74646,74646,364,0,5159,0,0,844,78637,1490,1477,564,4667,1055,0,45840,44363,0,38208,5343,4391,730,9324,18420,115,2.427307206068268,43,413,12,0,0.5443046212645617,8.81,33822,13143,20649,0
1813646,21500,43906,1450628,1450628,9486,-136,208653,1438,44329,24511,1604993,2099,21069,1242,213326,7131,2301,1490126,1469057,5891,1255563,16443,135716,81691,560946,460767,5095,3.617213361420403,1948,10988,259,0,1.1221543160406122,9.78,167890,130102,6020,0
1357037,0,763396,0,0,0,0,1297746,0,0,10506,59291,0,0,0,0,0,0,0,0,0,0,0,0,0,0,0,10373,5.586904860822601,2106,522,0,0,3.0772516846566087,3.21,0,0,0,0
15527,115,2490,12412,12412,54,0,2364,0,0,172,13163,2169,121,109,1306,441,0,9268,9147,0,5351,2073,0,108,293,2877,12,3.2080473051043294,8,111,4,0,0.3123983078424992,2.04,3554,0,3554,0
282598,1106,5951,233332,233332,2058,30,30977,157,0,3927,251621,72508,3125,2145,33871,4252,0,202970,199845,0,92201,54625,2036,0,19510,16030,922,2.7260395851869137,130,998,21,0,1.3146989257469597,11.99,71533,30265,41268,0
107406,560,1616,90178,90178,507,0,8697,5237,0,1035,98709,4367,888,1489,4690,2307,0,46300,45412,140,34796,13298,0,0,3504,17994,106,1.9795020315201959,47,464,13,60,0.3875083396547155,4.81,52928,5585,47343,0
248468,3533,25312,215146,215146,643,4,11306,0,0,2016,237162,9653,1653,2212,10261,3452,0,121147,119494,0,97759,15968,1270,1655,18460,60406,208,2.5060403695177516,877,1991,52,0,0.3451852466497946,7.49,84710,5414,79296,0
308013,190,33897,204464,204464,3060,272,28954,0,0,4038,279059,0,2921,0,5130,4,0,243376,240455,0,238066,0,4641,47729,76451,109245,-316,1.2656958253391528,54,1249,22,0,-0.3984553550319174,-4.33,25563,8383,13041,0
227120,2135,4902,192954,192954,1092,30,24488,11680,0,2338,202632,5680,2493,822,15392,1090,0,109150,106657,0,86971,7667,4078,2055,29582,43589,300,2.380571404006945,-65,664,18,0,0.5344057074529557,4.89,89627,26302,56527,0
50774,166,2024,37773,37773,153,-10,6904,2695,0,546,43870,4012,232,31,689,81,0,32059,31827,0,27276,22296,0,0,2365,2615,95,3.3144977650333134,17,305,8,0,0.7591270039454627,5.5,12282,5050,7232,0
205987,2762,9410,185360,185360,579,24,17666,0,0,2186,188321,482,1440,2225,11124,6309,0,116706,115266,940,97835,3198,17171,6705,18377,52384,313,3.4284038028187793,246,1445,48,0,0.6071480529557247,6.95,67849,19848,48001,0
186563,2926,4112,162552,162552,492,0,8555,4729,191,1596,178008,0,785,1138,8370,2883,0,70284,69499,780,58252,167,2624,1549,16560,37352,209,2.6494595786423316,174,1048,33,0,0.45576465970298974,9.51,94468,33131,61037,0
112863,3477,3182,100720,100720,388,186,11522,6448,0,1519,101341,2907,1137,1278,4723,2023,0,86703,85566,0,77043,2889,10815,0,21383,41956,173,4.387398352301105,138,861,25,0,0.6244839208926871,6.04,12694,2350,7690,0
119201,245,5353,98739,98739,438,0,8724,5170,0,1378,110477,40623,1615,852,5680,1801,0,66461,64846,212,17745,11574,0,0,6120,51,438,3.4094876247387345,67,569,13,0,1.4879423167567614,20.29,39310,18786,20524,0
94358,105,9312,85383,85383,207,7,8834,0,0,981,85524,4298,891,3068,4845,6555,0,31328,30437,0,15320,1787,122,0,3939,9472,320,3.282738584372001,85,532,15,100,1.3212494064699931,14.15,53389,19728,32452,0
251812,2370,24688,233982,233982,1015,9,16431,3976,0,2453,235381,4862,1064,3555,12706,5604,0,147726,146662,435,124119,19857,3015,2306,33755,65186,546,2.434075362392435,218,1101,28,0,0.8741139790196636,13.51,66407,43484,21777,0
125541,4172,3836,118065,118065,370,11,7025,786,0,1424,118516,3053,713,1204,9985,1733,0,79917,79204,718,64428,9155,1888,422,17713,35250,206,3.6368341600172527,89,890,25,0,0.6542018975030764,11.77,33368,16825,16543,0
219344,3321,4556,183634,183634,1260,45,20046,23881,442,2954,199298,12769,2347,297,23960,1322,0,173974,171627,25,135373,5971,13380,12523,64979,38520,447,3.307665084265892,138,1203,25,0,0.8222731160839932,9.68,9424,0,9352,0
133723,960,4718,115531,115531,236,2,10397,9,594,1391,123326,65,516,1717,1204,4811,0,52367,51851,50,46237,1105,2908,615,5139,36470,354,3.666681216988956,124,869,22,16,1.0511976303511046,13.29,68964,46110,22854,0
169328,763,8452,127461,127461,674,0,13445,1063,0,1749,155883,18221,1427,1407,7483,2204,0,90631,89204,0,62689,20935,2127,3,11638,27986,309,2.6303877069136377,96,845,20,0,0.7343613996833215,9.07,67865,41930,25862,0
222316,2999,6028,199968,199968,1531,25,19521,0,0,3179,202795,26222,1984,8717,37128,8755,0,185533,183549,0,113400,15724,4754,95,61567,31260,688,3.1412315228682797,200,1114,22,0,1.25141534529878,14.22,24370,12176,7277,0
427501,7798,27170,374143,374143,1857,286,50085,0,3529,7282,377416,76786,6276,1023,29644,11502,0,366532,360256,2114,246310,41217,37623,18020,88277,61173,2386,5.495075956130555,1133,3133,85,127,2.246299807120422,19.47,20271,4695,15427,0
44634,1113,24049,38116,38116,44,0,6366,0,4,771,38268,353,317,1606,857,3078,0,16749,16432,0,12399,3069,2123,0,1885,5322,376,6.875598482072137,150,501,20,0,3.2760817713495323,24.34,1390,1147,243,0
754594,14427,83766,686231,686231,4369,150,61119,0,7356,9748,693475,9331,7330,1621,90551,3296,4025,569417,562087,1489,460687,31848,80805,26628,163327,158079,1757,3.2086016053446866,2271,5363,116,24,0.9628069906253724,11.56,56386,55470,916,0
365672,6582,6203,289439,289439,1363,51,39785,6947,0,4611,325887,23545,2671,1804,33411,2829,0,204790,202119,122,144845,35291,20030,4787,48356,36381,1105,3.9050136684495516,325,2194,62,1137,1.2181711447777113,11.16,123431,50816,71792,0
992199,12818,31877,820089,820089,5685,135,94426,0,15251,12075,897773,27155,7243,4024,106597,9481,0,736843,729600,3107,575216,251424,24625,27932,165227,106008,2077,2.7755923788488133,636,4570,118,0,0.8369174480867905,8.81,171977,42101,115528,0
2205573,18484,26820,1920933,1920933,11643,116,236854,0,2742,29838,1968719,9485,21645,3039,136906,12199,0,1740227,1718582,20464,1557581,91604,209347,128918,734193,393519,5023,3.5366339000791585,4308,16004,327,408,0.9140299179661334,8.49,339495,30368,276148,0
160912,2534,8360,147784,147784,652,27,8150,0,0,1879,152762,10197,979,3039,10932,6464,0,82261,81282,0,54079,14505,1495,852,7942,29285,457,3.2548685419077588,153,892,20,0,1.147765373651627,22.01,63540,23584,39956,0
272584,1276,8530,250698,250698,1247,60,13814,10050,0,3077,258770,423,979,5960,19462,11990,684,106434,105455,5111,68626,5387,12726,2430,17574,30509,457,2.848603717194359,252,1471,34,0,0.6674614374884755,13,133462,82001,51461,0
337443,4925,14969,304452,304452,1430,0,29846,109,7596,4191,307597,90701,2623,1872,49652,2657,0,251536,248913,0,108526,82357,0,0,19125,7044,991,3.4623348815191135,129,1864,42,0,1.1524193829730327,13.21,54969,13523,41431,0
372562,4863,21931,333855,333855,1291,21,26097,0,1800,4364,346465,4990,1746,6380,6405,9227,0,287894,286148,225,266424,42301,17403,10038,37688,158994,744,3.461048422860602,334,2434,64,0,0.7858027413320096,11.35,50807,8060,42762,0
22264,111,2069,20151,20151,17,0,2054,558,0,171,20210,1813,76,869,3252,873,0,6917,6841,0,979,235,0,0,330,414,-4,3.0809242772831853,4,162,5,0,-0.07134257814241762,-0.76,12057,5199,6767,0
220236,4166,7605,199837,199837,582,0,19816,0,460,2782,200420,3319,2096,4125,11955,10330,0,153347,151251,0,127528,15750,13405,6168,30822,61383,513,4.223165502496707,318,1898,60,343,0.930540502546289,10.38,52292,15830,36462,0
579084,4883,115849,485184,485184,1784,-378,58494,5331,0,7069,520590,3583,4684,851,21471,3667,0,327783,323099,0,299360,3976,17815,6987,160332,110250,1979,4.031911992172675,629,4313,100,649,1.4030796499390716,13.7,106653,0,106653,0
33814,79,6501,26540,26540,54,15,7102,4873,0,365,26712,7740,129,304,3730,400,0,12349,12220,0,477,419,0,0,0,58,94,3.819231241557166,26,200,6,0,1.1185649050261048,5.33,9392,2847,6545,0
39185,45,2360,34007,34007,147,0,5021,0,0,394,34164,5928,170,604,1320,874,0,12613,12443,0,4491,3210,251,0,0,1030,105,2.5348932676518885,73,200,4,0,1.0483488505603675,8.46,23609,14817,4548,0
232398,2173,5904,206280,206280,836,0,19831,610,344,3275,212567,34932,1847,8014,14917,13137,0,140227,138380,25,77112,22582,6569,1199,12289,34473,1205,4.391399950036347,403,1642,51,0,2.087140271414839,24.59,81862,40445,27254,0
329265,1684,57849,296603,296603,638,46,30947,0,0,3597,298318,19109,1902,4898,12367,8515,0,162628,160726,127,122769,46708,3109,3182,43879,25891,1882,3.623134059939665,169,1200,31,0,2.20455377406838,24.6,100362,6950,93412,0
879274,5581,130705,765482,765482,3942,-8,35331,0,0,8729,843943,587,1329,1103,29587,7327,0,277665,276336,0,234401,8537,52240,3216,117361,53047,1861,2.364934546842328,848,3782,114,1011,0.8809748950558184,20.15,453026,275329,177697,0
1131236,8797,15454,814098,814098,6116,225,98369,0,6730,14567,1032867,144381,8248,5194,55779,13805,0,770827,762579,9140,529092,331949,20078,22516,104558,49991,3476,3.354882761714401,912,4859,106,0,1.2706286385841044,14.08,284012,122109,26292,0
198986,5719,38256,173148,173148,535,38,23501,0,0,3596,175485,45,3058,4535,18105,11572,0,112903,109845,520,68002,4789,3661,387,6384,52781,1148,6.849349552336494,679,2169,89,39,2.3680783858699153,20.07,39921,27481,8854,0
52632,532,1949,45407,45407,346,-9,2664,0,698,552,49968,1543,722,838,3945,1479,0,29170,28448,0,21397,9555,1357,464,2648,7373,-240,1.659684176603287,28,487,12,0,-1.792901231685794,-34.15,20051,934,19117,0
89922,895,64855,64821,64821,4,0,22267,12079,0,879,67655,256,177,0,2714,2627,0,9037,8860,0,542,50,0,0,141,351,-174,6.9893063612672615,1464,2350,27,0,-0.7664818373538757,-3.11,2418,1098,1271,0
64727,2050,2377,46093,46093,350,69,7977,5701,619,1185,56750,498,1699,74,13262,154,0,50213,48514,0,36298,4868,1106,823,25657,3844,51,5.774250989748111,262,960,21,0,0.32627731972778234,2.56,3943,52,3891,0
131288,759,4527,120397,120397,560,20,10354,0,0,1803,120934,40495,930,1581,14515,2381,0,88998,88068,172,31430,15806,2496,0,7876,5252,456,4.012962223110046,141,894,24,0,1.367931603419829,17.88,33095,29755,3340,0
113006,388,9743,101174,101174,300,6,9402,1301,774,926,103604,3324,677,3262,4811,5499,0,47163,46486,294,33235,2072,0,1014,3883,26266,120,2.336071500207578,55,539,17,0,0.42337749395805035,5.06,52618,15512,37106,0
7383,199,1768,5107,5107,21,0,910,0,0,97,6473,0,0,0,0,0,0,2496,2496,0,2496,0,0,0,2496,0,-419,7.78888034844991,95,590,9,0,-22.63335584064821,-158.26,519,0,519,0
46455,1684,2422,43788,43788,180,0,2501,3024,0,475,43954,2450,229,849,2215,1690,0,22589,22360,0,16211,4086,376,0,196,11553,78,2.7918751700559556,30,243,7,0,0.6848262692333019,12.86,16581,14528,336,0
34310,150,2406,31736,31736,99,0,2459,3085,0,404,31851,6573,183,953,1621,1972,0,13051,12868,0,2885,1431,0,400,382,672,74,3.8825682234067944,16,223,6,0,0.863993928691312,11.85,14881,3849,11032,0
416396,3553,48370,373448,373448,1007,-16,39815,405,0,5286,376581,2221,4235,1137,63485,2084,0,250524,246289,3379,179613,1524,11509,10624,127950,28006,1355,4.429027779754458,258,3201,55,600,1.3218819013149312,13.67,101535,51388,27829,0
1064387,8336,76808,906275,906275,5375,268,87409,0,1657,12821,976978,0,8033,23,130973,1369,0,832047,824014,0,699706,30546,90133,21682,270744,286601,1681,2.996669193739634,975,5986,166,0,0.6550487414130797,7.77,135293,35480,77381,61
55319,566,11871,50706,50706,240,0,3373,0,0,726,51946,1400,451,2098,6196,3512,0,36404,35953,0,25207,4568,747,0,3491,16401,126,3.6690667849424816,21,370,7,0,0.9087303018282789,15.02,6274,1043,5099,0
472721,14288,35187,417165,417165,2074,90,48942,7685,4424,6652,423779,6961,4312,3730,11132,4946,2938,393350,389038,0,367373,45354,43682,33719,102121,142497,1688,4.148867115946018,325,2600,75,0,1.4132766794696026,13.89,11062,2454,8488,0
80673,205,17096,69370,69370,286,0,10724,0,20,1268,69949,20277,916,200,6584,1385,0,44891,43975,811,15642,9583,1389,0,4007,663,500,5.095442251438282,637,969,13,0,2.4441660810852097,18.83,17043,1070,13112,0
3552496,70646,331592,3070242,3070242,29623,2304,303995,465,16988,52867,3248501,43422,31450,9219,293292,33250,0,2752230,2720780,3756,2120947,37534,328090,165148,1133516,456659,3415,2.735622944443104,2079,18625,496,1284,0.3846637437666381,4.51,359091,17238,271034,0
716762,11445,60675,598546,598546,5437,158,84679,0,0,11877,632083,1104,8374,123,204111,1504,0,585459,577085,0,378740,0,101724,10702,165012,101302,1741,3.8706488069882043,539,4491,81,3331,0.9804639323305306,9.26,39460,16469,16611,0
421415,5313,42794,375770,375770,1740,30,44932,0,0,5009,376483,1079,3359,485,12319,1961,0,259789,256430,0,242656,40673,33095,1621,96909,70358,1513,3.303283958383068,345,2071,69,54,1.42212781056468,13.53,100026,75391,24635,0
342240,10398,28427,302232,302232,1500,83,32230,36,312,4090,310010,0,2628,1747,31368,4632,0,218936,216308,0,176100,0,18197,30515,47028,80360,707,3.324417946080893,533,2147,55,0,0.8350323840794639,8.79,73547,29585,43962,0
336550,5209,5120,271862,271862,2493,0,40779,16600,0,5119,295771,50996,4507,1047,65609,1473,0,271272,266765,0,152945,55434,13703,2039,58870,22899,520,3.3288437465337752,119,2065,46,0,0.6279558076100394,5.13,37103,2182,30636,0
2174160,43514,154562,1918210,1918210,6563,450,180057,10200,34548,25169,1994103,2758,20561,5563,135124,23999,0,1517314,1496753,13189,1341745,250656,135180,46357,610960,298592,5535,3.7518148088401357,4356,15370,336,737,1.030995285315372,12.29,385065,112482,234417,0
63274,259,10406,51072,51072,327,50,12086,0,0,736,51188,14024,960,1223,3116,1282,0,35391,34431,0,16969,11832,0,0,1542,3595,105,2.724305601811763,26,270,6,123,0.6716077810558634,3.49,17179,8680,7359,0
1249082,10940,55435,1088447,1088447,5606,125,100560,0,3558,16195,1148522,9627,13302,5061,234343,39448,0,988729,975427,833,704412,32718,52742,30426,296493,292033,2837,3.574151449140532,2005,8951,226,0,0.9087378329789833,11.41,173444,21576,136149,0
634720,4312,16481,520676,520676,3308,0,61905,298,6967,8081,572815,111922,6366,2202,76364,4824,0,442324,435958,5753,229847,81425,11525,21736,58848,56313,1316,3.2172259430548316,1235,4187,105,0,0.8188662808786011,8.55,141910,29981,111929,0
71765,442,2325,62897,62897,456,10,6783,7550,0,1160,64982,651,556,267,5315,7300,0,59006,58450,0,45726,1502,5202,588,9546,28888,-85,4.269415911761362,70,879,24,0,-0.4887480144611912,-5.27,965,0,965,0
78318,317,24814,70484,70484,175,0,7724,0,0,985,70594,484,459,0,8862,3443,0,33006,32547,0,20138,519,6697,2664,7304,2954,351,4.744124752910169,103,562,19,0,1.8335564334454275,18.65,19883,123,19760,0
52419,366,2689,44566,44566,278,3,4241,0,521,737,48178,5406,557,451,7131,1949,0,35594,35037,59,17603,4831,1563,300,2401,8508,116,3.7659607199630787,63,373,9,0,0.8891869879748958,11.03,11718,4223,6040,0
447362,7605,21681,393332,393332,2241,-5,36728,913,2483,5537,410634,0,2601,2145,17906,3402,0,241132,238531,6156,213654,924,27989,33690,76213,74838,968,3.0788991254189,682,3006,96,0,0.8607055251203977,10.53,169553,61162,104912,0
842231,10724,37082,674131,674131,2349,188,108189,0,14663,8317,734042,165,7313,21664,25471,24735,0,633180,625867,21908,560872,782,1887,2850,100138,455215,3240,3.066685508009712,1577,7163,154,102,1.5274246983159436,12.11,111886,6868,71065,0
239150,4402,13553,196243,196243,628,-109,17389,0,0,2698,221761,307,1693,11760,14438,14594,0,153163,151470,0,123830,197,1786,3243,11855,106749,401,3.7543273383496825,302,1979,58,0,0.6782126306531813,9.32,58001,28163,20340,1844
1501419,27459,72765,1223701,1223701,5891,120,125756,0,0,14249,1375663,0,8896,619,86843,1578,0,1056452,1047556,23970,938480,358,39596,72428,246639,579459,1000,2.391615610313735,1398,8586,180,0,0.2661236856400657,3.17,286888,45299,226754,0
1416981,23154,37090,1175239,1175239,6471,-230,79774,84,3898,15621,1337207,280,6645,241,40567,2275,0,1039391,1032746,87490,909000,1753,87573,104533,288398,426743,2646,2.7202562094864846,2449,9047,186,0,0.733611995914674,13.08,259178,66309,185637,0
363663,5242,22601,323430,323430,494,100,35210,10018,577,3844,328453,1128,4125,7878,12376,10104,0,250702,246577,15339,213218,19604,15004,15880,70576,92154,710,3.9809390262741973,705,3145,79,0,0.7873884764032982,8.06,66052,28522,37530,0
89583,267,9262,77088,77088,260,-10,12297,8860,0,957,77286,4485,464,192,2263,623,0,49667,49203,0,42290,20947,6270,0,3445,11628,217,3.262421306372721,17,462,11,0,0.9747223501139796,7.11,21158,10703,10480,0
316907,5870,16897,299519,299519,1631,0,16198,0,0,3826,300709,4738,2870,1500,37320,6393,0,181748,178878,2072,131225,10472,25569,4478,58350,32356,343,3.008549351517124,354,2201,54,73,0.43042462079026206,8.29,102561,35028,61135,0
576096,8945,8049,482647,482647,2863,150,59213,0,1225,8656,516883,55316,4840,7018,75035,13816,0,413552,408712,101,268781,51174,47883,5755,106037,57932,2509,4.307115234663616,540,3674,81,83,1.7124175869176483,17.09,125659,54148,36401,369
348030,1598,5189,295081,295081,1798,60,39097,2441,824,4468,308933,96949,5037,721,40249,4614,0,316827,311790,705,174288,137058,447,592,15729,20462,1052,3.200700078219356,329,1853,42,0,1.2064185595798178,10.81,20543,525,19945,0
1831817,44180,34598,1608929,1608929,12959,632,161960,660,17513,23528,1669857,57420,22571,1222,289303,4550,0,1405079,1382508,389,1052672,113668,173634,119913,393758,251699,6651,2.479816588832672,13078,14674,284,2100,1.4308049003615735,16.65,280097,167963,101513,0
197950,1083,6065,165987,165987,615,45,22575,1196,4110,2326,175375,31786,1894,3950,19390,4423,0,128569,126675,7973,64957,32397,0,0,11598,20962,717,3.7453962381861863,190,1152,38,0,1.4336989232261226,12.77,52086,24490,27346,0
1032462,9066,36582,816905,816905,5072,0,131741,0,534,11033,900721,29047,9125,7171,49807,12860,0,782054,772929,12464,677759,66746,88490,74080,323135,125308,1601,2.3949762149652867,1416,5708,146,0,0.6212089906517941,4.85,195012,74972,120040,0
921149,8965,14309,744342,744342,4513,150,72365,11474,8265,10307,848784,53971,9681,262,125229,395,0,637721,628040,2082,456001,135386,36980,34191,161296,88148,1816,2.7435076080960465,793,4626,129,0,0.8038430425636218,10.33,218706,38083,180062,0
166667,1722,2785,148075,148075,648,30,12780,0,98,1879,153887,4088,1410,2380,21048,3978,0,104582,103172,0,75468,8586,3182,1367,2633,59700,221,3.150835700939364,127,1049,25,0,0.5237044387505739,6.99,51065,6802,35308,0
209042,3098,21654,176613,176613,1438,45,18562,0,0,3040,190480,24654,1796,3933,44267,35696,0,179277,177481,0,74640,10427,7862,2989,13617,39745,344,3.346450010836273,152,1342,23,0,0.660633266917925,7.41,740,287,345,0
1238358,12625,36782,983728,983728,4045,0,87867,0,10410,12593,1150491,0,10702,1978,26576,15838,0,920113,909411,65264,804017,0,19188,109736,275225,399868,1545,2.8576455097097013,1102,8128,181,0,0.4898452231768127,6.95,241673,12230,226576,0
207970,2131,21842,183810,183810,756,15,21764,0,0,2140,186206,30918,1637,3380,9029,5403,0,113018,111381,460,67121,36082,19,183,8710,22127,585,2.7574458759099545,89,839,23,0,1.1278304205747114,10.72,70449,37405,33044,0
65930,106,7408,54000,54000,55,0,11863,2336,0,739,54067,9203,440,3567,1454,3567,0,32452,32012,0,18212,5033,0,0,1533,11646,279,4.275634664520514,69,474,13,105,1.7071006822284087,9.2,23311,0,23311,0
980341,22276,10552,795262,795262,5089,120,84578,0,4118,10971,895763,141,10005,1302,53255,2181,0,795105,785100,2289,737212,10434,78231,114830,293710,240007,1351,2.5283632211699913,1131,5486,121,0,0.5494740138649661,6.4,143835,111750,29162,0
1391023,13344,105633,1158416,1158416,6824,102,135332,0,7633,18972,1255691,0,12006,1736,182951,11207,0,1058639,1046633,42794,798740,655,91277,101189,378711,226908,5354,3.6780648679784984,1096,7530,175,0,1.5451430913179134,15.88,187352,100781,40174,0
399531,1163,8675,344539,344539,2024,50,28490,11735,1810,5417,371041,77452,3797,2751,22291,3683,6656,295966,292169,0,169882,81667,810,9357,49493,28555,2091,3.643093838119614,175,1426,37,0,2.092488282290779,29.11,67838,20085,47753,0
162332,782,27722,117761,117761,915,75,20896,0,542,2478,141436,45538,1266,555,11758,1425,0,130573,129307,65,71559,52469,1301,352,5506,11931,871,4.106592749748756,19,632,16,0,2.1635451338864327,16.88,74,0,0,0
602528,7841,18147,501438,501438,2381,138,64906,0,12865,7078,537622,110,5543,44373,65766,58603,0,418195,412652,93,293592,165,23406,902,161578,107541,1727,3.422861281022413,1529,4361,113,211,1.1504896409299847,10.63,129438,29999,98941,0
76960,714,13151,62106,62106,261,0,10052,7017,0,1065,66908,14402,1089,555,5473,4054,0,52460,51371,303,28224,20498,0,0,3170,4556,210,4.509918033361614,18,553,13,0,1.1033540650059437,8.32,2978,0,2978,0
138653,4719,10121,113724,113724,661,40,16058,0,2216,1802,122595,2744,1874,1356,37475,11804,0,120867,118993,0,68844,6031,4589,1280,30279,26665,132,3.7288647959704733,280,1240,29,23,0.39045601268982044,3.3,188,0,0,0
116457,872,8897,106573,106573,389,0,8599,0,50,1273,107858,4677,541,991,5320,1996,0,47399,46858,572,34752,16536,1553,320,8684,7659,311,3.060253059387603,86,658,19,0,1.041008539784685,14.5,58095,4306,53760,0
231340,893,6990,149606,149606,1348,0,18287,8435,0,2737,213053,49355,1132,816,8957,1182,0,137166,136034,0,74990,53755,4526,2062,3707,10940,711,2.5692723169694056,58,722,14,0,1.2290459336470771,15.43,69012,44002,22469,0
533338,1910,6535,451457,451457,3102,0,52499,0,1068,4552,480839,31209,2738,430,38702,3301,0,246327,243589,0,169585,48200,16480,7989,76222,20694,227,1.1486968232591301,344,1843,44,0,0.17032435722720202,1.73,256492,72108,178534,0
90292,1193,5886,73235,73235,354,30,8553,62,0,1413,81739,7672,1048,1953,5626,2865,0,79918,78870,705,62621,14925,2422,862,16113,28299,290,5.1950281765279405,95,834,20,75,1.3319936845127027,13.8,1948,618,1296,0
443196,2892,17984,358671,358671,1470,60,67461,0,3264,5738,375735,2122,1790,1100,13000,1761,0,349593,347803,5686,327244,4069,153385,113353,12884,43553,2433,4.192266702027866,-57,1538,28,0,2.236662932000345,14.86,50217,8819,6428,0
616975,18397,121452,542630,542630,2275,109,69235,4119,8420,9398,547740,9993,5069,24149,32968,60909,0,405665,400596,417,300244,57157,38748,3132,49027,152180,1491,5.247981492447692,1410,6356,174,86,0.9898073410711129,8.7,52251,8382,41964,0
384652,3144,4596,327325,327325,429,-39,33954,0,0,3654,350698,0,1120,85,5863,649,0,191151,190031,663,183362,0,252,20754,44766,117590,531,3.6646998497188976,687,3420,78,0,0.5481318613257359,6.08,157498,157498,0,0
562402,10583,4927,476044,476044,3209,360,39090,22195,934,7997,523312,259,6400,1499,92932,4138,0,450267,443867,0,352128,5173,66866,32769,144355,102965,1323,3.5585350400130804,433,3538,78,0,0.9427046824383843,13.42,72455,19512,52943,0
39961,227,1339,29211,29211,159,0,3194,2062,0,450,36767,2875,387,554,1912,1564,0,20729,20342,0,12718,5997,149,176,1909,4487,62,3.1971434457186017,29,259,5,0,0.6296893447930023,7.63,14165,7379,6786,0
298698,1878,57900,258016,258016,2217,0,23110,0,0,4895,275588,17930,1900,13176,40642,18999,0,210304,208404,0,132508,33891,7634,2771,26364,61848,1376,3.918176248434028,302,1698,50,0,1.8881290404469213,24.51,20404,4167,16236,0
142710,2341,4557,124433,124433,691,-3,9366,0,0,1541,133344,8354,718,6022,3891,7121,0,98256,97538,0,78650,13622,7637,0,4233,53158,226,2.56480856344318,157,734,22,0,0.6299563769146075,9.69,32946,13586,19360,0
144861,3553,8303,128248,128248,304,0,10443,0,1091,1404,134418,8940,1256,2640,11449,4616,0,69422,68166,211,44179,20546,1655,177,4154,17647,254,3.2792138829991395,147,1013,27,0,0.6883119082702437,9.58,57743,14940,41972,0
385105,10964,32096,310103,310103,770,0,36469,0,259,3720,348636,8715,2528,1267,10917,2427,0,218273,215745,465,195725,36439,9584,14234,88099,47369,295,3.400713573458295,399,3034,68,0,0.30828758006006385,3.21,106779,35079,71622,0
1578372,23027,18880,1100279,1100279,9754,-148,126465,0,2563,18622,1451907,463,9522,159909,88100,167864,15997,1318392,1308870,61978,983601,9428,29461,106714,268293,569705,2945,2.424576312603019,1831,7432,234,853,0.7448346852694082,9.35,149683,86815,20366,0
1896797,16060,38474,1620923,1620923,8576,200,184060,0,51232,20211,1712737,214243,16768,16914,209551,20066,0,1287258,1270490,25655,805263,388621,28133,60066,149136,179307,3346,2.7010392384856883,1434,8806,255,0,0.7081086214499667,7.25,444600,165727,252568,0
179151,934,10963,139324,139324,579,0,37184,0,0,2497,141967,28419,670,2626,6536,3947,0,125934,125264,0,87032,36014,1835,0,24261,24922,1287,4.608112247656002,176,744,14,0,2.924252321849527,14.03,35885,23573,6390,0
72832,663,3259,66235,66235,92,0,6348,0,0,629,66484,5677,292,1108,1086,2659,0,25296,25004,333,15518,1720,1224,0,3236,9338,24,3.097868412702991,119,632,23,0,0.12861908653652915,1.52,41032,13405,27627,0
28706,263,9960,24881,24881,85,0,3741,0,0,375,24965,41,83,781,63,1056,0,11300,11217,365,9775,971,1007,0,666,7131,91,4.299162404566007,6,182,8,0,1.298863494442363,9.85,7148,0,7148,0
52995,324,1887,50935,50935,301,11,1846,2090,0,684,51149,7607,271,191,1791,608,0,22362,22091,240,12077,3448,61,170,2748,5650,88,3.0025674695725457,38,322,9,0,0.6512849926915463,18.13,24906,15780,4372,0
733606,8426,79950,655165,655165,4338,120,59374,1000,1108,8650,674232,19745,5381,2015,67559,6215,0,536705,531324,1309,438046,105800,52660,35626,134356,109604,1928,2.418138280272994,2217,4394,89,0,1.0526164931300805,13.05,104127,34407,64351,0
257427,2849,27686,204348,204348,1562,40,20314,0,0,3342,237113,20640,1944,2545,18190,3672,0,196435,194491,0,148773,61676,8908,1767,28353,48069,523,3.0026673976531115,108,1166,29,0,0.8325258124787343,10.35,24197,1867,20084,0
155512,670,8360,136067,136067,719,0,18845,2570,0,1992,136667,18887,1655,6372,16611,7931,0,117180,115525,1178,72567,22880,3928,2651,9477,33631,654,3.396761336157297,86,675,14,0,1.663016633344882,14.05,24528,2106,22004,0
247725,6081,5125,221855,221855,896,0,19811,0,122,3367,227914,36883,2411,1080,17040,1595,0,164188,161777,0,108540,64915,2381,0,29829,11415,642,4.170129820816053,262,2106,52,0,1.0149455474599685,12.72,69420,195,65308,0
383019,8969,42455,353698,353698,1080,50,26489,0,0,4353,356530,0,2831,1614,21577,11062,0,229672,226841,0,196968,5330,26413,5548,51970,107707,750,3.621822225849331,645,2865,75,15,0.7844901075797434,11.4,98696,20154,78542,0
509099,6625,56173,400764,400764,2217,-500,67101,0,0,6378,441998,31263,12849,1452,30526,2935,0,367753,354904,1318,301587,65534,37407,27556,135142,35948,2742,3.5366563680638485,308,1772,50,0,2.2100493976668343,16.61,78818,33618,45188,0
194195,761,15096,166324,166324,874,35,26313,400,594,2226,167882,20641,1764,3887,8367,5728,0,135616,133852,1963,98937,77202,2031,371,7336,11997,258,2.9072611643021875,163,1132,29,0,0.5298842931923732,3.94,40159,1448,38711,0
326041,1590,23692,282201,282201,1573,-19,39765,0,0,4520,286276,758,4851,874,24560,1512,0,288688,283837,0,261152,4535,56173,22627,109715,68102,809,3.845708404086473,221,2167,61,0,1.0021787167095337,8.22,7858,4944,2914,0
184659,1890,5044,153692,153692,365,0,19966,144,0,2334,164693,1195,1242,1474,10974,4801,0,148968,147726,0,131443,29550,5880,1142,25100,69771,595,4.4715574089266505,174,1412,44,0,1.2913237153228037,11.35,26108,17521,7405,0
581733,19218,16161,493507,493507,2556,67,52175,10983,1448,8154,529558,67530,4870,3296,94807,8187,0,489044,484174,2960,315560,123134,22172,2549,89789,77916,2232,4.217159613427036,923,4222,119,0,1.534268421360151,17.26,32724,11251,21460,0
622522,7632,26415,550813,550813,2521,40,37080,0,0,6966,585442,0,5269,7110,20501,9585,0,464522,459253,1024,433351,670,47124,13138,99464,272955,1033,3.029164654180307,1153,4228,102,2320,0.6694598631916969,11.13,109275,55019,50926,0
617136,7529,50630,561082,561082,2061,0,54150,14425,14648,7064,562986,33564,3755,4482,30577,7813,0,315310,311555,523,242403,91880,17976,15210,67192,50145,1663,3.600912643860167,919,3891,98,556,1.0841053563963765,12.31,194308,95185,95823,0
2117855,24362,85823,1725754,1725754,11715,150,150431,1740,830,26141,1967424,188613,21580,5462,152860,12974,0,1522990,1501410,33490,1133814,315352,137678,70766,412183,197835,5307,2.900362369376508,2530,11273,264,0,1.0129882772423127,14.22,442843,219271,158798,0
313977,5432,19606,290203,290203,1454,0,22393,6081,0,3356,291584,35412,2493,6830,19185,7246,0,172389,169896,0,110271,57765,892,0,23072,28542,415,2.5412009913623215,311,1779,46,0,0.5239378029015423,7.27,108312,88024,20288,0
152682,3028,3418,140808,140808,568,21,10473,2764,0,1745,142209,3384,888,2990,8200,4630,0,111453,110565,305,94877,25719,2111,0,18892,48155,193,3.3411515902050604,133,1055,29,75,0.5050637217700782,7.39,27807,9571,13071,0
9285262,119677,1381120,8166480,8166480,73600,25400,895879,2001,54651,158696,8389383,639034,88885,859470,2918343,1486546,0,7226867,7137982,0,1961318,178562,385032,14858,947912,434954,31608,3.8727055572921985,16710,45025,899,23596,1.3705439395040657,14.25,434220,46869,381090,0
425831,3679,37184,373004,373004,1115,35,50910,30967,3565,4482,374921,8,2372,5923,13435,8774,0,258021,255649,286,224925,936,54114,14829,47870,107176,1831,3.4087055119385687,695,2196,70,0,1.7502332967307392,14.47,84324,9518,74806,0
93381,728,13751,78512,78512,355,15,9767,0,0,1100,83614,8670,786,1478,8213,2239,0,52017,51231,494,32397,11078,428,0,5485,15406,204,3.36289976753109,51,530,17,0,0.8684500401764571,8.43,24236,2727,21509,0
109775,1480,2987,91807,91807,540,0,8889,0,0,1267,100886,3416,727,2214,7008,3552,0,70358,69631,3621,52757,9479,1908,742,12173,28455,60,2.7633260639232957,112,681,17,140,0.21345096853376974,2.68,31946,9618,22328,0
100215,217,4013,78356,78356,445,19,15242,728,0,941,84973,617,492,2139,3733,4206,0,39753,39261,5,31174,1331,2696,0,4992,22155,97,2.1283443111845353,94,458,16,0,0.38390184777500186,2.55,50901,9174,41727,0
448604,3979,30958,397806,397806,1843,-200,41686,0,4984,5052,406918,36501,2623,5320,31600,9094,0,238523,235900,182,161100,78270,2709,6283,18750,55088,1102,3.0566053011956384,516,2409,68,0,0.9997131041114562,10.69,165183,57179,84940,0
72494,356,1730,62644,62644,542,0,5115,692,0,1078,67379,7384,812,2625,4704,6433,0,58767,57955,30,40216,9091,87,0,387,30651,192,3.0940406525770445,42,399,11,0,1.0538087364586264,15.55,9934,1412,8253,0
71636,129,5690,60005,60005,283,0,6363,0,0,749,65273,11685,890,270,3893,593,0,32558,31668,0,16385,14456,0,0,1866,63,172,2.758988173650479,19,274,8,0,0.9688776228700183,10.81,32117,13418,18699,0
263134,9076,7359,230144,230144,937,30,10114,0,0,2759,253020,977,1912,111,3843,1823,0,136287,134375,0,129644,9738,7444,1856,16832,93774,-2014,2.8820506533847685,203,1953,66,70,-2.8903559127439724,-75.47,100095,52528,47567,0
637316,8268,55644,540998,540998,2746,155,62441,0,4992,8365,574875,13173,6350,21030,32790,54960,0,422859,416509,365,321568,55813,25175,7113,51623,181844,2630,3.765540014726418,1186,4020,118,77,1.662355393252923,17.01,141859,55767,86092,0
182255,2150,10660,168480,168480,1156,25,13369,0,0,2484,168886,20356,1679,3895,9221,7261,0,141920,140241,0,104871,54497,5046,107,13704,31517,533,3.2013499668534924,79,849,27,0,1.1998322936099926,16.18,23498,8036,15192,0
177115,943,14556,164204,164204,845,15,10358,289,0,2036,166757,150,1245,504,14139,1199,0,94075,92830,0,78578,0,365,4765,20958,52490,320,2.7433388806670624,260,1101,35,0,0.7169161404147472,12.51,67029,28863,38166,0
587961,11544,12172,467962,467962,3186,76,46381,0,5506,7171,541580,43003,4540,5474,61160,11389,0,427271,422731,3487,305653,81695,25652,9472,113157,75677,845,2.8532560054415925,824,3849,84,310,0.5735676928663791,7.25,126353,110062,16131,0
54291,349,2345,45993,45993,228,0,6235,1942,578,610,48056,11220,390,527,2734,744,0,26337,25947,0,11460,5736,209,0,538,4977,83,3.064795964417879,110,411,13,0,0.609873708381171,5.32,20956,4281,14111,0
249133,3426,18812,230916,230916,497,18,17153,4790,0,2268,231980,0,1207,1940,5264,8242,0,88296,87089,167,74623,262,5909,56,21870,46526,596,3.0326251214719617,253,1384,58,0,0.9587311290024209,14.23,127526,13922,113604,0
635937,14205,18570,533500,533500,2864,0,56892,0,0,6824,579045,8302,7306,1245,52873,3666,0,348844,341538,2946,280781,4236,47200,15935,131892,81518,1065,2.7367131625709553,668,3634,125,0,0.6673742504768359,7.49,229822,152555,77267,0
867703,5754,10190,803843,803843,1965,-70,48930,3384,171,8631,818773,636,6192,616,25440,988,0,451761,445569,2652,421398,930,20015,11193,254609,134651,1909,3.2144336073711117,480,4949,154,0,0.86874953425309,15.38,367737,135985,218587,0
126418,1859,10963,113581,113581,589,0,12229,869,134,1560,114189,16357,679,1579,5185,3715,2000,76030,75351,1530,47234,23849,964,73,4109,18239,195,3.279643663844969,121,888,26,0,0.6163693474782197,6.37,34384,14991,19244,0
4386554,35984,94054,3364147,3364147,21051,-363,511978,0,2500,48721,3874576,110620,49830,17416,311828,37333,0,3446462,3396632,46194,2939296,284904,371841,477989,452115,1352447,12100,2.6223815574643456,7335,19990,475,112,1.1092175982413859,9.41,784030,285091,498939,0
585409,1308,25716,502843,502843,2553,0,76703,162,1389,6640,508706,4817,5401,85,58366,1790,0,356270,350869,5670,285532,35025,29130,26960,139942,54475,2032,2.858071937817529,423,2109,46,0,1.371404660548663,10.66,192545,144980,32304,0
570805,10090,46152,493780,493780,2996,16,53270,1537,3059,7703,517535,27136,5415,2685,33487,10693,0,456758,451343,55,384246,74553,32624,16908,120106,140055,1985,3.532848851936706,1900,4574,100,29,1.40859312769766,15.07,48726,3429,45223,0
296925,3091,33837,253415,253415,1052,0,21667,0,633,3104,275258,26282,2337,2785,8784,5856,0,114634,112297,264,73426,35821,1936,148,12525,22996,552,3.0241846344303127,275,1777,52,0,0.7669396226087409,10.34,143030,80355,51155,0
718186,20633,26875,606630,606630,1742,1412,99369,0,2,8188,618817,0,8743,0,44037,102,0,386654,377911,0,342969,0,54455,30469,176297,81748,-128,3.8349188218006156,1639,7807,146,432,-0.07026370159335295,-0.51,261902,35340,220413,0
269895,2178,24321,242948,242948,1317,0,21293,0,176,3157,248602,33888,2052,763,39088,1767,0,182422,180370,2709,104823,47160,9354,3991,25360,18958,848,2.8327467058735234,324,1286,30,0,1.2487230224103816,16.17,59144,2615,56529,0
453056,9781,5968,402313,402313,2759,0,34497,0,13765,5184,418559,31749,3154,686,11470,1238,436,299525,296371,1122,253486,59069,32345,32753,92095,37224,413,2.2886426697370656,580,2573,68,151,0.35912731193641795,4.71,119444,110922,8522,0
120044,495,5595,103258,103258,518,25,9131,265,0,1500,110913,6091,628,3285,9050,4177,0,107869,107241,0,88550,25550,6283,0,9449,47268,234,3.4071786687021843,30,755,15,0,0.7915835052941375,10.3,5027,4291,662,0
350841,3125,17191,316369,316369,1072,45,29358,0,1223,3831,321483,20851,2491,5422,12249,8417,0,179433,176942,682,136873,84459,5891,922,24909,20692,703,3.3594515777489606,514,2054,67,0,0.7975008614540778,9.56,136509,40329,93693,0
123249,1023,27763,109081,109081,399,1,13937,67,0,1425,109312,2840,894,1499,3170,3161,0,57928,57034,475,47890,13182,2332,3518,3859,24999,453,3.61286687677166,149,721,28,0,1.5179820556425871,13.05,36170,29119,7051,0
239537,4579,6118,207330,207330,1536,0,17979,0,200,3214,221558,37660,2107,4149,17879,4884,0,178525,176418,761,117054,43269,7258,2137,38485,25905,520,2.9789273731115413,1087,1878,54,0,0.8619171440706939,11.89,44494,23983,11064,0
1662089,24700,58313,1235681,1235681,5707,17256,386905,0,33728,37025,1275184,59698,82814,1426,141477,218714,0,1331050,1248236,0,910390,68156,166665,74847,479733,120989,8986,8.187677634049267,9385,15918,163,4000,2.1646329070091315,9.38,240589,72688,167901,0
343555,5904,7477,285154,285154,1240,-113,26195,0,1125,4226,317360,14788,3375,2331,35411,3946,0,260260,256885,0,206115,20030,25745,12537,108598,39205,392,3.843406292837698,1047,3664,91,0,0.456517308644132,6.03,56444,22313,33634,0
425112,2189,39096,364359,364359,1875,0,33765,0,0,4758,391347,16953,3929,725,6331,1814,0,184065,180136,0,158427,74969,8031,406,37970,37051,1616,2.8211636199061814,520,1787,56,0,1.548343208093351,19.05,199089,92137,102742,0
124074,147,20620,110744,110744,421,0,12918,0,0,1615,111156,5100,1357,13216,4550,14763,0,68536,67179,317,43806,17847,343,1661,8201,15754,481,4.204003309684348,100,716,21,0,1.5772818940499418,15.09,29328,9194,20134,0
445185,14741,18787,386649,386649,2740,0,33514,0,3195,6149,411671,41891,3063,10307,20574,14097,0,358515,355452,462,274950,139259,1031,3446,39311,91903,717,3.3663068138335563,911,3603,110,81,0.645561371660351,8.57,38774,26282,12492,0
227964,9761,13073,200705,200705,883,-62,21925,36,0,2774,206039,0,1643,21641,22660,33551,0,179466,177823,8,122872,473,7167,7939,30122,77171,200,3.72345793265385,349,2040,53,0,0.3532640494216405,3.64,21703,12269,9219,0
292486,1941,9555,242694,242694,1397,-43,21477,3000,304,2925,271009,10213,1811,1393,22459,6366,0,158666,156855,3718,115910,50826,2051,3042,42372,17619,436,2.1965621215224993,206,1253,31,0,0.5929028441658224,8.12,108264,33918,72301,0
830802,14866,20827,647373,647373,7424,-1000,82594,1606,2186,8686,748208,2447,8013,4,1194,1076,0,694097,686084,2300,687081,17478,2674,420335,133110,113484,78,0.6403986506972962,393,2760,44,0,0.037642857358303895,0.38,85293,0,81804,0
171877,1111,2447,149599,149599,606,60,21466,1943,946,1580,150411,6262,1057,3068,9610,7031,0,103319,102262,0,77927,10342,4709,6216,9076,47584,205,2.385632321154117,634,1348,39,187,0.47669291384356915,3.81,57344,36304,20842,0
181257,2032,5261,157762,157762,929,245,22673,7700,4635,2684,158584,29762,799,7502,21503,8530,0,160453,159654,223,100435,35995,1938,2131,9757,50614,650,4.262269202979945,95,945,24,0,1.4681427147652808,11.63,0,0,0,0
287431,4144,30582,246226,246226,1101,15,20846,0,360,2759,266585,8933,1884,4939,13100,7654,0,109471,107587,7640,72251,13254,13073,1972,16408,27544,467,2.470087618834791,422,1598,44,0,0.6495199880388182,9.03,135010,25326,109684,0
70604,590,8085,63224,63224,152,0,7094,3688,0,853,63510,12438,453,448,4873,777,0,48768,48315,99,30581,11845,275,2187,6844,9430,258,4.059825966090897,38,472,12,0,1.4126536534618228,14.69,8270,303,7967,0
515430,3593,36984,458981,458981,1660,0,55084,0,2057,4663,460346,6414,2889,3260,39127,10441,0,180453,177564,5517,118528,11630,2408,2683,80442,21365,1376,2.4536568924839903,1011,2644,69,0,1.0729421305230982,9.98,285741,197686,87689,0
235245,2437,12753,200825,200825,1526,0,25112,11692,0,2948,210133,28018,3925,2786,15456,5167,0,138652,134727,2250,87733,59845,3013,0,9490,15385,431,2.487769994992094,136,1104,31,185,0.7025952008346374,6.89,62667,51685,10980,0
248368,4259,4365,197961,197961,1439,73,26092,0,661,3888,222276,66966,2935,1392,32561,2138,0,203927,200992,445,99381,33224,0,7570,24009,34578,1124,4.242970252429876,247,1459,31,0,1.8353005529169482,17.4,32939,9271,19785,0
444312,15797,12427,425668,425668,2553,755,14877,1155,2693,4966,429435,43307,1936,1756,34003,5434,0,202671,200735,2431,117309,50360,18842,8011,21876,18220,1276,2.60670418822716,3629,3726,94,0,1.1485368194486167,39.3,168183,87323,22886,0
28552,158,2260,26149,26149,76,6,2276,0,0,333,26276,5,129,3832,1864,6353,0,21535,21406,0,13313,129,0,0,656,12528,27,3.800369685767098,6,222,7,0,0.384280097493284,4.75,4364,649,3715,0
413583,3231,194403,376400,376400,2042,11,35469,242,0,4567,378114,4394,2380,590,19354,2016,0,138440,136060,5014,104951,27464,1073,9912,30712,35790,1216,2.4789686508642643,225,1488,35,0,1.1436646410353175,13.88,70542,25077,45465,0
6742881,99433,97758,5588266,5588266,32578,4689,649220,4,113615,69771,6093661,113029,55900,19024,626703,80661,0,4416975,4361075,432780,3117566,184109,403571,409504,1440645,679737,6198,2.4370352964032795,10288,34892,775,3876,0.37659708562586103,3.91,1864347,655339,587627,22878
37191,1168,6194,34349,34349,104,1,2781,1445,0,479,34410,3322,368,1493,534,2623,0,23323,22955,36,16847,3187,579,0,2340,10741,48,4.45302063232893,59,369,13,0,0.5196140782939338,6.96,4546,2065,1927,0
319014,2291,16440,293777,293777,1103,75,23275,332,282,4035,295739,5868,3070,56663,13153,75621,0,245564,242494,0,150569,23569,3644,6333,17161,99862,1147,3.8470306716066633,966,2505,64,0,1.4425654271650665,19.58,48818,21844,26141,0
2782917,36897,162825,2395517,2395517,12932,40,315227,9449,81972,38999,2467690,14264,23842,248,218130,17139,0,2245817,2221975,4452,1991207,53133,194390,190093,1078798,474793,6696,4.181303715965853,1521,18948,350,0,0.9827322885565294,8.59,170058,45967,86310,0
101311,307,22733,92036,92036,238,0,9205,0,0,1061,92106,1981,279,793,5834,3198,0,29851,29572,1116,15955,4612,5294,0,3515,2534,475,3.447355055579699,105,453,15,0,1.8196793533434212,21.47,45126,4337,40789,0
426241,12823,36753,383846,383846,2839,225,35068,0,1132,6183,391173,40622,4040,2754,61493,3788,0,339232,335192,2833,230430,54670,51794,2084,104400,17482,972,3.3682768554355516,705,2804,60,276,0.9207946116463467,11.16,34301,15665,18636,0
170720,943,1818,138177,138177,1078,117,13408,0,0,2241,157312,30645,1370,3679,28943,5013,0,130724,129354,339,65756,21572,643,0,18594,24947,96,2.8597510934613624,210,1158,27,69,0.22602461549328107,2.84,32736,17226,15435,0
464703,5649,58594,402710,402710,2465,147,37945,0,0,6565,426758,7739,4305,3105,86722,4832,0,369876,365571,997,269548,24661,29080,11448,95436,108923,1430,3.5986812149937735,280,2349,63,0,1.2029923382848104,15.41,25080,23538,1542,0
802014,16131,116642,753927,753927,3421,0,46020,1,6431,9119,755994,21995,5066,2154,20223,11870,0,212851,207785,0,158756,0,19598,11082,93129,34947,1376,2.9188555094806454,1456,5740,143,0,0.6722385274263304,11.93,445237,81141,300414,0
242980,2858,16739,214400,214400,1005,54,23132,2645,0,2695,219848,609,2292,883,7906,2104,0,157542,155250,78,146845,6033,18739,6794,26305,88974,406,2.848936811340117,163,1283,32,0,0.6595472922618939,7.07,62769,9137,53632,0
1112918,16127,70131,992495,992495,7861,198,110208,5617,22544,19728,1002710,25068,13563,5344,288263,11522,0,920359,906796,3384,591583,45028,47398,32087,354741,112329,6098,4.563024200331643,3909,9480,165,592,2.1663224429566323,22.52,62432,18844,29217,0
119021,551,8949,102328,102328,396,20,11870,900,3918,1304,107151,7749,606,1451,3871,2493,0,70448,69842,0,56277,33397,0,1072,10427,11381,269,3.2626075708305633,202,808,24,0,0.8980324243119744,9.11,33049,6031,25160,0
95031,433,13519,82052,82052,216,6,12543,0,0,953,82488,1622,373,259,4827,444,0,42965,42592,4026,32043,5607,2623,1951,8942,12920,329,3.163633241758242,60,457,13,0,1.3640768899876135,10.48,36826,19062,17764,0
327492,2492,4745,270704,270704,1435,60,29891,5134,0,3504,297601,455,2557,7551,10238,11564,0,210821,208264,8296,180244,2651,23117,0,31938,122538,712,2.6842851258299194,261,1468,46,0,0.8706937270613628,9.48,96060,36455,56531,0
127421,1788,19479,111536,111536,539,1,14292,0,0,1675,113129,25231,1187,3162,13094,6745,0,84510,83323,641,38674,10605,2538,0,4337,21194,446,3.8168836623267532,69,643,17,0,1.4205178838742556,12.62,21046,16964,4097,0
232467,3156,5857,198476,198476,1218,31,22253,2191,5813,2985,210214,1481,1230,2017,35014,4035,0,193123,191893,3847,148740,3643,17963,4793,61243,61098,334,3.298480263019733,265,1581,37,0,0.5829364551267647,6.18,18855,3680,15175,0
108771,350,1944,93163,93163,568,0,14724,12927,0,1154,94047,4692,893,827,6073,1341,0,74272,73379,0,62166,14871,0,3328,26418,17549,150,2.2571015888300434,40,476,8,0,0.5604726652810537,3.99,17944,3497,14447,0
340376,5074,15217,295769,295769,1294,100,35840,0,0,4463,304536,69875,3129,1495,19489,2539,0,269966,266837,434,176863,39953,47656,3130,33285,52839,1325,3.939398648123689,809,2523,61,0,1.5427696499368337,15.08,47469,4285,43184,0
53959,240,19743,45750,45750,53,0,8168,0,0,363,45791,0,40,72,0,117,0,2174,2134,0,2057,136,0,0,73,1848,18,2.3594778703809416,10,296,8,0,0.1320676846884028,0.88,31342,12973,18369,0
733603,24909,31204,600443,600443,3488,50,53893,0,4654,9058,679710,511,5472,8176,98360,17413,0,518831,513359,7473,395038,2060,50090,14744,187912,140232,844,3.3711554378038464,1330,5874,121,0,0.464229507588076,6.31,134880,46546,72447,0
351920,2624,10883,318089,318089,1106,0,24133,0,665,4529,327787,47809,4069,3380,29585,4099,0,241598,237529,91,159457,61982,3197,1823,30048,62407,1316,4.149254364565877,347,2153,48,0,1.4992046867234659,22.45,90568,46463,34960,0
193594,2008,3984,166922,166922,555,45,11181,10760,0,2025,182413,2347,1593,2372,8749,4086,0,112237,110644,906,96132,3786,1451,16111,17873,56911,549,3.175760521732086,407,1262,31,0,1.1398525354711624,19.93,64213,27483,29312,0
145648,1161,1666,114914,114914,938,0,11767,1293,0,1788,133881,7438,555,1230,14886,2338,0,66612,66057,986,40964,23236,0,92,3862,13774,151,2.448491657124751,33,732,15,0,0.41267401144418825,5.16,69153,63176,4477,0
373575,2209,5793,345708,345708,1584,0,27052,21648,0,3945,346523,4840,3424,871,18224,1632,0,205906,202482,13746,167464,4149,3035,0,75512,84768,1365,2.588514221890268,585,1536,43,0,1.458814539518244,20.34,139267,3715,118621,0
1548950,31408,18749,1195666,1195666,9530,113,128599,0,4161,21418,1420351,3638,7580,208,133888,5153,0,1255571,1247991,31314,1080060,25193,171296,187893,295215,400463,3563,3.3057104354212656,3039,10412,246,0,0.9221927377645431,11.27,184974,35538,127313,0
460393,12719,17972,412404,412404,1554,140,35434,0,916,5322,424959,5466,3453,4282,25503,15110,0,327879,324426,2077,276261,25380,30083,29701,122117,68980,634,3.548653303494383,1003,3851,98,0,0.5571777278309835,7.2,92431,39297,52834,0
142852,2027,18986,134363,134363,561,0,7611,0,0,1360,135241,2916,550,1039,7048,2037,0,82503,81953,0,70502,11560,4191,4499,11343,38909,167,2.527671118035756,155,795,23,0,0.4855868658929746,8.88,35894,14727,19868,0
229307,2690,7082,199108,199108,794,6,25536,423,670,2743,203771,13179,2381,7769,7279,8744,0,161825,159444,1520,131103,46300,3400,2313,15309,63781,479,3.707993160474391,254,1646,58,0,0.8301290036069019,7.51,43634,15122,25649,0
1056030,9039,98347,766134,766134,6635,-778,105501,8069,7323,11151,950529,1816,9831,181,10501,724,0,853145,843314,22951,817120,33567,87743,340193,263902,91715,2199,1.7679134090418631,274,3340,99,0,0.8264109515423097,8.38,76729,29792,45936,0
65612,707,3514,54075,54075,93,0,10955,1760,0,661,54657,1592,311,1669,1287,2220,0,43103,42792,546,37458,2943,0,0,10960,23555,278,3.7209607022658227,13,303,7,0,1.6818161194210437,10.23,14307,0,14307,0
230330,1890,2173,176364,176364,1266,90,20909,0,2598,3216,209421,24940,2103,1025,25716,1845,0,187412,185309,2164,132723,57903,13659,315,35936,24910,740,3.6707091527720914,69,1189,26,555,1.3082728367642347,14.03,32631,9661,22970,0
12095329,167090,359395,10327275,10327275,45257,1200,1466607,0,509636,126542,10628722,13586,110067,10820,634864,66666,0,8083209,7973142,219759,7143318,47514,904216,457142,3715600,2018846,27284,3.0063696034341074,15822,60602,1393,926,0.9015794244665769,7.42,2614110,514258,2076437,0
1278957,19432,287926,1031225,1031225,5774,0,97610,5147,159,14885,1181347,0,13417,3569,64970,3606,0,707833,694416,0,602367,0,23556,14519,253383,310909,3199,3.1997597809581633,2365,7524,182,0,1.0535133922414948,13.21,230154,60414,169740,0
143777,2823,3684,126287,126287,703,0,7718,8750,0,1702,136059,3101,1151,780,10197,2413,0,86002,84851,0,69955,8318,6605,4263,20015,30754,197,3.185320106336762,217,988,32,0,0.5717229320389758,10.01,36511,27937,8574,0
191351,2731,16681,159951,159951,650,50,18347,0,0,2261,173004,1288,1039,8817,9082,14057,0,106473,105434,0,81888,10532,6482,0,30153,34721,294,3.5337762435256606,125,1292,37,0,0.6146994715466277,6.4,63363,4334,59029,0
359485,4406,8062,314851,314851,1504,0,38474,345,2677,4117,321011,6330,3363,705,16759,5411,0,224607,221244,6115,187988,40660,16413,11613,64643,54659,953,3.0983118172790465,760,2185,49,0,1.0506804478897502,9.96,110069,27313,80053,0
281254,5891,8721,253214,253214,1605,45,26938,0,694,3543,254316,6131,2852,632,13534,1502,0,206855,204003,2104,180512,23333,17884,12646,73746,52903,331,2.864094080613608,137,1643,48,0,0.4669584569209662,4.91,57117,17197,39394,0
455689,19433,15200,396513,396513,2748,105,41159,0,138,7288,414530,15,4226,590,28261,1933,0,397958,393732,22,367665,56301,41551,19608,196110,54095,838,4.34221742410385,598,3946,79,269,0.7365163348644465,8.15,13959,1734,10817,0
86166,275,15902,80664,80664,83,0,3881,0,0,774,82285,1549,306,364,1756,1411,0,20028,19722,0,15280,6584,304,0,2468,5924,356,3.2680086311371226,109,444,11,0,1.642454685436479,37.24,49814,14768,35046,0
756846,24836,35739,689691,689691,1283,100,41737,0,925,7672,715109,600,4763,2711,56164,8219,0,521470,516707,4738,451749,4668,43118,6141,120886,276936,1267,3.635773875237586,1591,6220,162,0,0.6742728583222075,12.29,166034,0,160146,0
2999075,37708,51432,2446860,2446860,20128,246,300156,2300,69735,37676,2698919,39592,24219,3400,227843,14973,0,2404969,2380750,24023,2064220,109560,162940,465295,831403,495022,2777,2.566422901828986,4122,18619,369,0,0.3697401566835493,3.7,332865,151522,169030,0
107772,1896,6865,93676,93676,238,0,13637,254,0,1023,94135,2950,680,2159,5132,2450,0,46270,45590,0,35735,2557,2503,733,15170,14772,272,3.075024727507761,97,645,28,0,0.995284291797595,7.96,49570,4791,44117,0
36954,85,9307,33085,33085,119,0,3736,0,0,394,33218,6790,695,521,2855,1279,0,14706,14011,0,3771,2811,126,0,211,623,79,3.2281257795190097,7,199,8,0,0.8637537755060203,8.39,13201,1836,11365,0
99506,357,22558,85722,85722,261,0,13662,4091,0,1317,85844,1210,764,6999,1937,9315,0,54466,53702,0,42004,8710,171,1050,394,31679,557,4.336533032185206,127,626,18,0,2.1411856286849678,16.11,18087,535,17552,0
293369,1926,142713,257612,257612,376,0,30540,0,0,3673,262829,1,978,1781,9224,5105,0,92690,91712,0,78561,3084,9800,0,32300,33377,1219,4.5528140934245185,264,1988,33,0,1.6274381533449929,16.28,50485,8691,41794,0
81774,2196,25081,73749,73749,83,0,7820,0,0,766,73954,1320,112,1729,1246,4049,0,7691,7579,0,1070,0,0,0,1062,8,335,3.7016963850197824,244,545,19,0,1.6193744863924202,17.07,43886,3659,40227,0
311084,2521,15330,282924,282924,1013,0,25677,11000,676,3845,285407,53462,2005,3797,21946,7519,0,175295,173290,0,90912,35591,4417,2005,12172,36727,1109,3.92024543061965,400,1788,55,0,1.4162298148940382,17.08,96358,15880,80367,0
133544,1522,15747,116760,116760,434,146,12404,48,0,1803,121140,6728,1061,2500,21876,9236,0,92964,91903,167,54957,5768,4006,78,18007,27098,310,4.410153984923651,213,1096,24,0,0.9406552726003807,9.92,22682,782,21900,0
2153059,35040,252767,1176813,1176813,12422,-938,276211,48,150483,24836,1876848,19758,16640,708,197517,1836,0,1526605,1509965,92,1304516,30345,275283,57602,246204,695082,4248,2.7102037073726644,21468,30996,790,1781,0.7965260737831966,6.21,101430,25384,72123,0
972386,7125,32063,848472,848472,6320,225,90303,2247,933,12098,882083,35,12514,215,36768,883,0,731813,719299,253,691398,167,124308,23845,475277,67801,2359,2.544018386674944,1033,3614,89,0,0.9799462047335681,10.53,174106,18691,155415,0
156448,2897,7165,121751,121751,1006,24,10900,0,217,2130,145548,3,1169,724,16122,11194,0,88253,87084,2118,50817,683,8302,58,19823,21951,86,3.245155003789382,106,1343,24,0,0.22525398368873042,3.12,49644,29767,14643,0
98111,1747,2211,80217,80217,452,15,6558,26,0,1214,91553,5008,1164,3572,3377,4353,0,75079,73915,1642,60687,18025,2715,2598,6941,30408,193,3.2550192225544636,76,630,20,0,0.7703014852250787,11.81,17365,6398,10967,0
223785,2696,4888,197849,197849,1383,0,24420,0,33,2761,199365,32718,2793,2685,23942,5084,0,152924,150131,0,90827,33886,16738,2027,13727,24449,220,2.575839355853235,166,1207,35,0,0.3909147850190793,3.59,60967,51194,9773,0
202620,1639,4547,152779,152779,699,0,17914,0,1356,1969,184706,0,2300,3084,19126,5693,0,115662,113362,101,90731,0,13628,0,58059,19044,441,2.784454194906312,442,1229,36,235,0.8808702838609483,9.98,70611,22401,47254,0
310886,1948,7086,274940,274940,2015,0,34021,10087,1089,4454,276865,21171,2512,3235,38188,4072,0,165198,162686,2088,99652,31239,1168,3607,29912,33726,315,3.4239748431204635,323,1872,45,0,0.41377951463006146,3.68,118714,31300,38882,0
699576,6776,15705,606821,606821,3593,41,69690,406,7971,8736,629886,53522,8419,6122,90384,57196,0,531407,522988,502,329731,101847,40277,18299,90753,78555,1369,3.107355726675951,1212,4911,114,0,0.7773997568141374,7.85,127879,65833,55453,0
440884,3819,25778,379108,379108,2916,20,49667,10493,0,5583,391217,331,4379,303,111938,1531,0,369556,365177,0,255690,4563,24531,2120,152581,71895,257,2.5533014848783666,255,2592,47,0,0.2345297086173698,2.08,21340,0,10624,0
737051,12929,59505,632331,632331,2683,0,62242,0,0,8208,674809,8353,5764,8324,34923,16951,0,485755,479991,1950,423414,23864,62885,2513,88926,245226,1707,3.2046518203799903,1320,4687,123,74,0.9367610813361879,11.25,168716,50926,115572,0
95127,1416,10824,75543,75543,169,0,18078,5290,0,1001,77049,3563,502,1170,2072,1601,0,52139,51637,1405,43670,20617,0,0,7405,15648,227,3.9150407914781984,90,649,21,0,0.9461388573393492,5.04,19015,736,18279,0
160842,3120,52850,143011,143011,608,0,17026,2780,0,2241,143816,3014,1568,686,7374,2500,0,92737,91169,3107,76447,11955,1230,2012,43821,17429,607,4.317407440455535,149,983,27,0,1.543150047190647,14.52,9547,1079,8468,0
3532203,12485,72033,2758688,2758688,25554,2326,347705,0,11950,55783,3184498,0,32799,20,1073430,10832,0,2915794,2882995,127625,1651392,3344,201798,452189,966507,27554,10019,3.7271093603104584,7000,22819,338,0,1.1383231973259234,11.66,322245,39314,281027,0
93895,2881,5813,79589,79589,325,654,10804,4400,0,913,83091,2422,1768,435,2763,1049,0,31434,29666,0,24312,11628,56,0,8323,4305,-574,2.7266878046801186,82,613,17,0,-2.4576915254600142,-20.38,49180,25284,23758,0
311225,1444,47724,283753,283753,572,30,27098,2095,0,3519,284127,0,1370,1358,15449,2383,1665,158683,157313,11872,127299,424,12939,2736,47524,63676,1622,3.938115330520394,292,1553,51,0,2.0468426631669274,24.13,93273,9593,74799,0
636959,4416,50091,544413,544413,3187,74,71851,2271,0,7283,565108,0,5068,1223,14904,3677,0,400662,395594,9718,372357,330,23693,21028,106854,220452,1137,2.7260369472512513,167,2662,70,144,0.7306646188350173,6.33,176417,12761,162364,0
199968,1519,5918,182647,182647,749,62,16478,18088,0,2610,183490,1519,1375,1129,3730,2239,900,148774,147399,504,139487,29040,20939,11446,16317,61745,400,3.9352928737576653,167,1405,41,0,0.8095220025550538,9.82,24002,7756,16246,0
69849,2673,5384,59697,59697,350,15,5899,386,55,1234,63950,10778,560,1090,8010,1475,0,58684,58124,0,38418,22353,1836,0,5270,8959,294,5.502517059203411,18,583,23,0,1.6797000535618638,20.27,1571,1431,140,0
126233,3564,2056,114551,114551,977,0,9110,425,0,1938,117123,6842,960,4273,24029,8956,0,85789,84829,4,45898,6033,4854,0,19063,15948,290,3.2617319253467287,70,645,18,7,0.9189792991990621,12.72,31330,11457,19873,0
74156,538,3969,63215,63215,385,0,7610,1926,0,911,66546,5276,493,725,3920,1229,0,48727,48234,0,38295,16160,3090,115,2672,16258,101,3.0637504732504297,82,490,13,0,0.5499367028299961,5.31,15951,2302,13561,0
133529,1477,4423,99893,99893,707,8,8657,0,0,1476,124872,28327,1079,670,5145,1085,0,64799,63720,0,30236,13293,320,0,4530,12093,193,2.442714144474312,65,683,16,0,0.5809468982929041,8.94,60210,40444,19697,0
137871,1053,16451,121401,121401,605,15,15848,334,0,1629,122023,16357,884,245,8373,851,0,68810,67926,0,42955,33303,454,0,5115,4083,191,3.0722726641989477,51,796,22,0,0.5480965482113328,4.82,48892,16179,32713,0
652377,12884,31497,548299,548299,3211,203,54135,0,1902,8569,598242,11082,5306,5568,79529,9509,0,523323,518017,534,421636,54430,47887,32584,140652,146083,1570,3.544025822838395,640,3755,91,0,0.9779006901362833,11.76,73088,10298,57140,0
390053,3440,31163,325478,325478,2762,89,35786,476,360,5169,354267,11651,2540,166,53201,1159,0,256280,253740,46,187253,6686,14982,1222,142645,21718,168,2.619023007578519,106,2230,45,0,0.17790155584441028,1.88,96011,977,49270,0
550690,14718,10271,469379,469379,2026,24,40182,13120,2936,5531,510508,17188,3955,2530,21009,11635,0,345827,341872,2163,292437,37483,27079,30755,102109,95011,847,2.794855233675414,596,3470,88,0,0.6165049736193009,8.41,146049,74615,57233,0
653694,4277,25439,563042,563042,2397,750,52154,0,11832,7102,601540,54574,3428,6574,58168,9045,0,460531,457103,344,338399,87154,13812,20651,71871,144911,1516,2.993776222385715,1051,3017,59,307,0.9186236400158759,11.52,147685,66082,64392,0
260458,2700,12812,224304,224304,1977,75,19069,134,403,4075,241389,6139,2801,3032,32021,6221,0,235118,232317,0,190720,20660,32642,5285,49700,82433,691,3.468764789888005,205,1536,41,44,1.076892207531622,14.38,5580,0,5502,0
464454,1386,218815,418762,418762,2592,0,44165,0,0,5245,420289,17972,2554,11175,32526,20253,0,191835,189281,0,120924,32205,3356,3236,40332,41795,890,2.3594281521666627,248,1678,49,0,0.7623403849818944,8.2,52239,787,51301,0
433277,2495,12254,363034,363034,1722,553,55412,0,0,5197,377865,57783,3472,3695,45940,9850,0,276035,272563,0,161683,56708,9153,5549,40172,50101,1174,3.4357678261353173,750,2498,69,0,1.0803237750598422,8.49,124501,24273,100014,0
312277,756,12725,283437,283437,925,0,27444,4705,0,3719,284833,56991,3161,5872,26116,14993,0,199039,195878,2110,98716,68513,2181,0,19286,8736,970,3.7107685667090005,231,1786,54,0,1.2299304201733947,14.14,91114,37888,53226,0
2645695,44005,320950,2250181,2250181,12088,100,126384,0,26575,30941,2519311,16314,14719,12307,108098,34204,9100,1203221,1188502,3208,1029439,31030,193388,32527,509085,263409,4774,3.2392455047586566,5571,18439,543,3238,0.7362841248567609,14.78,909699,733355,175921,0
174952,1572,5090,139276,139276,919,78,28669,0,16065,2566,146283,4379,1002,1328,12338,1775,0,86089,85087,291,67159,14533,5097,5201,14308,28020,259,4.333341007232101,182,1424,30,0,0.5944013815815896,3.62,64424,25263,8625,0
590394,18552,31505,497486,497486,3075,0,65928,0,662,6494,524466,103583,4889,1225,37930,2628,0,465332,460443,38,321114,147392,13996,6698,69087,83941,1087,2.44713763986136,2033,4142,128,0,0.7175829272036216,6.48,64764,33569,31203,0
460473,1799,46737,365953,365953,2564,110,43403,0,0,6635,417070,9243,3463,1050,60848,2802,0,338480,335017,0,263137,23559,37607,7452,97633,96886,1015,3.79622894869356,292,2853,62,340,0.9210683031131428,9.23,71746,4205,67465,0
812836,5860,62007,746049,746049,3537,279,64879,7861,6008,9197,747957,53026,5435,1977,70031,4563,0,523199,517764,44508,341015,68063,20974,41331,140035,70612,2212,3.0303577870089473,880,4031,108,1263,1.143994192109052,13.75,205279,10062,195217,0
54362,105,367,44151,44151,217,2,90,5661,0,467,54272,228,71,148,0,166,0,7159,7088,285,6537,510,213,0,1056,4758,67,1.9496027684359312,16,197,9,0,0.4957500531821419,95.71,38868,16344,22524,0
436073,5356,17059,360657,360657,1700,110,52561,2122,7068,5505,383512,47239,3456,2233,27454,4503,0,332353,328897,2067,251090,128722,22738,18804,51686,29140,1429,3.7060439928362805,268,2100,65,0,1.291992292348291,10.79,64283,3642,60531,0
286658,5349,28315,251468,251468,495,0,34368,0,0,3983,252290,5916,3793,5290,21212,14468,0,181978,178185,3275,136983,8223,33320,6041,25654,63745,2154,5.344539295886061,498,1832,46,59,3.0748257563050703,24.88,72695,5086,63287,0
669212,29686,88636,572571,572571,3507,139,31870,0,590,7143,637342,30504,4028,2518,35636,9243,0,295223,291195,6435,213620,24882,37967,7992,63822,78957,548,2.4890918254794765,997,3946,96,800,0.33638721360281143,6.62,232087,123880,101314,0
65328,600,2709,48001,48001,310,0,7133,0,2575,763,58195,76,308,6,5562,245,0,33084,32776,0,27200,1456,8069,0,8854,8821,44,2.9616311853879784,20,419,8,0,0.2664990952658556,2.45,25359,959,24400,0
146856,2391,14179,128872,128872,770,45,9949,1574,269,1936,136907,2471,1076,7199,11996,9228,0,85576,84500,0,60936,11238,14238,2744,11872,20844,148,3.454303066212413,149,1110,29,2023,0.40569341364966455,5.94,37336,18340,18996,0
56931,482,18789,46303,46303,64,17,6971,2214,0,736,49960,134,268,3542,3092,4725,0,20907,20639,0,12956,308,90,0,963,11595,381,4.766253224934172,77,351,12,0,2.6008823203147,22.27,14357,7733,6624,0
133322,470,9203,120402,120402,348,20,12146,0,0,1540,121176,4008,413,5002,17683,8159,0,59646,59233,0,29700,5959,6036,0,17705,0,532,3.725785907964961,154,794,15,0,1.5641595766184604,17.53,59563,21723,37840,0
4777181,63077,95579,4152523,4152523,16176,555,295997,0,32777,46189,4481184,47059,33964,5187,226671,24051,0,3169032,3135068,41672,2829143,142944,268911,102317,1225571,1089400,14067,2.6788531441692123,6579,25412,575,0,1.1801436860802694,19.13,1313488,187118,1068329,0
78183,522,2694,62714,62714,272,0,11198,145,0,1200,66985,8941,853,368,2707,2299,0,62778,61925,0,48822,4935,11990,491,6037,25369,351,4.838657116228141,18,469,14,0,1.7630328182782804,12.39,12079,1725,10348,0
70890,112,3993,52612,52612,475,0,8195,6490,0,1044,62695,25976,937,755,1142,887,0,47184,46247,0,19178,13381,0,0,3038,2759,285,3.5658890438215805,83,367,10,0,1.635229147242344,13.59,10112,5446,4666,0
190842,2771,16241,160526,160526,284,25,13492,0,254,2091,177350,12182,974,2923,10686,6877,0,116124,115150,1934,84429,18698,9753,537,32843,22598,665,4.161988172767423,322,1439,36,0,1.4231448290621154,20.02,50410,21624,28786,0
3986559,108841,422493,3289591,3289591,13475,300,371778,1254,81750,40666,3614781,58674,26248,84932,113793,172348,0,2282658,2256410,599,1355421,74693,103410,25343,683151,468824,9846,2.9585542896235437,7944,24989,759,0,0.9928300648223448,10.53,1054727,86993,956087,0
228976,2704,2089,183326,183326,913,0,29060,0,5018,2721,199916,98357,2046,627,20786,1264,0,177274,175228,477,55961,32941,1333,672,5810,15205,755,3.434495499110745,204,1021,27,0,1.3101724915836601,10.52,34082,1769,29214,0
132077,402,8165,118463,118463,770,38,11835,0,0,1736,120242,22234,1726,2854,6901,5136,729,88081,86355,0,52831,23072,1601,45,3082,25031,274,3.072238146161889,68,630,26,148,0.8192616180416955,9.03,33509,2862,28783,0
879911,17972,51599,662304,662304,7158,357,89148,0,5108,13278,790763,393,8740,89,67410,2522,0,723399,714659,120,636502,7027,135397,72347,254116,167615,1082,2.952027740378325,476,4836,93,0,0.49160561825256244,4.9,66165,19052,20996,0
183505,801,10588,167143,167143,766,0,15423,2243,1129,1964,168082,14892,602,978,7288,2145,0,57230,56628,0,32900,10543,806,0,4917,16634,452,2.698281759851797,77,818,23,22,0.9749889450921602,11.8,109256,80457,16749,0
47854,322,7434,43092,43092,69,0,4661,315,0,438,43193,741,271,765,1969,2829,0,14513,14242,0,8967,295,267,0,1219,7186,64,3.461863214185196,57,362,12,0,0.5673570249216006,5.44,24377,12735,11642,0
494661,7912,37145,437533,437533,881,99,49475,0,0,5719,445186,0,5197,4506,43421,9210,0,385113,379916,689,331793,630,26983,8916,118912,176352,2154,4.037988642635293,726,3119,75,300,1.7295752142396876,17.74,60455,12675,36873,0
624408,6346,6473,559060,559060,2188,0,46281,23134,0,6059,578127,38794,5832,17106,65788,27206,0,297374,291542,2032,163526,28209,6987,19124,83238,25968,3194,2.6010873700947186,2639,3326,82,0,2.0561498208352544,26.96,285650,116843,167856,0
86069,133,11021,80602,80602,465,120,5167,0,0,1118,80902,1142,513,573,14614,852,0,46633,46120,125,29896,4023,3285,2000,6529,14059,-197,3.5408307125040666,54,784,16,0,-0.9276754548611723,-15.28,28138,16025,12113,0
458946,9680,87243,393798,393798,1890,0,48580,200,619,6460,410366,12948,5118,4062,61597,8469,0,318716,313598,1761,233816,43228,33090,14713,59884,82901,2262,4.328389308783694,780,3088,85,0,2.0493353476373075,18.86,43926,881,39824,0
880580,10482,87739,787320,787320,2707,-143,34675,0,0,8836,845905,0,9354,872,13508,5310,0,377041,367687,0,354641,2227,44858,6716,159199,141641,1726,2.9421948009944128,1315,5290,156,0,0.7723307799657128,19.66,372658,91277,281381,0
48902,18,2128,40764,40764,207,0,7834,3315,0,479,41068,4793,381,238,4177,503,0,17529,17148,256,7738,7065,0,112,0,561,98,2.3898694138449876,36,199,7,0,0.7999183756759515,5,24415,12585,11830,0
72106,252,5170,62020,62020,295,0,4154,0,0,737,67952,6497,344,1429,1961,3706,0,27453,27109,0,10899,2892,1635,68,3833,2471,85,2.5086198334208323,29,388,11,0,0.4690496226909653,7.94,38741,22627,16039,0
693097,6795,27019,580255,580255,2905,175,60949,0,12446,8222,632148,155890,5816,4304,57365,14326,0,461188,455372,3290,230229,99882,10483,25469,56530,37865,1981,3.3306919156959722,570,3705,94,0,1.1480472403184223,12.98,171669,57892,98104,0
439021,3871,81023,395824,395824,1991,0,34701,0,0,5829,404320,17474,4212,2478,41299,6017,0,240127,235915,0,172831,32578,6519,14091,81478,38165,1608,3.6305460599517803,485,2261,44,0,1.4547329710071177,18.74,105103,17162,80933,0
632083,11632,65811,571353,571353,2755,0,54177,0,9000,7412,577906,94741,5656,4477,53343,11481,0,421333,415677,1098,256570,81352,20661,31325,81519,41713,1684,3.107743332565907,458,3438,72,0,1.064061695358631,12.42,119816,56342,58156,0
204538,5717,15056,186249,186249,825,45,16494,0,0,2977,188044,9583,1295,1934,10804,3206,0,131748,130453,0,108052,9484,23017,3772,33575,38204,665,4.541605442751132,303,1745,46,0,1.3194444444444444,16.31,49409,9053,38101,0
663726,11930,42637,606971,606971,3722,72,34938,0,578,8342,628788,35904,3500,7568,58786,18295,0,429689,426189,0,316605,62423,36505,47617,110204,59856,1654,3.024344500332629,1172,4067,102,0,1.0149231751018606,18.85,161603,53118,103546,0
619466,6804,78655,497164,497164,2793,210,106385,0,1042,10323,513081,106490,5315,3718,43138,11139,0,420743,415428,5186,254545,87161,13446,2474,77968,73496,3036,5.238365636877955,464,3812,104,3075,1.996302960015584,11.58,97074,2047,95027,0
114611,985,5915,102012,102012,203,15,8672,0,0,1109,105939,2808,368,10650,9753,20385,0,43845,43477,0,10444,140,2082,479,1903,5840,120,3.458064762377324,233,985,23,0,0.41938978785866565,5.43,58223,18123,40100,0
420463,14201,56851,370554,370554,1989,379,40446,2652,1426,6445,380017,8331,4597,8883,27094,18705,0,301424,296827,0,241700,30556,28592,3,103590,78959,1073,4.6752088551981,1042,4046,97,801,1.0200686383557216,10.77,36041,4775,31266,0
1784936,62071,114196,1582168,1582168,8227,0,90357,0,12964,19678,1694579,15682,13019,6584,111932,22243,0,885194,872175,13805,710931,69662,107592,14587,378351,140739,1275,2.8212667983142863,3126,13152,271,0,0.28820300341435795,5.54,671542,183509,468652,0
234349,1317,26067,211231,211231,1351,0,22490,0,0,3554,211859,13812,2399,1699,32498,5005,0,173973,171574,134,122524,29992,14403,106,21465,56558,1287,3.9499222297427528,165,1081,22,0,2.2155514670281784,23.2,28889,0,28889,0
210146,1891,7386,175894,175894,561,0,19775,0,0,2096,190371,1296,720,1777,9091,5687,0,68958,68238,118,49490,2747,6954,0,9123,30666,1044,3.0137483863684333,172,663,15,0,1.9527341083168892,21.19,127584,41992,82089,0
101865,1094,32931,84957,84957,159,-21,16389,0,459,1628,85476,1323,892,1133,13795,3311,0,65806,64914,0,47378,14813,1945,97,11900,18623,593,6.121120260845561,151,857,23,24,2.3127023127023127,14.74,0,0,0,0
365567,3396,14349,306389,306389,1996,4,35387,0,747,4566,330180,43044,4058,1552,44077,3276,0,321359,317301,219,230481,60499,9216,17265,100160,43341,1027,2.9379612892162816,243,1783,43,0,1.1224565075427,11.79,22972,195,22630,0
1296850,12008,14394,1030545,1030545,9374,319,125570,0,15213,17961,1171280,64489,13183,2226,157136,11341,0,1159396,1146213,269,925114,158940,163490,55399,271133,276152,2914,2.759661285080772,401,5640,125,0,0.9000629719761193,9.37,90898,27733,48722,0
143921,2144,16341,132998,132998,239,0,9880,0,0,1404,134041,1755,1068,3323,4571,6674,0,69759,68691,0,56759,15175,405,0,10021,31158,368,3.410134539320827,133,831,25,0,1.0236617465533127,14.71,54071,6576,47495,0
89558,728,17178,75645,75645,294,0,10526,0,0,1360,79032,20346,2019,509,2956,1125,0,49090,47071,0,24618,12603,2357,0,6068,3590,456,5.305396225006532,46,484,16,0,2.080849680286117,17.48,20844,9878,10966,0
2188776,46302,69039,1812590,1812590,14345,0,199902,0,14957,27321,1988874,84731,19500,10413,300936,21463,0,1914846,1895346,0,1492056,107275,165440,138093,667266,413982,2857,2.549755704086074,3478,12710,288,0,0.5284946873057684,5.72,125922,38617,85730,0
1023736,20658,65370,849223,849223,4635,82,70538,0,0,10645,953198,42055,5123,2174,100712,12060,0,474120,468997,8156,310676,43210,46997,13571,145911,60987,2151,2.486850673616883,1415,4655,127,0,0.8357934063244032,12.26,435538,94542,340027,0
1006124,9364,10035,883538,883538,3423,60,93332,0,19978,11522,912792,617,8809,1860,105474,41174,3779,664103,655294,6318,502845,15612,43418,58452,267457,117906,2885,3.436337176000374,1501,5424,163,2073,1.1400942701865349,12.1,280477,91008,189469,0
319477,7376,5649,296191,296191,1625,98,18946,105,531,4159,300531,20198,2703,6057,12695,13664,0,222063,219360,1161,174344,73344,5687,5656,38032,51625,540,3.3770963168793173,587,2479,63,0,0.6689760794594921,11.37,74421,37172,33729,0
1391234,12841,139223,1265864,1265864,7152,14,108605,13875,0,17431,1282629,12438,12191,7842,45516,22606,0,912913,900722,16878,815975,51969,159007,14131,309157,281711,3486,3.201581012279242,1371,7084,181,0,1.0240953237093051,12.96,277481,23361,248025,0
91459,1751,1641,76794,76794,315,0,7299,2168,446,1234,84160,23754,1235,269,10539,599,0,67926,66691,0,33035,18802,2315,2272,4072,5574,390,4.290833537603157,24,515,14,0,1.7240712395077555,21.65,17596,6616,10980,0
194893,806,4534,186117,186117,878,0,8228,0,0,1980,186665,0,702,104,3536,500,0,49178,48476,0,45093,2590,9826,2223,20723,9731,255,2.354386433435706,77,915,27,0,0.520628633554005,12.05,135329,41514,90007,0
916117,34781,81199,831394,831394,2992,225,81467,0,374,11653,834650,28682,7242,4953,41926,7504,0,665870,658628,1715,585850,106463,61870,21618,239884,156015,3299,4.04167672885977,2454,6515,195,0,1.4406884211054958,16.4,130308,6343,122557,0
146848,2173,4493,133259,133259,311,15,12797,15200,0,1894,134051,19198,1515,2073,11583,3466,0,114114,112599,0,79867,33009,1226,1290,16684,27658,403,4.576053767909086,88,1146,33,0,1.1040982455659702,12.73,10233,1550,8683,0
218165,2394,12054,197187,197187,838,135,19884,104,0,3014,198281,1757,1459,4232,28528,7826,0,151843,150384,1995,111844,5754,6061,3137,42806,54086,836,4.067955039375599,335,1540,47,0,1.4986241697962694,16.94,50744,14483,36261,0
66851,259,14148,56906,56906,193,0,9234,3615,0,646,57617,15006,255,418,2047,680,0,26137,25882,0,8404,7520,0,0,884,0,175,2.8410605371674063,16,292,7,0,1.0162896715932517,7.38,19709,7185,12524,0
69898,519,4584,61722,61722,143,-31,7947,1145,0,863,61951,13565,521,247,5143,906,0,51617,51096,0,31961,16936,30,0,3154,11841,185,4.39215207826571,54,592,12,244,1.040677846921914,8.71,8868,2525,6343,0
184605,6878,11901,163835,163835,919,0,19658,0,0,2333,164947,59477,1533,1957,8010,2725,0,129539,128006,84,53928,33962,1781,481,11507,6197,391,3.3216757548795925,81,1034,29,0,0.8359858780390679,7.82,29757,11849,17830,0
102736,432,2858,99175,99175,399,0,3291,2437,0,1212,99445,6650,297,1446,4223,2573,0,48286,47989,0,34840,14038,712,0,1672,18418,219,3.286408699079361,97,676,15,0,0.851771363563438,24.35,48032,25371,22661,0
230436,1783,14859,204019,204019,716,0,21162,0,0,2591,209274,33386,1416,6372,8955,8565,0,144221,142805,1328,91936,38813,8406,194,11602,32921,656,3.341791779637794,189,1223,32,0,1.1198791349957962,12.47,66640,27664,38854,0
3960858,95880,148017,3070735,3070735,26096,0,332702,0,0,44570,3628156,1800,28373,89,474120,6442,0,2980133,2951760,89108,2381314,10114,455133,388010,1405962,122095,7253,2.042600052740079,2285,11694,179,0,0.7453027137193167,8.68,605735,189353,367898,0
91069,900,5693,74320,74320,365,0,7156,166,0,1193,83913,13128,797,128,12977,268,0,70443,69646,0,44055,20167,3291,1948,10092,8557,173,3.791143696021703,50,576,12,0,0.750696998296829,9.67,13181,0,13181,0
220352,3708,24832,181392,181392,1134,0,32062,0,14757,4210,188290,6227,817,1992,17304,2610,0,143800,142983,632,116967,45777,6234,6129,30227,28600,741,6.477306527055021,195,2273,35,0,1.3548785226155922,9.29,27042,4020,22042,0
866848,10952,108860,713546,713546,2988,360,98456,0,870,11308,768392,6721,8286,1833,24691,12959,0,557110,548824,506,510923,8634,64074,34022,262570,141623,3517,3.96043845671424,1439,4830,110,0,1.6167968505330617,14.55,182735,34560,141175,0
204819,917,10813,179614,179614,860,36,15220,4400,0,1933,189599,15497,1542,415,8192,788,0,107735,106193,692,79353,10723,3689,1449,39480,24012,250,2.2143971933083106,172,810,22,0,0.4919528807530815,6.57,79053,23158,43325,0
953556,23788,48540,842432,842432,7553,300,108977,5502,2076,13690,844579,2133,8945,6209,77438,9376,0,804046,795101,0,715081,2549,196220,15111,338857,162344,1616,2.8111079301460062,358,4362,88,0,0.7008367974013526,5.95,62659,7731,54928,0
906374,9957,68051,793964,793964,5341,0,77643,19361,8932,9709,828731,1867,5095,3184,42014,14532,0,432125,427030,4751,363868,41733,35209,12118,154483,120325,345,2.2397343904729246,919,4942,165,2950,0.15371077868989408,1.76,328715,42350,223437,0
204301,2833,12650,177899,177899,350,30,17321,0,0,2078,186980,259,1776,4308,9330,8488,0,138196,136420,1527,118555,147,2108,2142,31463,82695,475,3.7002735589972002,336,1477,50,391,0.9310256963092182,11.03,42029,23996,18033,0
425600,3786,22684,368130,368130,1317,230,29716,0,2157,4906,395884,3706,3074,10992,14220,16417,0,191706,188632,1354,155879,17743,20404,19825,46289,51618,1434,3.568747358739156,770,2695,77,0,1.334682908100939,19.41,194016,96055,79297,0
386742,4242,46017,343688,343688,1054,20,40095,225,0,4070,346647,2933,1687,3875,23457,9412,0,189794,188107,4078,149744,11726,14703,1316,74822,47177,1120,3.3663813911437157,666,2252,58,360,1.165516326334165,11.2,133265,35451,97864,0
280113,3752,6262,240854,240854,714,0,30008,5074,0,2732,250105,5874,834,10890,1315,21625,0,92199,91365,0,63129,10590,3441,1568,18419,29111,448,3.128360846657223,411,1903,62,0,0.6434297101514321,5.97,161965,90779,55575,0
334364,661,27199,292863,292863,1858,0,39235,4475,860,4001,295129,1474,3266,5131,43987,6526,0,173687,170421,1272,119978,11658,8209,5698,28453,65960,644,2.6683185421990907,329,1658,43,0,0.7716675778295352,6.56,125436,52007,73429,0
329598,1505,70139,251239,251239,2091,131,42475,0,0,5740,287123,20140,4833,7754,7138,18752,0,255810,250977,353,209412,15200,6592,9710,39865,138045,2823,4.593953204373634,124,819,22,0,3.435450674722878,27.5,0,0,0,0
572139,9401,32192,518342,518342,2527,45,45494,0,3545,6791,526645,15256,5711,13051,64740,16790,0,431021,425310,4591,329303,32549,31779,10195,160396,94384,1823,3.1994717570082236,1123,3438,85,0,1.269135144966318,16.24,84776,16830,67454,0
469875,8792,43992,421236,421236,1545,327,43700,27000,0,7229,426175,7084,5270,1000,30589,8124,0,352004,346734,743,298613,43187,40137,1390,137997,75902,1557,5.228421493190818,634,3924,107,0,1.365190705830776,14.51,34995,1446,33549,0
215917,4039,6706,178107,178107,1184,55,14718,0,0,2650,201199,2866,1735,4210,3518,10147,0,130603,128868,0,114072,34518,4638,366,24586,49964,155,2.817835398816932,309,1541,48,0,0.28265715966026433,4.17,71087,25800,42424,0
437253,4570,28359,352069,352069,877,63,41698,788,0,4566,395555,589,2676,1043,18135,3526,0,274797,272121,0,251489,6532,28411,4995,109616,101935,1074,3.5988005624040453,880,3285,84,0,0.9858162700989718,10.34,119618,24557,95061,0
379647,3688,35277,276319,276319,1702,70,26337,2395,0,4654,353310,4423,2663,12459,26537,17674,0,182849,180186,1738,132314,26898,2603,515,36380,65918,1143,3.260630946447285,441,1816,51,107,1.209928719531801,17.56,152369,11745,138890,0
1265359,8160,107470,1155285,1155285,5425,1,85007,0,1248,13631,1180352,149222,9528,10307,78002,18325,0,664355,654827,1940,413728,219814,19389,6089,124401,44035,3669,2.6917240392425548,1375,5892,173,0,1.1554126904086812,17.51,466622,293581,172092,0
412018,4902,15256,357010,357010,2205,225,47031,0,0,6010,364987,22106,5750,142,47300,1160,0,357956,352206,46,287344,18446,46803,25565,129855,66675,786,3.789383005289451,268,2809,67,0,0.7385456710864302,7.03,28380,6483,20868,0
129270,7998,27584,114298,114298,806,24,14021,0,0,2189,115249,729,1230,211,10713,1412,0,90867,89637,0,78004,955,18380,741,11508,46420,410,4.803813873921595,102,950,18,254,1.270205169115426,11.87,815,0,0,0
501610,10947,26793,441127,441127,2588,0,48973,441,4102,5300,452637,68727,4759,2379,29302,4454,0,374924,370165,6300,266118,152195,15912,4741,52129,41141,267,2.3329659399446223,173,2621,68,0,0.21312834696815947,2.18,80206,45827,34281,0
137438,567,3372,111240,111240,696,40,13228,1420,0,1606,124210,30917,986,667,4103,1493,0,102871,101885,0,66358,45460,0,0,18535,2363,476,2.7774704416864737,41,438,9,0,1.3771653828071317,14.09,25985,11342,14643,0
58510,289,21770,48705,48705,130,0,9507,1275,0,689,49003,4066,173,451,8200,1470,0,15989,15816,0,2253,1848,0,0,405,0,260,3.9322236584100523,10,221,8,0,1.7673098654975232,11.1,18156,193,17963,0
43154,833,10260,35837,35837,15,114,7129,0,2281,234,36025,903,114,417,591,981,0,11663,11549,0,9187,1521,76,21,1236,6333,-104,2.4059654760433404,31,240,9,0,-1.0611974184332031,-8.41,17944,1974,15970,0
1547850,25532,21372,1285870,1285870,8422,-1286,145168,1353,9809,18989,1402682,60399,15005,3556,80513,9027,0,1290394,1275389,1337,1139046,182206,40597,188665,336851,390727,2833,2.9209044935822748,3013,11056,322,167,0.7314025476457254,7.84,169149,58969,106285,0
341936,1655,12580,279203,279203,1208,45,53802,0,583,3599,288134,30788,3083,12213,29021,14109,0,226967,223884,522,151763,57054,2404,0,32745,59560,750,2.983021666206613,343,1724,52,0,0.8769429767829348,5.63,90551,35039,55029,0
36605,394,2700,32206,32206,77,10,4364,3355,0,516,32241,3713,391,813,7986,2019,0,24920,24529,0,11198,3708,197,0,736,6557,185,5.351945261425458,35,279,10,70,2.0920206375008834,17.12,5005,4006,999,0
174251,1363,8552,158364,158364,327,42,14839,1967,919,1839,159412,11907,1209,1901,9231,4210,0,92675,91466,174,67126,37283,1352,1185,7318,19988,435,3.6453169310144267,178,1210,42,0,0.985369527730507,11.71,64394,17204,47190,0
44258,18,14177,39673,39673,136,0,4494,0,0,462,39764,1716,299,518,4636,689,0,16904,16605,3120,6743,3536,18,158,1630,1401,181,2.8728794888742013,26,161,6,0,1.5315944236424022,16.33,12612,4778,7834,0
610964,9531,111489,541774,541774,1333,107,60241,32516,40,7908,550723,6178,4293,2452,30277,7962,0,292337,288044,49,247872,63608,68875,3835,58507,53047,3815,4.596066081993469,688,3194,93,0,2.438048251307495,24.35,149716,18512,98732,0
247562,2829,14741,203754,203754,1232,0,21505,0,2009,2794,226057,38532,2228,4191,18243,6748,0,175166,172938,2172,109440,49046,660,506,10351,48877,475,2.7458908323811198,169,1236,34,0,0.7776240719670615,8.94,48239,18181,30058,0
57157,196,8009,48674,48674,300,0,8095,469,24,663,49062,6613,620,1280,2802,2503,0,17301,16681,0,5354,3502,0,0,1468,384,57,2.5544267053701013,13,319,8,22,0.39265325101392373,2.83,30854,10048,19847,0
884020,2370,18584,743050,743050,6329,148,66270,0,957,12534,817750,3217,7643,1920,149103,7221,0,699836,692193,0,540251,38913,53222,97993,215489,134634,3106,2.989444802768308,599,2931,59,0,1.4399045008605353,19.09,144258,117537,24771,0
80182,1445,2418,74007,74007,448,12,5925,0,0,1173,74257,7080,820,1383,2567,2592,0,67769,66949,0,55311,6708,1302,0,2674,44627,181,3.794172674106734,61,544,14,0,0.892328929205285,12.29,7766,4068,3698,0
71918,411,5539,62018,62018,326,5,5795,0,0,888,66123,7479,639,1774,3000,3542,0,43973,43334,0,29945,9643,2840,0,4161,13301,192,3.296139352795414,75,393,13,0,1.0790078185918106,13.3,21358,11475,9883,0
5597213,65181,291658,5062311,5062311,24441,3203,342933,0,18893,63724,5254280,323,34770,80532,430249,219335,0,3375530,3340760,143192,2536555,1476,539574,117719,1044961,832825,13314,3.066787907957328,11307,34073,655,1127,0.9696706622914714,15.41,1658683,375193,990889,0
509251,8266,18266,437495,437495,2119,75,32517,15817,410,5803,476734,9138,4051,5375,22572,7897,0,346241,342190,10067,292549,51733,19428,23240,104391,93757,535,3.1874302425181043,721,3781,97,0,0.4290292411495177,6.54,104252,15713,84850,0
546423,9276,66263,447428,447428,2061,0,60282,0,95,7336,486141,1769,7234,13342,29168,33233,0,296345,289111,3004,227264,7977,50498,4250,68624,95915,2128,4.444720630349859,1388,3974,123,0,1.6269859473676163,14.25,154616,89802,64814,0
432230,4883,54087,358984,358984,1152,15,60408,0,0,4285,371822,974,2147,374,25447,1790,0,263945,261798,0,235514,1279,31459,16245,127283,59248,1018,2.955674319218487,1620,3673,88,0,0.934179570327869,6.74,108041,69956,28616,0
1848576,25211,61097,1647434,1647434,7789,1107,182138,0,0,27355,1666438,2658,12756,7176,178359,22742,0,1350000,1337244,379,1145563,159227,373238,27530,381891,203677,7789,4.501046845359331,2287,13028,305,234,1.6820505511366366,17.16,360960,233270,121834,0
204076,2221,24337,174175,174175,1262,703,22798,700,255,3098,181278,3814,2515,63,13611,458,0,172965,170450,0,153601,22322,31227,12758,61942,25352,-506,3.6557683883557006,140,1659,29,40,-0.9518323006924768,-8.8,146,0,146,0
3479689,91074,77366,2751861,2751861,10882,1175,399960,0,14473,42176,3079729,1669,30613,70903,349320,92467,0,2752703,2722090,80432,2201462,32402,364406,143860,909873,750921,8006,3.8622462620126314,11577,32034,502,0,0.9253636590469511,8.08,513048,8491,417542,0
59753,1305,8228,45577,45577,198,40,13024,5500,0,1032,46729,56,643,706,816,34657,0,37006,36363,0,1463,515,0,0,947,1,110,6.470759383183008,82,768,15,0,0.7917300200631585,3.39,7758,199,2819,0
122005,844,2884,105955,105955,447,30,15444,1443,310,1668,106561,19898,1385,539,41576,10641,0,112432,111047,0,40317,18639,2306,10562,749,8061,561,4.142511206578484,23,631,20,0,1.8260455616270033,14.78,4147,636,3511,0
169797,2804,8008,154118,154118,638,45,14263,14083,0,2256,155534,34,1922,299,7933,2631,0,103880,101958,0,92822,7414,17775,8911,39498,19224,151,4.215682442907206,228,1629,34,0,0.36230036739896526,4.24,36913,15478,18528,0
245549,10369,106737,211948,211948,1196,0,23627,0,0,3386,221922,0,1644,11,10871,1135,0,113987,112343,0,101964,0,12672,15665,64788,8839,1789,3.9021782707470267,3109,3416,96,0,2.9013300465648064,31.35,7792,3792,4000,0
108544,542,6897,83993,83993,246,0,24244,0,0,1469,84300,18240,1856,377,12097,1046,0,72716,70860,216,36919,5641,0,1136,27063,3079,544,4.68035437515547,42,553,14,0,1.9997886252831731,9.07,26867,696,26171,0
61802,453,16449,56096,56096,242,-75,5108,0,0,517,56694,6094,685,898,2063,1538,0,17991,17306,990,7304,4351,62,0,1102,1789,7,2.016480142253508,22,365,8,0,0.04678206242063757,0.54,25059,2820,22239,0
25437,109,6215,22465,22465,105,0,2328,0,0,257,23109,3699,196,753,557,972,0,12301,12105,0,7067,5216,0,0,36,1815,24,2.5431349994771515,10,138,5,53,0.3541651294916255,4.15,6400,0,6400,0
504015,2479,20689,455683,455683,2037,0,40461,11246,521,4599,463554,538,3037,8186,15483,21395,7063,203768,200731,0,153340,11263,5407,776,47398,88496,1372,2.2031365888789756,1494,2440,81,0,1.0933784657437635,13.63,245899,159751,84224,0
178686,1648,15653,134522,134522,1198,0,16922,0,0,2317,161764,30465,1469,595,27984,1163,0,110005,108536,310,49991,27300,185,0,13949,8557,452,2.716250166883109,84,711,10,0,1.0122415158988542,10.52,44541,36352,4055,0
546649,7466,7153,447776,447776,1612,2,39232,29493,0,5682,507417,39949,3409,3043,63938,3955,0,250784,247375,360,142293,39576,22390,1418,14895,64014,1085,3.238483045208467,772,3552,116,0,0.7937981320137507,11.06,226081,36678,189166,0
730807,5816,80495,648895,648895,3064,10,79075,0,0,8327,651732,239,2544,3672,10605,20316,0,209426,206882,74222,103247,8879,12918,354,34844,46252,1657,3.1127346065500205,1021,4401,129,0,0.928618413909101,8.39,403897,154536,142027,15456
242096,5497,53349,188618,188618,1068,0,24272,9999,0,2927,217824,1740,1813,326,17196,397,0,109752,107939,0,78986,19747,649,2540,38935,17115,868,3.3803457171756204,125,1076,23,0,1.4968259271633813,14.43,60924,30479,27200,0
85904,382,10673,76110,76110,423,45,9426,0,0,1345,76478,7019,1360,934,9605,9947,0,62073,60713,0,35428,3043,4733,398,9665,17589,395,4.371921547242951,66,548,12,0,1.8251231669352368,15.97,13034,5695,7339,0
116795,954,10078,106597,106597,496,0,9768,0,172,1389,107027,21301,1905,1187,7208,1600,0,64007,62102,771,33122,24959,640,241,590,6692,43,3.361597605849857,116,966,25,812,0.14619199598821964,1.74,38340,9720,25810,0
189807,746,2675,153334,153334,794,0,14726,4659,787,1998,175081,12107,1364,2674,7700,4390,0,111109,109745,4637,82206,30575,2206,1672,18447,29306,225,2.6234937790076915,89,1021,24,0,0.46725939386073073,6.02,65850,15312,50538,0
1575934,20411,60172,1140431,1140431,8348,21,193998,1087,1789,18877,1381936,0,19688,29,80382,648,0,1326324,1306636,0,1236547,0,86326,82884,288897,778440,3408,2.8752008803920255,1663,8186,195,0,0.8686177431995871,7.07,113641,842,109890,0
192621,1751,9455,165757,165757,366,75,21851,0,0,2304,170770,3031,1580,19,27402,4601,0,102222,100642,845,62645,717,2476,1168,51691,6593,635,4.287895214284134,304,1342,26,0,1.3046951045682307,11.73,70690,13197,57493,0
139522,1153,6564,121446,121446,785,75,13567,5900,0,2148,125955,11349,1475,6618,3010,9170,0,114316,112841,193,90594,58415,2421,0,12103,17655,417,4.057815686449635,127,992,25,10,1.1942093732548649,12.29,9617,2566,7051,0
25708,342,1569,21991,21991,90,0,3542,0,1957,232,22166,1166,83,488,1283,666,0,7908,7825,0,4789,1940,0,400,557,1892,-82,2.4893174098827653,3,220,4,0,-1.2730448282553852,-9.24,13768,3430,2097,0
976533,27936,164314,872528,872528,2931,39,95664,0,19011,11546,880869,2695,6212,29391,45799,40295,0,548492,542280,0,458092,17258,56176,5621,143098,235939,2618,3.8812643956501907,1822,6938,189,800,1.0826603752712596,11.02,202525,36134,166391,0
135479,1816,18461,127139,127139,398,12,8027,0,0,1234,127452,714,170,0,2140,2178,0,51330,51160,297,45997,26050,120,0,6524,13303,375,2.7009345039536705,27,476,11,0,1.1738834412001784,18.82,63468,32103,25007,0
315255,3494,20339,284881,284881,1035,-80,21127,0,0,3966,294128,0,2863,179,12074,344,0,229083,226220,357,214494,0,14261,50707,94674,54852,648,3.9512530500545977,173,2524,49,0,0.8275333631313454,12.24,57970,23790,25727,0
378446,1073,23029,321403,321403,2761,203,37067,0,0,4963,341379,87351,7206,2639,38716,5163,0,259425,252219,526,127668,94929,2714,2172,11456,16397,811,2.3794344250780717,216,1360,29,0,0.8514770922739741,8.6,95235,45164,49574,0
2534505,49679,65013,2113603,2113603,14501,486,258528,5603,39407,35351,2275977,71264,21253,14975,229689,42687,0,1680409,1659156,13426,1324831,120884,245222,84551,554935,319239,5388,3.578543670032529,4153,17658,421,324,0.8511481930675181,8.42,647819,196888,374934,0
467805,3320,26165,293742,293742,573,5,117048,558,0,4262,350757,0,864,712,1287,2847,0,235944,235080,0,231697,0,2385,2103,14692,212517,2962,3.6562763268744733,3431,3447,72,0,2.5475378781770313,10.22,121041,91003,23508,28522
557615,10608,26086,461857,461857,3146,13,39127,0,1269,5910,518488,0,4658,184,33339,893,0,449060,444402,0,414828,110,27747,17480,69146,300345,464,2.084576565671421,441,3149,65,0,0.3309519415342012,4.74,60676,3719,53558,0
1310944,13206,35120,1101208,1101208,5478,75,104650,0,7108,13904,1206294,3460,11487,14505,49541,25930,0,1023417,1011930,0,942856,5808,71029,100669,207823,557527,576,2.790443905280226,3749,11414,242,149,0.17533912977302563,2.19,172743,2305,163561,0
877297,11391,9873,769225,769225,2552,303,66236,0,732,9542,811061,0,7103,1727,70285,2456,0,621639,614536,0,548861,1340,33121,33036,187650,293714,1363,3.40851115964352,1473,6483,142,0,0.6219097717515851,8.28,201991,49141,142912,0
920261,18939,66174,774156,774156,630,-93,139768,0,12572,8605,780493,18,6019,6513,51741,18095,0,526859,520840,0,456626,0,9730,24510,224765,197621,3388,3.8834124117025843,1181,5258,120,172,1.4926597860249287,9.84,256229,2222,240011,0
2006689,24605,42688,1681955,1681955,11264,-83,280407,115479,101871,24972,1726282,0,14662,18,74616,66,0,1346888,1332226,10942,1261030,0,64098,206437,736921,253574,2543,3.0833327007192963,695,11100,157,0,0.5071098576831979,3.63,290805,19040,260444,14210
328594,6660,15753,260960,260960,1129,3,39677,100,0,4366,288917,0,1113,2459,372,6050,0,273573,272460,0,267122,0,8890,0,1839,256393,666,4.503683503885244,683,3070,77,0,0.8152323595835705,6.77,3323,0,3323,0
1298566,20664,30672,1053474,1053474,6716,83,110130,0,4339,15633,1188436,650,7973,342387,123875,343462,0,1001318,993345,0,533301,1564,23053,88495,317615,102574,1386,2.970323414489529,1464,8590,165,0,0.42456764019577287,5.05,182645,2881,166373,0
290382,3233,5562,242631,242631,1409,33,26623,0,197,3334,263759,3657,2119,35,8183,241,0,234250,232131,96,222429,3933,6660,49763,35588,126485,90,2.766544926713506,148,1918,42,0,0.12397654776971356,1.35,42100,12862,17100,1643
409556,13990,11915,347472,347472,2584,225,34816,0,643,4493,374740,145,3050,22214,15404,113712,0,332338,329288,0,203077,1474,0,782,14134,186687,-569,2.044734594199445,342,2772,78,0,-0.5467440980584098,-6.45,29342,15920,803,0
16958370,200417,1001256,14810939,14810939,113100,42673,1457173,0,274072,208761,15501197,0,84727,0,3371632,95518,20725,11581078,11496351,0,6685088,0,1498,4244619,2395361,43610,-12267,2.4109924834642165,11573,83180,1332,180,-0.28915213655278593,-3.36,3275283,0,2167347,155015
502616,3090,27584,444847,444847,1687,0,51824,3080,0,6629,450792,4718,5857,234,71720,3399,0,341528,335671,0,261548,5329,51458,5789,113981,84991,2221,4.177731095544888,445,3166,71,0,1.7770150188172766,17.29,116978,46329,60836,0
187026,2013,12013,160939,160939,524,25,25143,0,5098,2127,161883,79712,1544,1629,16245,2658,0,133570,132026,179,34776,15569,2009,557,8632,8009,736,3.725372856835757,200,855,21,0,1.556469605489939,11.87,29471,3017,23720,0
55792,684,1817,44435,44435,255,0,3509,121,0,655,52283,3160,340,708,2312,1101,0,31796,31456,707,24516,9040,468,499,3959,10550,46,3.0137502354492374,24,368,9,0,0.3307746238337498,5.18,20398,2169,5215,0
597801,6552,24021,507075,507075,1708,30,45253,0,16,5900,552548,0,4175,14316,53747,14865,0,449984,445809,0,380730,0,31861,18859,110459,219551,314,3.006701781911913,749,4527,77,0,0.21212919613843798,2.77,98583,375,98208,0
77576,2468,5383,71428,71428,480,16,4296,328,0,961,73280,3653,607,1486,3589,2716,0,49101,48494,0,39028,11621,1622,377,11832,13576,-65,2.7439067870334717,49,610,19,0,-0.3347237241876513,-5.91,18091,8797,8151,0
56802,837,1469,49410,49410,254,0,4590,1300,0,660,52212,10141,389,337,3173,675,0,34411,34022,325,20091,15120,0,0,2722,2249,101,3.1346812720166,58,362,8,0,0.7145067869301852,8.81,16723,5632,11091,0
778755,9506,22757,659985,659985,4285,0,54202,0,2658,10898,724553,0,9066,358,128537,759,0,548383,539317,0,419032,757,17079,11214,283156,106826,984,3.5274201173095223,433,6062,115,0,0.5037793047308026,7.33,192729,84302,61586,0
164607,1577,4938,151622,151622,492,0,11714,28650,0,2133,152893,1267,1588,1362,14382,3015,0,82422,80834,0,63758,7975,10963,1619,25621,17580,832,4.235057293279653,226,1035,43,253,2.023943100926526,27.17,44706,14352,30354,0
440296,8831,35695,380889,380889,2644,200,39153,0,1923,6411,401143,73718,4313,3009,39509,4471,0,340344,336031,3002,216909,57669,42224,5068,87063,24885,1061,3.7802213240809737,278,2752,57,5462,0.9723641462486998,10.93,38352,12291,25988,0
114323,1209,8517,99508,99508,506,0,10299,0,0,1399,104024,26643,1161,1860,13501,3956,0,71002,69841,0,26758,15692,293,122,1752,8899,304,3.32642655926245,83,666,20,0,1.0725373976855772,11.46,32980,13663,19317,0
652027,19111,23192,562655,562655,3207,0,66742,15208,6147,8194,585285,77297,6071,675,18884,923,0,449283,443212,0,346711,67869,24559,24173,174878,55232,2126,3.447790125195848,682,3612,77,0,1.3132921410955118,12.86,110327,46880,29952,0
211639,3214,2582,171151,171151,1566,0,10336,0,0,3048,201303,18,2064,4577,9490,4577,2,150509,148445,0,136163,13169,13455,1117,38573,69849,438,3.0904778041341916,73,1037,35,3044,0.8288959172618049,16.6,42953,588,34192,0
515013,3436,37594,430474,430474,1388,255,35135,17290,173,5250,479878,54,6263,12881,37173,19783,0,271136,264873,3407,208278,0,29535,847,128069,49827,130,3.2038392978431944,574,4001,107,1000,0.10167320862071492,1.48,178990,56149,122841,0
5212976,52647,192221,3665066,3665066,21168,953,470702,0,1921,59493,4742274,88210,18800,2524,434975,18460,0,2377970,2359170,9976,1823932,420,407429,137156,1127941,150986,13476,2.8987927086192378,6352,25096,612,0,0.9851047317977257,11.52,2504035,138565,2246288,0
72336,550,8529,66201,66201,263,0,5550,0,0,832,66786,7622,630,622,5058,1557,0,47477,46847,310,32930,11015,1998,0,4940,14977,117,3.3167205852350556,122,568,13,0,0.6381934216985763,8.41,13586,6609,6189,0
233104,4849,34524,206188,206188,533,23,23812,0,0,3187,209292,0,2625,3261,5432,4380,0,166945,164320,0,157103,3238,34872,4238,77828,36927,567,4.987725665691768,240,2092,44,0,1.0030782294873155,9.64,22293,975,21318,0
75475,80,11623,65399,65399,212,0,9918,0,583,938,65557,19034,660,397,2303,729,0,45441,44781,667,22260,18825,2898,0,416,121,394,3.762315949032538,68,400,8,0,1.948397146636666,15.62,16489,2918,13571,0
1493654,27597,67948,1219491,1219491,5350,367,151813,0,0,17941,1341841,3340,9375,885,88215,7507,0,1042770,1033395,186,942047,275,78662,158404,266203,438503,4333,3.669148633521888,4652,11759,301,0,1.1636170282045541,11.5,300053,128021,104742,0
190321,1173,3683,135381,135381,972,100,24872,49,1466,2989,165449,101585,2217,860,10710,1431,0,150031,147814,91,36178,28003,0,0,7808,367,1108,4.728816887292037,261,1005,19,0,2.344409150178132,17.5,25799,10245,15554,0
217810,2742,29414,194897,194897,907,0,15192,0,0,2923,202618,13478,1682,492,25753,1819,0,148735,147053,157,105817,26031,7229,12097,26419,34041,999,4.033391520074426,469,1486,45,0,1.8718468795525554,26.88,32782,8159,20560,0
98005,1356,3850,88135,88135,256,0,7034,2270,0,1173,90971,4604,818,1031,5440,1399,0,68248,67430,0,56805,8191,415,3834,10216,34149,119,4.06246538930114,102,878,22,0,0.4783895558313777,6.81,19558,4720,14838,0
906001,11285,31524,773136,773136,4862,75,72077,46166,7026,11060,833924,11778,5865,3020,57737,10675,0,533719,527854,2959,450570,60558,92128,26012,138942,132930,2288,2.8861836414668876,1444,4652,149,528,0.9881229820109145,12.68,237109,50695,186414,0
137268,2296,20390,120728,120728,431,11,16293,1000,0,1697,120975,960,1001,909,7881,8428,0,92571,91570,0,75233,2713,11041,0,18640,42839,489,3.92339159538862,100,866,24,0,1.4277372262773722,12.02,16182,2046,14136,0
129522,1457,22331,116982,116982,378,0,12343,1928,0,1283,117179,5413,998,2095,6854,2987,0,57869,56871,150,42439,20600,1229,356,6528,13726,117,2.992440368185895,71,732,21,0,0.36232024309520583,3.83,45683,3853,41830,0
110488,976,5858,94524,94524,345,1,13481,0,0,1281,97007,203,640,3112,4371,5714,0,40395,39755,54,30053,5195,2251,229,3023,19355,608,3.4736622364484027,376,668,24,0,2.189994642077253,18.14,62952,744,62208,0
6232923,164495,78008,5108684,5108684,31034,1700,562064,408,21805,78122,5670859,201646,72298,12672,203975,49554,0,4103023,4030725,36183,3610307,435736,755276,170105,1399071,850119,22118,3.2058785333010396,6415,29722,781,75,1.4082417606905846,15.89,1787817,129327,1457668,0
84244,200,2976,75048,75048,261,0,8928,7104,0,788,75316,7057,148,834,1027,1315,0,32668,32520,0,23268,13507,0,0,1046,8715,234,2.6255153258852393,62,335,11,0,1.1241487815716464,10.4,39080,29908,9172,0
241476,1394,12121,208440,208440,866,73,19935,0,0,2688,221541,15524,2436,701,14005,1831,0,132013,129577,117,100537,41041,100,2446,33283,23667,869,3.2261277392538026,185,1066,28,0,1.4694288208425543,17.33,92418,45596,45339,0
1846491,30057,43944,1460397,1460397,8616,301,191652,52049,52322,20530,1654839,118101,14641,5179,176754,29255,0,1223965,1209324,953,870104,95850,131908,26463,352741,263142,3375,2.9375134259514666,3374,11629,278,1507,0.739640310177752,7.1,369131,129662,227443,0
782616,9503,10405,642523,642523,5372,200,41292,10273,363,9285,741324,63014,4667,1757,103653,5507,0,471197,466530,0,299022,53327,26426,23069,122527,73673,458,2.060440193327528,862,3945,80,35,0.23003862438911687,4.36,271491,135810,122575,0
96226,3605,1856,77940,77940,344,14,11072,0,0,1195,85154,582,842,2001,4167,2837,0,69954,69112,415,61885,1923,3672,4960,11338,39992,97,3.9368530619325734,116,856,26,0,0.40491322542604596,3.49,16772,10904,5868,0
149395,834,40059,126812,126812,427,0,21431,14704,0,2100,127964,561,1472,603,10586,4553,0,88242,86770,0,72542,9501,13533,1334,27779,20395,792,4.923484402589759,69,950,24,0,2.2436022280216568,14.65,6234,0,5734,0
352439,3690,7149,319628,319628,1776,213,30243,5000,1330,4970,322196,112827,3530,7486,25690,16645,0,274012,270482,1558,116734,67863,1483,20,18318,29050,1267,3.8836427085185705,142,1816,52,0,1.4230858330232852,16.84,53811,31845,21966,0
850416,9061,51011,762857,762857,854,200,78045,470,787,12550,772371,165305,6189,318,72837,3660,0,538044,531855,7100,289134,148737,21024,6743,85370,27260,3712,5.871644377954476,907,7482,156,0,1.735441077637846,19.31,229510,3791,219944,0
352927,7342,64322,317293,317293,752,30,33125,0,0,4747,319802,5509,3442,1399,14087,2474,0,225745,222303,6390,197285,7457,23262,14475,60743,91348,1442,4.912237558021579,556,2699,66,0,1.6460506057825803,17.7,46408,13617,32791,0
67448,540,6596,53845,53845,379,10,10435,0,0,786,57013,5487,210,141,185,256,0,48471,48261,0,42542,6315,0,0,478,35749,-101,2.648489482503376,6684,7182,182,0,-0.5948261900204656,-3.99,8973,8973,0,0
2106093,46759,153227,1724045,1724045,7496,200,167737,0,35560,19381,1938356,0,14353,0,17981,243,0,1435785,1421432,45,1416912,0,28728,804511,283303,300370,2140,2.494865557236934,4342,13438,316,0,0.40776215271740607,5.11,367669,28225,314660,0
954901,16225,12649,813516,813516,5780,270,107360,0,8016,13899,847541,312059,10003,7044,141394,14197,0,814044,804041,26867,319281,109011,13492,15916,112766,68096,3844,3.6225987427543287,1395,5258,127,0,1.6200303861058374,14.29,96068,45755,47230,0
173629,2432,16477,151830,151830,883,6,19847,410,0,2907,153782,319,1887,1908,10197,8146,0,141181,139294,422,122092,2596,23997,4789,26120,64590,750,4.94181344288012,147,1138,29,0,1.7600779127822725,15.39,12950,0,12950,0
591383,12598,24780,546494,546494,2783,7,42532,1395,289,6143,548851,9931,4795,2330,21310,9342,0,387415,382620,1110,341522,39238,13171,19454,219380,50279,678,2.4632031537797525,516,2914,101,182,0.4714504751010872,6.38,158940,26584,120309,0
26553,392,4988,22771,22771,75,0,3352,0,1013,337,23201,353,183,511,1790,1528,0,13772,13589,0,10101,4022,0,0,2419,3660,-14,4.814406468210216,74,350,11,0,-0.21851526680323868,-1.65,4803,4209,594,0
66932,126,4741,61244,61244,97,0,5592,10025,0,742,61340,1976,370,784,3722,2717,0,27822,27452,0,19407,0,0,0,14194,5213,350,4.226217289815308,11,306,8,0,2.1687773517679405,25.16,24268,3458,17287,0
230149,4764,23379,209911,209911,1338,75,13816,474,0,2945,216333,0,2846,234,9772,831,0,172964,170118,0,162685,307,15823,2527,84429,59599,394,3.038661627442499,165,1303,24,0,0.7068310557167653,11.36,27813,11719,14754,0
305605,15718,4998,271728,271728,2288,5,22333,8425,0,4249,283272,16,2200,753,17878,7413,0,182767,180567,0,157452,1746,19692,2868,90153,42993,82,2.8747500994105,172,2069,61,249,0.10931001386370907,1.49,86520,5467,33243,0
763558,8424,10994,632420,632420,3505,150,61345,1581,11529,8588,702213,73173,6209,6513,90618,12860,0,540785,534576,2236,361909,91655,40846,32592,92937,103879,1600,2.845823468525811,1271,4601,110,0,0.8317251148495421,10.4,172285,48107,114253,0
74298,194,3240,61345,61345,359,16,1444,0,0,638,72854,258,324,2588,625,5515,0,30394,30070,60,23935,815,718,150,2992,19260,-70,1.5478394740674475,44,377,10,0,-0.3767162452153673,-17.55,39635,15672,23963,0
39872,105,1140,34073,34073,191,0,4663,5000,0,505,35209,507,387,93,23254,293,0,27319,26932,0,3265,1407,125,0,924,809,58,3.4237426741174866,38,277,6,0,0.6038050126226479,4.97,6116,0,6116,0
485292,9891,112332,447658,447658,886,45,32473,0,2160,5521,452819,25012,2111,2827,11785,5288,0,183650,181539,678,140835,14944,4929,15124,43518,62320,2359,4.0754687118749136,977,3208,94,60,1.9500561602121171,29.37,176274,14661,161621,0
206057,1028,6144,177836,177836,885,5,24515,0,5074,2558,181542,74412,1707,3177,19184,6011,0,148318,146611,854,47758,24645,93,219,10737,12064,674,3.4753796976959768,145,993,22,0,1.2705653921739581,11.06,40116,14887,23286,0
185197,2488,34849,156462,156462,280,60,28182,0,0,2959,157015,3190,2689,1097,30248,2739,0,104737,102048,0,68560,4600,23988,2164,26049,11759,1171,6.085334378220908,305,1430,36,0,2.500200165470122,16.88,40090,2868,37222,0
221334,4963,2971,188062,188062,1186,15,12193,14400,267,2798,209141,28882,1824,3254,18603,4533,0,140844,139020,99,88659,36436,2335,719,11597,37572,171,3.195226981035773,193,1597,36,0,0.3120850842492848,5.57,50875,19994,30559,0
81247,933,20601,74817,74817,404,39,6147,0,0,932,75100,370,770,18861,881,20254,0,36810,36040,153,15152,1137,575,277,1921,11242,56,2.726251791038996,11,442,10,0,0.28174683034815856,3.64,23196,7850,10349,0
305141,4316,52091,240609,240609,1596,409,63250,0,5644,4087,241891,1764,1132,1687,43939,3942,0,99680,98548,0,49968,3480,15756,0,7494,23238,-249,4.027811464144231,111,2734,46,0,-0.3830209430929326,-2.27,140993,3206,78630,0
247405,2568,19965,222299,222299,1324,0,16549,0,0,3241,230856,558,1875,956,24975,3453,0,169214,167339,0,140229,5425,18632,3014,49256,63902,524,3.2497859752324603,115,1374,30,0,0.8483906482740755,12.73,50396,17667,28829,0
190166,2847,8982,171739,171739,760,8,14431,2526,283,2038,175735,5391,1069,1473,9453,1789,0,116272,115203,90,99544,34486,10028,467,24327,30236,135,2.9514415124405686,171,1282,37,0,0.28736014474436916,3.73,52413,27883,22057,0
107401,3848,8062,98063,98063,532,0,8598,62,0,1416,98803,1063,743,1003,6377,2797,500,66608,65865,1183,54547,6363,7768,1261,27961,11194,108,3.537078809036756,171,924,26,85,0.3988882835800223,5.02,27504,4894,20404,0
1398332,20332,148074,1279589,1279589,6045,270,95587,24738,0,14778,1302745,585,10605,16239,57028,43856,0,780201,769596,34077,644514,348,96926,6776,345824,194640,3714,2.6970935134484066,3373,7952,153,0,1.081471430110564,15.59,398703,167024,173843,0
46982,291,3411,41637,41637,43,47,5070,0,0,558,41912,10379,319,1916,1562,3172,0,31908,31589,447,16341,14781,0,0,1198,362,-197,4.509039968480497,193,858,8,0,-1.664062170038434,-14.47,10933,4671,6262,0
62865,1438,4708,54037,54037,445,0,7663,150,0,1031,55202,0,822,1199,1966,3202,0,51953,51131,26,46759,1742,3697,0,2672,38648,153,4.002322166444695,39,472,14,0,0.9685230024213075,8.06,3314,2578,736,0
219329,5038,29789,206233,206233,657,150,10763,0,0,2877,208566,2306,2218,565,16610,3853,0,144711,142493,0,122517,27631,19205,3819,39993,31869,559,4.455181029357536,545,1925,47,0,1.0152998789904215,21,33661,9674,23987,0
993629,5303,45760,835537,835537,4649,150,93594,18000,0,11948,900035,12143,16441,2391,78001,5693,0,662174,645733,700,563896,119528,41806,48221,167545,186796,4183,3.0713556843644474,1653,4400,120,0,1.6871034192782723,17.96,255149,95080,135956,0
198283,2966,5950,174044,174044,1120,64,15991,0,0,2745,182292,62,2208,876,12912,1652,0,176570,174362,0,161944,1109,23193,9510,82768,45364,401,3.5228347438221674,174,1206,25,0,0.8207416352407219,10.15,10868,3454,5914,0
84801,416,1619,73292,73292,301,0,7654,590,0,781,77147,7783,482,683,3596,1570,0,38323,37841,0,25367,13058,0,2,5603,6704,-3,2.3572744014732963,23,512,18,14,-0.01404436850082218,-0.15,41973,17295,24678,0
468290,20598,36905,379612,379612,355,366,66137,0,0,4070,402153,0,2842,1576,6137,5182,0,155267,152425,0,126541,25488,64,6020,68012,26957,4119,3.685397048210251,10613,10633,625,3053,3.5002517478951964,25.03,235893,173112,11684,0
181320,2387,10113,153020,153020,953,0,15383,0,0,2450,165937,0,1158,57,27626,634,0,143381,142223,0,115120,737,19086,3992,52395,38910,234,3.4507797102451505,22,1258,34,0,0.5174544117687708,6.12,23628,1541,21432,0
1293256,9296,121908,1104484,1104484,6273,150,129361,0,10035,18272,1163895,125,13131,1166,36969,4484,0,1068861,1055730,0,1027283,780,214583,30812,307277,473831,3601,4.008117113581133,9450,16702,304,0,1.1325288321523708,11.3,46192,14886,29806,0
324146,2403,23268,296291,296291,1177,0,15592,0,1352,3288,308554,38974,1487,2027,12741,3793,0,138782,137295,0,81700,34542,4108,5650,18660,18740,862,2.798741825678556,235,1821,48,0,1.0713447893897095,22.2,148081,31930,116073,0
166135,839,41106,147177,147177,340,0,18324,0,0,1891,147811,535,908,1074,2574,2925,0,48769,47861,955,41739,1941,2542,865,23395,12996,642,3.978517034068136,186,793,22,0,1.5488026633615892,14.15,69365,22046,46329,0
97120,1012,2051,89095,89095,407,30,7670,1000,0,1306,89450,38014,696,741,7336,2906,0,60628,59932,0,11161,9601,0,0,0,1560,352,3.855411352878425,62,572,14,0,1.4233220619974019,18.9,29615,13035,16573,0
11856474,132091,590170,10035740,10035740,46177,4360,1480164,0,354017,125809,10376310,27040,91562,185433,1313235,273173,916,7594904,7503342,202317,5610324,117905,445514,700196,2631475,1715234,31576,2.9135034456352833,42123,68319,1408,65,1.047676479785793,8.54,2759548,150926,1901851,0
134221,1194,13756,125246,125246,606,0,6303,0,0,1617,127918,0,770,8526,2712,22475,0,70546,69776,0,45619,0,3132,55,6576,35856,102,3.2718446601941746,327,1230,36,225,0.3060857039971192,6.26,42943,17037,25906,0
321609,9452,41823,288743,288743,1158,75,28067,0,0,3864,293542,29113,1390,3515,17815,17770,0,156868,155478,944,91190,21692,7034,4639,27268,30557,556,3.79999473393191,914,2790,79,0,0.6856779934052822,7.92,96771,41218,39145,0
2913826,143214,174372,2592473,2592473,15270,-988,164450,0,2011,31145,2749376,40,15193,5793,153953,25054,0,1803867,1788674,0,1623973,35652,307437,22614,646953,611317,2801,2.3912336996000425,7143,21168,399,95,0.3856775389477,6.8,738869,39437,647902,0
145235,1462,4574,124332,124332,1070,10,15018,2445,679,2553,130217,125,1313,149,39174,208,0,135291,133978,19,95708,1095,10758,474,73351,10030,172,4.423333606746851,73,1322,28,434,0.48790173885910415,4.62,0,0,0,0
146705,851,5917,116086,116086,723,30,16625,2210,0,1846,130080,17077,2435,2558,18275,4023,0,88930,86495,0,43232,12047,0,0,9661,21524,53,3.3373204852933527,213,1161,33,0,0.14588393969212984,1.27,43149,24215,16349,0
61226,391,1168,55119,55119,167,20,5858,4500,0,753,55368,14328,343,1277,3367,2385,0,35938,35595,1047,14464,6195,780,176,1751,5562,253,3.8874883906063418,17,330,10,0,1.6041339737188327,17.64,18572,1176,17396,0
1109541,11121,21303,965149,965149,5290,1594,65981,1034,2717,11234,1043560,28722,8101,44217,52314,46201,0,606497,598396,7799,466649,89421,23457,39982,235450,78339,861,2.2598558600516587,3216,6081,160,0,0.30511019713892745,5.23,423104,60128,362979,0
18011,8,9234,15155,15155,33,0,2742,0,0,219,15269,4843,141,238,933,284,0,8583,8442,0,2506,2490,0,0,0,16,83,4.460565364669205,7,110,5,0,1.8794225870365129,12.29,0,0,0,0
605109,13549,16904,494581,494581,1622,125,56004,625,0,6691,549105,0,4325,1117,27032,4145,0,430277,425952,0,399100,0,29291,23382,192568,153859,1066,3.6054811279487025,768,4364,114,0,0.7129171083386557,7.66,135380,24142,100741,0
1161233,21822,42746,1004174,1004174,2752,-686,99115,0,4180,13770,1062118,3821,9264,13117,81012,32663,0,697269,688005,0,576831,12282,87549,13803,280163,183034,3903,4.0848577478319585,2686,9689,251,1442,1.3311028919003258,15.74,360426,130425,171727,0
163212,1428,1833,121932,121932,689,30,15422,217,2661,2098,147790,46131,1130,965,7009,2608,0,132838,131708,1228,75862,55514,1078,1169,9729,8372,298,3.696283058156121,66,1139,25,0,0.7254712215547725,7.77,19418,4495,13276,0
1261223,28675,19506,1041359,1041359,8624,330,119259,0,115,15770,1141964,153996,11063,8386,160812,22633,0,902081,891018,4347,559548,177139,84591,24341,174132,99345,2215,2.457325208731654,1230,5250,110,0,0.707057527429403,7.49,282208,39356,184603,0
28207,41,6012,23451,23451,103,0,3160,2358,0,335,25047,2241,266,924,2642,1908,0,14380,14114,0,7572,4557,0,0,1410,1605,80,3.5142862552780567,11,161,4,0,1.1435105774728416,10.25,4755,355,2525,0
80242,1504,891,67322,67322,350,60,12368,15700,0,1380,67874,1655,570,111,7431,378,0,57924,57354,0,48456,3093,1373,0,20941,23049,272,5.397544903119309,48,677,16,0,1.3699492564751508,8.87,4362,1504,2858,0
11841,131,1266,10706,10706,32,20,1112,0,0,130,10729,435,113,177,1790,327,0,7059,6946,0,2084,0,0,110,222,1752,-5,3.7513756639073637,9,92,3,0,-0.17472589874634167,-1.81,2978,0,2978,0
81957,3144,14603,65674,65674,96,225,14823,0,0,1081,67134,0,959,133,11790,2263,0,43402,42443,0,29307,0,1485,0,16200,11622,144,5.397112407879236,136,752,17,33,0.7030263085626407,3.9,17071,0,17071,0
24283,703,5886,18063,18063,110,0,5589,0,0,290,18694,60,626,1059,781,2008,0,15270,14644,62,12359,1099,441,0,1536,9283,-135,3.2010670223407804,923,1238,14,33,-2.1717709988135696,-9.53,1595,0,1595,0
646667,9476,79210,567464,567464,2883,300,53352,210,0,9423,593315,11656,6340,2688,48068,9336,0,489005,482665,1502,418338,120476,48882,4247,138777,105956,2916,4.240609182312964,907,4051,112,85,1.8111534068985007,21.9,68586,18386,50200,0
187965,2132,39559,165135,165135,96,9,22278,0,0,1741,165687,91,1180,384,3683,1060,0,11403,10223,0,6628,362,390,81,486,5309,648,3.680748232345834,132,1059,28,9,1.337416443720928,11.81,134712,3136,130678,0
205043,3565,8218,178624,178624,661,45,17411,0,45,3196,187632,19158,1525,3889,16595,3907,0,166213,164688,0,126439,57120,9604,0,40118,19597,1417,5.222725551952985,147,1220,39,0,2.7249868991014465,30.11,24461,15575,8886,0
126082,4988,3878,111497,111497,747,93,13669,993,0,1979,112413,14859,1056,1510,17025,2743,0,109324,108268,0,74480,15233,2768,0,39736,16743,194,4.223463016845002,168,1049,26,60,0.6058689652210915,5.7,4552,0,4552,0
2715185,98121,406496,2332394,2332394,11365,1860,218865,0,23764,39597,2496320,1998,23552,5087,405707,22004,0,1811128,1787576,737,1380464,12965,275752,151975,578098,361674,5462,4.616820232930126,5559,24772,654,505,0.811025612565997,10.06,314110,14029,272313,0
68246,676,8007,55972,55972,489,47,6446,0,740,972,61800,11252,437,1769,9482,2634,0,48211,47774,0,24752,11378,4633,0,6394,2347,-105,3.134862362991749,21,598,14,0,-0.6496871447023428,-6.44,10043,422,9621,0
265451,2833,9802,227121,227121,482,0,31877,0,0,3572,233574,65,2068,5874,9035,12786,0,159365,157297,450,135259,2198,35052,3539,29812,64658,2000,4.878241307179224,557,1647,67,1705,3.0042096487703396,24.42,91732,35359,54178,0
390544,3212,46855,361430,361430,1156,125,25972,0,7067,3686,364572,323,1261,2525,11976,7396,0,158346,157085,22916,115734,5222,4137,10549,30408,65418,1086,2.8532440143902744,379,1685,73,0,1.1520896211152778,16.48,167506,50073,116491,0
330878,4324,11703,292968,292968,1335,5,24756,0,282,3794,306122,14866,2555,2924,34890,6198,0,217995,215440,0,160387,11084,14670,8125,55714,70794,943,3.107117529342454,765,2253,60,0,1.1327038198724657,15.37,88767,7187,81492,0
225312,6379,24121,167635,167635,1757,374,33370,0,4432,3310,191942,0,3161,0,34517,218,0,177614,174453,0,143481,0,35166,1257,19533,87525,1898,3.147938409460031,25551,24828,625,408,3.3767960912428805,23.79,1763,0,1763,0
932577,12079,40607,750634,750634,3453,125,174460,0,0,9112,758117,0,5552,0,4822,668,0,668685,663133,0,663163,0,13980,21698,134374,493111,-42,2.659701341718043,1215,6353,127,0,-0.018164341883188145,-0.1,161570,0,139574,0
64376,627,6456,59867,59867,82,0,4140,6154,0,739,60236,421,513,0,3048,1354,0,24145,23632,0,19287,3173,0,0,9768,6346,-106,4.597218577801102,66,433,9,0,-0.6661220385848049,-10.65,25735,0,23009,0
105175,2341,3949,98041,98041,183,0,5258,0,0,1113,99917,470,1156,1030,13391,1590,0,45471,44315,0,30008,112,1245,0,17195,11456,312,3.7934990439770555,47,665,19,681,1.1557321257414326,22.81,47865,6677,41188,0
739642,3620,16662,683813,683813,2374,0,50949,0,0,8579,688693,0,5078,255,88228,500,0,511407,506329,8022,414657,0,7665,34179,297146,75667,2333,3.4220959579421373,315,4402,70,0,1.2547159410235105,17.83,207455,68324,93163,0
953246,6380,63422,765188,765188,4993,70,95823,0,421,12687,857423,0,11394,765,171370,7220,0,721029,709635,6305,536134,18955,42113,13207,265572,196287,3096,3.3872133137646263,2208,6667,147,30,1.292888798408945,12.96,145404,53206,43804,0
748465,13813,38720,684007,684007,2933,0,59670,0,0,9152,688795,0,7527,227,184878,605,0,522083,514556,2360,334274,1617,24175,42109,179317,87056,1635,3.5151158033959953,924,4880,101,0,0.8825851377521069,11,166606,40715,110321,0
77773,311,2853,73338,73338,334,30,4365,2315,0,704,73408,63,301,2617,2560,3323,0,31087,30786,0,25134,1628,1157,0,3678,18671,59,1.9681112780755061,32,303,9,0,0.3014472020334913,5.3,40284,10692,29034,0
497846,14470,38077,423919,423919,2028,0,69469,100,0,6932,428377,3852,4488,1383,29522,14775,0,326133,321645,90,277894,30346,37276,12015,128348,69909,1553,4.249516091121098,1244,4270,105,5434,1.2185851896388873,9.69,98490,25326,66243,0
344880,2820,30348,314531,314531,1530,0,28910,1489,846,4216,315970,46866,1028,1820,18479,3851,0,165616,164588,10140,86241,18522,8107,2432,34933,22247,1545,3.236734404914148,442,1583,40,0,1.7659867522417745,20.97,140002,18110,118501,0
252502,3388,5297,228385,228385,660,0,12100,16179,0,2584,240402,1345,1217,624,21453,1879,0,113993,112776,2828,86479,3863,9189,2282,39665,31480,512,3.1804675650991627,158,1550,31,0,0.8130291090622178,17.09,110984,24016,82521,0
188557,2157,1909,163073,163073,795,0,23886,235,382,2642,164671,25122,1148,794,1959,1484,0,122307,121159,69,93560,26257,51525,928,13189,1661,963,4.115590836292737,92,820,20,0,1.9966773878359219,16.58,55480,1570,5711,0
356953,1547,18433,331278,331278,132,75,23661,109330,0,4133,333292,0,1822,609,103653,4610,0,139566,137744,0,31308,1802,4923,0,22499,2084,2681,4.830171367864451,140,1385,22,0,3.1067443642457877,46.58,82732,50014,30718,0
720716,9100,26337,617047,617047,2448,400,91612,0,0,9423,629104,716,7606,3158,90870,9074,0,568602,560996,659,467069,2884,44863,7684,250531,161107,2533,4.013054653776947,793,3997,99,0,1.3772367183379641,11.2,102661,3181,99230,0
355719,2821,7030,327116,327116,1602,75,26079,272,0,4485,329640,0,3019,163,69296,2925,0,255083,252064,338,182634,366,15781,17601,127162,21724,292,3.343888096315112,213,2594,55,0,0.33003859869227853,4.31,91040,27690,18314,0
19382,64,874,13449,13449,52,0,4793,641,0,347,14589,7900,148,683,3522,686,0,16478,16330,500,3870,663,0,0,316,2891,165,6.794104099493321,32,156,5,239,3.5200938691698442,14.01,473,400,73,0
129925,3961,9385,110133,110133,483,16,12538,0,2033,1706,117387,7893,1037,1616,10724,3583,0,97282,96245,0,75081,13161,3149,0,39726,19045,218,4.049853263186652,181,1080,28,0,0.656836713556673,6.94,14327,834,13493,0
1063200,21585,108592,938026,938026,4230,428,112490,0,2943,14039,950710,33613,6378,6283,86098,21812,0,676274,669896,1544,534172,63697,37432,2904,211309,218830,3380,4.016246780738066,1466,6490,137,103,1.2767418153247734,12.2,227213,96711,129080,0
342147,1246,24458,259102,259102,1005,15,29641,0,22,2936,312506,201,1631,12008,10152,17770,0,196951,195320,813,168014,936,1429,14,5252,160383,259,2.3567282241393777,159,1744,66,0,0.29995946493717063,3.49,107794,1829,105965,0
42240,100,8286,36332,36332,148,3,5333,609,0,434,36907,3201,245,2284,2044,2903,0,24358,24113,0,16203,7088,512,0,1287,7316,59,2.9413277112150973,18,211,6,0,0.5677580773209517,4.45,7682,2118,5549,0
376276,8231,49903,345534,345534,1681,119,27131,1000,0,5561,349145,951,3685,405,26452,9133,0,224793,221108,0,188257,11544,35101,710,90042,50860,1223,4.481106879596238,360,2818,61,0,1.3429119667950467,18.14,88841,12905,16557,0
66450,459,5008,60261,60261,178,15,4966,172,0,935,61484,9230,512,2078,7176,2898,0,46830,46318,0,27526,3569,513,274,5012,18158,272,4.96686569122761,142,601,12,0,1.618277010947168,21.87,11914,5490,6424,0
93973,238,4557,84195,84195,520,160,9175,9647,0,1594,84798,395,1018,1293,18406,12483,0,72411,71393,0,41116,861,299,2393,10393,27170,497,5.130072902921491,257,604,17,0,2.270793235594798,22.27,5893,3900,1993,0
891915,2558,45884,747075,747075,4690,0,69090,0,14131,9727,822825,43098,1367,614,32956,11751,0,241600,240233,4641,146160,104142,806,1679,19342,20191,1878,2.61605260151032,347,3312,61,0,0.8571262310064729,10.83,520349,231422,94632,0
486259,11592,96425,417108,417108,987,175,65290,11735,0,5625,420969,219,6289,558,41763,2452,0,271708,265419,0,227242,1025,36074,13224,152569,24350,865,4.091638408733768,322,3686,100,0,0.7172783226467155,5.33,92277,5387,86890,0
369809,2684,42395,309263,309263,833,192,18036,232,0,3405,351773,0,2035,19684,19187,22086,0,177950,175915,0,136630,322,6058,5130,39051,86069,51,3.0938654974453352,229,2777,84,0,0.05654007971042611,1.09,128727,33115,92791,0
374355,7028,53709,325150,325150,743,92,43908,15395,0,5735,330447,1368,6349,965,37755,2565,0,280922,274573,226,238979,4587,56885,14826,85944,76737,2428,5.412555567602732,498,2895,65,0,2.5118681372682143,22.43,16526,4163,10621,0
38761842,406574,1089822,27253865,27253865,143476,0,7085553,250,3453177,382387,31676289,222196,330219,12007,2201664,122062,0,21265247,20935028,153820,17380365,590896,2876588,550504,5080957,8281420,114103,2.818201380825606,37489,131504,3901,2204,1.1805999928710604,6.45,12301138,111700,12161593,264
133700,697,6846,116575,116575,441,8,11179,358,0,1325,122521,95,1292,1501,3542,3740,0,95005,93713,181,87447,2933,8798,8223,15467,52026,232,2.8156116749146998,146,803,23,0,0.6902322467877796,8.3,25633,3939,21429,0
1128652,20711,16946,898258,898258,6640,1019,77141,0,28456,14135,1051511,1703,11802,468,246713,79971,518,786337,774535,694,456738,4463,134086,4305,177669,136215,518,3.1024598222139437,9314,15272,258,456,0.191764669950976,2.62,235852,91457,92322,0
296985,4914,16687,245709,245709,1992,30,34236,1232,0,4203,262749,7157,4518,5933,35343,11668,223,205781,201263,259,151082,42430,8765,0,31353,68534,720,3.171478212224392,206,1667,55,0,0.9649550441517191,8.36,64654,38444,26210,0
203935,4036,15361,190544,190544,282,0,12804,22958,0,2099,191131,122,1100,200,12286,862,0,88019,86919,0,74943,1597,19718,2507,31386,19735,783,3.8171366748159836,141,1175,35,0,1.5547359381282608,24.89,70475,5821,61811,0
881837,8514,101969,726491,726491,2192,131,91033,0,0,9607,790804,422,6208,528,20357,3855,0,573830,567622,0,549984,2029,81101,40211,268964,157679,3111,3.629659679632971,1452,4722,103,0,1.4504857390466122,13.85,179459,13579,151697,0
339609,7707,3325,281029,281029,929,0,27408,0,373,3670,312201,0,3381,22424,16700,22767,0,219311,215930,0,177599,0,2336,13777,111138,50348,258,3.373761648847539,252,2668,61,0,0.30167191133418203,3.64,104203,10845,83522,0
292069,6997,22036,249554,249554,1664,50,30185,8491,6236,4925,261884,4254,2506,1177,82608,1806,0,194493,191987,0,105818,12269,26133,1580,52152,13684,1981,4.891310461719608,270,1500,38,0,2.7607832206814855,26.6,53940,36399,17541,0
37864,286,3031,30612,30612,104,0,2062,0,0,383,35802,3867,253,1003,3427,3905,0,20925,20672,0,9684,8588,0,0,0,1096,4,3.136990344478644,21,285,5,0,0.04123817624165571,0.77,12398,84,12314,0
27299239,413433,958823,23734126,23734126,134656,12899,3214126,0,1010092,336537,24085113,3667,210934,49782,3817042,463101,0,18412984,18202050,39073,13999143,52931,2193352,338018,6628753,4786089,66559,3.276621136714749,36436,140463,3036,1888,0.9762847326744168,8.37,5843978,455500,4713083,26947
695991,15686,22034,569020,569020,3469,29,59216,0,8770,8053,636775,8575,3884,2111,19812,4871,0,469561,465677,4365,431928,119258,37600,1535,141365,132170,1514,2.880204328631691,570,3611,96,0,0.8771987001352155,10.25,162801,16515,146286,0
195052,2831,15597,161190,161190,543,0,32860,0,0,3104,162192,17609,2015,2703,21302,8984,0,121753,119738,0,73776,14511,13948,358,18771,26188,1561,5.640720673098102,307,1213,21,0,3.160054961878421,19.21,47994,18628,29366,0
369680,5571,15386,320271,320271,1132,66,41638,0,0,5076,328042,0,4473,3192,18081,9509,0,225311,220838,4298,193423,26237,44753,4975,48344,69114,1285,4.642082110358323,414,2673,67,714,1.3897262996239086,12.19,108460,45594,59762,0
108354,1975,5518,92463,92463,490,30,6316,0,0,1196,102038,1522,1414,536,16777,5407,3412,58221,56807,0,31104,4798,792,6547,12074,6893,200,2.7004283965728275,194,700,16,93,0.6973105603326172,12.32,39831,18825,20532,0
33946,26,7843,29539,29539,107,0,4296,0,0,346,29650,4434,206,0,1667,1938,0,9842,9636,101,1233,883,0,0,328,22,116,3.0248378421135897,28,151,6,0,1.4017703392646748,10.95,16068,10277,3408,0
51856,867,950,42737,42737,154,-75,4300,5921,0,671,47556,4675,414,141,1803,268,0,32349,31935,0,25603,11592,6872,1064,4813,1262,40,4.311117596781255,19,562,11,0,0.31922428498748046,3.7,11258,2604,7598,0
68990,2655,17838,57184,57184,20,150,11708,2509,3839,144,57282,68,150,325,2435,1287,0,10306,10156,0,6315,1507,0,50,757,4001,-237,0.8972828249936683,25,236,22,0,-1.4866507233308504,-11.38,31256,24453,6803,0
256205,7993,9572,220365,220365,1424,175,27286,25350,2683,4632,228919,5639,2794,74,43234,12148,0,185479,182685,1286,122201,14121,7363,13195,48018,39504,254,5.737780053255113,300,3079,80,0,0.40600455156677395,3.73,18419,2299,14830,0
76695,5104,7881,72809,72809,212,-6,3458,0,0,1042,73237,80,544,693,6343,2550,0,52309,51765,2586,40750,4134,5216,902,19276,11222,154,5.163618265521961,152,834,22,0,0.8071173071631662,18.03,5649,0,5649,0
53836,1107,4936,50854,50854,100,0,2648,0,0,495,51188,0,193,158,213,661,0,8991,8798,441,7676,321,397,0,2861,4097,-49,3.101536045541542,48,507,15,0,-0.3606189398539125,-7.2,37566,3735,18625,0
77129,317,1809,72150,72150,170,0,4700,2156,0,869,72429,3733,1402,1497,6415,3856,0,39778,38376,386,24948,6086,931,396,3374,14161,170,3.7822117010483596,90,614,14,0,0.885220719372014,13.88,33782,13122,20660,0
46864,249,7303,42057,42057,197,0,4594,0,0,624,42270,7228,625,1988,2543,2966,0,29753,29128,373,16628,10743,0,0,1475,4410,-7,4.04231652190377,29,470,12,0,-0.06101281269066504,-0.61,8656,910,7746,0
3077716,28363,84193,2531281,2531281,15928,450,275772,0,43564,36971,2801944,384026,32655,6017,163753,13838,0,2282601,2249946,7604,1613914,336228,224016,281751,592279,179640,5720,2.8896065720938333,4574,17289,383,7945,0.7395045222737759,8.39,581001,86949,458290,0
91538,2915,14144,79831,79831,280,72,11075,0,2995,1446,80463,7405,813,1367,4080,1810,0,70347,69534,0,57051,7199,14745,124,3990,30993,242,6.0511702734962896,76,850,23,592,1.1041846087159861,8.84,0,0,0,0
406992,6015,31699,367433,367433,725,0,36835,0,0,4432,370157,159,2551,1575,6366,4465,0,216465,213914,230,205192,4678,30598,6106,83194,80616,1483,3.8993346832513742,857,3021,79,0,1.4649101902876849,16.32,143239,77281,37378,0
492192,7956,32534,415190,415190,2474,300,51082,500,1217,7585,441110,28263,7715,7600,30189,16617,0,374774,367059,0,299625,106195,19311,5886,52981,115252,1757,4.520303667827108,657,3122,100,0,1.4394353677544358,13.98,64311,3489,49216,0
310440,6843,21007,255793,255793,1211,66,35818,7768,0,3963,274622,16262,4682,3392,19070,8829,0,197898,193216,0,147339,97066,8406,942,16572,24353,823,3.810380934249468,188,1772,42,0,1.0601947125526152,9.24,73248,27564,45684,0
469193,5421,11261,402957,402957,1633,150,37056,10735,2766,5312,432137,1389,3187,11304,16367,27517,0,353509,350322,5492,302744,22829,9218,1636,50536,218525,497,3.4163033536231477,834,3782,107,100,0.4276229819389518,5.36,71090,32119,38647,0
7572545,86188,120924,6112230,6112230,38971,500,538688,0,36535,78156,7033857,174814,58384,16640,188250,36345,0,4525344,4466960,65284,4073149,249414,399493,250398,1897259,1276585,12327,2.2240498196240828,6143,29948,679,0,0.6703284497927281,9.23,2752324,70230,2682019,0
1107014,10827,96331,962430,962430,4620,220,104171,1532,25776,13028,1002843,56176,8029,10613,100674,25424,0,777349,769320,208,595719,137746,10914,97061,149195,200803,2645,3.4467951220961988,1063,5729,143,941,0.9974540409851792,10.24,163403,66818,96585,0
118348,572,1234,70383,70383,820,152,22937,3780,0,2497,95411,0,1254,764,20429,4301,0,107976,106722,0,83246,0,7468,9856,32685,33237,596,5.988269847079513,117,1046,27,0,2.005915093585531,10.45,510,0,510,0
605602,3714,107489,503937,503937,2604,0,95832,4670,0,9542,509770,2265,10244,14565,37451,31793,0,414819,404575,0,342369,53636,25447,13493,167148,82645,5173,5.244622759266486,2320,3785,75,695,3.482006882567248,22.17,55330,0,55330,0
759429,7546,42935,657789,657789,1972,-44,32585,1256,0,9709,726844,4620,4893,6444,59572,21314,0,474378,469485,2370,386502,31647,58601,8902,123556,163796,4502,4.2883212943114755,844,4123,136,0,2.4027501936356743,53.62,224282,88473,135809,0
53577,176,1485,42132,42132,373,0,4442,2250,0,623,49135,3682,295,107,2285,4467,0,28221,27926,0,17787,9091,0,1089,7607,0,47,1.9408807716941947,7,210,6,0,0.3480836882058878,4.12,20864,16247,4597,0
514005,5389,46733,436684,436684,1653,25,54151,0,1179,5655,459854,10889,3046,6829,11547,13100,0,321299,318253,0,280225,90707,7658,2802,84871,94187,1560,3.3376596975715023,837,3254,92,45,1.2254601121570947,11.73,125954,7745,112445,0
104966,668,21459,91744,91744,270,3,12984,0,0,1006,91982,1181,253,2002,2998,4511,0,35917,35664,64,27069,12548,1250,176,3906,9189,164,2.904943040816226,167,736,26,0,0.6151710944606469,5.06,44330,7438,36893,0
1070407,25041,60242,946043,946043,5122,0,100939,5532,7569,14277,969468,0,10436,1712,38347,314513,0,822941,812505,6244,451253,3027,99255,62145,212465,74361,2445,3.69748662791138,606,6575,154,572,0.9126407746061904,9.76,126363,1598,107955,73
322499,5825,18098,275484,275484,1464,120,35600,7028,703,4742,286899,0,3820,798,29259,1799,0,271908,268088,144,240702,3753,41065,5561,78265,112058,1549,4.242891974844232,187,1796,40,14,1.900097672871015,17.64,17495,13632,3863,0
132108,580,5500,118644,118644,570,10,8715,11000,0,1448,123393,15693,794,1740,4249,2522,0,46624,45830,1020,23123,11594,261,1065,1973,8230,491,2.8305688540709575,18,397,11,0,1.5194887585684003,22.6,67299,32832,33326,0
616928,4362,20546,548145,548145,2599,600,66750,0,0,7044,550178,43,6147,5026,68192,11251,0,378146,371999,5939,291564,1796,61371,4405,70628,153364,1079,3.008485689388235,1695,4390,108,0,0.6933778877357581,6.38,202010,126118,75892,0
1079745,18637,17698,803428,803428,5912,88,88109,0,484,12568,991636,238,8988,586,43323,6768,0,896159,887171,558,845242,0,51634,27510,209504,556594,1451,2.59385352969745,705,6121,150,0,0.5345768723660875,6.61,121393,0,97998,0
858586,19293,18474,789109,789109,3504,276,66086,11300,3874,10475,792500,5687,6581,7999,35994,24339,0,489157,482576,119,422220,31893,87282,10308,144873,147864,1448,3.559936037585898,1839,6410,214,0,0.6720407494321824,8.75,289892,121578,168394,0
29194,277,3513,26376,26376,51,4,2633,2422,0,287,26561,36,144,136,1856,371,0,11244,11100,156,8079,341,581,545,3987,2625,-1,3.406650908500388,11,243,7,0,-0.013268538636325943,-0.15,10899,1491,9408,0
683031,21845,29752,614397,614397,2888,14,55070,0,0,7869,627961,151,4809,53,36071,542,0,490271,485462,0,453467,4085,53982,17049,223034,155317,721,3.1405062892090414,690,4709,123,0,0.4254553286657166,5.24,129544,6718,122826,0
168830,742,2540,149469,149469,715,24,17598,19120,0,2426,151232,17974,1510,4759,8532,7738,0,125035,123525,0,90483,18888,3529,0,11538,56528,501,4.344210786896276,205,1204,32,0,1.1836381516580678,11.53,16497,0,16497,0
271987,5803,7266,190465,190465,1262,0,54575,0,0,3212,217412,110,2084,1497,16475,1857,0,225584,223500,1303,205919,712,39697,41695,67452,56363,805,3.059453416879946,156,1087,34,0,1.2004511011901988,5.94,32898,9812,23086,0
15427,105,2941,13639,13639,8,0,1782,5,0,265,13645,1890,83,757,7473,1002,0,10775,10692,0,404,0,0,0,35,369,110,7.1284931696831,29,176,5,0,2.739129081457964,24.77,1252,0,1002,0
579059,4112,8702,430735,430735,1388,0,108901,0,0,6802,470158,45154,2009,2018,18637,3572,0,182426,180417,221,114542,56341,8037,301,26254,23609,3163,3.9108430362487976,840,2170,73,0,2.197639951468495,11.79,378151,0,378151,0
3008314,41440,144411,2248912,2248912,15212,99,378961,496,8957,38491,2629353,3340,31809,6440,180861,7747,0,2381225,2349416,681078,1511314,6181,372909,69090,825818,237316,9443,3.3617000997867077,5726,17199,398,0,1.2759371070966994,10.04,341518,647,328045,0
39319,87,7357,35357,35357,69,0,3105,1841,0,274,36214,592,244,304,1207,353,0,3922,3678,0,1360,799,229,0,260,72,33,2.1983619522526507,34,204,5,0,0.3229831901930559,4.12,24959,24957,2,0
750306,6815,74946,631875,631875,3826,150,61091,0,0,7857,689215,4559,6295,1970,47297,5115,0,332141,325846,15372,259785,6398,51786,37933,105575,58093,921,2.2602671556155527,376,3189,96,0,0.4933648851158885,6.07,322673,96115,196874,0
140493,2179,4377,123477,123477,385,0,10922,0,0,1699,129571,0,1487,2278,29769,6574,0,87449,85962,0,50451,68,7739,139,22388,20117,259,3.9821952836442844,96,1132,31,0,0.7370360621216109,9.35,43755,7874,35881,0
39288,263,1019,37166,37166,116,0,1915,7965,0,442,37373,4716,235,465,3891,994,0,22377,22142,0,7535,4102,470,209,644,2110,90,3.7539763649187456,8,216,7,0,0.9795651818998121,18.92,7228,1555,5673,0
1658628,25745,25886,1184689,1184689,8013,550,137543,191,586,18462,1521085,0,14670,1658,54013,183116,0,1488562,1473892,3758,1225328,729,69551,30427,213902,910719,1595,2.6536148804584463,1279,9157,212,47,0.3872072314288463,4.65,94593,0,94593,0
185411,754,25817,142865,142865,1002,78,36841,4765,0,2322,148570,9445,1105,802,3816,1733,0,107857,106752,0,92854,21798,13701,14971,14287,28097,314,3.20689969327948,126,972,24,0,0.7050812443336674,3.38,40212,10521,19109,0
184363,1075,4889,142417,142417,320,0,27674,0,0,1284,156689,0,535,58,3242,399,0,54465,53930,0,50850,10,2360,833,26017,21630,96,2.1551832548520964,117,957,31,0,0.20784619381657576,1.38,123417,0,123417,0
47900,208,6717,40302,40302,168,0,6188,500,0,567,41712,7817,281,814,7559,1022,0,20245,19964,53,3766,1282,425,0,989,1070,133,3.5340227187174778,36,276,8,0,1.0780687978114392,8.57,18077,7378,9362,0
182750,1836,2541,158419,158419,621,0,23193,7000,0,2261,159557,3610,1561,1319,18190,1997,0,129027,127466,3479,101741,16300,6877,195,43618,34751,463,3.738722565128433,95,1161,24,0,1.0155401774453572,8.06,42313,5251,35829,0
1424044,44038,18919,1300652,1300652,9332,600,114830,0,12818,19636,1309214,10541,17361,4211,136883,17127,0,1232220,1214859,10383,1054251,185819,151141,66442,452915,197934,2653,3.1608246703224436,1590,8150,195,0,0.7500953346289654,9.13,96257,70828,25429,0
418236,2008,3787,369215,369215,1864,33,33918,26200,0,4603,384318,4026,2797,2806,10919,7569,0,240812,238015,0,217982,15426,44610,422,18303,139221,1188,2.7696006249044127,235,1565,35,0,1.1606578037872812,14.08,140361,77009,63352,0
376182,416,46946,346069,346069,1919,0,28787,0,0,4774,347395,0,2050,0,53276,41262,0,216436,214386,0,113307,0,6536,19156,82142,5473,933,3.0145408038687487,115,1856,33,0,0.9593670028649908,13.11,107861,21177,77474,0
337039,2719,3191,244327,244327,2618,0,34975,0,0,5548,302064,139365,3279,244,35446,1481,0,279573,276294,0,103281,67826,169,0,33803,1483,1356,3.6722141540042643,207,1459,37,0,1.6086411075422846,15.62,45392,35418,9822,0
708541,2818,92711,587767,587767,3399,55,115646,0,1112,8445,592895,0,5062,1,22127,77,0,574703,569641,0,551725,0,21930,308403,184696,36696,1163,2.8603455825771738,189,3517,63,0,0.6412699681777361,4.03,34821,19742,14779,0
130237,1304,14503,118287,118287,436,30,10041,0,0,1681,120196,1927,1259,3094,5163,4967,0,89672,88413,474,77125,3379,4492,2786,14493,51975,336,4.025071832983766,65,854,24,129,1.0437537859372816,13.61,23646,754,22892,0
151958,1075,16089,133592,133592,523,0,16043,1880,2662,1606,135915,10309,1342,1820,7718,3963,0,83394,82052,798,60606,12089,1703,1019,20640,25155,360,3.115683785426339,237,953,23,0,0.9434734893777333,8.8,42261,16872,25342,0
177172,1293,4661,133797,133797,900,0,17338,0,0,1857,159834,32138,996,1111,11673,1873,0,109662,108666,6184,57794,27554,3650,0,3168,23422,271,2.2699510193432086,46,725,18,0,0.6086946756061677,6.47,58399,5413,52986,0
505171,10928,73915,432147,432147,814,45,63218,0,13785,4948,441953,216,2975,0,26771,384,0,331780,328805,0,304384,0,14523,10245,83085,196531,943,3.5359815417315748,5372,8184,132,0,0.7463572542284345,6,70061,0,68568,0
52217569,443503,2203643,41756684,41756684,250976,17136,5322449,2,1717981,685704,46895120,731196,414344,27004,6405642,198924,0,37689614,37275270,1136131,28181092,565584,2386566,6003424,11026861,8198657,131932,3.6479205145233764,49734,286640,5057,1762,1.011119317810215,9.87,8681289,1051929,6722118,14706
92425114,976093,5892279,76789550,76789550,460127,38715,10566096,0,593781,1180975,81859018,0,753428,143,10593824,500507,1379,63343473,62590045,1600425,38805803,66710,3589001,2006162,10147896,22996034,163882,3.280206390330524,159062,623190,7437,0,0.7056335570560827,6.28,19028660,331559,16671179,331695
845894,7141,10813,643211,643211,4034,200,85063,0,4104,9760,760831,89981,7052,5597,84109,10550,0,643559,636507,8265,450487,98272,61040,24734,165005,101436,1259,2.906060552232708,1402,5605,130,0,0.5995159587195882,5.93,158028,59126,96717,0
7396046,129767,312882,6643885,6643885,22478,3936,581095,0,8599,74402,6814951,570,63532,255987,522667,580391,0,5402172,5338640,0,4245685,14,168569,280587,1141661,2654854,14910,2.9881042530375987,11595,40002,718,0,0.7938840577858143,10.28,1285781,165007,1056386,4187
281822,2097,29127,251615,251615,1012,75,25610,0,0,4109,256212,44982,3714,9306,35437,16032,0,233303,229589,356,135842,52440,7588,218,13347,62249,979,4.703148846992004,188,1921,56,45,1.4143106860634778,15.52,15301,436,14865,0
553868,6719,6622,435353,435353,2493,-174,55481,1417,2132,8330,498387,46665,3691,430,133889,8526,0,368376,364685,3436,174418,69816,4065,8794,64528,27215,2656,4.4490897640256,685,2923,64,0,1.8910947309586663,19.56,151476,33316,80049,0
283176,3483,9963,253501,253501,807,0,22806,0,0,2593,260370,1115,1987,1640,9668,5552,0,168292,166305,4659,147174,3425,8212,0,12343,123194,260,2.6346943216141563,171,1639,49,0,0.36756065192536397,4.5,97857,40544,57313,0
539185,6288,19646,452396,452396,4076,50,61887,12,8063,7474,477298,16488,4257,503,79900,927,0,494757,490500,1052,396390,13735,96287,10147,158836,117385,257,2.759239503897182,282,3292,65,0,0.1985215167970832,1.66,9744,6074,3639,0
78014,136,19047,72038,72038,336,0,5811,0,0,958,72203,1461,327,410,7427,1800,0,21000,20673,6,10129,942,4966,0,2856,1365,178,3.3780710508272063,87,531,18,0,0.9368544322951619,12.27,37686,4455,33231,0
186241,3267,20435,164989,164989,846,0,12699,0,289,2303,173542,527,1615,1643,10727,2129,0,125606,123991,98,112125,1792,14903,5950,43081,46399,621,3.3522959315735887,766,1446,43,0,1.330277194636048,19.83,31718,8391,23327,0
426542,6604,7127,288677,288677,2980,105,43238,24524,6351,6446,383304,171,4555,927,6766,2052,0,337089,332534,0,322838,28950,56001,14503,31537,191847,1556,3.598571369242909,812,2115,51,0,1.4910659420558934,14.57,31124,1025,26068,0
45446,230,1195,42075,42075,138,0,3120,7969,0,489,42326,3510,241,753,1476,1235,0,14190,13949,0,7683,4526,0,0,813,2344,157,3.0091947617720813,16,206,6,0,1.2853838753914486,19.54,21457,9785,11207,0
453574,7345,50341,326424,326424,2005,0,73897,0,1235,6023,379677,0,5416,955,81484,4787,0,327432,322016,0,240161,86,29141,16442,142484,52008,1026,3.986081452766969,377,3113,94,516,0.9160489362984392,5.58,40777,7819,28729,0
6105397,106030,123834,5304862,5304862,21987,900,628170,0,186222,68234,5477227,54894,43754,28238,497830,68655,0,3982235,3938481,24378,3269024,355776,328912,314917,1333544,935875,20582,3.3310137769763224,15798,36247,835,0,1.3441503630257425,12.86,1535274,688760,843912,0
162455,1510,7212,147272,147272,876,50,9162,3625,0,2144,153293,20633,1300,2527,16497,4155,0,102190,100890,474,60431,13756,16219,1807,22485,6164,397,3.298840332745803,78,875,20,0,0.960471284146478,17.2,42581,23297,17844,0
46063,248,4645,36352,36352,262,8,6063,0,0,733,40000,13040,502,619,3236,780,0,28717,28215,0,11660,11016,0,0,315,329,151,4.138158255999121,17,299,8,0,1.2604998173944801,10.06,11576,11576,0,0
104680,406,1027,90143,90143,347,60,7339,0,0,1202,97341,23306,657,1281,5190,2500,0,66020,65363,0,34638,18332,1235,586,2217,12268,373,3.3418508186068783,62,474,13,0,1.406472412590379,20.39,36241,21153,15088,0
543546,17880,21089,411823,411823,2991,0,48163,0,2850,6354,495383,2225,3835,3621,37857,12634,0,357952,354117,693,301134,38801,34749,1968,109384,116232,226,2.6688649288887962,375,3454,52,0,0.16625684843959487,1.88,130567,54798,52818,0
781292,27205,26067,602011,602011,5960,433,60453,206,1974,11021,720839,54274,9651,1989,77291,6321,0,617434,607783,0,476678,97517,44028,37241,196753,101139,1716,2.9416636878035174,2136,4640,125,4805,0.8977624604760207,11.38,78125,32173,45217,659
4165107,48890,170889,3747611,3747611,21805,0,374562,0,14346,51549,3790545,377358,38370,46432,619931,126391,0,3186665,3148295,0,2061648,619397,283357,180544,782280,196070,5057,3.0766243036925256,6208,29561,611,113,0.4863701310840598,5.39,617583,47119,559108,0
5800258,14008,249193,3382180,3382180,48561,1895,494475,0,0,115603,5305783,0,58870,0,1388,1924,0,5340466,5281596,0,5332305,11370,85080,61905,67666,5106284,40252,4.850624714548636,3796,17865,364,3442,2.8212378187938896,33.95,93021,0,0,0
17913,52,2567,13830,13830,15,14,1532,1718,0,177,16381,2270,60,169,195,187,0,10564,10504,0,7884,2478,42,0,302,5062,33,4.1836141778036025,21,133,6,80,0.7510882244160574,8.64,1556,1005,551,0
343636,7146,17117,303567,303567,1676,-61,38886,0,172,2623,304750,0,1656,0,0,725,0,200566,198910,0,198841,0,2096,0,0,196745,-437,1.188457405504616,690,2087,37,0,-0.5031671030038903,-4.42,99573,17358,69005,0
551255,10286,10620,508100,508100,2057,0,20368,0,0,5648,530887,4676,1932,102,11028,926,0,140965,139033,10937,114113,29922,2028,8829,61330,12004,936,2.681794546980414,621,3266,81,0,0.6724814277298004,18.1,386938,84966,248161,0
203373,6665,47296,172816,172816,612,207,29249,0,7859,2889,174124,4839,675,1974,29481,2643,0,80926,80251,0,42054,11995,8389,404,10655,10611,697,5.404828028199103,251,1610,43,0,1.4720557564877637,9.54,58024,16710,11597,0
41882,82,3622,34879,34879,113,0,3863,1089,0,486,38019,5939,177,1910,2736,2369,0,29778,29601,134,18597,8096,0,66,4331,6104,105,3.7378494839162237,24,292,7,0,0.9872364431281292,11,6065,957,0,0
168997,2379,10444,154711,154711,817,30,13818,0,0,2286,155179,20878,1396,6262,13510,9880,0,122029,120633,0,77520,21479,12388,1898,12934,28821,349,3.8464559713021393,212,1288,26,0,0.833151802526312,10.27,27976,180,27708,0
557918,5151,41174,454068,454068,2811,0,34109,0,398,5961,523809,31836,3125,7148,41677,11589,0,330460,327335,7696,237212,81944,6998,1350,63145,83775,1015,2.413892526224739,727,2798,63,0,0.7320360428583664,11.79,166976,52571,109616,0
1965737,3953,102100,1571792,1571792,17451,-275,196693,0,0,23959,1769044,0,8997,0,516819,2476,0,1297371,1288374,0,778061,0,135597,365319,212796,64349,-99,1.3743048494504786,826,7898,140,0,-0.01992273901438286,-0.2,503628,186937,261226,0
871556,12159,12062,665387,665387,3684,150,85799,13801,10495,10060,785757,119559,7489,6570,53747,12165,5000,628599,621110,9881,427814,239721,11033,9192,98720,69148,2035,3.1701362820506445,603,4238,108,1006,0.9319653821802266,9.5,167679,6507,161172,0
955822,12634,4849,808663,808663,7610,-16,119488,156534,0,17100,836334,34992,10526,2699,52922,8678,0,771741,761215,0,676182,39522,197611,69551,237485,132013,4927,4.141645136512814,307,4661,113,0,2.082156872792238,16.84,11967,8792,3175,0
1244242,11525,112891,1063405,1063405,5893,0,104280,0,0,14008,1139962,0,9402,810,39601,14041,0,805782,796380,12395,723649,80786,16587,27283,446310,152683,10278,2.765095903083644,1039,7309,174,0,3.396101570796104,41.34,302153,18565,205285,0
336600,6445,12269,279059,279059,1624,107,27400,0,6044,4265,309200,3330,2273,2976,21624,6271,0,243517,241244,430,211862,12842,16601,15663,46586,120170,1159,3.422818900673774,569,1919,57,0,1.3831766220475847,16.94,59961,35586,24375,0
3081946,27644,152042,2774124,2774124,20150,1643,185988,0,10819,36872,2895958,51012,21222,1629,627087,754280,0,2280607,2259385,16746,829801,40393,208362,16830,417615,146601,-191,2.294028163304432,2902,17953,443,0,-0.024793257012938254,-0.41,538316,391738,137770,0
151945,1061,4658,145538,145538,263,11,5574,6026,0,1799,146371,26,966,2963,2487,6789,0,83327,82361,47,73946,2819,10402,338,9375,51012,828,4.154748138680948,186,883,30,0,2.167950723632103,52.27,56746,26063,21496,0
45166,14,910,38549,38549,120,0,6497,4722,0,401,38669,9811,494,379,2623,1005,0,16244,15750,0,2804,1862,0,0,690,252,47,2.6512247762144567,7,238,5,0,0.4148324672602301,2.89,21639,3892,17747,0
616500,1443,47833,516958,516958,1368,0,72707,7257,1873,5347,543793,315,4097,2592,27795,14665,0,204437,200340,3719,157943,17288,31423,463,54911,53858,1055,2.7529116503200286,874,3588,90,0,0.6876396768093519,5.8,340252,166160,167906,0
24087,147,2226,20244,20244,60,0,3778,200,0,197,20309,1513,132,555,667,1330,0,11518,11386,0,8007,1594,200,0,157,6056,14,2.3862399303287614,12,126,4,183,0.229156010230179,1.48,9366,2095,7271,0
195221,31,6987,168134,168134,529,11,16332,9569,21,1656,178889,8225,895,1114,6776,3834,0,61582,60687,65,42677,14832,1156,1774,8491,16424,481,2.4187274317385543,141,762,22,0,0.9889742733043768,11.7,112006,74064,37692,0
581306,10902,174647,513973,513973,2515,77,65406,0,0,7664,515900,0,4759,10,10441,2877,0,253342,248583,0,239944,544,80432,15115,57942,85911,2748,3.6840674279499726,1448,3772,78,0,1.9017169431353416,17.17,143474,0,143474,0
212114,3432,25241,173000,173000,1280,45,21277,2500,0,3278,190837,5882,2045,9768,17405,30299,0,176227,174182,0,121789,6721,9315,0,28753,77000,828,4.099333960817302,200,1129,26,575,1.5764484691266942,15.88,3248,275,2973,0
800895,12153,44175,736797,736797,1528,573,58008,150,1695,11003,742887,61467,7733,412,46494,3326,0,558113,550380,647,445335,120252,110796,8959,114276,91052,4366,4.99672707784413,1532,5865,159,142,2.171963709401603,29.98,171296,34688,136608,0
12837,19,2198,10703,10703,37,0,2114,1357,0,179,10723,4763,118,49,779,57,0,5913,5795,0,314,314,0,0,0,0,38,4.931197638581413,0,104,4,0,1.2261030894571268,7.26,3180,0,3180,0
298931,2717,4881,264081,264081,455,158,28853,29279,384,4295,270078,694,3272,4077,82361,8557,0,193112,189840,741,100750,238,7126,350,67236,25800,2187,5.689173347556267,1392,2887,59,1517,2.8931824345329833,31.47,52621,10349,42272,0
52724,821,6386,48866,48866,110,3,3702,650,0,564,49022,2037,334,1527,1527,1568,0,33209,32875,0,25991,12450,37,237,877,12390,144,3.7134356436655866,56,360,9,80,1.093529004148196,15.55,10155,5867,4288,0
1087131,7289,32132,974994,974994,3861,0,98980,0,933,17785,988151,0,9591,164,113601,31082,0,863428,853837,25670,637252,1012,87635,14762,256293,277550,5257,5.307681824982584,1557,10224,153,1900,1.9150207275403075,21.45,159808,115795,37797,0
1011499,3156,7940,744470,744470,4843,153,199962,0,696,12334,811537,21353,4660,1727,18853,2068,0,426026,421366,6455,340775,61577,77535,20172,89835,91656,3779,3.180537201267375,1342,4788,120,1336,1.5141240447826525,7.61,532387,347997,113719,0
73913,2827,7196,66199,66199,220,18,7456,4500,0,1173,66457,4588,716,1249,3308,5861,0,58300,57584,0,44315,3659,2096,0,5676,32884,330,6.072964792098136,103,710,17,316,1.8838707835903437,17.83,164,164,0,0
278926,3170,47259,244084,244084,1066,0,32174,515,0,3733,246752,46,5310,4117,29235,5968,0,170291,164981,1283,133721,0,23454,1118,34979,74170,1021,4.119555143651529,269,1585,42,0,1.4782372635960546,12.79,52294,7352,44942,0
51589,394,3714,43288,43288,155,0,7982,1835,0,706,43607,9111,389,614,2849,2659,0,32333,31944,0,17714,13992,0,0,2136,1586,117,5.016901312270239,72,506,19,0,0.9257519261772182,5.9,10967,3085,7882,0
17395,12,8503,15347,15347,49,0,1986,0,0,185,15409,2883,125,305,791,366,0,6955,6830,0,2915,1069,147,0,0,1699,26,3.2094395280235983,3,113,5,0,0.6016255459462587,5.27,1738,498,1240,0
434196,9226,6404,375346,375346,1936,0,6913,38000,1929,5001,427283,43480,2468,1655,21584,2640,0,200779,198311,1578,126481,66442,1787,3929,23566,30757,478,3.01195569526182,400,2984,71,0,0.42999338817698096,26.04,161795,58731,100796,0
498502,7469,24834,446051,446051,2075,303,49738,0,9268,6514,448764,14093,5962,2723,64546,6454,0,379059,373097,3448,281280,29161,41648,14890,89081,106500,1785,3.8672300387681315,1052,3374,80,0,1.4285657120219608,14.54,70604,45516,20947,0
457155,4923,21924,418747,418747,1064,0,11815,0,0,4832,445340,2,3274,18851,10352,48182,0,210126,206852,0,151372,3168,18036,593,108118,21457,1492,3.4027028369402768,440,2719,92,0,1.276924426528704,46.14,210291,72276,134515,0
174349,1188,4987,127273,127273,969,25,16380,35,340,2200,157969,55339,1111,944,11983,1220,0,98355,97244,0,26992,20517,401,376,1768,3930,432,2.9490857474830356,123,909,22,0,0.9711029436557981,10.58,64005,14484,49454,0
1866220,44928,25284,1503369,1503369,7254,-48,208139,50,6609,20553,1658081,106,8988,1005,99126,78729,0,1313902,1304914,3179,1122390,872,55820,72031,418020,575647,4470,3.0378090039548735,2277,12531,299,0,0.9582548186068647,8.58,439162,3995,382087,0
105295,218,559,81797,81797,584,0,13668,0,0,1241,91627,12898,1104,347,11649,461,0,62586,61482,0,36946,24816,1,0,11535,594,342,2.6998566856896296,59,388,8,0,1.3081457894057404,9.96,36821,24741,12003,0
148135,4678,21182,132886,132886,633,0,14925,0,0,1897,133210,0,974,4,11394,779,0,108923,107949,0,96750,277,15796,7590,25247,47840,554,3.7243152261586006,60,733,11,0,1.5199736611062336,15.03,9517,6349,3098,0
435844,3733,16257,376720,376720,625,0,45677,545,3506,4714,390167,56166,3419,2761,13119,3955,0,224935,221516,0,150908,88559,438,5136,28960,27815,2057,4.109145083773198,524,2888,88,0,1.879358350330852,18.16,164769,77115,72392,0
730608,13126,12913,610051,610051,3853,308,64649,20783,1024,10204,665959,22969,6697,1380,52008,2707,0,557544,550847,35,479799,31547,123369,5778,179392,139713,2046,3.775926609922732,615,3979,109,50,1.1407448294318856,12.77,111217,71573,29647,0
559200,16573,136215,485451,485451,4010,575,59774,3,5811,9556,499426,34128,6261,919,97342,1436,0,394557,388296,285,259641,59193,42943,14195,79677,63633,1241,4.498975846194407,413,4084,86,90,0.8531357119962328,8.39,3614,2038,711,0
238262,3921,58482,195063,195063,113,78,42332,2000,12014,3111,195930,371,1683,687,22574,2448,0,90310,88627,0,64880,2082,5790,410,30183,26415,464,5.7877425535663,413,2713,37,990,0.7768453215578762,4.39,68213,15483,51730,0
6289515,71623,314535,5105477,5105477,19056,-180,618628,0,161832,73148,5670887,1873,22310,50148,401960,64445,0,4091135,4068825,14983,3602539,27679,26607,187760,1217403,2143090,29864,3.914301034729544,18063,35165,955,399,1.9217917503369604,19.62,1335978,208610,1099797,0
464142,8535,22797,389045,389045,2534,-484,24765,4250,1311,4757,439377,1892,2836,3018,19726,3268,0,257214,254378,4189,227767,9145,6219,22974,63607,125822,74,2.1164827161052147,1140,3856,109,0,0.06444554514726133,1.16,149502,50889,91043,0
824435,6297,114468,694800,694800,4852,375,122009,0,8645,14647,702426,2959,9454,396,95889,2039,0,636772,627318,0,516010,3939,143713,2976,344745,20637,3778,4.950957968666678,826,5521,81,0,1.840933233279083,12.35,57120,5254,50866,0
1107414,26732,22660,821220,821220,5052,108,140357,0,303,12680,967057,2232,8898,2591,56338,4181,0,927393,918495,1339,863345,2376,43042,73133,323964,420830,1547,2.983927357720198,572,6834,158,0,0.5645802531031158,4.43,105156,10603,80142,0
1393711,24440,41046,978717,978717,8663,-30,122061,3689,4587,14688,1271650,0,4686,1228,15543,9685,0,1099628,1094942,11061,1062851,0,32870,48087,222579,759315,-127,1.8348358430994565,2376,8933,215,0,-0.0366187223309691,-0.42,186104,3338,178150,0
1644996,24787,67622,1346317,1346317,9213,139,112176,0,1541,18248,1532820,0,9752,951,176024,3218,0,1265225,1255473,2937,1052324,223,55124,108502,529350,359125,772,2.3432976435399486,2586,10688,192,0,0.18636899128990517,2.73,223662,0,212667,5644
1350095,18778,36605,1048039,1048039,6446,227,173084,0,1289,14366,1177011,2927,11173,4183,50316,10949,0,812727,801554,10860,738584,0,71181,36887,231048,399468,4076,2.5031635230288276,2905,8420,177,0,1.2053483637159388,9.44,432581,43162,351828,0
100565,1217,2972,93301,93301,439,15,6759,5091,0,1442,93806,884,763,2604,9756,3041,0,82748,81985,685,68002,8527,5275,1259,6251,46690,264,4.2504502595613936,93,817,21,0,1.028658263359894,15.83,6982,1162,5820,0
2630262,25187,74319,1905768,1905768,16381,1222,356590,1928,34564,32472,2273672,0,13483,93,180092,35759,0,1990881,1977398,8083,1766268,25,260439,168561,746858,590385,7580,2.666162960532802,1659,13270,252,0,1.1718601289084791,8.56,406752,93617,152422,11746
301028,5735,10044,262574,262574,882,0,36757,0,20,4164,264271,14604,2263,663,8287,5167,0,221034,218771,0,192905,7768,35889,9941,48873,90434,883,4.664573861970825,204,2368,77,852,1.170189327489013,9.7,56174,1484,54690,0
343193,2552,7829,302773,302773,1515,0,25958,195,0,3799,317235,31503,2847,3910,36411,5411,0,196015,193168,0,121166,25164,2833,13828,47490,31851,845,2.786623232434147,211,1482,31,0,0.9732318062520066,12.66,127188,44262,81147,0
171798,5857,16425,157239,157239,194,75,14125,0,0,2025,157673,91,1626,2059,5964,3391,0,121964,120338,0,112473,1775,8397,2212,29046,71043,268,4.688755373599183,172,1605,45,0,0.6295439330052501,7.64,27547,19262,1818,0
151585,332,46380,130647,130647,339,0,19235,0,0,2019,132350,18725,1109,1872,7260,4951,0,53228,52119,334,21761,8812,2386,0,4757,5806,1125,4.553724804586252,107,662,13,0,2.925269124759478,23.67,47747,25140,14562,0
104644,2449,18408,87089,87089,349,0,15471,0,0,1222,89173,0,1113,71,2804,153,0,63521,62408,0,60563,0,2985,2369,48664,6545,-127,3.47578546082525,62,1108,31,0,-0.4717375356356849,-3.26,18262,0,18262,0
920929,12282,27785,670936,670936,5889,-302,71668,0,0,8845,849261,0,6262,230,27390,481,0,650214,643952,12631,609712,0,17927,19559,406525,165701,2467,1.390770852152966,4620,4735,102,0,1.0737092476309957,13.78,183010,1517,143964,0
6299782,60418,180853,4568096,4568096,43146,5742,581705,10000,34438,90720,5718077,0,71391,0,1389683,47186,0,5556044,5484653,43826,3892410,0,171576,888328,2117181,715325,9055,3.2237265842924816,2901,32605,541,0,0.5801202155798475,6.2,301836,0,294894,92652
1095490,13371,265404,726564,726564,3006,390,69316,0,0,10201,1026174,34744,5862,79,45013,1736,0,400669,394807,9097,310079,61953,26494,20941,173718,26973,779,2.9364021013946378,691,6546,189,0,0.2946271208235944,4.43,373268,29608,343660,0
397685,3925,39368,324260,324260,1481,77,27848,11250,0,3969,369837,3257,1834,2393,11232,7888,0,216535,214701,0,194149,961,19782,2205,47069,124132,720,2.730480303337924,255,1759,45,0,0.7592043643706446,10.27,120109,44939,75170,0
63074,215,9658,56807,56807,229,0,6033,4720,0,790,57041,12512,330,129,1283,406,0,25840,25510,162,11478,10352,0,0,180,946,277,3.848891556965825,3,287,8,0,1.7757263971024249,18.71,22427,1050,21377,0
22227,0,16204,19068,19068,118,0,3047,60,0,312,19180,2985,208,483,89,568,0,5590,5382,0,1948,1922,0,0,26,0,87,3.794249951105026,2,63,4,0,1.5658042744656917,11.61,447,447,0,0
177743,1448,31596,145210,145210,628,0,31915,4040,0,2562,145828,28582,1649,7132,15744,15304,0,115929,114280,684,54472,28223,111,3108,6139,16891,992,4.624775068301519,186,845,23,0,2.2583564310228055,12.62,23761,4590,16254,0
249343,1206,12095,208957,208957,1023,0,23823,11851,0,2761,225520,16761,2239,1632,21168,3782,0,130631,128392,0,88041,17657,6141,6456,20670,37117,897,2.8945681047906935,327,1163,40,0,1.4471739169891684,15.27,92791,17596,74814,0
146298,265,44167,132467,132467,291,60,12353,0,0,1731,133945,5356,2051,3393,5754,7014,0,67175,65124,0,48758,4343,355,4711,15254,24095,703,3.9357838598696953,243,920,24,0,1.8183405379365198,22.98,34224,4550,29198,0
4376810,53163,259826,3832549,3832549,24131,-554,437192,0,20209,51027,3939618,1673,44509,12067,306767,34358,0,3453252,3408743,19736,3086517,22524,612077,116169,1486162,849585,11342,2.6091592928563276,11223,24745,526,461,1.0342032733281306,10.39,513416,129162,366990,0
533946,15259,46013,369467,369467,2475,0,18509,0,0,5213,515437,95,3405,263,27000,4270,0,273906,270501,0,243282,224,25345,8786,167467,41460,272,2.1355484383607055,457,2923,57,960,0.2012211981353749,5.77,196944,18732,177593,0
6972580,53584,131800,5498458,5498458,46230,689,611266,0,25174,85182,6361314,0,53620,2218,881779,5748,0,5774197,5720577,0,4861722,0,386914,404080,2182371,1888357,6044,2.40244055691202,3289,33568,491,0,0.34932690704372854,3.97,716705,170957,440734,0
141970,3157,2437,112983,112983,507,0,11923,9240,0,1714,130047,5767,1101,1629,4251,3400,0,87093,85992,927,72731,5377,12962,2867,28724,22801,341,3.7671807396252324,122,875,18,0,0.9885239901872326,11.24,35810,2526,33284,0
88042,10164,8087,77263,77263,89,7,10266,10700,0,1142,77776,0,1775,21,906,2379,0,48410,46635,0,45097,0,3943,1184,10261,29709,31,5.571244337158163,146,1151,33,14,0.1409835879186161,1.21,11537,411,4783,0
226362,9697,40044,177256,177256,1353,60,33278,3744,2028,3473,193084,593,1634,239,20751,2310,0,142326,140692,299,118373,10700,31850,7560,45590,22673,528,4.343583610142883,161,1557,46,0,0.9980459658764682,6.38,26627,100,26527,0
1717181,23549,36441,1296371,1296371,9524,-362,211359,0,0,19066,1505822,0,8706,0,73033,3094,0,1431534,1422828,8125,1346782,0,28954,39676,328600,949552,5138,2.2992009300896656,1407,10134,195,0,1.1991795026194125,9.81,208137,7736,128798,0
409421,2427,16054,320457,320457,2048,45,55143,0,387,4256,354278,61196,2332,5421,26151,9843,0,200513,198181,2317,100731,64637,3407,556,13044,19087,816,2.329166133734538,893,2098,54,391,0.805328392143607,5.92,171991,77799,90114,0
236481,2526,5608,209972,209972,575,0,20680,0,0,2794,215801,0,1504,498,12881,6075,0,161549,160045,0,142593,401,19708,1618,36503,84363,1000,3.795311447721466,234,1453,51,0,1.6200792623779117,19.76,62415,24433,34935,0
1428883,14148,67166,1228868,1228868,5999,5,186987,3746,10567,19743,1241896,1404,14236,5595,86180,14319,0,1060634,1046398,1716,959466,38985,165286,46235,479935,229025,5480,4.080033248233687,1590,9697,179,23,1.536710521104006,11.75,239604,125640,70931,0
143962,2008,8068,120648,120648,305,0,12014,0,312,1801,131948,854,2207,439,18310,1640,0,88581,86374,0,67736,9806,1864,4787,43745,7534,315,4.388254964653428,181,1362,25,0,0.881590501212187,10.21,45649,28085,17564,0
91513,319,10536,80564,80564,422,0,8263,21596,0,1086,83250,21649,313,101,1779,278,0,35141,34828,627,10763,10192,0,0,571,0,317,3.149905123339659,46,363,7,0,1.3769961285558372,15.11,21736,13674,8062,0
246181,5226,8144,186227,186227,961,67,20119,1253,830,3027,226062,23991,1640,2434,21226,4369,0,150440,148800,0,100188,24685,9277,96,26437,39693,531,3.7199001604724597,182,1640,63,25,0.8699516488737525,10.48,69181,27163,39129,0
800718,14735,48530,701788,701788,3313,300,63634,30,0,9706,737084,79,8936,126395,79535,144185,0,587007,578071,0,363045,603,81360,42901,205137,33044,2041,3.394375096235021,1454,4907,126,0,1.0109478069094642,13.04,137612,39943,97669,0
799299,20979,100531,674743,674743,4519,43,88551,1337,0,10672,710748,5010,6380,2126,138828,6181,0,651794,645414,0,494642,35554,81824,46048,177358,153858,2298,3.390820591809237,1043,4136,79,442,1.1740415729755862,10.48,9933,0,9933,0
7669378,62893,192224,6124356,6124356,30421,14127,1038434,0,67129,92615,6630944,0,81514,0,964959,77466,0,5750382,5668868,1350,4675801,0,477878,1314825,1287793,1595305,22170,3.4870253463077767,12402,50185,811,0,1.156438570851619,8.62,1335123,35096,857250,0
362301,1744,45923,329812,329812,1441,216,29772,15695,0,4932,332529,0,3288,17269,47107,25761,0,255955,252667,0,182943,0,4163,1771,115598,61411,1640,4.089120812670301,625,2260,49,138,1.822710809981009,22.62,33907,15315,18592,0
794635,12537,21568,661495,661495,3553,-53,61632,0,980,8194,733003,0,4992,369,27259,1980,0,585701,580709,10399,544281,0,39774,60203,225916,218388,1107,2.50658748853139,1790,5134,118,0,0.5602644934275205,7.17,146799,13748,131811,0
394167,5735,6827,329437,329437,1025,100,50029,19595,1229,4785,344138,2844,3489,12422,8347,19656,0,272617,269128,30,241740,11426,41028,912,44031,144343,1302,4.184385620069471,489,2266,54,0,1.3426919581568924,10.56,77289,47312,19982,0
1358652,17441,23376,1003157,1003157,6295,240,113634,565,3059,15085,1245018,0,11460,4603,110468,221886,0,1167672,1156212,3970,831348,1279,65046,60141,221840,483042,1282,2.712007691735126,865,7804,185,0,0.3760996311979338,4.51,122281,0,119781,0
2425785,45935,91700,2001768,2001768,12303,0,211258,1903,7141,27420,2214527,33303,18487,29948,143127,43488,0,1476459,1457972,13076,1241765,48838,307699,55580,631107,198541,5178,2.7198620367659068,3123,11452,275,2768,0.8624474945737888,9.87,737644,97957,630494,0
113756,1181,11604,106782,106782,293,30,2874,0,0,1055,110882,417,498,2339,24312,4874,0,57272,56774,2208,25452,854,551,441,11602,12004,-7,2.8663453626425297,119,858,21,0,-0.024464724924749125,-0.9,38645,27645,11000,0
275339,1773,27121,251738,251738,1366,150,21195,0,0,3247,254144,3215,2155,2961,11245,5588,283,178996,176841,2731,155908,6895,30536,1972,26653,89852,481,2.90253142094421,163,1310,31,75,0.716148135465152,9.1,65700,23251,42449,0
14098,233,1801,11080,11080,20,0,2970,6457,857,171,11128,130,26,379,389,439,0,2165,2139,0,1207,187,100,0,299,621,13,4.988231407688814,15,150,5,43,0.37837444517208757,1.75,2483,170,2313,0
24278265,281181,1274266,20681911,18675746,90525,6300,2501924,0,1001025,244931,21776341,293,159836,641333,1939472,941377,0,14320208,14160372,2,10682097,17341,960961,845253,3268112,5233583,56104,2.8442654771811364,50870,126311,2065,0,0.9121769913418056,9.02,6147565,54296,5732409,2740
189444,2385,22118,159863,159863,598,0,18335,1870,1210,1990,171109,3775,1385,1601,22856,1974,0,111444,110059,536,82304,9086,2485,0,43328,27405,264,3.243299917869021,107,1245,28,0,0.5787474720902319,5.75,48491,36551,11940,0
45877,10,9755,39434,39434,124,0,5374,1021,0,500,40503,3282,318,950,1938,2233,0,21602,21284,0,14136,6207,668,0,1130,6131,176,3.502235469448584,31,226,7,0,1.5147277147836564,13.33,12310,300,11922,0
2475597,36679,78547,2087993,2087993,10400,375,269535,0,26408,26000,2206062,0,24388,268,50469,31306,0,1997011,1972623,22883,1892259,1612,175263,139573,1035438,540373,4164,2.6810987692725456,4061,14201,250,0,0.6673729322898553,6.22,279283,21255,108807,0
2943126,31797,77979,2511525,2511525,12837,-48,220450,0,7325,30096,2722676,41,16722,3510,113938,28036,0,2386994,2370272,74524,2170356,45,148081,212142,564107,1245981,1927,2.466662045575865,3850,19344,390,25,0.26241496323620156,3.5,369100,83848,269621,12379
232645,5692,24319,202849,202849,1275,45,17146,0,0,3628,215499,5819,1760,2853,10686,7929,0,175466,173706,0,147936,9002,7249,0,100239,31446,774,4.366828435420862,298,1788,40,0,1.3425030570563798,18.36,22912,18436,4476,0
397277,6882,22515,325871,325871,1165,33,40522,147,67,4098,356755,0,2259,130,14766,6592,0,267508,265249,5720,240691,0,7393,7272,30203,195823,393,3.217261104925711,467,2906,70,0,0.3979087012153681,3.87,80977,29751,40984,0
760475,8650,9475,679167,679167,1896,-12,49359,50919,0,8008,711116,0,5932,3891,36835,94431,0,576022,570090,60,444671,804,18663,23629,116549,285026,1266,3.436227121569465,804,5258,101,0,0.6805514025285495,10.29,102208,6177,93531,0
669872,6695,22501,532494,532494,2321,-167,36392,10,179,6461,633480,237,3851,7696,23631,10269,0,476691,472840,5632,436768,1244,23637,27255,67851,316781,775,2.612941476264598,955,4325,119,0,0.4578227133232317,8.38,137546,5248,132298,0
141949,4182,13836,132711,132711,497,60,8872,0,720,2024,133077,2337,1011,4863,19038,12949,0,93793,92782,17,56180,14935,2440,0,18893,19912,542,4.831131851617496,184,1109,47,660,1.5216384283889444,24.14,25909,19567,6001,0
522345,10046,7196,409953,409953,2330,2,65908,0,227,5356,456437,0,3884,1414,23498,3734,0,416656,412772,212,389167,193,5191,9206,47633,326944,1460,2.403425636076801,797,3772,90,0,1.0870799431889044,8.82,70509,8807,42958,0
23389344,277987,891521,20704247,19418064,96418,2000,1388863,0,37810,211694,22000481,325,147664,825755,860758,1158829,0,13856019,13708355,26445,11094640,2376,489698,832353,2626101,6854302,37224,2.116603117865678,42635,105160,1891,2672,0.6323604121384863,10.8,7263008,63451,6527236,155765
2026440,16703,191203,1699969,1699969,8679,300,264830,31318,0,30438,1761610,207528,25747,4235,191105,9388,0,1341580,1315833,6343,929643,103157,220456,58815,452333,94882,11478,4.5389357834143915,1465,7837,212,0,2.244830355473033,17.66,405651,203113,202538,0
103988,465,1475,92650,92650,858,11,10857,3025,27,1827,93131,78,890,346,13050,560,0,84019,83129,2478,67853,1709,6891,0,14028,45225,286,3.8402663218749535,42,616,13,0,1.0986267166042447,10.66,13577,964,12613,0
79833,159,1004,70295,70295,286,0,9252,1304,0,660,70581,10564,170,661,674,856,0,32154,31984,0,20056,13620,0,0,77,6359,96,1.9555555555555555,7,279,7,0,0.4815409309791332,4.11,43582,18474,24466,0
32570,4,5290,27176,27176,118,12,4605,2791,0,308,27965,4007,506,620,862,873,0,11952,11446,299,5911,2512,305,0,345,2749,17,2.6016705463508147,27,189,7,43,0.21259633271326067,1.47,11794,6954,4766,0
1273767,38830,28026,1041889,1041889,5271,453,60015,0,130,13539,1213752,0,8632,17198,113886,37152,0,818231,809599,79,666168,337,57911,79698,320765,207457,1664,2.812267616107443,4309,10470,239,2556,0.5207581506357106,10.9,356188,1835,354353,0
57523,88,7684,51157,51157,104,0,6159,11681,0,623,51364,14470,560,570,2977,864,0,27312,26752,353,8516,6042,0,0,1403,1071,205,3.611910954912007,8,277,8,0,1.375642735515908,13.5,10452,5350,4994,0
158513,4153,32344,92770,92770,928,0,18274,0,3,2340,140239,115,1413,165,12238,2234,0,114069,112656,0,99563,3661,3664,11206,47690,33342,581,3.8200104157507795,55,700,15,0,1.4918139597582543,12.71,6139,0,6139,0
423598,8782,24204,365249,365249,1604,166,37033,0,5276,5532,386565,32365,3200,3723,47480,5970,0,275315,272115,0,182235,24341,30028,2683,60496,64687,833,4.092737812891134,310,3043,74,833,0.7857934580100465,9,101084,35916,60802,0
168807,1018,9507,137026,137026,816,0,30887,0,608,2675,137920,35317,1999,795,7995,7239,0,124413,122414,0,73844,35444,1051,280,7547,29522,598,4.598269774229654,28,1148,22,0,1.4186542356496186,7.82,33021,0,33021,0
2700895,47853,33103,2178678,2178678,13924,3524,258778,0,552,33725,2442117,110,14444,41,255494,67446,0,2166713,2152269,0,1830019,2320,183715,129565,657865,856554,1636,3.0975979575658332,2910,17917,327,0,0.2432835396416661,2.53,395775,5739,198081,0
202818,306,32061,192505,192505,717,2,9252,0,0,1746,193566,0,554,134,5448,791,0,44484,43930,0,38237,0,15020,925,16565,5727,445,2.0924575446159634,144,726,23,0,0.89094663079522,18.29,125062,20264,104276,0
91225,1210,13933,79021,79021,366,0,8416,0,0,1301,82809,587,1003,277,4779,2102,0,67668,66665,19,60164,3111,8086,1989,10725,36253,102,4.5818172908473915,84,917,27,0,0.4480980543977858,4.84,5683,2560,3123,0
585469,8590,49259,532671,532671,2046,92,47542,0,1639,7673,537927,17,4687,1332,20692,2602,0,354437,349750,0,332238,6211,30665,16005,193934,85423,1424,4.091549046144449,1162,4873,94,0,0.9700231180895857,12.14,152801,30888,102216,0
66825,761,8121,59763,59763,121,110,6679,3500,0,1108,60146,11711,896,5544,2456,12516,0,30284,29388,0,3436,2120,0,0,0,1316,149,5.61920892697021,192,885,20,0,0.8084151130221296,9,23816,437,23379,0
217595,2379,23309,198094,198094,476,0,15028,0,0,2306,202567,150,1098,614,11027,2032,0,90240,89142,0,77020,4373,23980,459,25478,22730,610,3.627911126089736,197,1330,39,0,1.1186656702595397,15.81,92371,46170,46201,0
86477,1070,9393,71965,71965,329,0,13575,5821,0,1198,72902,22729,805,434,4787,1537,0,49063,48258,1019,18991,10872,14,0,5754,2351,377,4.12498368281771,126,489,13,0,1.665792162602524,10.91,19223,1356,17829,0
110190,1054,1940,81071,81071,544,5,11801,639,740,1446,98389,3097,1042,1120,18460,1492,1315,72448,71406,1060,46682,10059,2235,162,10031,24195,448,3.4996847567777296,53,519,14,0,1.6307438903979943,15.18,30523,19570,7935,0
352043,2175,57930,304229,304229,1384,191,46490,2220,0,4276,305553,0,4856,4987,16706,9354,0,269533,264677,392,243081,169,39485,3300,40105,160022,1575,3.4572882343711475,92,1219,33,83,1.8337835320417286,13.72,21577,1820,19751,0
1240633,32296,137372,1041634,1041634,5378,300,137664,0,11119,16573,1102969,14171,10849,5077,106296,8641,0,855171,844322,0,728941,37229,187479,1453,406726,96054,3802,4.0279817904280115,1975,8133,191,0,1.2305167838751165,10.94,167210,6174,161036,0
3015763,37847,84767,2224536,2224536,13085,250,251772,0,18818,30320,2763991,0,21133,854,31486,4165,0,1953773,1932640,0,1917791,0,72353,231749,887537,726152,3014,2.5384948905149805,4731,18096,360,171,0.4000400172744553,4.78,731240,10687,713373,0
1109331,17955,30471,951871,951871,5298,436,114319,0,4047,11691,995012,0,4843,211,25890,1902,0,821548,816705,0,794174,0,46728,66905,216478,464063,455,2.449729157017082,1550,7435,150,0,0.16331834154710928,1.59,196016,3273,150300,0
2098874,31344,34984,1756013,1756013,10792,100,198529,0,13546,26109,1900345,97,17695,109558,203796,171551,0,1538633,1520938,0,1162787,0,87927,212415,427521,434924,4000,3.0852303184256002,5895,17158,329,5377,0.7423408977870818,8.14,377015,19741,314470,15436
1867330,31812,56924,1490166,1490166,9297,393,136441,0,6328,20352,1730889,0,19145,2434,93271,8649,0,1341576,1322431,3001,1236371,916,37555,29727,200249,967924,1296,2.5369920637242838,2335,11349,243,0,0.27916805335211686,3.81,390092,38392,334080,0
1159636,13863,37021,894372,894372,4905,20,104705,0,415,11319,1054931,235,7843,54,60454,536,0,803125,795282,25507,690199,860,42202,96556,210108,340473,870,2.3204638757064906,1287,6893,164,0,0.2975303696857592,3.32,271167,16421,223947,0
2263094,25377,118134,1677964,1677964,13181,276,160399,30,1045,23162,2102695,0,16765,14342,91690,15493,0,1667788,1651023,0,1560530,0,124431,126552,538947,770600,1363,1.9143945698402296,2321,10386,189,0,0.2431828405334768,3.43,344252,72116,266520,0
1928780,30209,33275,1519593,1519593,7673,-44,195230,0,13055,19164,1733550,0,18207,0,174329,518,0,1417813,1399606,2653,1240140,319,122048,59083,575247,483443,405,2.5847041119985965,4630,15639,265,0,0.08401557088580416,0.82,359527,0,345234,0
226918,1373,13952,203797,203797,38,60,21269,31985,2299,2777,205649,2455,1738,2536,44939,4242,3507,121127,119389,1680,62944,8032,0,0,53236,1676,1992,5.188445810434194,233,920,15,0,3.5518151344411955,39.17,53244,41591,10423,0
76090821,423128,1544853,61071532,61071532,378383,45500,9128855,375,3252423,953362,66961966,0,641442,0,12947186,42308,0,51338405,50696963,4170635,31707219,108,1763328,7962998,12121267,9859518,222847,3.3813302514077783,105700,330908,4125,102,1.180909637900397,9.76,16281032,2117772,12664439,16835
414773,3053,60919,184803,184803,275,0,190154,0,0,2925,224619,0,1203,686,0,1412,0,65921,64718,0,64573,0,1725,0,207,62641,13910,2.7120031725320133,172,1556,32,0,13.741647639358312,30.33,279470,470,83542,0
1136711,9459,47960,1001413,1001413,4866,52,68686,0,217,11195,1068025,268,9542,11225,54362,11548,0,872373,862831,0,804827,2432,32097,30812,167833,571653,491,2.408125759792404,903,6648,152,0,0.17584865555017842,2.82,169479,9995,158473,0
420493,6809,21467,348140,348140,973,375,60082,0,1813,5263,360411,0,2666,156,46694,1010,0,344021,341355,2779,293509,932,17809,27137,100101,147530,926,4.398550733924847,713,3652,82,0,0.8814933983188799,6.21,31087,2851,23313,0
1627156,33952,34311,1232999,1232999,3619,238,219725,0,418,15533,1407431,4,10317,2456,46192,3217,0,1138922,1128605,6298,1083107,143,68764,25816,154944,833440,7169,3.199021551575127,2611,10505,209,0,1.7583242328792406,13.21,345990,20868,217271,0
1799864,26079,45053,1578364,1578364,7567,375,126185,0,814,19076,1673679,0,11782,19117,126557,41272,0,1261128,1249346,0,1094297,1482,88123,36716,458220,509756,1812,2.755378737389411,2188,10859,238,0,0.40430342168545663,5.75,398539,81188,303247,0
3227695,44372,194678,2690228,2690228,19885,1599,441496,0,577,53057,2786199,0,51404,0,1272851,300,0,2804767,2753363,18190,1513026,0,366338,134858,730067,281763,12983,4.414651447218352,1719,15265,261,10140,1.6376398586127616,11.84,118454,431,116830,0
1430972,20582,10953,1187927,1187927,8171,185,156947,0,11177,19246,1274025,7737,12510,865,182106,1336,0,1113070,1100560,40792,874812,11882,245862,243395,269340,104333,4449,3.308147601630327,1365,7826,145,369,1.25385090968659,11.45,249047,223894,6400,0
159920,1343,28738,154263,154263,477,0,5067,0,0,1249,154853,0,273,50,54,161,0,23270,22997,0,23043,0,6772,1207,12841,2223,248,1.9983110130362616,83,607,20,0,0.618342070323944,18.09,105115,20949,84166,0
192303,632,6466,154579,154579,1154,37,21295,0,0,2154,171008,14599,2103,1626,16397,3192,1000,141934,139831,0,106626,22808,5650,3722,34957,39489,86,2.1747995106701103,53,896,19,0,0.18056700138049772,1.61,41441,25827,11945,0
783494,4981,111361,699439,699439,1638,185,79310,0,594,9488,704184,0,6297,33,104622,2376,0,457064,450767,0,350034,1940,14917,13151,156429,163597,5936,4.207310537035052,6520,6116,146,0,3.0039706713072345,30.79,191403,0,186373,0
8349541,153409,404001,6554051,6554051,47279,58,929160,65372,203498,102723,7420381,23214,43557,22504,322725,57613,0,4578124,4534567,427225,3734073,27975,599464,551825,1833545,721264,23854,2.9249479093888127,9792,36006,808,119,1.1476225344686075,10.34,2717371,1588503,963023,0
129152,3568,15787,105556,105556,746,0,23281,21600,2646,2398,105871,10163,2029,1220,6689,2147,0,70714,68685,0,51881,2197,10431,460,34899,3894,511,5.670788744239533,108,1249,36,0,1.5789331386703438,8.81,15669,0,15669,0
35433,145,7796,31099,31099,107,30,3314,0,0,440,32119,1060,268,787,4799,3688,0,18642,18374,1507,7557,1562,419,0,2434,3142,11,4.1596402473299605,37,324,10,0,0.1293413877742993,1.33,7973,4285,3688,0
77439,22581,239,500,500,1,0,44792,0,28517,176,32647,0,6,0,50,0,0,50,44,0,0,0,0,0,0,0,8841,7.057163020465773,22040,13148,86,0,45.25607227867216,74.43,9036,1076,1491,0
663918,9568,71845,562985,562985,4136,375,62466,32605,0,10192,601452,166,7977,1562,93786,4959,0,509840,501863,122,410863,27827,82767,24457,193365,82447,1751,3.9486113273179386,1071,4537,90,0,1.0811311434922204,11.33,28903,2791,22612,0
1832966,33269,174628,1517727,1517727,10483,440,164835,0,0,18723,1668131,0,18082,3915,76592,9354,0,1199992,1181910,18770,1082156,2648,122530,55953,668097,232928,715,1.9361220696768977,1455,8453,168,0,0.15870769760079464,1.74,397316,23982,373334,0
196877,748,16372,153905,153905,892,0,18814,0,1971,2015,178063,28124,1310,3478,12550,7073,0,116206,114896,2028,66418,32863,1341,346,5960,25908,445,2.452366653928045,146,805,22,0,0.9343047303113649,9.45,60500,22540,37882,0
566793,6995,8537,457815,457815,3731,105,40984,729,2250,7678,525809,2,4981,2006,79648,3818,803,468480,463499,5673,378357,463,6574,66616,215922,88782,-69,2.9028195298638497,570,4481,95,0,-0.04880727228357025,-0.67,78840,31463,39916,0
502835,3130,3951,338035,338035,4021,0,56133,2250,0,7506,446702,106507,4253,10002,43763,13145,0,401770,397517,0,219213,122519,25741,52,56216,14685,1549,3.0348088658218257,359,1792,34,0,1.2506017360273614,11.18,74523,7404,35114,0
88707,283,3312,75976,75976,315,0,10181,4346,0,1184,78526,14602,792,362,9839,568,0,73876,73084,0,48867,28103,4404,502,8676,7182,503,4.0668289030325715,55,440,10,0,2.2892902858768314,19.62,6590,3371,3219,0
128991,1557,6779,115794,115794,545,-13,11797,0,0,1507,117194,3196,856,1967,8972,6160,0,72496,71640,0,53834,4815,2985,234,12249,33551,221,3.14687602224403,119,798,24,253,0.6867539610709943,7.48,46347,10246,36101,0
421854,5563,17723,352860,352860,1843,0,41023,0,9300,4156,380831,54195,4164,1325,20175,2031,0,244427,240263,4431,157338,70562,451,9119,22054,55152,682,2.3543422499083912,537,1865,47,0,0.6298514492586316,6.54,132184,52630,77554,0
516954,5418,37513,452922,452922,2516,0,51160,98,2879,6747,465794,31873,3900,6443,36407,9015,0,380340,376440,61,302620,124851,6122,4150,81612,85885,1740,3.499854207207748,469,2963,95,0,1.3579017296663483,13.65,81200,64764,16433,0
789597,8377,70806,717643,717643,613,75,68069,0,0,10931,721528,576,5398,862,68247,3474,0,439632,434234,0,349124,10050,14018,2785,193114,129157,6863,5.408773793290536,636,4016,97,0,3.4727783112015196,39.68,264242,21596,181882,0
145882,2115,11508,118216,118216,385,0,18471,619,0,1463,127411,12329,827,548,4334,1088,0,92763,91936,0,74185,20115,6706,3187,21200,22977,345,3.204554153026379,293,934,23,0,0.95638403670297,7.46,35102,13171,21396,0
555880,14357,36549,422614,422614,2895,75,54753,1000,5411,7046,501127,28550,7147,1916,31645,2750,0,380163,373016,1240,312237,41235,88175,50417,94051,38359,807,3.297814234783559,376,3587,48,216,0.5860332375976268,5.91,105271,63587,16783,0
1845180,17542,21198,1266827,1266827,10774,-850,152348,0,410,18309,1692832,22251,10052,9776,150833,17154,0,965914,955862,2045,770203,22719,83610,99587,437444,126843,3097,1.6784068833615804,1506,6472,213,900,0.6639979181724942,8.19,811061,131881,569498,0
7209064,203376,84665,5243296,5243296,32232,388,402922,0,79032,65343,6806142,13887,32063,8538,359864,34725,0,4840855,4808792,17773,4375722,8461,170014,298934,1186637,2711676,-254,2.0264137285842776,17849,50192,1055,4722,-0.014043160742288858,-0.25,1671640,107186,1396787,0
369859969,4042009,18454029,298344717,298344717,1927227,245136,46758867,0,12798676,4178340,323101102,108502,2636602,28275390,32052587,35259817,2273153,184715169,182078567,6037585,80600592,5309,3343168,6414326,21494693,49343096,34716,2.6705884026729234,367249,2300671,27354,21303,0.03768181201583177,0.3,140875688,0,92093023,148597
5477183,50521,167867,4605079,4605079,26395,0,384597,3655,100331,63726,5092586,113850,44392,10663,508960,84816,0,3589796,3545404,87260,2773992,220739,269630,636876,1097424,549323,18166,2.8567279862118546,4764,23760,557,968,1.3145852129425784,18.55,1510961,294823,1179892,0
550390,11147,33875,507380,507380,1593,151,31996,0,2400,6387,518394,27951,4879,14237,31079,16892,0,330538,325659,0,254128,47507,3679,6691,83838,112413,2337,3.6854278957448257,2662,4921,126,0,1.7055639737013275,28.89,171987,57835,104134,0
744704,5911,13244,614272,614272,4473,225,78951,13084,12936,9422,665753,115919,6823,21646,67330,26454,0,570917,564094,640,360388,170321,9156,289,115306,65316,1471,2.862389566072384,732,3833,100,29,0.7919043792958188,7.46,115338,71262,42715,0
113219,506,15905,105590,105590,524,0,7445,695,388,992,105774,9142,629,1587,13999,2039,0,47865,47236,0,22679,6082,411,625,4328,11233,-35,1.736629713808618,76,585,20,0,-0.1249821454077989,-1.88,47427,19696,20164,0
87983,1208,21721,76132,76132,305,0,11381,0,0,1100,76602,43,432,327,4873,5530,0,38197,37765,1060,26676,5251,1398,340,4932,14755,420,3.8303100383031,131,506,19,0,1.9011514414236004,14.84,26730,7672,19058,0
42098,438,7747,38688,38688,126,4,1870,0,0,387,40228,1109,168,366,1725,596,0,20207,20039,685,16092,1300,572,0,3038,11182,-63,2.6030044256061835,31,354,8,36,-0.6021793156184286,-13.11,13340,2397,9173,0
268421,2656,22459,252939,252939,745,46,14885,0,179,2825,253536,6787,1708,2627,11437,3264,0,111998,110290,0,89546,16403,1122,1645,5287,65089,986,3.2192847538620777,200,1204,31,0,1.460908474676722,27.63,130074,29556,85017,0
26712,150,9533,23599,23599,41,0,3054,4550,0,286,23658,2325,212,533,2331,1101,0,9068,8856,415,2879,1083,0,0,1020,776,89,3.8642771238737406,20,155,4,0,1.283808150018031,11.84,3339,1461,1878,0
1400332,17044,105679,1147625,1147625,9068,565,158395,0,0,23497,1241937,119071,12298,5801,78014,11134,0,845977,833679,4198,631054,85177,50662,29391,325193,140631,4629,4.268770727753075,1636,10010,238,43,1.306957948790344,11.86,408091,21108,1977,0
23385767,121413,1175935,19869753,19707315,162648,1900,2855084,0,379827,332787,20530683,0,154589,0,2851753,5032,0,19483895,19329306,0,16342718,397,448943,2369565,6115745,7111578,80134,3.1169669135882985,14807,92505,1257,19441,1.3803636662423835,11.32,1659483,0,1394961,0
93834,1070,12801,81885,81885,415,30,11070,92,0,1169,82764,0,679,21542,27716,22922,0,67203,66524,0,16562,65,2473,2963,3627,7434,170,3.2929718634333818,44,589,18,0,0.721110510185686,6.18,12665,0,12665,0
261534,2410,24780,222196,222196,687,0,34303,30140,0,2953,227231,11442,2532,2621,57023,3307,0,110991,108459,0,36911,6151,2730,249,12601,15180,905,3.643203961542172,261,1415,30,0,1.36993559032114,10.62,90021,63447,26574,0
200999,3828,7393,155555,155555,1119,48,14768,928,766,2732,186231,29334,1099,5781,34792,10127,0,164270,163171,1637,88086,14160,611,3099,12227,57989,445,3.5296563344529908,160,1256,28,0,0.9077742192121744,12.59,21247,7736,13040,0
689656,15730,13761,606194,606194,5163,110,56620,16275,0,10916,633036,9790,7552,18,50093,4977,0,589242,581690,1112,523270,80758,180787,27399,130824,103502,1015,3.6459649520290704,1140,5426,125,802,0.5991063576104215,7.15,37553,24599,4970,0
2330380,20309,51992,2113829,2113829,3056,579,209629,108,7549,28892,2120751,0,20586,7589,112507,276243,0,1520449,1499863,16906,1102944,0,133801,191504,566411,211228,2104,4.663154921391835,9527,31713,326,0,0.3620143846518977,3.98,675491,87836,579305,0
357784,2270,45596,267268,267268,1737,150,40966,0,0,5159,316818,0,4966,0,1388,15920,0,303310,298344,0,286718,0,43999,139303,42118,61298,1234,4.0072721098193975,167,1655,38,0,1.4013690035119397,12.23,4734,4727,7,0
337702,5292,54022,296666,296666,1274,165,10167,0,1620,2882,327535,564,1962,970,17492,12937,0,153364,151402,4030,117716,1729,3073,12381,66694,33839,106,2.207392637563083,888,2190,54,0,0.12653845694708066,3.98,117220,48141,66997,0
38777,15,19349,28593,28593,112,0,9910,0,0,577,28867,4780,54,175,4694,3383,0,18465,18411,243,5380,4551,0,0,230,599,217,4.93728847302409,10,147,3,0,2.221198628384257,8.65,589,0,589,0
1418253,13262,15622,1125741,1125741,7595,195,115541,236,4447,17367,1302712,324,12494,894,117345,4598,0,1094752,1082258,28842,942258,11757,78800,88905,455812,306984,2024,2.9238084160472857,1529,8339,197,0,0.5697448322891061,7.07,252670,87105,135498,0
534531,5179,63957,394988,394988,2878,0,70570,200,257,9450,463961,9678,5821,294,178071,744,0,456525,450704,0,267990,24925,77832,11139,140490,13604,3820,5.2330152941480925,79,1811,27,0,2.886493552616168,21.79,7476,0,7476,0
591240,10284,61240,521630,521630,1885,40,52846,0,3364,6615,538394,4133,3609,2120,38442,6729,0,414381,410772,3749,361320,17404,3907,22130,153660,164219,1396,3.501508776442915,531,3529,103,0,0.9546441454533021,10.58,81109,42176,38433,0
559973,12704,3159,479221,479221,1983,0,79760,45126,0,9570,480213,0,6503,453,15677,2271,0,408056,401553,1466,388536,1920,8767,4358,316190,57301,5285,5.828828577931388,803,3105,77,0,3.9061200808570553,26.71,92577,70774,21803,0
408041,7465,4024,353664,353664,1611,13,35250,290,2658,5024,372791,40339,3716,3699,25225,6831,0,290559,286843,0,217363,67855,14659,1279,50830,82740,803,3.525148183007144,538,3107,82,9,0.783594287470786,9.1,99278,53481,44961,0
5109805,16387,683914,4039913,4039913,42846,26982,790567,0,10124,87180,4319238,0,112405,0,1103767,590283,0,3384824,3272419,0,1534878,0,310675,225443,980132,18628,-38374,3.7436901385823584,3231,73749,793,0,-3.069552881475375,-18.94,912736,0,884011,0
206583,2889,21998,183305,183305,849,0,20169,1793,2170,2782,186414,0,2069,2352,21680,9810,0,151530,149461,1205,118532,3592,12787,4863,39582,57708,601,4.163626425996279,496,1828,48,1250,1.174717193188204,12.11,20315,0,20315,0
220578,1878,39712,185098,185098,1309,32,34353,0,0,5312,186225,0,2352,0,61326,0,0,175408,173056,0,114082,0,38496,17811,56311,1464,1342,7.557999575181137,6,2207,31,0,2.463068879207303,15.94,1807,0,0,0
308128,3294,19102,257081,257081,1185,0,22062,0,0,5162,286066,0,2740,349,33514,516,0,183827,181087,0,141546,427,64008,186,53556,23369,1922,5.414715172639146,505,2560,55,0,2.5173460466730626,34.2,101955,101805,0,0
138331,4714,12692,107472,107472,306,110,29856,21328,3474,1902,108475,3077,654,1501,18636,2414,0,56067,55413,1408,29739,4058,4063,0,14868,6750,-83,5.346711278428482,122,1692,29,0,-0.25438371331261994,-1.1,38845,12885,25960,0
407995,6200,20615,331420,331420,1061,122,40091,0,208,4483,367904,1807,1982,964,26889,2614,0,235727,233745,949,203419,42253,26295,5292,51710,77869,1893,3.520218496320461,1353,2760,69,0,1.7886100123894078,19.2,131437,52429,78497,0
248883,2451,28097,205948,205948,1395,105,29840,0,0,4174,219043,0,3177,18,900,64,0,219001,215824,1373,217221,0,14563,12044,106116,84498,1333,4.50569494548255,107,1448,33,0,2.101533386278942,17.92,2,0,2,0
27535700,235723,1012211,24633975,24633975,128429,-356,1443751,0,18825,285017,26091949,0,154573,0,382250,76729,0,16433788,16279215,708567,15237741,1693,1512546,1311190,3910077,8502235,61548,2.3742252188878177,31082,110388,2462,0,0.8846752892729761,17.1,8942763,733651,8211370,0
61501,620,1151,48565,48565,168,0,8397,2050,1772,933,53104,684,641,2933,6572,5161,0,50541,49900,0,38124,80,2442,0,7425,28177,241,5.3773361098663575,61,479,12,0,1.5835598886251447,11.65,5342,2692,2650,0
30840,267,4573,25045,25045,196,2,3193,2651,0,480,27647,11400,204,704,2270,1421,0,22923,22719,0,7832,7286,0,0,352,194,83,3.7576078327599896,13,198,6,0,1.0401491298149976,10.53,35,35,0,0
714124,6,117491,565272,565272,5852,4015,105402,0,14639,12773,608722,0,16126,0,141375,0,0,499972,483846,0,358595,0,34101,28840,253197,42457,9352,4.614830669520513,26844,16363,338,0,5.439644492010958,35.87,28127,0,28127,0
876212,14034,14958,698718,698718,3818,60,87613,31466,20781,10831,788599,159050,6245,4609,46005,6037,0,540388,534143,7512,312644,196960,13035,0,82240,20409,2789,3.6044069567161503,1691,5187,121,0,1.298690715804889,12.85,229086,124113,85011,0
597361,5947,10041,504382,504382,3201,90,43054,0,786,7111,554307,49088,5931,2909,47788,5240,0,381459,375528,774,277644,115495,4259,0,133554,24336,877,2.777980067460155,563,3323,84,0,0.5778842320630203,8.04,182687,43009,139678,0
175991,3498,1783,145454,145454,1284,0,18207,0,653,2292,157784,0,1790,168,28372,2337,0,141639,139849,0,111007,7630,20905,10217,35800,36455,48,2.443710415467135,76,1024,21,0,0.11043622308117064,1.05,27045,1114,25931,0
267502,2269,3681,240191,240191,1485,0,26263,35925,0,4157,241239,31023,1851,183,40027,563,0,200494,198643,0,128660,43727,22718,9402,50918,1895,1053,4.159377961289921,283,1618,34,0,1.5486290478247682,16.37,18063,6038,12000,0
148292,2293,4423,129509,129509,1328,45,12287,0,0,2360,136005,10881,761,1554,17371,2286,0,130989,130228,0,100451,18427,5356,0,27150,49518,231,2.9329847098277724,117,868,19,0,0.6274403286592197,7.69,7673,521,7177,0
37473,272,9078,27779,27779,138,0,5503,0,1078,374,31970,3346,166,243,889,628,0,14535,14369,223,9445,5344,0,0,2591,1510,49,2.6899951557290627,25,219,8,0,0.5124517942349173,3.58,12119,1221,10898,0
486244,7372,4902,412978,412978,964,0,33067,0,0,5542,453177,2941,3723,5778,18349,8684,0,364653,360930,0,334679,18732,35064,8025,79262,193596,1676,3.8814619495062326,1148,4050,109,0,1.3818050653131682,20.44,109071,0,104048,0
154109,1629,22171,124258,124258,1090,318,23309,6983,6140,2650,130800,0,3521,114,23273,469,0,112215,108694,0,88472,1393,40750,11321,25551,9457,234,4.6205451354693485,35,971,24,0,0.6349120212722661,4.04,5888,989,4899,0
332846,3696,10315,298440,298440,875,15,28528,25,0,3114,304318,178,2528,1145,28983,3303,0,201215,198687,4199,164774,0,14287,11505,38648,100334,683,2.866305231423103,266,1648,42,0,0.8230068368009374,9.45,106998,15360,91638,0
128677,5743,2839,109068,109068,570,0,11430,0,0,1543,117247,965,795,2217,11680,3485,0,76728,75933,0,60598,4632,601,1790,4335,49240,138,3.3711125450946935,217,991,20,0,0.4233161297249212,4.85,37186,10815,19442,160
615372,332,71126,560808,560808,1767,45,52340,0,0,5316,563032,14537,2214,3218,29072,6925,0,129503,127289,0,78069,1344,11934,4103,47731,12957,1358,2.3796233436423524,496,2534,65,257,0.8967343977376936,10.5,413029,91298,321731,0
301730,4441,4492,251863,251863,1253,24,14354,3369,0,3417,287376,4625,2105,5934,25764,10770,0,187601,185496,2792,143481,5731,19143,1771,33614,83222,518,2.973272832818667,217,1839,49,23,0.6830833035253626,14.12,101024,33068,67956,0
124454,3508,6013,107267,107267,556,15,10418,3366,0,1435,114036,5296,1172,3918,8237,5087,0,94800,93628,0,76176,7732,8104,506,11210,48624,237,3.0533157915304354,132,759,16,0,0.7665840513320207,9.1,14810,4122,10688,0
53800,70,18587,48381,48381,201,2,5128,0,0,679,48672,6997,278,522,3314,1380,0,16250,15972,0,4454,2664,0,0,1298,492,219,3.6037734070925724,24,281,6,0,1.5858073859522086,17.09,18339,5418,12921,0
2022522,31375,171036,1714133,1714133,6128,0,141144,1077,1804,18956,1881378,0,14539,3087,26027,4045,0,1161743,1147204,1228,1130443,123,47580,250263,641335,191142,2919,2.6884500701820016,3640,13036,350,0,0.5690296961763505,8.22,588738,136503,442946,0
122979,499,95105,106292,106292,267,6,10300,13196,817,1408,112679,71,30,78,1021,141,0,10164,10134,0,8895,296,0,0,491,8108,-2930,4.309766853322506,878,4943,75,0,-10.553709556870267,-110.68,613,422,191,0
125087,642,33576,115078,115078,357,0,9729,0,0,1418,115358,0,400,243,2517,726,0,54144,53744,0,50734,1714,5220,0,12785,31015,321,3.3949419844091846,96,727,15,0,0.9976883777851162,13.29,35543,2098,33445,0
27667,61,2725,24604,24604,45,0,3029,1200,0,229,24638,789,197,411,1798,818,0,11885,11688,0,8480,2563,35,0,0,5882,82,2.669568371418208,66,168,5,0,1.1549092445555535,10.92,11843,487,11356,0
42899,241,11850,38212,38212,19,0,4652,0,0,565,38247,0,244,0,774,1163,0,12034,11790,0,10097,0,0,0,306,9791,230,5.256191186734375,89,405,11,74,2.1073126037908723,18.18,18680,0,18680,0
4973797,12656,502653,4310628,4310628,34821,4000,434993,0,0,68136,4538804,9778,100051,0,127426,351,0,3634669,3534618,10253,3483967,17428,10045,1309221,1946716,200557,18685,2.8488919977903238,7154,10031,146,0,1.5090109598129424,17.53,687378,5161,635665,0
561727,13752,25135,495592,495592,3743,123,46394,0,0,7751,515333,15160,4539,4383,128177,5741,0,484066,479527,0,334988,33837,53750,37559,112672,97170,857,3.135555264357116,447,3475,101,42,0.6293332060469595,7.45,33494,11389,19145,0
3477022,36160,401243,2770202,2770202,22040,1720,365820,0,10357,44829,3111202,0,32154,0,683869,1448,0,2706869,2674715,0,2020091,0,206000,772684,1016046,25361,8404,2.7230705969704063,1145,11307,298,179,0.972561223026984,9.26,310994,0,308173,0
323763,5375,14829,265107,265107,1177,0,57563,0,0,3174,266200,0,2936,3831,13971,13865,0,178971,176035,7475,143203,6661,12440,8359,85638,30105,401,2.7275691751903204,90,1667,49,1344,0.49645840071683145,2.75,107228,47703,59525,0
310296,3955,8869,284041,284041,1154,50,14329,8500,0,3949,295967,3,1987,2155,47813,6252,0,224143,222156,928,169086,2537,23008,4589,53789,85163,1072,3.869456043775385,476,2149,59,0,1.385299286674248,29.6,60607,0,60607,0
385159,3772,19769,345848,345848,2116,3,35920,0,0,4734,349239,50460,2892,6249,32435,8207,0,230870,227978,0,139653,25941,39598,2033,38464,33617,865,3.002771369871066,506,2126,46,0,0.8958914573124551,9.65,107836,73479,34357,0
4444563,28317,229663,3550037,3550037,25449,75,437936,0,30484,42602,4006627,1170,21627,2414,116149,5369,0,2478657,2457030,0,2340252,0,256051,73306,1654942,355953,6278,1.6057254930686797,1269,12069,225,0,0.5721635984150667,5.75,1666261,253829,1412432,0
85943,2776,3167,63369,63369,558,0,8575,0,0,1206,77368,39838,770,249,5244,1770,0,73874,73104,33,26989,26012,0,0,537,440,148,3.2372483389119253,203,658,16,0,0.651605624501252,6.79,2778,680,2098,0
678366,8115,52236,571105,571105,2692,-43,60291,0,0,8053,618075,709,5733,1846,48911,32139,0,509853,504120,6354,421701,8646,34565,11413,234987,132090,1599,3.3211858014815547,477,3766,87,0,0.9517977533942021,10.73,100763,3552,97211,0
25704,74,7746,21953,21953,45,0,3027,0,0,221,22677,791,67,1039,2462,1572,0,6814,6747,1031,958,366,0,0,161,431,56,2.7904395735066787,9,121,3,0,0.8444544974741763,7.47,10992,1869,9123,0
2208449,50538,38532,1960726,1960726,14103,924,221655,1322,47331,27951,1986794,108309,18138,15221,321122,53632,0,1769373,1751235,5194,1118576,69914,193238,73943,510970,270511,2224,2.733495985029727,5047,14888,344,541,0.40329481345008145,4.01,268353,91342,158573,0
643709,20004,70054,546503,546503,1614,0,90070,100,0,9836,553639,396,17494,161,114605,2530,0,503857,486363,0,386671,0,103947,8613,219873,54238,3625,5.588597141128731,1201,5798,132,3803,2.2194347482357406,16.29,40408,9847,30561,0
430814,6704,18681,381852,381852,3229,120,29676,324,0,6857,401138,2294,3639,1570,54753,4647,0,339580,335941,232,277549,20389,46531,4556,71042,135031,1409,3.6474362760560335,415,2049,43,725,1.3257635901941482,19.31,58061,23505,34556,0
966198,3760,50025,894139,894139,1872,0,67261,0,0,9012,898937,4172,5642,13921,72652,17342,21250,473137,467495,6,356128,9426,84363,6279,138786,117274,3529,3.078433771367009,2652,6267,132,0,1.4662698721843952,21.15,427662,120463,307038,0
245799,2531,8290,219043,219043,706,0,17960,0,0,2328,227839,0,1581,996,11635,1867,0,127440,125859,0,69840,312,418,80,21109,47921,250,2.7385638157547616,418,1740,32,0,0.40056960998539926,5.46,101723,16317,81208,0
734454,15965,52940,627563,627563,4427,209,73556,0,178,11135,660898,12612,8391,16890,121099,25398,0,618884,610493,611,458182,22558,66368,43719,140869,184668,3188,3.9139491326646714,1060,4371,115,161,1.7438704022033593,17.52,40194,6654,22106,0
1707621,31217,264204,1437129,1437129,8107,700,136554,0,673,23593,1571067,0,15516,1571,384423,47662,0,1129359,1113843,310,679264,10304,139176,46379,398038,85367,4562,3.9747120942088383,3177,12044,222,0,1.0974547385621405,13.46,261343,2774,258569,0
1117658,40724,248501,995961,995961,4908,1100,110021,0,0,16402,1007637,786,9963,580,108234,8883,0,794668,784705,0,555380,5311,161177,27310,182183,179399,3424,4.4440642463838085,4266,11236,167,0,1.2196973643725653,12.57,7473,0,3473,0
3180893,164610,260379,2533143,2533143,9157,-76,146620,0,0,30503,3034273,6517,13682,2062,184215,30527,0,1783653,1769971,207233,1347299,64316,159281,112041,500300,511361,4809,2.9064830632447025,3162,19775,493,1138,0.6066918719027324,13.75,959004,27074,808902,0
5897926,118918,631487,5094966,5094966,28067,2212,414807,0,10395,78127,5483119,0,66792,0,373846,2167,0,4529819,4463027,0,4147687,0,151468,263423,1197516,2535280,12059,3.701489237555882,12256,47540,736,0,0.838593667501679,11.66,502435,30843,208543,0
50668,208,6490,44667,44667,164,4,5610,0,0,569,45058,6398,519,2424,1801,2875,0,29748,29229,0,18674,6237,208,599,1216,10414,87,3.1360099113399666,81,366,12,0,0.6498478086310246,6.25,13957,1250,12707,0
310880,5988,48553,266641,266641,1569,322,30139,0,1792,5830,280741,0,2869,398,24034,2490,0,248703,245834,0,222307,2968,64512,11231,83592,60004,924,6.009544612336068,705,3482,71,368,1.215457621767741,12.45,130,130,0,0
584154,4633,84710,469655,469655,4185,17,39015,0,3250,8690,545139,17819,7239,10,38450,24917,0,450614,443375,0,369402,31668,41414,32992,56640,206688,884,3.2691151165733436,306,3898,85,0,0.6086451363039783,9.17,34221,16046,13146,0
324033,6331,13204,286981,286981,1656,135,33961,0,2640,5170,290072,71343,3362,6389,30647,10223,0,270282,266920,0,158070,73444,10163,1931,52723,19809,1461,4.675079326011614,202,2103,52,337,1.7863856869056463,17.4,25614,5631,15054,0
123838,342,48124,116925,116925,705,0,6651,2394,0,1358,117187,855,177,2743,1076,6314,0,30973,30796,1067,21308,2360,1130,0,2061,15757,247,2.2162921229142714,48,448,12,0,0.8091761227523454,14.51,39553,34184,5369,0
344851,2003,23609,324379,324379,830,0,19468,5767,24,3327,325383,0,1256,5350,30344,12344,0,159435,158179,0,116607,0,4476,0,22936,89195,1105,3.1009581053978033,570,1693,49,257,1.2968151744979242,22.43,143252,62694,74667,0
993422,27046,83453,892234,892234,6143,690,92972,0,16411,15799,900450,2276,8261,5011,220722,15356,0,805016,796755,227,564376,4547,152032,23447,215199,169151,2073,4.287108870965504,1868,7778,220,308,0.8451815376962993,9,50381,10989,36494,0
5138900,40840,378648,4299671,4299671,29226,0,439917,0,29005,63880,4698983,39057,56229,719637,848326,792253,0,3773362,3717133,3286,2087566,16526,354673,391423,1094460,230484,12023,2.8534757024534794,4316,26358,533,0,0.9591454726237582,11,912242,248765,526014,0
2788935,62961,341234,2261886,2261886,15899,289,298051,0,0,37101,2490884,0,24791,32,694125,905,0,1858610,1833819,2688,1153888,25,289973,199621,535138,129131,7608,3.524536648190915,5460,16144,292,4731,1.1237467382375765,10.36,515290,38484,313127,0
195487,2088,18556,176015,176015,590,0,18684,0,0,2882,176803,17824,3486,3427,18069,5900,0,164925,161439,0,118680,30083,5204,6118,22581,54694,1146,4.740936862490595,209,1355,40,90,2.2216514081605947,21.7,5261,3995,1266,0
145813,780,11312,131760,131760,382,7,12961,8900,0,1571,132852,0,1425,153,564,180,0,81263,79838,0,78775,0,10000,3623,42022,23130,226,3.4334268213008183,84,1040,26,0,0.6133117136431326,6.94,39352,2420,36932,0
99590,77,5622,83408,83408,420,50,15612,7000,0,1482,83978,0,1224,5500,15412,8754,0,60112,58888,0,35946,638,2888,0,10162,22258,628,4.499213590844821,117,501,14,0,2.5506551792414034,16.29,26831,0,26831,0
939601,12267,27380,800559,800559,4882,122,75716,91050,546,10351,863885,10188,5102,5555,19201,16001,0,565152,560050,6147,512395,65931,105946,3475,124873,212170,1774,2.4881088052846723,413,3604,77,0,0.7801278481785016,9.36,234812,70386,164426,0
1370659,39697,88846,1175402,1175402,7095,0,156460,0,7659,16926,1214199,73953,12517,453,169997,5174,0,1037345,1024828,6,787293,51584,93039,35882,495216,111572,2600,2.9934914170441136,2840,7969,183,0,0.7233003918688518,6.69,146441,47798,72109,0
134093,3428,2586,120956,120956,469,0,12777,15869,0,1930,121316,0,1083,246,3635,693,0,99343,98260,0,95209,234,26354,2569,23680,42372,216,4.664750957854406,284,1529,31,0,0.6538965117951124,6.61,12996,0,12996,0
587584,7974,43154,495813,495813,3116,0,35831,1500,7805,7384,551753,47323,6962,14841,21534,46806,0,392870,385908,1161,275985,18991,47721,10799,106572,91902,883,3.135520532774014,387,3620,86,0,0.6014335983761974,9.62,121218,52772,68222,0
594415,10167,10920,529066,529066,2512,121,57592,0,0,8109,536823,0,6342,298,28101,8470,0,511195,504853,0,474177,0,51361,17517,319930,85369,1520,3.9530919065616765,641,4193,93,73,1.0250479226763192,10.63,63157,0,63157,0
5260458,31505,331120,4528104,4528104,39641,-1005,677356,0,1419,71158,4583102,0,44593,0,655763,0,0,4475669,4431076,0,3826282,0,15615,544269,1577496,1688902,9341,2.511359014994587,3654,22947,383,4920,0.7091380188622666,5.55,261736,0,256791,4033
322340,8180,27302,282757,282757,857,45,38278,0,0,4441,284062,285,3311,5993,19864,11109,0,234503,231192,1325,201920,5676,31841,8522,46144,109737,1001,4.793454473718087,351,2573,61,0,1.2652367974088556,10.45,48998,3446,45552,0
800529,12627,37313,691545,691545,1965,0,60508,0,47,7516,740021,5069,6829,108,24093,1940,0,429907,423078,0,397502,36260,2861,83072,234757,40552,979,2.9301438349069024,658,5191,100,0,0.4843172005575337,6.53,307591,98656,208935,0
228628,6092,18680,219012,219012,446,8,2534,0,0,2312,226094,0,1334,911,8865,2609,0,116850,115516,0,105376,0,16181,32,46866,42297,688,3.8364374176006333,933,2081,70,0,1.215496699564285,101.05,72040,63632,8408,0
784907,15774,53763,691143,691143,4058,90,74499,0,206,9238,710408,721,6972,11265,18213,23984,0,448905,441933,11110,390443,610,31778,14869,140045,203141,2337,2.8967697242826054,961,3378,103,630,1.2038115548137975,12.68,239331,141525,97806,0
3484463,33376,217693,2995274,2995274,14812,600,318593,0,35101,39121,3165870,97534,26436,16233,321685,30710,0,2092959,2066523,29213,1512309,216580,276645,62062,561253,395769,9999,2.9412903491216906,6390,17285,557,3288,1.1464557359333727,12.66,1046805,317460,709747,0
1090120,17072,27617,975292,975292,4567,38,62167,0,2824,12397,1027953,5322,7911,65088,100025,72034,0,742636,734725,1090,550372,39150,38666,40787,246394,185375,2116,3.083215817724061,1217,6439,176,124,0.7797561880019439,13.46,272074,85375,171049,0
1305123,14945,103934,1146725,1146725,3910,0,139447,1000,0,14948,1165676,3010,9883,8457,87593,24742,0,678511,668628,0,564344,21507,62724,55886,206944,217283,5156,3.5216893133335967,1333,7215,152,0,1.5920914186550439,15.04,508562,0,508562,0
1587966,29589,74476,1333140,1333140,6792,700,137213,0,11835,21110,1450753,71349,12837,2346,250398,6107,0,1337199,1324362,16889,951771,154826,134030,50174,344263,268478,3982,3.8749438856407115,4968,13261,317,476,1.0087710131600032,11.75,108741,39179,69562,0
1019214,15159,121414,874378,874378,5130,55,137764,1897,17137,12686,881450,2565,5543,6652,96988,9584,2500,732697,727154,3724,617920,9319,38137,46609,429694,94161,1875,3.2843945076804126,706,5841,126,14106,0.7270612185546023,5.45,69182,14224,40832,498
638443,22966,37134,539214,539214,1966,0,88335,0,0,6564,550108,0,4041,1215,50646,2636,0,234462,230421,1931,179232,0,13845,17684,109462,38241,834,3.128048090848095,747,4405,84,105,0.5188188473076941,3.76,318356,101418,216973,0
2536962,33937,150892,1943034,1943034,15193,0,242536,0,847,30590,2294426,53335,20941,3322,257202,12370,0,2037730,2016789,43850,1667925,10107,158455,144909,724584,629870,1902,2.580732211739214,2997,15811,338,0,0.3031070866819336,3.14,270417,0,257162,463
898226,12778,102429,728574,728574,3370,41,97076,0,2266,9489,801150,0,5933,50846,47376,51912,0,591701,585768,4923,486940,893,8772,2694,161715,312866,2093,2.9277774621183803,961,5589,141,0,0.9433622096220241,8.64,167743,6582,139681,0
252381,4060,14508,225705,225705,1156,40,21223,0,0,2983,231158,472,2382,729,16425,1313,0,190310,187928,171,172199,17337,11074,25814,53557,64417,692,2.953377612443952,179,1241,34,0,1.0702216998275582,13.06,40826,9379,31447,0
270480,5302,10082,229466,229466,748,0,21604,0,0,2794,248876,1651,2139,1586,8460,4355,0,130589,128450,0,116099,2275,17716,1600,44238,50270,654,3.2201835945338724,185,1543,43,0,0.983835907001933,12.13,123691,58164,49015,0
2350805,13838,547594,1867505,1867505,17507,814,236409,0,7905,37968,2114396,2377,20515,2948,44620,7801,0,1671916,1651401,3503,1613567,38043,282317,46201,333136,913870,9240,3.694656778014074,2365,12772,292,7669,1.6176081195524443,15.93,94963,27593,43334,0
2670864,43040,205504,2225090,2225090,18957,100,256217,0,0,37494,2414647,0,26606,0,169517,181,0,2089786,2063180,0,1923531,0,386603,329872,1022608,184448,7467,2.936239899844393,1326,12164,182,0,1.1242944222491948,11.71,280953,74310,171396,0
13744804,268420,671583,12194508,12194508,113511,420,1304314,0,199213,172669,12440490,109177,124152,83598,2054897,228551,0,12383579,12259427,177538,9421997,254724,522405,1080342,3652037,3912489,14603,1.805348694167834,52906,91972,1852,0,0.4209037071800896,4.5,140527,289,87026,0
101760,1524,7836,85108,85108,427,0,8315,1344,751,1167,93445,0,543,919,15212,1543,0,70540,69997,0,53772,0,3249,1856,18146,30521,142,3.0802530802530805,37,613,16,0,0.5566253607530122,6.83,18061,5398,12663,0
299898,2158,24812,277734,277734,1196,105,21551,11094,0,4048,278347,3076,2898,2396,44467,9317,0,199029,196131,1442,140727,29794,6084,3417,63928,37504,1093,4.08967310935968,488,2142,49,0,1.4780956502336149,20.09,58299,32905,25394,0
109125,776,14642,98005,98005,497,0,8364,0,0,1275,100761,858,614,552,3214,1666,0,39465,38851,0,33724,6095,4619,0,2222,20788,331,3.022019373164041,38,398,10,0,1.2302831788510233,16.16,52442,22588,23775,0
2647206,33491,209913,2125422,2125422,16104,750,397599,0,13141,36285,2249607,0,27035,139,595575,24296,0,2071391,2044356,24869,1401320,2584,197061,56432,864722,280521,5204,3.2882611594008666,10659,23226,506,0,0.7929066546298439,5.24,272171,2604,265666,0
947756,13222,57121,832112,832112,4605,0,72939,0,0,10204,874817,886,6494,859,40819,8826,0,547684,541190,0,497128,12673,75950,22814,290007,95684,1109,2.514966159802989,582,4888,113,0,0.47680800899873005,6.02,319316,119309,200007,0
1489670,19699,24929,1152547,1152547,8884,250,134335,136,5010,16916,1355335,0,16020,531,80402,9187,0,1301970,1285950,1081,1195725,234,147632,223710,531404,292745,1015,2.2411675724091125,1279,7753,155,0,0.2698709970104808,3.03,126576,0,125776,0
9161809,244133,826471,6435755,6435755,33447,12140,1549261,0,226730,140259,7612548,6571,99761,3285,946950,36009,0,5783997,5684236,0,4789240,70495,1791034,156851,1959149,811711,61564,5.299543443280511,27742,44401,1379,4399,2.7148838876586923,15.96,1739981,157324,1578532,0
405293,4727,77621,340772,340772,2458,12,34287,0,0,6492,371006,3189,3085,1069,7129,5301,0,308492,305407,0,292873,10847,25465,13333,80651,162577,1636,4.20509479444915,328,2714,74,101,1.633250015286761,19.58,13193,0,13193,0
542966,4400,3266,510532,510532,2423,0,29824,16300,0,5539,513142,29108,2900,1175,21903,3807,0,250854,247954,0,196024,23522,19011,5995,112836,34660,1120,2.3768002631566403,452,2447,61,0,0.8230603883816208,14.27,259313,135518,119241,0
266666,1012,17732,217136,217136,1303,60,25314,0,0,3560,241352,1181,2181,8139,29488,11186,0,182592,180411,2320,138546,7158,11411,11308,57214,51455,783,3.5655467395468423,241,1435,37,22,1.1943645214247716,12.49,64575,5369,56215,0
308924,2329,22954,264405,264405,878,45,23444,13836,0,3896,285480,920,1786,4323,20351,7637,0,163409,161623,236,134254,21003,3437,4938,44735,60141,1267,4.209028910924229,736,2442,63,0,1.6712283594394064,22.06,103844,5725,98119,0
57962,3057,7893,50411,50411,110,15,7355,0,0,891,50607,338,636,636,8912,1833,0,36915,36279,0,25832,5504,553,23,14178,5574,287,6.0603709164274076,58,537,12,0,2.0255308637618765,15.06,10058,2849,6230,0
307730,4794,11521,253408,253408,1197,54,28683,694,0,3715,279047,0,2111,7822,20130,17298,0,262529,260418,0,225101,0,10108,11971,39627,163395,583,3.4119125612718113,566,2447,64,24,0.7535731712440097,8.09,26794,0,25112,0
144534,1148,20067,123875,123875,340,0,20042,16232,209,1666,124492,325,591,819,4390,1698,0,46771,46180,0,40355,741,15993,99,8362,15160,721,4.181629684525054,280,729,19,0,2.036665630914381,14.48,52643,15305,37338,0
176186,6270,11646,158954,158954,448,61,13456,2535,0,1888,162730,87,1058,22774,23626,28175,0,103899,102841,0,52011,1593,1803,0,24432,24183,431,3.6092260841776795,295,1230,45,35,0.9827505614903149,12.67,48265,17593,29302,0
3001015,27575,205152,2249394,2249394,27978,546,351913,0,1062,64489,2649102,27,25942,0,53076,319,0,2656781,2630839,0,2071416,9,5692,523090,1475196,67429,13865,5.078608650959368,1651,16532,190,0,1.8579592498548156,16.32,58192,0,53030,0
302665,6356,76803,264386,264386,509,2,34413,0,0,3988,268252,131,1986,286,5887,1897,0,152762,150776,195,144634,1504,28381,3668,77623,33458,1274,5.057246533500261,741,2624,89,0,1.713874445916768,15.07,58138,13777,44361,0
694537,4610,13776,542767,542767,3056,60,76565,0,3154,7658,617972,41674,5431,8088,64156,14827,0,423855,418424,722,302341,58067,34343,15376,101673,92882,1686,2.796684330789051,916,3354,89,39,0.9751089840445913,8.86,232101,101250,129938,0
148749,1383,8940,131249,131249,354,30,16684,0,0,2039,132065,0,2800,4101,9939,9697,0,121011,118211,0,101375,12404,9609,0,46604,32758,649,4.755168776743415,124,1130,29,0,1.7856774362184362,15.34,19141,8319,8662,0
334072,969,17888,282546,282546,1114,0,41728,0,0,3924,292344,0,4780,135,39081,310,0,220241,215461,0,180628,125,30569,37473,86201,26260,1102,3.531054588407523,167,1609,45,0,1.336693261040304,10.4,93466,9423,74269,0
161988,5775,9268,136757,136757,612,0,8664,75,780,1669,153324,0,589,958,4037,3222,0,67427,66838,0,57798,0,9212,279,22665,25642,-140,2.807604704132385,595,1792,50,151,-0.3391935068671542,-6.2,73995,30465,43530,0
187173,1343,7815,167309,167309,648,0,19097,6120,0,1983,168076,5100,1082,1784,6681,2808,0,89381,88299,1500,73292,12160,5832,425,44885,9990,559,3.0969717531817906,170,790,18,0,1.217046267897139,11.81,76893,23684,51959,0
175204,1479,9634,140024,140024,673,0,16537,4475,0,2303,158667,180,3746,810,26780,7628,0,133597,129851,0,98991,5158,14572,1684,29477,48100,395,3.9535158701524713,145,1380,45,68,0.9128383784986119,9.57,27175,602,23876,0
1955457,31063,58141,1696006,1696006,11783,15,134623,3351,23260,26481,1820834,160,16936,1427,594069,90111,0,1434116,1417180,11474,738188,1942,45949,51358,460741,178198,3567,3.2528745934736687,4217,13803,241,0,0.7276814766609477,10.5,347821,98354,241418,0
59102,670,14096,52929,52929,232,25,5871,0,0,729,53231,2724,488,2468,2047,3306,0,32495,32007,0,24414,5349,0,186,3163,15716,101,3.5410209825086385,65,427,17,0,0.6684093842030376,6.95,10935,568,10367,0
1054286,19509,34801,962036,962036,4943,185,86209,16500,3509,14459,968077,129390,4845,4899,71430,16189,0,678487,673642,1364,459394,86911,120094,2963,167020,82406,3482,3.903567604819159,1382,6388,146,0,1.3213900970692332,16.05,270296,79059,177674,0
644331,13116,27529,534827,534827,2983,150,38560,263,3588,6781,605771,19828,4996,757,28316,1551,0,430795,425799,2484,378601,72161,35247,24213,156313,90667,110,2.5616446325097186,345,3903,106,585,0.06845281850590833,1.13,151478,28143,122778,0
70069,531,1306,60525,60525,179,0,8182,0,0,764,61887,1938,314,1054,13140,2100,0,46928,46614,0,29750,4211,960,1052,2692,20835,145,3.455123993178345,130,509,13,0,0.8221411105992416,7.08,20075,0,20075,0
201744,1832,22901,178639,178639,910,0,21894,500,0,2491,179850,2577,1281,454,12717,5419,0,84558,83277,0,63813,89,23022,575,22500,17627,301,3.295749764831265,162,1374,38,0,0.5988604739652372,5.53,88375,8393,71611,0
95676,1734,7490,77476,77476,406,16,14646,0,1108,1426,81030,18750,1331,587,8445,2475,0,74977,73646,0,45361,22158,518,0,12967,9718,349,4.602654423004247,119,679,17,0,1.4483882012388076,9.65,9754,2402,7410,0
61770,1179,8355,54092,54092,187,3,7358,0,0,568,54412,27,296,1416,1546,2110,0,17777,17481,22,14072,191,1176,0,3985,8720,11,2.54466521956921,38,405,18,0,0.07085175076286401,0.59,34376,1635,32741,0
665023,1235,15480,568400,568400,3618,0,94132,0,0,9053,570891,1339,8892,7,113296,1422,0,534879,525987,0,418315,5195,29971,61477,257514,64158,3358,3.2847272271251384,2291,3127,71,0,1.9938264412083195,14.35,117879,0,68538,0
677132,6401,26116,501943,501943,2709,-6,121076,343,71,8278,556056,0,4463,7653,47004,11321,0,563910,559447,4475,501814,0,26310,24933,201065,249506,1035,3.556855641255118,497,4738,143,0,0.6193821737621333,3.42,54122,0,54122,0
1263525,28349,21675,1099933,1099933,8527,50,133667,0,50621,17739,1129858,0,9940,65,100505,233,0,900156,890216,12535,772611,1760,118483,75761,249259,327348,2716,3.2857725016295998,2896,8951,212,0,0.8641057670549337,8.21,228011,112383,18057,0
2408013,5868,70123,2010150,2010150,18200,1125,303403,0,0,33461,2104610,10727,36550,1621,246117,7734,0,1944442,1907892,151151,1409150,22162,92528,101587,658338,534535,6669,2.5591797745813882,942,8224,187,2392,1.0910170638078933,8.83,387149,356902,30247,0
418217,1426,72752,391437,391437,1164,0,22860,0,0,4420,395357,0,1732,990,9847,3727,0,141158,139426,10220,117330,0,17843,964,26549,71974,1850,3.222087528759803,385,1791,52,0,1.7771800475515742,32.96,195186,66680,112808,0
10961829,66792,207458,8546349,8546349,64131,-2693,1311998,161,278770,128860,9649831,0,76823,1558,531499,3683,0,8320988,8244165,0,7496538,2400,317253,1405399,4235381,1536105,21268,2.5284518705872014,5188,44544,845,0,0.770155183028413,6.51,1758782,489455,1084055,0
12013677,182180,395428,10165017,10165017,107221,1052,1230818,0,0,188545,10782859,0,79616,0,2614938,9382,0,8219893,8140277,0,4577295,0,327149,1040425,3085658,124063,21536,2.895531662600811,18150,69689,618,0,0.7109607787654938,7.05,2576747,118237,2057577,180355
283928,3677,31956,263731,263731,469,30,18270,0,0,2475,265658,0,966,0,5372,7252,0,88231,87265,21307,54300,0,1585,1148,6328,45239,556,2.921318452473054,225,1505,32,0,0.7786365108401677,12.41,156518,0,136296,0
549044,1782,81632,427484,427484,3755,0,111186,0,0,8256,437858,0,0,0,98084,227609,0,328663,328663,0,0,0,0,0,0,0,7635,3.261227905561332,28677,22595,155,0,5.398587776105327,28.09,125936,52310,72808,0
178678,4210,60592,158471,158290,1135,-50,14977,0,0,2276,163701,0,2313,0,15156,128,3867,107778,105465,0,88591,0,276,4425,48239,35651,-1309,2.7572124606188018,153,2653,57,0,-2.88753715580899,-33.51,1190,0,823,0
477598,3376,33577,393418,393418,3070,-128,41453,0,55,8130,436145,0,4055,24,97383,205199,0,426290,422235,0,120921,0,3584,27030,58986,31321,1577,4.345151903204442,272,3348,48,0,1.3072626856082978,15.37,8087,444,7643,0
631604,5565,11713,568301,568301,4838,1088,61021,47270,394,10441,570583,65026,6089,6814,30036,13629,0,516807,510718,6411,401298,69191,72119,16418,131153,112417,1352,3.754279932727163,508,3671,115,131,0.8683135401839869,8.91,42357,9965,9571,0
2825117,1421,358178,2251814,2251814,11607,6057,384147,0,803,57341,2440970,0,20546,0,1070099,2,0,1183315,1162769,0,113213,0,71212,0,38600,3401,37503,6.985418850771518,5720,24270,26,0,5.408229152133213,37.21,1098495,0,122619,0
1049585,10412,10270,645166,645166,7095,0,152341,0,14134,17138,897244,128733,12360,3248,70244,4393,0,646456,634096,0,443065,123278,57804,13771,151604,96608,4992,4.088018793570417,907,4484,100,0,1.8877833435830917,13.32,338673,1845,4091,0
1002948,11134,54461,905042,905042,6282,0,63397,0,325,13837,939551,573,15438,1150,68426,6249,0,692459,677021,0,609495,288,163077,28373,332135,85622,2290,3.1496440495751052,497,5630,116,0,0.9282698711569526,14.51,249339,69377,169695,0
1009007,14420,22065,878989,878989,3410,150,89444,0,0,13114,919563,25,9561,482,127642,2041,0,699402,689841,0,569079,656,178287,56376,277760,56000,5078,4.045334931346239,1365,5841,123,0,2.0227842063096486,22.88,260848,3160,252938,0
95310,1626,3624,85460,85460,423,52,7455,1,960,1258,87855,0,1003,759,9523,2414,0,74007,73004,0,61470,785,6083,7406,23692,23504,114,3.7689647195563003,23,654,15,0,0.4827976855356566,6.02,14252,0,13412,0
577361,10274,69030,508338,508338,676,0,66357,22692,10397,7101,511004,16387,4750,5935,23082,11611,0,329975,325225,14985,263776,83203,10804,6389,106682,56698,2294,5.004654133610634,1078,4602,120,12,1.5597298689289776,13.98,110570,37972,68970,0
217427,4028,6919,189961,189961,1299,7,19779,0,0,2730,197648,0,1581,4116,11210,6814,0,168394,166813,2987,145338,913,11070,7517,81294,44544,177,2.8510164590913507,269,1491,42,0,0.328280076691419,3.58,30826,10830,19025,0
2747997,36801,268031,2320887,2320887,15058,0,295905,0,104127,31461,2452092,1847,20471,3938,79578,11207,0,1674521,1654050,2296,1582335,200797,301358,59004,769100,252076,4265,2.6374986935513696,1417,12383,263,0,0.6349381214466168,5.79,653670,27196,626474,0
26126524,70172,714087,21061087,21061087,200452,8468,2383939,0,102637,318144,23742585,0,139264,552,2814969,64520,0,17461239,17321975,38932,13776781,1381,1705884,804932,7516545,3748039,35157,1.9211965313597479,32327,94947,899,0,0.5381253947962423,5.92,6621757,0,6519617,86399
137418,3190,3645,136431,136431,546,15,111,7531,0,1558,137307,0,774,424,3718,2629,0,66729,65955,0,60368,3955,10098,1082,10746,34487,216,3.16387183505348,123,904,31,0,0.6334426950640591,147.19,55019,4598,50421,0
2476200,35746,182298,2141733,2141733,10188,896,223000,0,48230,31458,2253200,1149,17181,1989,507566,24117,0,1705174,1687993,0,1172955,14798,213110,17786,658617,268644,6197,3.6997119329842496,3818,17995,377,0,1.0034337691410111,11.1,451507,83170,361358,0
540159,2928,94121,425946,425946,2022,125,107086,0,31044,8799,433073,0,3467,67,135183,3535,18274,357440,353973,0,89070,0,0,29639,57521,1910,2337,5.35293258085282,430,4738,77,0,1.6923699425104755,8.78,50435,0,49566,0
358415,7124,15210,316535,316535,1989,103,22291,23000,655,5341,336124,22583,3653,7961,25214,16082,0,253256,249603,1191,187870,43916,24007,1781,39449,78717,828,4.079881449745463,790,3202,112,217,0.9412192654397472,15.06,57266,33064,19682,0
6321746,104024,190516,5102708,5102708,32018,0,812687,0,45448,81238,5509059,121,81419,683,778768,79326,0,4767203,4685784,49735,3715216,3761,432930,545992,1256394,1476139,14923,3.3993940038025623,15419,45590,803,0,0.9477826416146475,7.4,990748,129965,860783,0
606688,16419,16569,545074,545074,2819,0,40763,0,0,8155,565925,918,6522,88,85516,610,0,398971,392449,5325,308085,17446,76674,9018,135871,69076,1723,3.7059995034127353,348,3961,82,0,1.1215020186059985,16.88,163829,29439,126785,0
502676,11061,35663,444604,444604,1083,351,53992,200,0,5894,448684,1708,3302,16472,42642,24348,0,305153,301851,2066,233717,6229,27908,111,142154,57315,1049,4.264551085306534,1223,4302,125,581,0.8436561920061767,7.79,128250,8368,119882,0
5037163,65072,260727,4373373,4373373,13870,527,573720,0,98873,61934,4463443,116880,40815,2531,402206,12049,0,3349441,3308626,124432,2612534,170325,345991,421573,1185218,489427,16928,4.045714622408245,9023,30179,845,277,1.3399542121624513,11.91,1189094,173107,898108,0
895377,17182,120031,737387,737015,5755,0,130204,0,49,13528,765173,0,13379,0,9635,0,0,718075,704696,0,707805,0,17253,48879,434744,206929,1777,3.6913652067577676,199,5487,103,0,0.7983749453138997,5.49,28695,0,26244,0
201643,5935,7211,179271,179271,808,20,21218,15214,0,2740,180425,2539,1304,3975,10725,12633,0,129304,128000,2390,100827,2544,17173,1147,28084,51879,595,4.199167013065343,238,1368,52,0,1.216818683790748,11.37,42455,16171,6901,0
30345,104,10602,27494,27494,67,0,2644,0,0,288,27701,725,151,168,834,669,0,10003,9852,0,7775,909,0,0,4932,1934,65,3.084653499895317,22,158,5,0,0.852598786686342,9.91,8792,3175,4766,0
313361,6660,35422,294300,294300,1286,40,17100,0,0,4041,296261,3645,2057,5082,9628,15846,0,146178,144121,7045,109751,53912,6971,0,11214,37654,731,3.8009043531047038,352,2098,53,0,0.9315142681926425,16.86,115587,92725,22862,0
82299,340,12850,73238,73238,69,0,8530,499,0,825,73769,10442,591,1181,8677,2880,0,25589,24998,0,3608,850,179,0,867,1712,365,3.748326639892905,82,473,11,0,1.7226833743355576,17.37,41164,11682,29482,0
1178473,22315,78167,1067545,1067545,3326,129,102539,0,1411,14732,1075934,449,7152,7476,46612,16341,0,927397,920245,12001,851900,22448,163686,24136,241862,399768,3278,4.1839952826425275,2076,9443,220,0,1.1203088880942829,12.94,114283,34233,65865,5343
2020962,18466,165355,1765845,1765845,12522,213,120867,0,3516,23698,1900095,51221,17129,4694,316437,12702,0,1194091,1176962,0,796707,107448,103218,51532,380061,154448,4856,2.316835434148809,2115,8019,172,0,0.9502512363686353,16.1,592492,434415,129075,0
25579085,262884,1183538,21139865,21139865,122335,21105,3618993,0,1203691,329452,21960092,72603,320023,41633,3161545,259984,0,20964592,20644569,477567,15579902,149592,2264346,1037067,6944589,5184308,81782,3.6093379641236245,65855,144106,2777,2158,1.2906653252155815,9.14,1561821,60673,1490233,9531
300984,12297,32530,256294,256294,1469,30,38987,1203,0,4178,261997,0,980,54,78990,487,0,150362,149382,0,70854,100,17554,2099,41475,9626,1015,3.938387282018478,293,1624,44,0,1.3692416391103976,10.55,102112,36867,53622,0
513827,8451,39396,459487,459487,1656,-4,41971,0,591,4977,471856,292,1708,906,16540,6435,0,196259,194551,3372,169747,14041,11705,15821,79094,49086,1201,2.7700507550702937,911,2893,92,0,0.9296771964930037,11.4,249113,138889,110229,0
9397231,78540,636837,7378707,7378707,49353,6643,1129228,0,223125,138031,8268003,0,102366,147,2143720,3139,0,6801782,6699416,1749,3538081,1100,527867,421299,2276103,311712,33159,4.226343982855469,15545,53726,1064,785,1.4521458143322377,11.83,1389438,114300,1082173,22124
83149,8,4271,66807,66807,381,20,8181,0,0,1210,74968,2707,721,2779,9733,3034,0,78500,77779,974,60896,6648,5437,1090,8206,39515,510,4.1721975125348365,89,388,11,0,2.4573428173917233,24.72,0,0,0,0
429710,6325,21655,366725,366725,2019,9,32905,1485,3212,5792,396805,469,4773,57559,61544,61888,1500,317753,312980,6267,185308,1124,21327,13128,99887,49842,1285,3.7657650239477403,701,2777,53,0,1.2048912960668738,15.66,72617,12082,58219,0
381360,7319,22249,338034,338034,1438,0,30891,275,0,4928,350469,64,1859,3670,28074,12351,0,257189,255330,0,216664,10346,16113,3815,70467,115923,1194,3.923734518323643,548,2844,105,1073,1.2745584679679118,15.52,91600,44531,47069,0
995577,19176,47315,864824,864824,2781,300,69294,0,0,11643,926283,13,7293,1094,10425,24558,0,643755,636462,0,608398,263,77825,25258,268820,236232,2603,3.818755618708326,1926,7504,219,0,1.0553651105133095,15,263411,135640,116584,0
1148473,3787,66868,837331,837331,7544,100,129815,0,9423,14084,1018658,0,6975,20,92428,20,28,900124,893149,0,520491,300,89308,30011,296353,104519,1087,2.5033576667481663,728,5759,79,0,0.39197868097551125,3.37,128758,0,124007,0
1981854,40701,245345,1699815,1699815,6026,80,231933,1196,14082,23115,1749921,0,21600,516,94505,11687,0,1333789,1312189,2767,1221869,0,107445,106371,308820,699233,4574,3.8424708375879275,3891,15429,262,0,0.9542702891314842,7.98,320210,28197,271809,136
958967,10847,23825,855854,855854,5428,440,79106,0,8198,11906,879861,94636,9684,11912,130446,33251,0,798877,789193,4971,529195,75805,46033,62020,235267,110070,478,2.924809636791739,1214,6775,153,1680,0.20164022511570323,2.43,95509,36623,57032,0
1389931,13155,215811,1271401,1271401,8188,-1,105541,0,5297,18866,1284390,188,18054,22207,66380,86877,3500,894035,875981,19513,716856,32781,224643,11398,202031,246003,5116,3.3449040763864826,1976,7535,290,1157,1.5050356622259877,19.8,244869,85131,154149,0
1229084,30709,201168,1042460,1042460,8305,300,125795,0,3504,24803,1103289,122,8010,99,103187,2089,0,965289,957279,0,859587,3436,175932,14895,639825,25499,9999,5.952099632187806,4271,10486,215,4731,3.272202477959512,31.91,7352,2380,4972,0
1039195,16813,45229,913875,913875,2345,100,105420,3256,553,11892,933775,0,7279,1676,99065,18209,0,593923,586644,0,464563,0,22485,28467,199253,214358,3041,3.9188944424005743,1737,7921,191,1160,1.1650816486230984,11.62,339570,34854,304716,0
287535,4807,14810,254761,254761,1200,65,20638,861,0,4101,266897,124,3078,18104,20303,28397,0,252091,249013,0,203172,3893,23279,2989,27797,145214,562,4.348534842804063,624,2898,77,155,0.7955114469779944,10.95,13400,4496,8193,0
2553805,18436,116527,2328599,1896778,571,2425,180617,0,2389,31133,2373188,0,25151,36390,192621,216380,0,1571563,1546412,14727,1119744,500,74437,147216,702726,192149,5776,5.140606832808752,12503,33331,532,0,0.905203588530431,12.72,745814,0,745814,0
1683240,26170,80141,1426758,1426758,8866,330,140429,0,0,20957,1542811,14,13365,527,94099,5109,0,1171669,1158304,1329,1073054,557,224910,67268,558156,222163,5210,2.961615771932806,2044,8096,219,0,1.1932292826710929,14.74,361916,56659,304839,401
1194303,16754,65223,1047458,1047458,5738,62,127938,0,1824,15773,1066365,168286,12244,13587,48735,27291,0,855823,843579,548,610842,269374,3447,9483,248090,80448,4027,3.5038147848937924,772,5291,146,124,1.347612042002862,12.49,241218,97176,139372,0
616250,11402,44982,552110,552110,3092,150,52649,0,22,8473,563601,362,4982,7990,161939,17919,0,476597,471615,0,296377,19355,57677,10492,120206,88647,2421,3.83526397285879,1906,3873,93,0,1.611468651326874,18.66,63199,21991,39603,0
3062692,37658,255083,2817973,2817973,9568,975,218566,1,6707,31369,2844126,543,21925,655,329255,54283,0,1680689,1658764,0,1236864,7098,76775,77499,758312,317180,6649,3.057931109935997,4232,16539,293,0,0.8698930050574224,12.1,955511,204085,738151,0
127161,3849,3746,103871,103871,488,1,16426,7841,0,1452,110735,15,613,1696,3753,7324,0,61274,60661,4339,45509,726,9402,0,13722,21659,251,3.468280880382087,190,844,38,325,0.8032578345640886,6.13,44546,28647,14899,0
841954,28569,53297,722144,722144,5072,49,85143,0,1,12303,756811,5637,6429,20450,34749,35288,0,625385,618956,0,549527,17315,171433,7715,187321,165743,2452,3.7145293525386816,1354,6096,172,1117,1.179767137927986,11.61,129561,128176,1385,0
454406,5718,34531,364311,364311,1630,0,51812,2075,1300,5567,402594,3458,3014,3774,34839,12851,0,299409,296395,1551,245768,44809,11627,7466,107405,74461,998,3.6939734844575383,1141,4080,112,232,0.888612866856098,7.63,108739,45319,59234,0
81622,757,577,65416,65416,469,30,9162,3238,0,1420,72460,5907,1118,1889,10316,3616,0,70092,68974,1292,48741,14936,629,0,10482,22694,484,4.967938253385746,72,536,15,0,2.386646613575285,21.49,5479,4249,1210,0
725572,5581,40585,639395,639395,3003,850,62946,0,28,10769,662626,125394,9803,3585,109265,5447,0,477113,467310,0,234744,103123,5296,26022,52133,48170,3525,4.511598150570086,548,3335,117,0,1.9681192596521593,22.74,202329,108013,85375,0
360457,1178,8797,305588,305588,1747,0,28435,8983,0,4251,332022,0,5048,29,8982,758,0,275434,270386,0,265827,7821,17571,30574,117850,92011,863,2.967963125665799,1220,2569,60,0,0.9695512595459511,12.08,57968,21086,36882,0
88730,3122,6998,78028,78028,162,0,8751,6172,0,1104,79979,1210,797,3420,2648,15448,0,59554,58757,0,40247,8481,1770,1211,6329,22456,207,4.81552008383708,194,873,25,51,0.94759068202496,9.54,9880,0,9880,0
483533,8156,55303,421995,421995,1349,52,48869,5410,0,5535,434664,0,4974,1366,23665,2353,0,257883,252909,0,232249,0,38014,11321,145470,37444,1476,3.6571608296757723,402,2613,76,0,1.2308064346326915,12.16,153144,93070,52108,0
580184,10013,27199,521499,521499,2741,0,34184,0,745,6543,546000,577,4677,2572,30075,34916,0,353903,349226,5649,282612,44806,18792,26726,83925,108363,1137,2.818940357946852,988,3653,108,0,0.7942967120866531,13.13,180268,52513,114082,0
52052,688,3236,45617,45617,172,45,6055,4491,0,869,45997,2431,1071,707,5702,14173,0,37393,36322,0,15085,1710,344,500,2616,9915,266,5.800418179359416,85,442,14,35,2.0580668871738332,17.97,5451,4103,1348,0
4282284,13825,642733,3679381,3679381,33806,842,494101,0,415,58242,3788183,0,33992,0,102700,26979,680089,3222126,3188134,0,2306779,0,1731,38393,176137,2090518,7729,2.421919581387316,6502,19745,244,0,0.7214603294247232,6.31,301723,26600,70083,0
144412,863,5667,126858,126858,354,0,12363,0,0,1084,132049,0,547,645,4939,979,0,69002,68455,0,63111,0,5121,206,15460,42324,101,2.076097505483528,75,676,14,0,0.2771460813670711,3.25,68602,0,68602,0
1100857,24658,70448,1049989,1049989,5778,0,44521,0,0,15062,1056336,47915,10883,9465,58830,18846,0,714395,703512,7390,576320,44883,94776,9999,243162,183500,2949,3.5676835275643803,975,6390,197,1289,1.0631820924660174,26.39,268523,1043,267480,0
451922,12100,49509,401999,401999,2431,74,47778,527,0,7077,404144,3894,4471,2808,72268,7132,0,377741,373270,124,293163,19922,76259,1645,87110,108227,1029,4.34768876967941,439,3686,73,442,0.9154407226554898,8.72,11744,0,8900,0
145274,3191,7940,126002,126002,1191,255,14460,149,0,2200,130814,14,1049,293,47862,12568,0,129194,128145,650,67951,580,15685,1757,24670,25259,-1211,3.2486296352938338,213,2178,47,0,-3.6788802351323953,-32.11,3964,0,3047,0
96713,771,2358,81869,81869,403,0,13130,12150,0,1265,83583,10312,1409,2904,10342,4470,0,66189,64780,415,39633,1186,4980,649,7318,25500,247,3.8177067186323574,40,588,19,0,1.032700438479589,7.59,15051,5850,8973,0
62827,204,15797,50962,50962,331,-200,11350,36,0,884,51477,0,672,199,2899,566,0,43688,43016,0,40223,0,7693,3053,14622,14855,220,3.720898936886018,22,554,10,0,1.4115684450290333,7.83,1517,1517,0,0
121300,2944,36166,90929,90929,336,-16,24547,0,9627,1506,96753,91,632,115,19458,1170,0,56420,55788,0,35694,26,4923,1053,15768,13924,172,4.486325335276129,210,1239,27,0,0.5765258452011346,2.81,15450,0,15450,0
223195,816,20355,190830,190830,863,-24,27518,0,0,2173,195677,0,1371,21,31671,1115,0,140197,138826,0,107378,2416,207,0,93321,11434,548,2.5571328879497552,228,803,24,0,1.0013041621272232,8.01,54145,30033,23393,0
227272,5757,3192,207736,207736,1058,60,13257,2053,578,2310,214015,223,1528,7748,8702,12923,0,138475,136947,2234,114064,6738,9953,7574,21171,68628,25,2.3582540067479596,285,1452,43,0,0.04391473515023231,0.73,73454,18540,54914,0
147991,497,19386,110797,110797,186,28,34853,0,0,1704,113138,0,1363,2747,4913,6416,0,65348,63985,0,54091,796,5071,625,13890,33709,622,4.451955612418844,304,1044,29,0,1.6959608456627913,7.15,55760,29197,26328,0
101353,877,17611,84981,84981,600,0,14305,125,0,1430,87048,75,746,31,19545,1656,0,76726,75980,0,55449,2221,1274,8981,25790,17183,51,3.5494544851954606,22,801,18,0,0.20023262319459373,1.43,4456,1718,2738,0
311471,11781,7154,277049,277049,1614,66,27741,0,998,4027,283730,6121,3128,2406,34303,4554,0,236189,233061,0,191153,1518,46948,1900,73432,67355,139,3.383022498571714,336,2605,60,0,0.1780884003914101,1.99,48703,17353,31346,0
503766,13023,100734,409579,409579,4045,1287,55541,0,4285,9238,448225,0,4233,97127,37158,97623,0,326577,322344,0,188622,8300,8939,0,140272,31111,1094,4.710508502250145,145,2692,52,0,0.9163678245163993,7.96,44585,9153,19943,0
1875869,37584,24134,1692418,1692418,8279,-1559,155656,34885,0,22340,1720213,360,14555,3447,171602,6296,0,1505787,1491232,4440,1320858,2811,151637,151669,540419,474322,5810,3.2398010981937264,2397,12207,285,0,1.2471982983578467,14.97,221060,56027,165033,0
961584,4605,105972,856089,856089,2219,-32,97694,0,1133,11118,863890,0,9751,0,7960,245,0,705348,695597,0,695471,0,1333,21136,671641,1361,5681,3.994019517914798,1128,4144,88,0,2.436517743937254,23.37,127802,0,125210,0
97753,350,7757,62978,62978,511,0,8639,7328,0,940,89114,0,1005,0,3568,157,0,56875,55870,0,53126,358,3181,6666,34432,8489,33,1.9912621190231676,21,409,8,0,0.1470596427119135,1.54,25433,0,25432,0
119855,162,9725,113776,113776,522,0,5499,0,0,1125,114356,1354,378,231,2649,1628,0,40645,40267,93,34915,7406,3421,0,4802,19286,212,2.0828925609129496,79,470,13,0,0.7182910095038032,15.71,68606,29327,34675,0
370187,4216,159952,278519,278519,2528,18,41049,275,1923,5560,329138,0,2318,181,38140,2109,0,202919,200601,0,158584,0,26477,10697,75409,46001,1659,3.462086329497672,47,1402,17,0,1.8387492293518242,16.37,0,0,0,0
1084820,17112,74163,923949,923949,5021,0,102242,0,0,13641,982578,0,11342,829,77080,3082,0,822927,811585,9883,731632,5281,163187,43007,430984,89173,3574,3.3900304788123092,1022,4648,104,1485,1.3359218220343934,14.23,150198,958,147835,0
16476335,75976,962221,11943928,11943928,45231,0,2072130,0,779675,157689,14404205,351624,82817,502,691386,6709,0,8770713,8687896,0,7535536,499636,58806,835462,5634919,506713,49986,3.08140727682365,14240,57691,1057,647,1.2302967402341995,9.67,5305179,490433,4788483,1315
140213,1275,16256,120367,120367,208,0,19375,0,8106,1120,120838,0,899,7,3341,7,0,68166,67267,0,64816,0,0,46880,2811,15125,210,2.8450655893684393,59,761,16,0,0.6018485347854123,4.33,46333,4759,41574,0
141147,528,2380,109109,109109,705,0,17032,500,0,1584,124115,23470,907,1125,7048,3824,0,69285,68378,1201,33591,26332,2768,880,2561,1050,383,2.5633454720426934,39,536,11,0,1.0690559928543515,8.84,65787,47372,18343,0
84219,820,13220,69990,69990,331,20,7700,1388,0,1146,76519,13355,1272,1057,5981,2798,0,42856,41584,0,20715,2726,0,0,17156,833,289,4.179835499112105,79,585,14,0,1.4117445914672497,15.14,25258,11724,13534,0
66274,0,64442,500,500,7,0,65566,0,0,911,708,0,0,0,0,0,0,0,0,0,0,0,0,0,0,0,686,5.927868852459016,0,0,0,0,4.167520978091658,4.21,0,0,0,0
520259,6695,64293,472442,472442,3210,62,44320,0,0,7641,475939,9727,5421,1687,23753,6701,0,396080,390659,662,357270,17224,64600,7396,151692,116358,1091,3.7478788135100416,530,3449,77,0,0.8685553699072632,10,44409,7610,31885,0
348170,6598,18405,308952,308952,2146,72,20852,0,0,4780,327318,10469,4077,4585,20598,8890,0,233536,229459,0,193407,116629,7083,755,24603,44337,1033,3.3576167804355723,440,1969,62,36,1.2254291374544763,19.66,81460,15414,49986,0
48869,72,12379,42406,42406,77,0,5730,3100,0,617,43139,1791,345,284,5092,4834,0,22772,22427,0,11028,839,118,0,2985,7086,197,5.021329024909046,84,427,11,249,1.5932549511206366,14.05,8963,3762,5201,0
5885686,51,2833809,4656103,4656103,35795,-7589,1166345,0,0,76571,4719341,0,5502,0,1312338,0,0,2914759,2909257,0,0,0,0,0,0,0,30676,2.898421696153519,126101,127683,66,0,1.819503162822134,10.66,22378,0,169,6792
780102,4881,52224,703792,703792,3807,300,73596,0,0,12017,706506,0,6723,7229,36763,8678,0,601923,595200,0,556478,379,47474,2209,267235,239181,3587,4.289028823605853,498,4668,84,0,1.8356558362801743,19.4,123232,82606,28151,0
2699359,459046,434907,1820252,1820252,17112,0,358304,0,76407,28851,2341055,0,0,0,171859,541978,0,725779,725779,0,0,0,0,0,0,0,21975,2.275299845716102,187717,169411,657,0,3.248260803931615,24.98,896970,20108,848871,0
213933,3858,7517,189607,189607,897,0,16473,7706,33,2221,197460,0,2249,318,15409,7580,350,135310,133061,0,110554,713,13563,6602,60376,29300,134,2.7171445355688895,148,1311,36,0,0.25364316287345523,3.25,56007,23328,32679,0
528123,8541,23780,460532,460532,1923,38,43091,0,0,5563,485032,0,3647,2331,112246,43047,0,335862,332215,0,180569,0,4998,25536,99407,50628,543,2.9154402194589615,957,3895,120,0,0.40387699602538174,4.97,137243,1191,136052,0
185057,3697,8022,170585,170585,826,22,13962,0,1714,2374,171095,115,1925,2647,13425,3578,0,148497,146572,0,131308,1724,13408,12621,31489,72066,292,3.598410004881564,138,1236,31,0,0.6319645277444872,8.36,22675,0,19698,0
1134497,23688,19115,967963,967963,5288,496,112860,59800,268,15424,1021637,2756,12216,9280,74208,30616,0,852072,839856,6662,736907,38122,114244,19766,340031,224744,3349,3.9394354551134247,2816,9107,246,0,1.2104591404529284,12.04,155639,82588,60290,0
337215,7257,33554,300980,300980,1475,0,29729,6731,0,3774,307486,5573,2434,5711,38171,10474,0,190901,188467,739,135939,16209,13282,6986,64796,34666,818,2.909914784683393,478,1959,52,0,0.9692201510111348,11.04,96337,13448,82889,0
9811273,97241,82237,7998031,7998031,30907,4305,1252233,0,320661,115417,8559040,145159,124394,70020,529700,73842,0,6802041,6677647,20080,6022838,265942,348981,982290,3195536,1230089,29180,3.783201428448401,15832,56279,1178,2493,1.1838518229715533,9.32,2204305,236857,1295323,0
219814,1529,8283,195014,195014,1232,169,21188,2000,0,3247,198626,395,1548,824,13288,1677,0,181266,179718,7874,153235,451,36403,4531,67395,44455,322,3.9455842254955233,45,1546,31,0,0.5993833982898028,6.01,21608,9138,12470,0
2100034,43463,21637,1780019,1780019,4771,0,148535,0,7319,20860,1951499,2527,14106,23,87298,13465,0,1240989,1226883,0,1125913,2180,13841,219784,554836,335272,1715,3.2969895681909875,3246,17620,275,0,0.32413892329649285,4.63,706684,173839,254528,0
548832,15295,57799,485143,485143,5008,75,61714,0,0,8903,487118,1923,5736,834,68408,2199,0,424526,418790,0,333225,0,54619,26636,206818,45152,1793,3.009592835700957,100,2104,41,0,1.3291745662854464,11.8,51886,1207,15067,0
329382,5089,28389,297945,297945,1346,0,27473,0,1948,3648,301909,25966,4844,5212,25894,5597,0,203979,199135,22,146464,43585,1282,1764,15512,84321,568,3.053151629695945,341,1889,51,39,0.7005675151900119,8.23,85404,28233,35891,0
96319,2016,9513,82357,82357,376,52,11482,25,0,1430,84837,5644,679,1335,11326,4282,0,65524,64845,0,44272,15911,2584,74,13706,11997,328,4.711641083811557,170,718,21,0,1.3515880128977757,11.57,16665,8411,6097,0
572624,7368,24549,525072,525072,2431,68,44278,1925,0,7051,528346,354,6364,1630,15846,4742,0,407058,400694,0,386098,8176,66590,24776,118263,168293,1290,3.4551937282998693,563,3415,95,0,0.9098739842165077,11.63,117972,36907,70986,0
509941,21163,9641,464752,464752,2279,9,39978,9535,0,7426,469963,4462,5580,2284,66793,8243,0,387363,381783,852,306896,24508,33280,3962,132640,112506,1393,4.495034567531956,939,4744,101,65,1.1057255828029111,13.98,65654,10296,46870,0
195855,3423,36203,169001,169001,434,0,25991,0,0,2790,169864,0,1424,57,2110,1110,0,94048,92624,4505,86322,391,14068,8474,27996,35393,992,5.046088933033838,141,1245,28,0,1.9863239990789223,15.5,54391,8177,41512,0
595378,13102,32994,522870,522870,3269,60,54143,341,0,8266,541235,173,8448,229,53840,646,0,472393,463945,0,417719,18596,36449,17668,234605,110401,1415,3.568871470275772,269,3381,58,0,0.9535779389912291,10.49,65263,31362,33774,0
154230,534,1172,122122,122122,486,2,20093,11086,0,1687,134137,36,838,3048,4910,4349,0,86322,85484,0,77027,365,9265,6425,3966,57006,356,3.331229933916276,156,918,22,0,0.9303571486905419,7.09,48725,17613,31112,0
459577,11579,14376,410422,410422,1704,0,46251,17850,603,5572,413326,1834,2855,8435,31450,17551,0,342039,339184,4417,286787,10368,41311,14988,96689,123431,1394,3.711980806717649,654,3128,93,950,1.2443609316192872,12.14,68394,19075,46367,0
258947,5930,4165,209126,209126,1277,75,23856,20977,0,3289,235091,0,2521,13,18773,14,0,192889,190368,0,175647,0,8886,4507,146034,16220,935,3.30849631555688,74,1076,18,0,1.4705072856951882,15.83,34066,0,34066,0
366071,5151,28234,298707,298707,2123,119,29163,0,0,5694,336908,1764,4000,8611,28771,17945,0,313980,309980,0,265424,22511,40892,15400,62272,124349,1292,4.075134943911262,539,2683,76,427,1.427782075367444,17.68,17693,9190,6502,0
610864,11561,101068,530053,530053,2387,383,77100,0,768,9922,533764,149,5693,605,50712,6915,0,466914,461221,0,409695,3304,68177,16104,222401,99709,2688,5.158688727734542,784,4387,114,0,1.7451613243554047,14.08,24252,475,23777,0
2901492,62171,242034,2548890,2548890,14408,1500,325666,5536,55,44137,2575826,48173,29967,4200,277577,15403,0,2336447,2306480,1830,2003686,119788,370676,109244,1088341,315637,12588,4.356276415988571,1813,13149,302,1869,1.758391577376982,15.66,235724,0,214645,0
300807,5050,97700,266199,266199,1052,-3,32735,0,0,3927,268072,0,2966,7755,7381,12816,0,182242,179276,1745,160985,3998,33312,2836,31925,88914,1163,4.12564194091722,422,1774,45,828,1.5817749064943896,14.46,11010,75,10383,0
803136,18219,143254,673102,673102,4897,0,63744,0,0,9233,739392,6587,7808,230,54295,4117,0,525897,518089,0,459087,37079,43634,16641,192775,168958,80,2.315342615707058,1099,5339,121,823,0.03978352787892878,0.5,98683,1603,97080,0
1151412,2465,170950,687608,687608,8604,-83,124815,38252,1,13345,1026597,6741,12459,0,97105,1436,0,751916,739457,0,480660,2736,89284,69008,285192,34440,982,1.7009452336714324,3556,8006,132,0,0.3389227984254931,3.15,160706,0,148706,0
461697,12436,35070,403881,403881,3198,300,37052,1857,0,6899,424645,6843,4094,1082,31818,3379,0,381965,377871,0,339925,2733,35355,7598,192968,101271,545,3.5402970654562758,305,2966,54,277,0.4898628721019723,6,21450,0,21450,0
66814,1409,11146,58717,58717,58,0,7973,0,0,746,58841,0,617,238,5586,398,0,24121,23504,0,18137,2666,161,87,10053,5170,213,4.563393360527974,199,672,21,0,1.2739424931592878,10.72,29974,0,29974,0
192585,1915,45976,174241,174241,70,45,16633,0,0,1790,175952,0,1802,22,13486,39,0,92534,90732,1785,77224,0,3836,0,72300,1088,768,3.8077316877438636,1118,1774,34,0,1.6381029573304042,18.62,50871,0,50871,0
3005346,39381,92188,2550264,2550264,13663,1000,288451,1316,55322,33255,2716895,18105,18657,3649,204929,66860,2378,1890120,1871463,19747,1582189,71579,239367,66124,848843,356276,5816,2.804723522610775,10009,20556,451,562,0.7692106762368325,8.17,833389,243875,423517,0
73692,406,11423,68228,68228,243,0,5146,0,0,831,68546,8012,479,2451,7017,4284,0,39468,38989,0,20021,5474,40,0,4371,10136,190,3.3448525961005164,121,498,16,83,1.0244589576130105,14.39,21383,3911,15547,0
364031,3517,9900,311997,311997,303,180,51512,27100,0,4288,312519,105,1882,7874,26803,25859,0,144239,142357,12061,78486,135,10864,572,22969,43946,2232,4.653158689058655,817,2233,85,0,2.429751391364694,17.26,165122,24230,140892,0
139018,1881,3195,116965,116965,591,60,18062,6818,0,2004,120956,0,1776,454,13875,3448,0,116482,114706,0,99159,158,2926,4935,47278,43862,290,4.303809998819727,158,1183,34,27,0.8339893810145194,6.47,9348,524,8824,0
519479,2763,75844,425612,425612,3899,0,63811,0,94,7298,455668,0,7787,379,33445,1946,0,425119,417332,0,389722,0,32856,43539,278971,34356,916,2.714563525498449,50,2181,38,0,0.7130485550257857,5.78,17802,0,17800,0
990734,13560,18360,817801,817801,5669,475,85841,0,0,14134,904893,23962,9862,1446,160793,5619,0,859998,850136,0,669544,34524,48433,78721,375156,132710,3047,3.6893714829889577,1069,5241,90,0,1.2536573148096242,14.37,73522,12798,59835,3222
1707598,42126,199066,1458351,1458351,14410,5490,189671,0,3221,24793,1517927,3349,16463,1305,144416,3335,0,1407053,1390590,0,1255935,50616,427418,343815,248094,185992,3654,2.6065083632693944,9705,10502,155,19457,0.8609419173452171,7.78,9321,8409,99,0
2144230,18671,22072,1636192,1636192,13262,500,224850,10922,18037,26686,1919380,4069,17049,2770,111721,6231,0,1822519,1805470,15456,1681046,36082,138710,312585,885831,307838,4099,2.6319265691702958,1588,9448,219,0,0.7606079668071352,7.31,215466,83779,131387,0
242859,1182,25059,194820,194820,1059,0,24245,0,0,3565,218614,18925,2699,909,20838,2936,0,154158,151459,2256,108868,12164,13924,2444,61536,18800,1159,4.440526448686315,268,1615,36,0,1.986272611202989,19.33,61170,21251,38722,0
1935302,46670,112227,1604950,1604950,9218,115,199238,14517,2504,25766,1736064,148,14086,3065,160762,19298,0,1486125,1472039,4550,1301241,11741,183407,116559,651765,337769,8254,3.693273913909535,1968,8403,255,1236,1.7091791503542886,16.79,198697,18842,179855,22842
53610,2042,2893,40076,40076,241,0,9073,178,1189,760,44537,29,582,652,3415,2897,0,32589,32007,0,25451,437,2587,686,9742,11999,105,4.514172021266186,41,430,20,200,0.8014425966740133,4.65,13969,5073,8506,0
114761,227,10216,104636,104636,385,0,9734,2069,0,1206,105027,7163,556,2631,6334,4774,0,38311,37755,24,20016,10660,694,0,3320,5342,381,3.1073326047565653,52,450,13,0,1.3203950788424883,15.58,60158,15928,44230,0
642026,6701,104735,464750,464750,4453,-335,93003,0,2365,9036,549023,0,5831,0,43418,0,0,460411,454580,0,417419,0,2242,44101,368271,2805,984,2.968639173988943,392,3969,89,0,0.6152759127921428,4.25,63751,0,63037,0
2208983,35011,362557,1930586,1930586,17420,400,205935,0,7262,29733,2003048,1394,20344,12013,102541,17659,0,1670026,1649682,252,1405007,36956,232197,52183,797222,286449,3263,2.384565684128322,5124,12994,310,0,0.6005272327275379,6.39,98936,29742,54833,0
276826,7235,32371,267624,267624,781,30,8607,0,0,2975,268219,3374,2310,1245,14948,5420,0,92759,90449,500,68499,448,9188,0,38327,20536,779,3.5367772849914667,320,1705,35,0,1.1733385548656272,34.82,138514,62374,76140,0
677197,6128,53735,559381,559381,3173,135,116399,5000,2809,9154,560798,1523,5101,23178,61466,31958,0,452295,447194,2521,355113,18470,18089,13450,82916,222188,3735,3.889493133558665,1139,3250,117,645,2.2322645905908702,12.99,136678,129676,416,0
1205671,10267,87744,1066869,1066869,6560,277,104507,0,0,16580,1101164,334,11975,2095,147221,8237,0,990786,978811,6229,828596,11993,150004,22180,248335,396084,4935,3.4355939707383056,525,5355,94,0,1.6502871073200767,18.89,121343,11589,108986,0
964329,110,207495,801016,801016,9848,266,86219,0,2821,16001,878110,0,8944,0,357419,0,0,652047,643103,0,294639,0,0,62573,207570,24496,688,2.6707960626050573,627,5569,45,0,0.28782606603892974,3.2,86127,0,84321,0
51455,440,14355,44708,44708,399,15,6639,446,98,898,44816,2671,374,620,3135,2763,0,27022,26648,0,18448,1627,3132,2876,4833,5980,223,4.320626880533368,23,284,8,0,1.8524479518197394,13.69,8753,0,2694,0
220753,2541,14284,172292,172292,804,21,26164,0,0,2845,194589,4017,3134,274,18151,399,0,178138,175004,0,154291,6547,4825,37496,62474,42949,663,3.9859194125602357,581,1938,34,670,1.2162571200572356,10.08,22450,0,22450,0
250938,3045,14485,224010,224010,1579,90,24108,0,2578,4009,226830,35936,2697,9086,23683,13831,0,180751,178054,703,106267,35012,8110,489,17461,45195,869,4.202452727811201,194,1412,35,0,1.3974206413019008,14.58,45160,5889,37496,0
78066,607,1818,71527,71527,447,85,6216,5686,200,1039,71850,375,724,714,5979,1907,0,46121,45397,897,36887,1738,5967,1142,12981,15059,-47,3.213352783526139,76,630,24,66,-0.2412344015654573,-2.99,22580,13098,9482,0
197241,2763,16642,166507,166507,879,0,5787,0,31,1886,191454,0,1585,0,17524,112,0,67233,65648,0,49872,0,5099,2915,34315,7543,-537,2.4831472103123353,141,1685,35,11533,-1.084492464594956,-34.06,82614,35277,38959,0
77816,399,25073,59560,59560,167,0,7912,0,0,1004,69904,405,675,1455,4053,2442,0,34003,33328,0,27182,1131,0,226,9028,16797,254,4.410340852955706,29,612,11,0,1.282091727605984,12.96,17794,249,17545,0
143240,971,5629,122457,122457,412,0,18963,20257,0,2475,124277,5356,949,3608,18259,5045,0,88684,87735,0,60601,8057,16995,831,23150,11568,1146,6.543857005780988,175,1092,24,0,3.3344729510522066,25.14,23890,1043,22794,0
229249,2421,35081,193594,193594,826,105,32957,0,0,3219,196292,33,3992,6333,18414,14163,0,178199,174207,0,145533,44,10024,2636,36355,96474,787,4.399169985270226,245,1536,44,0,1.3856182683292912,9.66,14511,0,14511,0
370488,7102,43244,331191,331191,2852,75,36727,0,0,5145,333761,0,3663,127,36857,6839,0,293464,289801,0,250417,44,29549,30882,124187,65755,134,2.6307411221091823,155,2186,45,0,0.1464004872732636,1.48,24907,0,19404,0
1310967,29602,161862,1196365,1196365,4082,565,103836,28600,5970,18128,1207131,3066,14797,3093,201934,14290,0,873483,858686,4703,635901,29941,86924,47022,343644,128370,5670,4.6691675711253575,3397,10802,283,0,1.7571356519569827,21.81,186787,34461,149011,0
33512,61,4566,24887,24887,4,21,8619,583,0,238,24893,247,128,395,2981,646,0,10731,10603,151,6706,0,461,0,654,5591,4,3.283404076191813,4,213,6,0,0.0479594742442636,0.19,17523,1122,15400,0
419131,6341,56916,372283,372283,465,-11,43079,0,0,3751,376052,0,809,701,6670,2391,0,178152,177343,0,169409,2356,37940,5973,74253,48887,1384,3.3870221699978997,403,1960,49,0,1.360286800352849,12.96,169107,0,169107,0
3234724,59810,18362,2872775,2872775,16052,502,285180,200000,43238,37663,2949544,286928,25634,329091,268117,365153,0,2104161,2078527,21117,1145433,309666,106541,69273,462023,197930,11215,2.911612041942923,12916,20155,468,4440,1.4091267183744343,15.95,750725,257111,423605,0
105998,643,16109,86607,86607,531,42,11302,0,0,1316,94696,6195,834,9181,4318,11961,0,67695,66861,0,45213,6074,1820,0,3056,34263,325,3.0992449291812663,67,394,13,86,1.2075051086754598,11.56,20877,14275,6602,0
296632,5580,29449,255078,255078,747,0,29062,1333,0,4147,267570,0,2668,943,14751,1088,0,197078,194410,0,182245,0,28923,19853,108495,24974,1448,4.887919291826752,242,2194,47,0,1.9632101468679135,20.27,56045,32660,23385,0
3550459,45195,119244,2871575,2871575,11058,127,401742,0,28537,40960,3148717,67595,23140,623,74974,3777,0,2157078,2133938,0,1804865,66347,6138,132209,1192556,407615,10735,3.5964261852829407,11406,23717,487,0,1.1800368218755852,10.58,1058195,216839,220300,0
111659,2566,10160,104912,104912,694,0,6249,0,0,1147,105410,1660,203,2392,8982,12641,0,54997,54794,1467,30241,4510,4855,0,5332,15544,3,1.7539189732024025,167,617,17,0,0.010559243958132597,0.19,37489,21500,15989,0
270520,1299,95118,237598,237598,1062,0,32376,0,0,5353,238144,19178,2758,164,25817,333,0,154837,152079,0,52354,3131,8282,0,21721,19220,3054,6.167688985191654,156,1398,26,317,4.111525464801626,36.67,11016,0,10960,0
189952,5700,14239,172200,172200,554,40,17428,0,269,3174,172524,5979,1661,2299,8945,3715,0,148569,146908,0,129899,44790,6098,5010,25784,48217,1219,6.049550901660163,175,1536,47,515,2.5627414395711248,28.22,17158,10306,6364,0
122880,1527,5324,95100,95100,558,15,27097,8700,7008,1740,95783,2022,1242,8086,12740,14418,0,57414,56172,0,28171,0,2029,0,11651,14491,281,4.500842480032747,273,1085,28,0,0.906941653958187,4.16,36795,14566,22229,0
232731,1826,27066,215275,215275,1155,32,15734,0,562,2573,216997,12743,1378,2728,8674,5993,0,92720,91342,190,64886,16591,1949,2453,14306,29587,435,2.653871437895806,300,1101,36,0,0.756424719438159,11,103358,30240,73083,0
193526,2016,10327,176609,176609,628,0,16175,0,0,2214,177351,747,1813,3961,12456,5960,0,99955,98142,0,80801,8155,8068,2754,31627,30197,413,3.434015372956588,174,1264,32,0,0.8429926238145415,10.16,75510,24681,49492,0
4414383,286,1255365,3973120,3973120,1287,6110,85703,0,10978,53213,4328680,0,7283,46,13983,26752,0,48997,41714,0,5763,0,0,3056,2555,152,22081,6.525605912204487,20962,36953,93,0,2.116372196269296,82.3,2182315,23304,1891926,0
83280,4642,5640,75209,75209,358,10,6352,0,0,1078,76928,399,538,1638,2971,6291,0,48399,47861,56,38636,3711,8141,1996,13586,11202,13,3.9363621453173696,179,876,26,178,0.06274206976435527,0.8,23675,11279,12396,0
200083,5078,6434,173610,173610,391,24,16624,14830,0,1895,183459,67,1121,5410,14889,9257,0,73709,72588,0,49742,1045,4926,4772,35760,3239,213,3.312346695223911,247,1509,41,0,0.428176205564783,5.05,94874,33400,61474,0
321038,1532,17308,268726,268726,1129,80,18994,304,0,3488,302044,303,1881,3116,12493,7509,0,196146,194265,0,175816,1724,24714,1367,62191,85820,827,3.1202981412467303,475,1920,46,0,1.0392482728937786,17.5,97251,32274,59253,0
740716,15012,27950,566591,566591,4227,750,71185,0,1477,12430,669531,0,6572,103,90606,1576,0,556594,550022,0,404486,4803,69740,12973,300135,16835,1893,4.780271691109251,578,5529,108,0,1.038446663722664,10.73,125299,6020,119279,0
340724,6918,64387,295306,295306,1915,75,28443,0,0,4866,312281,355,3261,1272,22537,3965,0,243173,239912,438,215773,11919,47083,7248,74723,74800,983,3.7639105895857914,266,2159,48,0,1.1793959644981418,13.93,26723,11501,13862,0
277243,2788,5450,247072,247072,2011,78,26444,32815,338,5031,250799,7705,1832,11545,44045,33645,0,203301,201469,0,117994,7919,11565,75,27345,71090,1040,4.698222803882256,294,1886,54,50,1.5355199728331081,15.9,25851,9063,16788,0
160128,2385,10387,115108,115108,654,0,21489,0,0,2196,138639,0,1842,0,12033,385,0,124129,122287,0,111554,0,4913,11953,72074,22614,363,3.990360510440085,61,1099,23,0,0.8919932547617513,6.79,20241,2066,17675,0
62569,819,5947,56568,56568,175,0,4994,6000,0,749,57575,1674,362,2516,12651,4380,0,28139,27777,83,9184,908,508,239,1163,6366,138,3.9614893543600536,134,526,18,0,0.8672359211632273,11.05,19080,2884,16196,0
137215,620,10418,114580,114580,555,0,13434,0,3033,1434,123781,18337,844,3116,10426,4739,0,89490,88646,0,55988,26730,2529,5564,5546,15619,327,2.70654119277178,98,553,14,0,0.9362484923750863,9.78,29204,8560,20644,0
68011,160,15357,53122,53122,81,0,14811,21167,0,635,53200,588,212,133,5213,1914,0,11822,11610,0,4105,0,1095,0,331,2679,366,3.4645029157481666,22,210,6,24,2.1693709713269618,9.97,19398,0,19398,0
104305,4862,2912,85808,85808,636,15,9156,10363,0,1443,95149,2494,810,1100,26438,2230,0,77061,76251,0,45888,2589,9231,0,8980,25088,101,3.3726707101101763,115,802,17,952,0.38425505404775606,4.43,7771,7153,618,0
776806,16820,110122,683415,683415,3570,0,69794,0,1816,8853,707012,0,5460,132,27626,492,0,490012,484552,2344,448311,13161,63253,121189,179434,71274,1277,2.9043270790155082,2043,5648,135,0,0.6492751265215797,7.36,136064,5902,118019,0
1136766,15845,112020,979509,979509,4573,100,54394,1294,0,12583,1082372,11028,5935,42251,52167,86647,0,539908,533973,0,389073,44651,27597,12691,72646,231488,626,3.0392095019879597,2565,8288,206,0,0.22046047537230218,4.52,425643,137966,287677,0
176720,1700,49566,154102,154102,389,30,21490,1965,0,2426,155230,734,1483,3137,28153,9445,0,87514,86031,125,49012,1561,3542,3520,12355,28034,386,4.808157581050619,245,1734,52,0,0.8755340956452954,7.23,35640,10428,23107,0
268540,506,41410,228186,228186,1799,75,39202,0,0,4120,229338,50372,2943,1325,34146,5728,0,218548,215605,0,126874,99991,4843,0,66,21974,1173,3.618258878550202,208,908,24,0,1.7517528729195135,12.15,6086,5346,740,0
3389808,48318,231769,2993263,2993263,20959,930,334230,0,8249,50024,3055578,220938,41248,17437,201100,98927,0,2968095,2926847,47443,2360670,619786,325371,135073,697742,582698,12145,3.654755441659245,4571,17520,446,0,1.4474608652228609,14.7,83793,251,83464,0
182421,17,42440,155507,155507,1175,0,25946,0,0,2608,156475,0,3925,43,33675,284,0,106633,102708,0,70417,0,4135,852,50480,14950,366,3.331947928141067,74,1012,20,0,0.8116176637718601,5.68,31101,12697,18404,0
131152,1300,3667,120487,120487,538,30,8821,0,0,2004,122331,4876,1513,3872,11499,11044,0,80268,78755,953,51456,1636,11039,5012,11995,21774,699,4.746141332059926,214,951,27,0,2.1597321190633436,30.83,45567,15563,30004,0
9798352,162048,652392,7936361,7936361,64335,12400,817575,0,23807,144600,8980777,0,96050,935,1546913,335793,13397,7006383,6910333,0,5089113,0,359256,349917,2866379,1513561,13648,3.5937757362379497,15468,65893,696,20181,0.55999502700782,6.71,1522577,0,1249151,0
49977,746,1035,40232,40232,200,5,7609,0,0,619,42368,0,749,1296,1754,1928,0,37156,36407,0,33474,0,1592,948,3971,26963,41,3.5591420683796984,17,381,9,0,0.3264461164855289,2.15,10160,8559,1601,0
2417528,30932,441679,2178574,2178574,11559,6000,210105,0,8842,34170,2207423,57610,22652,1685,466495,6131,0,1376507,1353855,0,846271,43504,159887,119501,218682,304697,7331,3.9121771509804772,1608,10887,215,0,1.2101558337690592,14.03,527221,118454,408577,0
765822,11960,53020,641241,641241,2774,360,47385,0,471,9472,718437,3933,5561,296,83479,4034,0,459557,453996,0,363889,15073,106633,43464,134645,64074,2723,3.8537469101485216,1149,4190,119,0,1.4694900699464861,22.92,223813,90302,133011,0
281147,9369,38088,244881,244881,962,75,31942,0,2425,3148,249205,5573,1527,54,30964,2108,0,167800,166273,294,128861,5742,5625,7011,67330,43153,230,3.4366206040025786,260,2049,40,0,0.3265149673396306,2.89,58753,250,58503,0
137969,1065,29455,121372,121372,318,-1,16305,59,0,2333,121664,93,1100,3081,18792,4583,0,104664,103564,80,81097,1369,16640,793,18932,43363,1151,6.1690597924256805,53,878,29,0,3.40127510878318,28.88,2925,117,2808,0
787300,15323,36316,697824,697824,2137,0,74750,0,0,8879,712550,161,7018,99,76506,673,0,550945,543927,2185,472302,3300,41644,67298,294910,65150,1833,3.709360950888243,1789,6203,142,0,0.9471564959085087,9.91,170740,28352,106497,0
2415416,21857,60926,2031531,2031531,5639,575,279718,33,53777,25784,2135698,25000,14658,67914,83851,71655,0,1286609,1271951,0,1101922,116981,28156,62013,769432,125340,4677,3.6655522471977835,1919,14824,253,0,0.7719197480739142,6.75,882625,370503,67868,0
1134612,15282,91302,996228,996228,1992,33,126983,0,13436,13634,1007629,16076,8580,60095,52535,63227,0,693461,684881,3432,553215,26017,49779,51641,326272,99506,2937,4.4122907044666295,1436,9413,230,0,1.029381805755443,9.26,288439,43647,238407,0
544169,3546,102579,364376,364376,4145,0,133416,0,1156,9773,410753,0,5200,142,291,142,0,379136,373936,0,378702,0,23364,31349,172592,151397,1452,4.2981559284366195,86,3640,62,0,1.0729496786970165,4.38,50586,0,50586,0
97272,1773,2827,72897,72897,568,50,11198,1937,0,1438,86074,27193,718,1248,5266,2615,0,59134,58416,0,23501,16981,0,0,968,5552,338,4.078666697920818,58,456,14,19,1.4222895495381767,12.18,26289,13033,13256,0
571667,9967,12105,446960,446960,2395,57,29011,0,0,6552,542656,0,3005,3701,27492,9647,0,355632,352627,0,318463,0,23996,5627,48584,240256,502,3.1492245309212255,1105,4541,115,3497,0.35262280774154575,6.85,168557,24463,121615,0
85323,1166,14250,74706,74706,217,20,10486,244,0,946,74837,215,776,1519,2886,7046,0,50359,49583,0,40267,321,3319,0,3397,33230,239,3.6450683450314694,35,435,13,0,1.1164833111438115,9.17,16287,9860,6427,0
676932,10649,35245,584842,584842,2275,300,83580,0,1825,7952,593352,1597,13116,861,89108,9372,0,330659,317543,0,229307,4439,37613,5919,134856,46480,1589,3.6924687978418866,2278,5144,146,0,0.9520450019509732,7.69,294781,25199,239284,0
358023,3771,9059,305402,305402,1442,50,36437,9297,0,4611,321586,6257,3435,4007,28113,13661,0,212618,209183,2864,161722,18680,22863,6301,67998,45880,1283,3.8302726304418444,552,1998,60,0,1.4431540170411405,14.1,110954,35519,73534,0
277261,6776,18511,256670,256670,1006,0,14168,0,4983,2844,263093,25868,2441,6114,18035,13616,0,155047,152606,4958,92422,35356,568,599,23802,32097,605,2.9303678903104946,460,1666,48,0,0.8775937973701197,16.82,84948,40652,44224,0
448425,4921,67226,329485,329485,2455,0,54108,20376,0,5914,394317,24130,5618,0,53543,0,225,315366,309748,0,219195,8787,45931,0,157047,7430,1215,3.5946672347744304,3377,5251,54,0,1.1686541000281343,9.09,20687,1254,18547,0
9176230,202254,476299,7920234,7920234,37902,15750,711526,6357,0,135043,8464704,0,94744,29159,2982809,93789,0,6694973,6600229,45733,2796995,1841,449891,197836,1899948,247479,41879,4.671909525368288,108567,147955,4574,9484,1.8350597679391452,21.95,1513507,985896,482397,3100
118971,738,59265,98893,98893,58,-5,19923,0,0,1942,99048,0,346,67,5543,965,0,24371,24025,0,17863,0,6688,0,5050,6125,926,6.474115565024656,45,1008,20,0,3.130493576741041,19.06,34387,0,34387,0
87179,275,20737,43687,43687,250,0,42058,5000,0,1878,45121,0,5395,0,3289,0,0,60300,54905,0,57414,0,6591,5000,38367,7456,934,8.134915677701436,241,536,9,3905,4.302140130469078,8.98,0,0,0,0
43097,126,6654,37457,37457,123,0,5375,0,167,503,37722,4114,286,381,2125,1426,0,23998,23712,145,15055,6528,0,210,1680,6637,98,3.6967228065908677,29,283,8,0,0.8890400861824573,7.32,10969,4711,6258,0
352545,3243,6695,316747,316747,1658,75,34314,10820,2636,4487,318231,9178,3244,2202,22797,3911,0,240950,237706,2941,202011,30457,23874,21697,91513,34470,1102,3.3823630510612475,162,1748,46,0,1.2558798138973017,12.91,87497,74946,12551,0
86509,2946,17500,77616,77616,336,0,8185,4903,0,962,78324,3375,360,724,4151,1448,0,30570,30210,3346,18232,3389,256,0,5298,9289,285,3.3655009273944247,40,313,7,0,1.381031412407477,14.17,30127,0,30127,0
1639663,37971,128231,1309215,1309215,2418,821,166684,0,8036,20201,1472979,36844,13157,91859,81754,95467,0,979298,966141,144,763875,86677,64161,96441,466655,49941,6435,4.715556457140887,21767,10209,182,357,1.5840862717754165,16.07,447445,87815,339065,0
1830368,26344,54285,1327464,1327464,10852,-82,120771,0,3729,19728,1709597,30269,8548,392,135279,23166,0,1436125,1427577,0,1249047,0,56850,83711,438044,670442,642,2.0652060421702463,2252,10353,214,0,0.14111533870978377,2.14,250178,38344,170153,0
5611253,113593,124647,4361284,4361284,30957,0,520698,0,6912,59253,5090555,3791,23819,32,103742,77741,0,4761384,4737565,0,4579546,529,154093,60248,582724,3781952,4545,2.1513508715390692,7069,29741,550,244,0.32590220728832425,3.52,460710,32428,369834,0
2118293,14062,239896,1658226,1658226,7919,13,174899,0,0,18902,1943394,0,6813,0,28401,154,0,1151298,1144485,0,1122581,0,27416,52863,311333,730969,2870,2.3127588936218824,1821,9097,214,0,0.5700010153763732,6.62,642291,26797,607278,0
7336543,40036,36848,5309340,5309340,44080,1350,838590,0,75223,84217,6497953,0,64668,8,673556,182932,0,5442676,5378008,93717,4492386,0,434904,247648,1750666,2059168,12491,2.321828029578621,12810,34732,646,11645,0.6831490293490607,6.02,1551152,99,1551003,0
1426874,21446,133644,1261910,1261910,4312,0,139725,0,0,11241,1287149,0,1930,13,3087,591,0,618001,616071,0,614501,0,13124,11012,47725,542640,988,2.0795856435359408,948,6703,102,0,0.27754280511361384,2.83,592731,361,592370,0
96729,127,5802,59435,59435,440,0,13330,0,0,1537,83399,0,1082,0,534,13,0,79014,77932,0,78595,0,0,42433,16252,19910,-42,5.043040535104757,47,1185,27,0,-0.17233420526234805,-1.26,3802,0,3802,0
416176,5701,7851,336748,336748,2454,135,46547,13539,0,5894,369629,484,3171,3112,29500,10876,0,302692,299521,7836,253994,7662,43353,1271,128478,73230,1716,3.497223316516501,209,1434,43,200,1.6595564119829451,14.83,82275,21616,46528,0
125931,1760,3935,112966,112966,32,0,12698,6043,0,1668,113233,0,917,22,4509,445,0,81321,80404,0,76265,0,17971,3455,27572,27267,362,5.3698765026874,164,1325,37,0,1.1202141403826367,11.53,32132,0,32132,0
266580,4076,85575,238391,238391,601,30,27294,0,0,3846,239286,0,1369,3747,8674,4506,0,104339,102970,0,91128,1328,8348,2203,68172,11077,2350,5.1945245389259185,151,1016,29,0,3.49533985672825,35.97,72075,25995,46080,0
1333194,12163,361426,1444,1444,0,107,1055063,0,856313,4931,278131,0,0,0,0,0,0,0,0,0,0,0,0,0,0,0,63191,5.720616726800237,123310,45103,693,0,19.06609590978521,23.97,528,0,528,0
2732382,41165,52907,2321829,2321829,13867,0,183473,214,14206,31632,2548909,9,24829,250672,185820,270403,0,1848798,1823969,11145,1372526,1660,127504,66672,966687,210003,4094,2.7926275575669948,3653,15994,339,464,0.5987536811962058,8.91,696959,70993,595889,1607
5686763,56536,514401,4431810,4431810,26106,0,205853,0,26123,60445,5480910,8505,36961,3589,235549,23597,0,3016752,2979791,249451,2499108,53971,438450,131030,1235264,640393,8210,2.473589262552332,7818,32207,565,0,0.5560167394223487,16.01,1906209,577856,1213967,0
5572542,191846,417033,4492627,4492627,13504,5951,979757,0,257451,101903,4592785,43705,38232,1997,2265327,7176,0,4198832,4160600,4701,1228465,62114,217788,132078,679732,136753,6827,7.4761881453927845,15012,89141,1535,37,0.5002445992387335,2.8,324543,3447,40383,0
155455,1802,18201,144507,144507,729,0,10467,0,0,1758,144988,1048,911,336,5969,7979,0,78281,77370,1737,60894,2803,5643,1145,24489,26814,85,2.75930494476027,128,1044,27,0,0.2167130368826467,3.19,53912,29044,24379,0
1476255,4955,56019,875108,875108,11160,50,145104,11539,9440,16771,1331151,75,11467,0,70190,10790,0,1060818,1049351,12533,623766,10775,126105,127027,257516,102343,1875,1.6296638908987804,5960,9174,143,0,0.5107227953288612,5.2,266812,26597,213167,2793
358413,5452,29460,280008,280008,1039,0,57109,0,229,4399,301304,19,2666,493,4296,966,0,243220,240554,1632,236294,19871,5110,35557,86004,89752,2202,3.951198000881964,412,1407,49,0,2.4854219898331342,15.73,80420,12658,67912,0
127502,201,13452,107620,107620,554,12,19640,14004,0,1590,107862,4031,823,2707,2546,3386,0,66908,66085,0,56946,24759,588,145,10330,21124,551,3.3481863317403056,74,547,18,0,1.750588758583167,11.29,32814,4176,28638,0
375567,19194,6570,325003,325003,1545,480,25653,4117,0,4574,349914,363,2940,656,18676,1792,0,232638,229698,0,211356,10004,32711,8696,62513,97432,-128,3.647573803459716,537,3194,76,0,-0.13634227236232957,-2,96603,34137,26696,0
2366359,10681,11301,1806026,1806026,13894,798,248057,0,2859,27390,2118302,0,10275,6,103476,562,0,1866274,1855999,40710,1721251,0,324569,142281,309721,944680,3091,2.394372444136928,556,13083,216,4773,0.5262690803933057,5.02,413474,54820,91300,0
12140942,121398,1193046,10466336,10466336,61987,6000,1038738,1189,29623,151993,11102204,10,107331,42886,1355180,176971,0,9150289,9042958,221363,7367118,264,637372,617854,3071657,3039971,-18556,3.147337366173318,17222,75360,1335,0,-0.6042733139987692,-7.18,1170439,308334,814087,58002
7248984,60918,103872,5353352,5353352,59713,700,482915,0,75801,91783,6766069,0,41905,106,223060,17351,0,5711194,5669289,108569,5362092,0,248372,489674,1712915,2911131,11371,1.921128164093818,17150,34206,643,683,0.629467069021471,9.36,973512,0,948680,61469
6867575,66367,545358,5460882,5460882,33716,30512,895689,0,49920,130502,5971886,0,108702,2054,487491,383027,0,5324482,5215780,27536,3835318,9364,237998,308496,1482941,1796519,30628,6.273806682084443,23356,50902,1011,1486,1.8211505095154341,13.83,658723,0,649719,7906
2970559,18233,931541,2525574,2525574,31090,1482,367260,66359,5358,45507,2603299,0,24796,0,176892,63229,0,1689523,1664727,370192,654324,7019,151899,16531,123248,355627,12705,2.080721216623688,45184,24995,236,0,1.719243654580201,14.24,156503,0,156503,0
648824,46228,126600,617143,617143,6642,0,17472,286,0,10032,631352,0,8362,471,100125,13819,0,410878,402516,0,296913,811,26322,16205,169866,83709,-213,2.1916444363990766,3147,6556,85,0,-0.12152626721800414,-4.87,45965,10831,20836,0
92570,0,5022,0,0,301,0,48412,0,0,11,44158,0,0,0,0,0,0,0,0,0,0,0,0,0,0,0,1341,0,79817,78443,18,0,5.918504705895334,11.24,0,0,0,0
210491,1611,45511,166444,166444,1049,0,38662,2550,0,2584,171829,0,2252,0,7507,68,0,157691,155439,1383,147982,0,4290,14378,98425,30889,-182,3.2081426212719713,166,2021,36,0,-0.3535799974744286,-1.88,0,0,0,0
305916,3251,5115,259636,259636,1533,0,28800,30100,886,5242,277116,1855,2500,1018,43143,33752,0,221412,218912,0,142589,10116,21123,371,70676,40303,1387,5.3689137865209,535,2857,54,0,1.8525042030275156,19.55,33210,12225,20985,0
679929,9918,9707,599910,599910,2632,-244,75406,75725,7094,7513,604523,0,2993,1153,27321,7809,0,164352,161359,0,128879,95,29349,4766,40016,54653,3841,3.182997926258266,1929,2148,39,0,2.3222947246545047,20.64,396504,0,393708,0
358544,10470,62540,309314,309314,1796,30,48680,34755,0,4833,309864,1943,3721,7865,12732,21267,0,166281,162560,1120,128576,4550,21906,0,14411,87709,1247,3.6601661657590068,421,1775,70,0,1.396813484234742,10.37,84562,14574,69988,0
2194394,32184,81270,1885847,1885847,9509,325,190896,0,17463,24904,2003498,22000,16598,3183,191580,10574,0,1203100,1186502,24362,933056,16356,231894,14612,483697,186497,5173,3.0180312418674156,2896,12793,265,0,0.9460769947195808,10.81,818424,387707,405852,0
155987,825,36414,121167,121167,1115,-26,30734,0,292,2846,125253,0,2809,0,2911,0,0,112706,109897,0,109795,0,2971,19208,86247,1369,1548,4.734650337456664,1902,1460,32,0,4.0334952072931225,20.66,5830,0,5830,0
326809,3819,33225,282825,282825,881,80,32406,14099,2013,5112,294403,4644,2104,9295,20469,15947,0,169630,167526,765,127759,7320,27006,281,27332,65820,1919,5.50690070886216,237,1920,55,12,2.325426398860917,24.43,95855,32405,51852,0
40081,0,27908,1010,1010,0,2,12922,0,1105,135,27159,0,2,0,150,0,0,150,148,0,0,0,0,0,0,0,176,5.314437555358724,610,512,8,0,1.765583658319435,5.49,0,0,0,0
315524,6673,109367,260670,260670,575,150,45736,0,0,4468,269788,0,6129,0,29282,102,0,194265,188136,0,155579,0,6069,23158,118043,8309,1303,5.277874750460102,200,2102,34,0,1.644208125454468,11.47,381,0,381,0
598265,14117,36693,540160,540160,2842,45,55943,0,0,7422,542322,157,5025,1496,48048,5042,0,455322,450297,7967,393626,9794,62377,7915,150852,162688,1109,3.1241979534115916,387,3813,81,0,0.7221421379542182,8.02,89060,15298,73762,0
606980,10569,47656,505064,505064,1727,25,55473,0,7,5736,551507,0,1662,0,0,2037,0,440461,438799,0,438425,0,0,425903,1903,10619,430,2.483383199221968,3397,7249,132,0,0.25244260233098453,3.08,90408,7885,80461,0
128489,3192,10132,114189,114189,95,30,13249,0,2123,1595,115240,297,549,324,15720,1153,0,78874,78325,453,61165,324,8260,1570,39790,11221,417,4.781409878392809,196,1218,22,0,1.2367189874919369,12.75,32804,588,32216,0
91608,1861,6754,80285,80285,122,5,9888,5869,0,1129,81720,0,602,3667,2276,6144,0,52737,52135,585,43732,0,2099,0,11989,29644,73,4.989223870983724,182,1093,45,271,0.3187877332227038,2.95,22077,2166,19911,0
1874941,12794,64774,1386927,1386927,8431,0,279399,0,1691,21325,1595542,0,14371,5594,46014,8988,0,1441553,1427182,1657,1384368,0,220227,119146,490194,554801,2439,2.86571861328023,2216,12407,223,0,0.5227809740091154,3.5,329724,50454,143595,0
1172211,833,34096,993281,993281,8732,350,165451,0,91,17037,1006760,0,13953,0,377547,0,0,1025393,1011440,0,638861,0,884,60710,577267,0,3977,2.9572932843537196,531,4878,92,0,1.3737982611624349,9.59,101339,2466,95728,0
365115,5917,33935,311643,311643,732,100,44394,0,0,4591,320721,0,2772,146,24093,6898,0,230802,228030,0,199935,0,1830,18200,118343,61562,2075,4.4100778106175,3080,4228,75,0,2.2289149346699664,19.2,81855,0,81855,0
30785,2796,3857,12572,12572,4,-6,15120,0,1213,487,15665,0,230,56,97,208,0,22118,21888,0,21813,0,0,0,588,21225,40,8.004474550991239,580,1029,29,0,0.539692712461842,1.06,0,0,0,0
35994085,270295,3082177,29123530,29123530,233889,10000,3777369,0,379415,478087,32216716,659,291503,75136,3889595,438652,0,25553770,25262267,214270,19324394,175,3338220,6151563,4865024,4969412,41828,2.8831303732244016,31221,209511,2196,12488,0.44998419923752914,4.45,4578666,1281615,1882008,0
87900,412,16739,80075,80075,195,27,7436,0,0,886,80464,257,207,173,5506,1937,0,17070,16863,0,9361,3128,221,268,3070,2674,285,3.2632243820947684,41,360,10,0,1.292385130768969,15.34,52103,16596,35507,0
98488,640,14122,87437,87437,90,0,9130,7720,0,1120,89358,2327,670,1023,8492,3759,0,35787,35117,1065,20140,3322,0,532,7330,8956,266,4.43621328279783,130,894,15,0,1.0751710269702206,11.68,36503,3924,32579,0
6340942,79417,181538,5547231,5547231,38240,0,604022,0,1056,89309,5736920,0,71799,0,314289,31174,6,5041600,4969801,0,4574972,1039,577403,536282,3112287,347961,12704,3.4022462126618733,6540,40701,669,4888,0.7949656970017718,8.51,809310,36834,613335,0
7476932,61776,256038,6382715,6382715,47294,227,790825,0,17963,99218,6686107,0,68270,0,1283544,6201,415,6181840,6113570,0,4847315,873,105534,417229,3327446,996233,17300,2.894496900759141,7916,34889,610,117,0.9219370456887086,8.75,837865,66441,767352,6459
181232,4665,30429,151018,151018,495,0,25673,0,0,3089,155559,0,3674,0,13519,51,0,137587,133913,0,109743,0,10316,3823,84902,10702,1018,6.00252805007506,143,1429,25,0,2.229101489260953,16.17,9089,0,9089,0
175659,447,99412,150830,150830,1479,0,22952,0,3094,2306,152707,0,2100,1271,373,1271,0,73793,71693,0,72149,0,0,3599,39404,29146,218,1.9459281394856351,281,799,23,0,0.49617343309909245,3.82,0,0,0,0
86614,2645,16318,69024,69024,274,8,11430,0,0,1302,75184,0,518,184,3825,308,0,61670,61152,0,57535,0,9489,1239,40812,5995,178,4.837789346745493,35,828,20,0,0.7923083771031781,6.27,5687,0,5687,0
70350,1742,9890,57226,57226,113,0,11221,0,0,1177,59129,0,638,242,3818,640,0,53985,53347,0,49615,362,9136,981,16390,22746,397,6.8477281503411,59,625,16,0,2.2701767678572704,14.28,2643,635,2008,0
293366,4821,5731,257096,257096,1055,0,21755,0,0,3313,271611,4438,3956,1641,7466,6158,0,164899,160943,898,145836,30206,24304,0,34055,57271,522,3.2784683541776696,326,2062,48,0,0.7044344282205609,9.55,108404,57388,50540,0
578206,28133,50667,340388,340388,3670,164,229719,0,0,13147,348487,0,13568,0,1337,0,0,483372,469804,0,485000,4450,140351,5637,296219,38343,8341,7.104317726498385,34,703,23,8971,5.770770814055055,14.79,11537,1771,0,0
2868155,56396,233705,2537501,2537501,10336,0,297691,0,1046,34077,2570464,1206,22753,5407,98568,22116,0,1485141,1462388,33667,1279774,15007,214358,58821,774462,217126,9630,3.522230454178346,8410,22505,696,11827,1.3257347941884494,12.92,1000015,467000,151249,0
664943,19781,18158,556848,556848,3289,125,60208,0,0,9572,604735,4512,8074,1394,60791,10176,5357,476359,468285,118,395202,23062,117233,10313,133614,110980,1236,3.990359119618683,1039,5961,164,0,0.7377006985327306,8.23,150476,100219,39765,0
64474,535,8384,52104,52104,270,0,6673,0,0,747,57801,284,594,1086,5230,2167,0,45881,45287,254,37446,890,5035,397,6226,24898,10,3.1340856452964077,110,577,14,0,0.059306264965565306,0.6,7524,3116,4028,0
2854259,49046,75281,2107675,2107675,21705,0,458908,0,0,43867,2395351,0,23492,0,944243,561,4572,2700240,2676748,0,1742637,0,45789,146099,782999,767750,5483,3.1588789842326865,604,14997,286,0,0.7541269902125444,4.81,8450,0,8450,0
115150,4877,12819,102384,102384,391,7,12354,725,0,1546,102796,30,817,2014,3935,4105,0,81231,80414,0,73089,7680,6931,5021,11346,42111,340,4.398931688018624,208,1016,30,0,1.1791174825841748,11.16,12684,910,11774,0
653170,7879,13374,545101,545101,3734,15,48862,22926,0,8715,604308,22322,7554,13160,27629,26543,0,453547,445993,0,374628,24856,57211,8002,184121,100438,2394,3.2688499469246657,792,3364,108,0,1.4970172213259296,19.9,150971,62617,46641,0
251390,3180,50273,223296,223296,940,35,19481,0,0,3318,231909,11873,1415,638,31130,2832,0,140460,139045,2882,91710,31076,5771,0,22916,31947,962,4.0229228784706805,397,1778,51,0,1.5162709506837602,19.69,51383,39844,7241,0
2240280,4642,389786,1952585,1952585,12377,216,225127,0,0,28063,2015153,0,8881,0,188819,4849,0,1251247,1242366,0,1057132,402,52388,94322,384769,525251,6238,2.8512392375307134,3582,10505,135,191,1.1028154898903793,11.02,552878,0,544440,0
