BKPREM,CHBAL,DEP,DEPDOM,EINTEXP,ELNATR,EQ,FREPO,INTAN,INTINC,LIAB,LNAG,LNATRES,LNAUTO,LNCI,LNCON,LNDEP,LNLSGR,LNLSNET,LNMUNI,LNRE,LNREAG,LNRECONS,LNREMULT,LNRENRES,LNRERES,NETINC,NONII,NONIX,NUMEMP,ORE,SC,SCMUNI,SCUS,TRADE,ROA,ROE,NIMY
0.0073006920,0.3845780374,0.7749702548,0.5719624656,0.0063326610,0.0000809190,0.0783026191,0.0224445330,0.0256183560,0.0086343570,0.9216973809,0.0000000000,0.0004045950,0.0000000000,0.0107592300,0.0000000000,0.0001498500,0.1163135701,0.1159089751,0.0008871120,0.0091768140,0.0000000000,0.0000000000,0.0035694270,0.0056073870,0.0000000000,0.0016003980,0.0069920010,0.0071448480,0.0001316882,0.0000000000,0.3034852113,0.0010189800,0.1776082142,0.0153626220,0.6814429618522743,8.29,1.2161712774549083
0.0270898588,0.0233019389,0.8315865911,0.8315865911,0.0050288836,-0.0040534536,0.0484355187,0.0215407459,0.0008453727,0.0135855723,0.9515644813,0.0676948421,0.0046929021,0.0066708574,0.0406916883,0.0238167492,0.0000000000,0.6681749705,0.6634820683,0.0000000000,0.5354189472,0.3618520164,0.0104641963,0.0024819274,0.0469832118,0.1136375952,0.0064757714,0.0020429839,0.0081448405,0.0002167622,0.0013601829,0.2169464706,0.0214215267,0.1860253395,0.0000000000,2.618224044389305,55.45,3.8440470828819397
0.0055641876,0.0345189602,0.9403477092,0.9403477092,0.0026456137,0.0000000000,0.0570486709,0.0425187923,0.0000000000,0.0101205224,0.9429513291,0.0553689161,0.0028135892,0.0051232520,0.1483223449,0.0184353084,0.0000000000,0.3335363037,0.3307227145,0.0030445555,0.1083651787,0.0039684206,0.0000000000,0.0000000000,0.1009952547,0.0034015034,0.0013228069,0.0008188804,0.0069709822,0.0001889724,0.0011338345,0.5542770755,0.1377818838,0.4112879520,0.0000000000,0.5178206326864001,9.11,3.1145084916286647
0.0051228350,0.0700142947,0.8941524550,0.8941524550,0.0077091852,0.0010305508,0.1033110601,0.0000000000,0.0000000000,0.0154815332,0.8966889399,0.0314085303,0.0133074033,0.0803098301,0.0887536983,0.1798743393,0.0000000000,0.8109670556,0.7976596523,0.0034107909,0.5062497922,0.1301153552,0.0448189887,0.0020577773,0.0701638908,0.2590937801,0.0016422326,0.0003457332,0.0049233736,0.0001495961,0.0001529204,0.0944483229,0.0326418670,0.0618064559,0.0000000000,0.6691579480285069,6.4,3.334420799483721
0.0075205359,0.0834002073,0.9007701653,0.9007701653,0.0034300777,0.0001671849,0.0808645691,0.0045279255,0.0000000000,0.0113379253,0.9191354309,0.0000250777,0.0061858428,0.0011675082,0.0136590096,0.0061050367,0.0000000000,0.4926717268,0.4864858840,0.0111456627,0.4633001193,0.0041907692,0.0633491602,0.0195021232,0.2356248816,0.1406331851,0.0027557651,0.0016941407,0.0055756177,0.0001337480,0.0000000000,0.3833662130,0.1447236433,0.2386481426,0.0000000000,1.1131918581665257,13.52,3.383904098870094
0.0055239073,0.0166057901,0.9068674092,0.9068674092,0.0047768414,0.0001095048,0.0819387698,0.0656420265,0.0000000000,0.0138633040,0.9180612302,0.0040322090,0.0097191568,0.0017472095,0.0342068569,0.0037207288,0.0000000000,0.7043955215,0.6946763647,0.0019078165,0.6613942147,0.1165203764,0.1451765582,0.0018810486,0.1673476241,0.2304686074,0.0028763253,0.0005767251,0.0058791895,0.0001508732,0.0023701699,0.2006906101,0.0686765253,0.1320189516,0.0000000000,1.1564935350837282,14.13,3.821669088899351
0.0074361839,0.1785017590,0.9137002518,0.9137002518,0.0007419511,0.0000000000,0.0837987895,0.0000000000,0.0000000000,0.0120712940,0.9162012105,0.0446754589,0.0158060590,0.0048768695,0.0397402338,0.0196491989,0.0000000000,0.3872401087,0.3714340497,0.0161311836,0.2660769962,0.0934691632,0.0106540841,0.0051686480,0.0788635644,0.0779215366,0.0047768311,0.0012921620,0.0078446738,0.0002417593,0.0000000000,0.4325658169,0.1467979392,0.2857678777,0.0000000000,1.8698298226435415,21.84,4.578243238121708
0.0206406288,0.1212059930,0.9295273098,0.9295273098,0.0037456477,0.0000000000,0.0623834980,0.0296310625,0.0000000000,0.0113732283,0.9376165020,0.0447499385,0.0128855555,0.0089772448,0.1497247916,0.0377510287,0.0000000000,0.5183633454,0.5054777899,0.0000000000,0.2861375866,0.0564704744,0.0032532621,0.0000000000,0.0022157352,0.2241981149,0.0012881159,0.0007517673,0.0066252242,0.0002110224,0.0001099075,0.2985175676,0.0693076707,0.2292098970,0.0000000000,0.5003853223151787,8.16,3.1257811637904824
0.0143440368,0.0311094616,0.8460242907,0.8460242907,0.0028539616,0.0000000000,0.0989492814,0.0309712428,0.0023753152,0.0112622701,0.9010507186,0.0000000000,0.0099671091,0.0013745089,0.0142979638,0.0058998938,0.0000000000,0.5496653314,0.5396982224,0.0000000000,0.5293932452,0.0000000000,0.1896719864,0.0202797650,0.1531873504,0.1662541434,0.0025237723,0.0012490881,0.0064502092,0.0001740533,0.0000000000,0.3644368225,0.2170444220,0.1475869306,0.0000000000,1.0318921118074986,10.32,3.598930181028379
0.0185459180,0.2493371637,0.8885435960,0.8885435960,0.0015389683,0.0004049917,0.0597011702,0.0000000000,0.0000000000,0.0114990631,0.9402988298,0.0000000000,0.0040094174,0.0086263223,0.0349534800,0.0129543331,0.0000000000,0.3223760591,0.3183666416,0.0008045834,0.2743575482,0.0013364725,0.0287787072,0.0360118582,0.1230607649,0.0851697455,0.0031103359,0.0016631657,0.0072493507,0.0001970959,0.0000000000,0.3689015006,0.1064831064,0.1773566465,0.0000000000,1.2368660155762445,21.61,4.29183675546914
0.0246440861,0.0987281560,0.9107909948,0.9107909948,0.0045543486,0.0009952095,0.0825742752,0.0000000000,0.0000000000,0.0156759553,0.9174257248,0.0023615141,0.0076524301,0.0230641207,0.0708791580,0.0677642084,0.0000000000,0.7900501541,0.7823977240,0.0005622653,0.6482749702,0.0479218676,0.0665216022,0.0002642647,0.1157704159,0.4177968198,0.0028731754,0.0010064548,0.0073769201,0.0001967928,0.0000843398,0.0733587477,0.0000000000,0.0733587477,0.0000000000,1.1878886499680363,14.07,4.934544932923369
0.0093958719,0.2856463371,0.8843952313,0.8843952313,0.0011646428,0.0004029664,0.1067273958,0.0000000000,0.0027783717,0.0139086296,0.8932726042,0.0001896038,0.0073796423,0.0091033136,0.0290937076,0.0321623083,0.0000000000,0.3982262957,0.3908466534,0.0011222498,0.3313711432,0.0024094129,0.0855532589,0.0076498394,0.1167512430,0.1190073890,0.0073409762,0.0035144260,0.0065098871,0.0001923990,0.0002180211,0.2974064338,0.0149372421,0.2607993828,0.0000000000,2.8795791187570554,28.3,5.252990763676864
0.0136949378,0.0554693273,0.8470870461,0.8470870461,0.0040610870,0.0002021559,0.0558511773,0.1144000126,0.0000000000,0.0141059881,0.9441488227,0.0018014335,0.0112376208,0.0029379988,0.0445641407,0.0141913428,0.0000000000,0.6302524028,0.6190147821,0.0000000000,0.5685162432,0.0266261756,0.0923021287,0.0321045999,0.2094851539,0.2079981851,0.0069339467,0.0018575879,0.0047663864,0.0001190474,0.0000000000,0.1906240103,0.0417025119,0.1402714729,0.0000000000,2.9147802112200627,47.3,4.566981804070149
0.0109981612,0.1429067064,0.8745272872,0.8745272872,0.0060541928,0.0000520418,0.0542448739,0.0000000000,0.0000000000,0.0132012629,0.9457551261,0.0000000000,0.0034347570,0.0000346945,0.0000000000,0.0049960101,0.0000000000,0.5727197030,0.5692849461,0.0256912882,0.5427089477,0.0125247198,0.0282413350,0.0000000000,0.0092807827,0.4926621101,-0.0031398536,0.0001734726,0.0104083544,0.0002428616,0.0000000000,0.2624986990,0.1139541339,0.1484404816,0.0000000000,-1.255625601581672,-22.43,2.9964998409018593
0.0036350474,0.0694432678,0.8929047263,0.8929047263,0.0030959514,0.0000000000,0.0906913521,0.0000000000,0.0222954708,0.0095342981,0.9093086479,0.0044436914,0.0074780318,0.0083174813,0.0345637558,0.0335394734,0.0000000000,0.2943849300,0.2869068981,0.0000000000,0.2217532943,0.0357266629,0.0202777115,0.0000000000,0.0425500782,0.1231988417,0.0011552057,0.0005930056,0.0058915493,0.0001463261,0.0000000000,0.5547297974,0.3123137231,0.2253806403,0.0000000000,0.4684608718056824,4.99,2.887874639987219
0.0060087866,0.0137354136,0.8729334136,0.8729334136,0.0020614085,0.0003581880,0.0891327708,0.0003825545,0.0063547913,0.0116252720,0.9108672292,0.0859212620,0.0111233215,0.0011744668,0.0774270892,0.0019273926,0.0000000000,0.6100063597,0.5988830382,0.0045151182,0.4402154976,0.0863817894,0.0335283468,0.0119103604,0.2610532677,0.0473417333,0.0050341253,0.0012426931,0.0054142432,0.0001486358,0.0000000000,0.3303809220,0.1823250057,0.1437844634,0.0000000000,1.9926048896460016,22.82,4.099200655872105
0.0055139105,0.0158038604,0.7953648270,0.7953648270,0.0053763982,0.0003018564,0.0687259982,0.0055508041,0.0000000000,0.0111552716,0.9312740018,0.0202176720,0.0086398014,0.0063155070,0.0102966578,0.0110714226,0.0000000000,0.7439486173,0.7353088159,0.0146534521,0.6876658114,0.0817494256,0.0211534269,0.0757089433,0.3586758565,0.1503781590,0.0005332797,0.0007848267,0.0057553957,0.0001274505,0.0000000000,0.1985209036,0.0807096980,0.1042947460,0.0000000000,0.2148303903934335,3.09,2.464998417350842
0.0049056837,0.0362851429,0.8625756601,0.8625756601,0.0053832125,0.0000687219,0.0869402032,0.0003013189,0.0000000000,0.0126113426,0.9130597968,0.0535061365,0.0067435529,0.0025673783,0.0296244086,0.0066924520,0.0000000000,0.5398084598,0.5330649069,0.0021374261,0.4478304156,0.0940256033,0.0239574982,0.0182870636,0.0484489123,0.2631113382,0.0036704522,0.0008017551,0.0034308068,0.0000863429,0.0000000000,0.3677764954,0.2569439917,0.0057814469,0.0000000000,1.4736209122583612,17.36,3.134165710798335
0.0163883457,0.0345859648,0.7831156961,0.7831156961,0.0068250436,0.0001498363,0.0835524689,0.0020452655,0.0000000000,0.0118220844,0.9164475311,0.0605451045,0.0060870998,0.0131893406,0.0537762494,0.0280418643,0.0000000000,0.4871889960,0.4811018962,0.0000000000,0.3446609579,0.1228170723,0.0162310176,0.0000000000,0.0852156519,0.1203972160,0.0007903865,0.0008091160,0.0047947617,0.0000861559,0.0000000000,0.4312288824,0.1987953161,0.0764165150,0.0000000000,0.31640883470450076,3.8,2.1505679699984483
0.0147613841,0.0498748046,0.8094724610,0.8094724610,0.0066381836,0.0003222072,0.1006066803,0.0018766777,0.0039624321,0.0126799258,0.8993933197,0.1935634465,0.0098094180,0.0046848921,0.1692332257,0.0142522968,0.0000000000,0.8952790923,0.8854696742,0.0027358968,0.5006526485,0.1624368026,0.0469069186,0.0387600896,0.1760525613,0.0764962764,0.0027903140,0.0015952835,0.0044020658,0.0000766137,0.0000000000,0.0284136596,0.0064742159,0.0217962405,0.0000000000,1.1300544982338367,11.2,2.575109588262469
0.0047490006,0.0221250730,0.8555207881,0.8555207881,0.0035033611,0.0000000000,0.0743580914,0.0302846107,0.0118245924,0.0105040947,0.9256419086,0.0534157771,0.0072911832,0.0050304673,0.1131585645,0.0084559759,0.0000000000,0.4853233123,0.4780321291,0.0024044436,0.3072836974,0.1063584507,0.0000000000,0.0007485814,0.1448025991,0.0553740661,0.0033087300,0.0007186382,0.0042818858,0.0001077957,0.0000000000,0.4356115162,0.3680924648,0.0669980387,0.0000000000,1.3205205001844844,17.44,2.957724652027743
0.0155959921,0.0607049252,0.8530393415,0.8530393415,0.0056104619,0.0000716665,0.0630494430,0.0003617451,0.0000000000,0.0112550508,0.9369505570,0.0498662226,0.0069414109,0.0176606694,0.0911188162,0.0243973190,0.0000000000,0.7312063176,0.7242649066,0.0079788686,0.5578450912,0.0575857268,0.0402083106,0.0161283717,0.1069673474,0.3369553347,0.0021261057,0.0003924593,0.0037641968,0.0000887299,0.0000000000,0.1883634105,0.0026550726,0.1852100852,0.0000000000,0.8560411531822437,13.75,2.357183066475698
0.0046918888,0.0255857015,0.7368854646,0.7368854646,0.0037660646,0.0000000000,0.1943603182,0.0000000000,0.0000000000,0.0133930673,0.8056396818,0.0200542941,0.0028402404,0.0063395421,0.1938895602,0.0119729471,0.0000000000,0.5708804745,0.5680402341,0.0000000000,0.3371177052,0.0154094811,0.0667378034,0.0007061371,0.1633138230,0.0909504606,0.0047154267,0.0006433694,0.0053195663,0.0001255355,0.0255935475,0.3626798688,0.2560296264,0.0000000000,0.0000000000,1.9166756361345978,9.8,4.184589150591496
0.0021987988,0.0080594103,0.7308995397,0.7308995397,0.0037901473,0.0000000000,0.2615714995,0.0286613850,0.0212265362,0.0090775312,0.7384285005,0.1098714943,0.0023784672,0.0019934635,0.0341626598,0.0036703684,0.0000000000,0.2985746308,0.2961961637,0.0080936329,0.1427679198,0.0880546192,0.0000000000,0.0000000000,0.0251963519,0.0295169487,0.0033623655,0.0002224466,0.0019763522,0.0000684451,0.0000000000,0.6271196591,0.6185725775,0.0085470817,0.0000000000,1.37898365746467,5.18,2.2863485016648166
0.0067084665,0.0177514793,0.7690090017,0.7690090017,0.0070083566,0.0006930234,0.0966200619,0.0167207645,0.0000000000,0.0146794956,0.9033799381,0.2738551253,0.0093091943,0.0172802234,0.1401318509,0.0309164037,0.0000000000,0.9059302642,0.8966210699,0.0018774634,0.4588117295,0.2852232291,0.0000000000,0.0007484653,0.0526395371,0.1202004980,0.0039766943,0.0001864863,0.0030316623,0.0000756026,0.0000000000,0.0389579952,0.0013205246,0.0376374706,0.0000000000,1.619792675775862,16.72,3.274870159036689
0.0138657069,0.0124958671,0.8946791856,0.8946791856,0.0039681038,0.0001946955,0.0759745731,0.0000000000,0.0035284206,0.0106614469,0.9240254269,0.0126761223,0.0066674501,0.0252606231,0.0761100134,0.0488377026,0.0000000000,0.6801277123,0.6734602622,0.0008808603,0.5205570582,0.0340015058,0.0239938574,0.0381234738,0.2048943764,0.2195438448,0.0018672844,0.0018578235,0.0061525775,0.0001807531,0.0002639095,0.2577275697,0.0450483602,0.1415645553,0.0000000000,0.7466302709297264,9.69,2.8715725902820597
0.0208388741,0.1047605975,0.8300031743,0.8300031743,0.0033373084,0.0003260096,0.1047520183,0.0032515164,0.0000000000,0.0145846381,0.8952479817,0.0003860639,0.0128602191,0.0000772128,0.1458635393,0.0021190621,0.0000000000,0.7779531747,0.7650929556,0.0000000000,0.6295845094,0.0000000000,0.0199037414,0.0626281518,0.4512058064,0.0958468098,-0.0005233311,0.0043753914,0.0159315723,0.0003946431,0.0000000000,0.0779763386,0.0171069226,0.0608694160,0.0000000000,-0.20768166826258114,-1.99,4.932743862289531
0.0106692801,0.0562433596,0.8238184023,0.8238184023,0.0043270753,0.0000000000,0.0851964629,0.0000000000,0.0244753712,0.0106464192,0.9148035371,0.0038792272,0.0060101600,0.0072588881,0.0819674589,0.0128957788,0.0015016968,0.5339043554,0.5278941954,0.0014514778,0.4190142468,0.0110571653,0.0437939299,0.0222305088,0.2289118788,0.1130207640,0.0022324950,0.0014893294,0.0050724896,0.0001375400,0.0000457217,0.3402881594,0.1598900430,0.0651249946,0.0000000000,0.9089891234499776,10.73,2.840070648062705
0.0030584180,0.0169037485,0.8691756272,0.8691756272,0.0048692005,0.0000000000,0.0629449174,0.0220654122,0.0005444793,0.0080738501,0.9370550826,0.0192185633,0.0021436928,0.0029246316,0.0146822730,0.0081049632,0.0000000000,0.4386325169,0.4364888242,0.0237984120,0.3727411888,0.1301087714,0.0167824074,0.0086649990,0.0356089456,0.1815760653,0.0000684488,0.0002644614,0.0035904520,0.0001244524,0.0000000000,0.5086681103,0.0939429012,0.4135024642,0.0000000000,0.02724622693939727,0.44,1.3130051245442727
0.0113251534,0.1175092025,0.9097668712,0.9097668712,0.0054895706,0.0000000000,0.0847852761,0.0613496933,0.0000000000,0.0147460123,0.9152147239,0.1021276074,0.0146306748,0.0145447853,0.1314723926,0.0217153374,0.0000000000,0.7631165644,0.7484858896,0.0024539877,0.5053128834,0.0928122699,0.0762380368,0.0129251534,0.1448417178,0.1784957055,0.0058797546,0.0012147239,0.0045914110,0.0001177914,0.0001619632,0.0321570552,0.0037202454,0.0266503067,0.0000000000,2.401309896508655,27.09,3.9943981002252937
0.0086827860,0.1579328367,0.8705974536,0.8705974536,0.0051428503,0.0000000000,0.0510625773,0.0000000000,0.0000000000,0.0136904028,0.9489374227,0.0003858132,0.0081776491,0.0175763771,0.1505506788,0.0492727222,0.0000000000,0.5626469173,0.5544692682,0.0002306924,0.3416554966,0.0416678268,0.0658945099,0.0092794043,0.0789167001,0.1458970555,0.0031660548,0.0018057649,0.0071872626,0.0001829630,0.0000000000,0.2534156402,0.1380177156,0.1078884880,0.0000000000,1.2810840932729002,24.3,3.6539618238353424
0.0105505997,0.0213684746,0.8160529352,0.8160529352,0.0056022059,0.0025711535,0.1055134752,0.0001089472,0.0253350545,0.0136047309,0.8944865248,0.0052459679,0.0207378702,0.0018996778,0.1538914386,0.0967961535,0.0000000000,0.7656216075,0.7448837372,0.0044347305,0.4194030674,0.0087574194,0.0611300698,0.0369116917,0.2554627019,0.0571411847,0.0031915722,0.0049013338,0.0062319077,0.0001134598,0.0011500696,0.1347206027,0.0078171214,0.0898249522,0.0000000000,1.274489165278202,12.11,3.5772163970832382
0.0069184719,0.0310517298,0.8516313350,0.8516313350,0.0042121285,0.0001220907,0.0859457348,0.0545358723,0.0014711927,0.0113666424,0.9140542652,0.0261681026,0.0113483288,0.0227902604,0.0677786415,0.0415576329,0.0000000000,0.6397531326,0.6284048039,0.0000000000,0.4820302866,0.1072444540,0.0066010361,0.0257224716,0.2011993375,0.1412629874,0.0020633325,0.0011842796,0.0054228611,0.0001607527,0.0000000000,0.2614917853,0.0493714365,0.2121203489,0.0000000000,0.8421236215052961,9.62,3.0338427488375554
0.0213959352,0.0177864502,0.8567166936,0.8567166936,0.0028466350,0.0000000000,0.0972633760,0.0406478604,0.0000000000,0.0111697301,0.9027366240,0.0122859001,0.0044566500,0.0307107353,0.0937181309,0.0431572354,0.0000000000,0.4221692242,0.4177125742,0.0012125300,0.2709522777,0.0370825404,0.0080862101,0.0030674600,0.0615820706,0.1611339966,0.0041394650,0.0013932050,0.0055206251,0.0001405250,0.0001606000,0.4623834646,0.1184786362,0.2241976022,0.0000000000,1.6711274639911338,17.05,3.674505789606626
0.0079154637,0.0353176867,0.8323727598,0.8323727598,0.0051119250,0.0004129328,0.1071250551,0.0000000000,0.0065478301,0.0130211488,0.8928749449,0.0000000000,0.0109707996,0.0010963826,0.2008376847,0.0244588378,0.0000000000,0.7941645433,0.7831937437,0.0002870342,0.5683207471,0.0000000000,0.0851834560,0.0586614222,0.2879775247,0.1364983442,0.0029573332,0.0010798652,0.0053075634,0.0001049767,0.0000000000,0.1071503817,0.0113429897,0.0699471519,0.0019589534,1.1767571118258833,11.15,3.4253188335905542
0.0130495559,0.0480710064,0.9097820822,0.9097820822,0.0071314935,-0.0001361663,0.0842533175,0.0003050814,0.0000000000,0.0138725863,0.9157466825,0.0531134679,0.0105933920,0.0147740415,0.1219403523,0.0256535551,0.0000000000,0.7885682374,0.7779748454,0.0000000000,0.5874928685,0.1218395203,0.0475056578,0.0274754254,0.2346231210,0.1560491440,0.0029818692,0.0018821972,0.0056181518,0.0001559880,0.0003766118,0.1317107139,0.0804777196,0.0499282111,0.0000000000,1.163883941260863,14.05,2.7934816380902046
0.0002224203,0.1136545211,0.8543675454,0.8543675454,0.0050278881,0.0000223164,0.1384592153,0.0000000000,0.0001011677,0.0133124848,0.8615407847,0.0000000000,0.0092925548,0.0000000000,0.2825570445,0.0000000000,0.0000000000,0.7157647612,0.7064722064,0.0000000000,0.3797561857,0.0000000000,0.0135006866,0.0000000000,0.3661476365,0.0001078627,0.0045317198,0.0018061418,0.0042862393,0.0000468645,0.0000000000,0.1475390202,0.0000000000,0.1011506343,0.0000000000,1.7048493547171777,13.15,3.2255927337999006
0.0343579390,0.0226863566,0.7516408938,0.7516408938,0.0030204163,0.0000000000,0.1530723525,0.0000000000,0.0085745573,0.0120343478,0.8469276475,0.0000000000,0.0161498199,0.0018397388,0.0420616341,0.0042360183,0.0000000000,0.5302649990,0.5141151791,0.0017394714,0.4810562106,0.0005283757,0.0590823162,0.0187973313,0.2022450897,0.2004030977,0.0043971222,0.0009012805,0.0055180898,0.0001577241,0.0000000000,0.4005313049,0.0000000000,0.4005313049,0.0000000000,1.7772010108599139,11.55,3.9175627481450515
0.0088222508,0.1041280959,0.7849431965,0.7849431965,0.0034778273,-0.0000273605,0.1354315820,0.0000000000,0.0000000000,0.0116799061,0.8645684180,0.0037301522,0.0121784758,0.0017115531,0.0046816906,0.0054508255,0.0000000000,0.8897857063,0.8776072305,0.0000000000,0.8759169578,0.0994190448,0.0525747778,0.0050647381,0.0366904703,0.6821679268,0.0033683852,0.0001732834,0.0040463183,0.0001246424,0.0000000000,0.0000000000,0.0000000000,0.0000000000,0.0000000000,1.3515574015455085,10.07,3.3828494048981104
0.0385943543,0.0313467529,0.8295362874,0.8295362874,0.0042631074,0.0001913137,0.1296469305,0.0000000000,0.0002423307,0.0125788771,0.8703530695,0.0000510170,0.0101332500,0.0191441262,0.0498372239,0.0404915487,0.0000000000,0.7761693254,0.7660360754,0.0055831720,0.6801967980,0.0010299055,0.0254734217,0.0000000000,0.5069462823,0.1467471885,0.0018844401,0.0012594820,0.0073177498,0.0001849366,0.0005356784,0.1214523262,0.0608409513,0.0481887374,0.0000000000,0.7622892539464753,5.85,3.704782265911884
0.0325935484,0.0352580645,0.8806645161,0.8806645161,0.0047290323,0.0001935484,0.0805096774,0.0000000000,0.0000000000,0.0141935484,0.9194903226,0.0008000000,0.0100129032,0.0684000000,0.1298129032,0.1324709677,0.0000000000,0.7614903226,0.7514774194,0.0000000000,0.4972000000,0.0000709677,0.0558193548,0.0208709677,0.1188258065,0.3016129032,0.0023032258,0.0011483871,0.0077096774,0.0001935484,0.0010645161,0.1635870968,0.0950258065,0.0625935484,0.0000000000,0.9172779711969578,11.58,4.028905405173449
0.0091936997,0.1696643390,0.9338612430,0.9338612430,0.0029758671,0.0000000000,0.0592800708,0.0000000000,0.0013194046,0.0115220607,0.9407199292,0.0000000000,0.0069119059,0.0259401589,0.0627659598,0.0566146518,0.0000000000,0.4937477964,0.4868358905,0.0059650391,0.3690806966,0.0024991075,0.0158128973,0.0012839248,0.1753588448,0.1741259222,0.0038451219,0.0022108342,0.0053485778,0.0001463541,0.0000000000,0.2925995818,0.0860473522,0.1870782618,0.0000000000,1.5739633422666797,27.23,3.8913521161246516
0.0043222888,0.0506595931,0.9419984369,0.9419984369,0.0037775620,0.0000000000,0.0554318736,0.0355256614,0.0000000000,0.0085143168,0.9445681264,0.0517727305,0.0029486299,0.0004381498,0.0443478673,0.0055656869,0.0000000000,0.3605144116,0.3575657817,0.0000000000,0.2588281269,0.1338488502,0.0005447268,0.0088814153,0.0391137532,0.0764393814,0.0000236838,0.0004026242,0.0054591100,0.0001065770,0.0000000000,0.4978803022,0.1895057196,0.3083745826,0.0000000000,0.009416362106204794,0.17,2.0359212861932723
0.0094591833,0.0186524233,0.8799867868,0.8799867868,0.0052208869,0.0001063773,0.0519345276,0.0147360583,0.0016320520,0.0117406969,0.9480654724,0.0402918098,0.0071440769,0.0237613341,0.0708416966,0.0337496046,0.0000000000,0.6699503666,0.6628062897,0.0024522772,0.5223546340,0.1218524211,0.0372544573,0.0106041392,0.1124548246,0.2401887917,0.0014612885,0.0010133839,0.0056659920,0.0001259731,0.0000000000,0.2631410983,0.0925230741,0.1706180242,0.0000000000,0.5803022407503908,10.84,2.73113185421455
0.0144371508,0.0211083841,0.7673361172,0.7673361172,0.0039850067,0.0001775658,0.1051422727,0.0000018618,0.0400576535,0.0107927472,0.8948577273,0.0237872301,0.0075692354,0.0159190486,0.0683148799,0.0315090637,0.0000466438,0.6059220527,0.5983528174,0.0091612433,0.4700438472,0.0239275274,0.0535006554,0.0509385686,0.2482691577,0.0934079382,0.0022059247,0.0013354502,0.0051094458,0.0001106752,0.0004789056,0.2867810149,0.0130845458,0.2108659478,0.0014663721,0.8747421067574741,8.37,3.0171382314213315
0.0139343996,0.0482980122,0.8880549827,0.8880549827,0.0056024964,0.0002491646,0.0808057195,0.0001134640,0.0071624832,0.0136687001,0.9191942805,0.1781520884,0.0077731360,0.0064965240,0.1336593949,0.0154111415,0.0000000000,0.7797271277,0.7719539918,0.0136567265,0.4388477764,0.0647691009,0.0449402775,0.0841982346,0.1810833356,0.0638568279,0.0026022587,0.0013609973,0.0057182411,0.0001134640,0.0000000000,0.1271702832,0.0123105537,0.1102727069,0.0000000000,1.05280974656385,12.96,3.4938024335851545
0.0027662023,0.0852876636,0.8890231089,0.8890231089,0.0042029120,0.0000000000,0.0924998034,0.0000000000,0.0002501733,0.0099426031,0.9075001966,0.1319271209,0.0086774408,0.0066903497,0.0304425209,0.0148745917,0.0000000000,0.5153070342,0.5066295934,0.0020657170,0.3331808467,0.2470640372,0.0205713959,0.0000285912,0.0286913075,0.0368255148,0.0010936149,0.0004503120,0.0051106838,0.0001358084,0.0000000000,0.3886049620,0.2476430098,0.1036646820,0.0000000000,0.42938630033186226,4.69,2.3385596598458678
0.0155022227,0.0608915847,0.9098642839,0.9098642839,0.0037116205,0.0000397901,0.0742053519,0.0139408592,0.0111093957,0.0124049613,0.9257946481,0.2180449692,0.0027439252,0.0111428194,0.0535240499,0.0210107640,0.0000000000,0.5313410696,0.5285971443,0.0002371490,0.2381596602,0.1565262925,0.0144278900,0.0010425006,0.0457984043,0.0203645728,0.0030097231,0.0017889629,0.0072704469,0.0001750764,0.0000000000,0.3341715781,0.1660647751,0.1610162073,0.0000000000,1.198709374782096,16.34,3.787266166909785
0.0082574215,0.0111035378,0.8010481813,0.8010481813,0.0043382549,0.0001151342,0.1231060432,0.0100903573,0.0000000000,0.0138022824,0.8768939568,0.1435815012,0.0047020789,0.0042553583,0.0628264053,0.0141799224,0.0000000000,0.6663642476,0.6616621688,0.0112647257,0.4309517450,0.3098582468,0.0000000000,0.0000000000,0.1078254382,0.0132680599,0.0042046993,0.0004697473,0.0053330140,0.0001427664,0.0000000000,0.2695843196,0.1716097597,0.0979745600,0.0000000000,1.6788643301092272,13.7,4.023514554647845
0.0239277052,0.0956750008,0.8227374605,0.8227374605,0.0022873576,0.0002814422,0.1656517690,0.0000000000,0.0203968847,0.0160626746,0.8343482310,0.0336502543,0.0083409237,0.0083972122,0.0939454104,0.0237844255,0.0000000000,0.6791609952,0.6708200714,0.0000000000,0.5271514978,0.0315164106,0.0524761798,0.0381533297,0.2610453275,0.1439602501,0.0053013479,0.0030805129,0.0096611436,0.0001893339,0.0000000000,0.1741615581,0.0000000000,0.1741615581,0.0000000000,2.140114494059685,12.95,6.038040552664633
0.0009937377,0.0645141449,0.8619819397,0.8619819397,0.0039787951,0.0000000000,0.0604257887,0.0000000000,0.0183543550,0.0128551603,0.9395742113,0.1617543603,0.0067447305,0.0050724833,0.0410930731,0.0086514768,0.0000000000,0.4692364173,0.4624916868,0.0000365203,0.2489841579,0.1447993111,0.0039576518,0.0017279888,0.0319668318,0.0665323743,0.0048399064,0.0025333584,0.0062872652,0.0001556920,0.0000000000,0.4323585606,0.2007600075,0.1331954530,0.0000000000,1.9800987493647542,32.47,3.8299853099578165
0.0079562877,0.2539071619,0.8407101981,0.8407101981,0.0032241578,0.0000000000,0.0753670555,0.0000000000,0.0000000000,0.0112750882,0.9246329445,0.0000000000,0.0057353414,0.1324996372,0.0974944950,0.1346764170,0.0000000000,0.4372614218,0.4315260803,0.0000000000,0.2050905099,0.0020758276,0.0115022304,0.0297051568,0.0939990283,0.0678082667,0.0030222536,0.0009338070,0.0058299840,0.0001766662,0.0000000000,0.3006101293,0.0333962181,0.2672139112,0.0000000000,1.201321704672991,16.19,3.258468570844878
0.0550358769,0.0522427181,0.7963860948,0.7963860948,0.0035467383,0.0000000000,0.0627600668,0.0000000000,0.0000000000,0.0098866354,0.9372399332,0.0202073982,0.0068231709,0.0199534747,0.0386619049,0.0268585564,0.0000000000,0.7345843845,0.7277612136,0.0014088660,0.6474476590,0.1017086596,0.0446495855,0.0036040759,0.0443301334,0.4531552046,0.0013187641,0.0009419744,0.0059139609,0.0001310573,0.0000000000,0.1296238655,0.0475246552,0.0477949608,0.0000000000,0.5302790140433363,8.45,2.8965981812057935
0.0108510482,0.1455324267,0.8491420786,0.8491420786,0.0029076047,0.0000012274,0.0299597427,0.0000000000,0.0000000000,0.0103331042,0.9700402573,0.0010849821,0.0044577544,0.0005142619,0.0458687221,0.0047830036,0.0000000000,0.3629841917,0.3585264372,0.0000000000,0.3115960528,0.0005461731,0.0247520742,0.0088713241,0.1369114831,0.1405149983,0.0044012961,0.0015943345,0.0046173106,0.0001337817,0.0000000000,0.4487984192,0.0549278315,0.3862290736,0.0000000000,1.7870613716792383,55.85,3.205060286919116
0.0006932940,0.2006903749,0.8628664424,0.8628664424,0.0015398425,0.0002189350,0.1292446014,0.0000000000,0.0000000000,0.0111364913,0.8707553986,0.2097907712,0.0060280091,0.0079108497,0.0424733812,0.0181278142,0.0000000000,0.3640158509,0.3579878418,0.0000000000,0.0935800974,0.0453852161,0.0071445773,0.0000000000,0.0102023689,0.0308479351,0.0070059185,0.0003721894,0.0027439848,0.0000510848,0.0000000000,0.4106416984,0.0240828450,0.3865588534,0.0000000000,2.794485257998668,22.21,3.979979040794785
0.0046821699,0.1401337206,0.9204732851,0.9204732851,0.0073214947,0.0000000000,0.0335471043,0.0151692949,0.0000000000,0.0103116898,0.9664528957,0.0026627161,0.0030720649,0.0000000000,0.0462836982,0.0041129803,0.0000000000,0.2896668681,0.2865948032,0.0000000000,0.2366035750,0.0057776652,0.0137268279,0.0261944212,0.1767645855,0.0141400752,0.0004951171,0.0002456092,0.0027445859,0.0000701741,0.0000000000,0.5198573127,0.1065320364,0.3713533849,0.0000000000,0.19803292492291139,5.73,1.2491093784988703
0.0101421558,0.1262446026,0.8562471658,0.8562471658,0.0046846349,0.0000000000,0.0923243755,0.0000000000,0.0000000000,0.0126343185,0.9076756245,0.1015161971,0.0113054279,0.0148504505,0.0957432126,0.0289556182,0.0000000000,0.5827323094,0.5714268814,0.0000000000,0.3563950393,0.1142490980,0.0345629843,0.0020584002,0.1191072379,0.0864173190,0.0029614149,0.0006072675,0.0046846349,0.0001182989,0.0000000000,0.2526272206,0.0726591613,0.1780082415,0.0000000000,1.1548138708369133,12.99,3.3096247532351337
0.0211323533,0.0534353855,0.9193928443,0.9193928443,0.0019639317,0.0001569650,0.0726224935,0.0000000000,0.0046211256,0.0114192069,0.9273775065,0.0020424142,0.0071176173,0.0068803011,0.0582527175,0.0202653083,0.0000000000,0.6388626761,0.6317450589,0.0159861422,0.5420152443,0.0356777807,0.0340352536,0.0206539836,0.1037445506,0.3479036758,0.0036400941,0.0036699922,0.0093282083,0.0002429221,0.0000000000,0.2609674653,0.0633914540,0.1896474079,0.0000000000,1.4528978244756974,20.09,4.050219520297123
0.0067315452,0.0585078868,0.9134761947,0.9134761947,0.0027898668,0.0000000000,0.0833545993,0.0000000000,0.0000000000,0.0124595659,0.9166454007,0.0359234149,0.0053590272,0.0138631207,0.0427480705,0.0374097345,0.0000000000,0.5916035010,0.5862444737,0.0005276262,0.4749049928,0.0393754009,0.0792370456,0.0000000000,0.0970349475,0.2592575989,0.0037278690,0.0007103987,0.0056590500,0.0001827725,0.0000000000,0.3378842533,0.0495968660,0.2882873873,0.0000000000,1.4803757771630466,18.72,3.9963585249531897
0.0116370248,0.0757259539,0.9120410248,0.9120410248,0.0037086567,0.0001403996,0.0809151249,0.0000000000,0.0038504603,0.0116349188,0.9190848751,0.0047792040,0.0106479093,0.0083720310,0.0936563929,0.0348380666,0.0000000000,0.6573715080,0.6467235987,0.0016440799,0.5221273355,0.0146261333,0.0879126433,0.0038630963,0.2208879576,0.1948375050,0.0027532371,0.0025278957,0.0068859007,0.0001726916,0.0002225334,0.2323480788,0.0946195345,0.1226896360,0.0006086325,1.1305941456728181,13.76,3.471688947001475
0.0164408471,0.1969491074,0.8784832021,0.8784832021,0.0068726023,0.0006563921,0.1059913516,0.0000000000,0.0033431644,0.0160922497,0.8940086484,0.0197276860,0.0090014414,0.0015403038,0.2024468345,0.0024880807,0.0000000000,0.7126461914,0.7036447500,0.0001521233,0.4845721255,0.0258232620,0.1232123295,0.0292932698,0.2192416011,0.0870016632,0.0025124737,0.0006492959,0.0060317108,0.0001020069,0.0000851536,0.0598141701,0.0296578335,0.0162630003,0.0000000000,1.0065472209901964,9.58,3.8706737300690115
0.0020598655,0.1394183846,0.8824528577,0.8824528577,0.0064222509,0.0004044239,0.1017206887,0.0000000000,0.0000000000,0.0155730147,0.8982793113,0.2146735760,0.0084605471,0.0065894127,0.1427993680,0.0105581588,0.0000000000,0.7989312426,0.7904706954,0.0000000000,0.3662893841,0.0618444963,0.0308871981,0.0066972591,0.1506128370,0.1162475937,0.0034402990,0.0007926708,0.0061041041,0.0001563772,0.0000000000,0.0464224666,0.0000000000,0.0460396120,0.0000000000,1.3737971872686898,13.78,3.814072398825661
0.0268480380,0.1061311052,0.8714706223,0.8714706223,0.0056100629,0.0002266862,0.0596957032,0.0000000000,0.0041458381,0.0127397626,0.9403042968,0.0868040105,0.0081942852,0.0062649340,0.0409563134,0.0138731934,0.0000000000,0.5794887639,0.5712944788,0.0048510840,0.4296861488,0.0764620838,0.0741885055,0.0157975071,0.2155936575,0.0476443949,0.0009101030,0.0010310023,0.0070306295,0.0002115738,0.0000000000,0.2607428254,0.0874891065,0.1732537189,0.0000000000,0.3723751886137011,5.98,3.213355936308046
0.0107212788,0.0879664260,0.7052391490,0.7052391490,0.0041991347,-0.0002050679,0.1112875698,0.0000000000,0.0000000000,0.0089131540,0.8887124302,0.0000000000,0.0079977308,0.0000335491,0.0121302595,0.0155325823,0.0000000000,0.5407481846,0.5327504538,0.0000000000,0.4992854203,0.0003995543,0.0494928958,0.0334425580,0.3645087151,0.0514416972,0.0010665172,0.0005960094,0.0040299127,0.0000629969,0.0002402576,0.3515991155,0.1268283548,0.2247953689,0.0000000000,0.4293402835034408,3.84,1.964089046860248
0.0144099849,0.0816349687,0.8626431813,0.8626431813,0.0029284634,0.0000000000,0.0690215042,0.0000000000,0.0005997407,0.0116868381,0.9309784958,0.0726685758,0.0073400692,0.0746947266,0.0932569700,0.0783417981,0.0000000000,0.5354522369,0.5281121677,0.0000000000,0.2881672790,0.0656824076,0.0580937973,0.0292981413,0.1080829911,0.0270099416,0.0015182624,0.0011427491,0.0078344500,0.0002377350,0.0000000000,0.3441754917,0.0262129890,0.3175221526,0.0000000000,0.609666798652658,8.97,3.7153068752372564
0.0106259931,0.0591539938,0.7310632233,0.7310632233,0.0055848656,0.0001848142,0.0794806282,0.0000000000,0.0000110706,0.0117202396,0.9205193718,0.0185549798,0.0135269357,0.0012712838,0.1181336035,0.0113098057,0.0000000000,0.6024093001,0.5888823645,0.0037313255,0.4364087270,0.0048215463,0.0586212348,0.0319978342,0.1884752609,0.1524928508,0.0010764055,0.0014660707,0.0060579716,0.0001077778,0.0000000000,0.3164108789,0.0003530683,0.3160578106,0.0000000000,0.42082227922211013,5.44,2.5082641447999916
0.0234938256,0.0119777516,0.8849476813,0.8849476813,0.0062002270,0.0003188870,0.0748619219,0.0000000000,0.0130637391,0.0134687257,0.9251380781,0.0085975490,0.0107089355,0.0037529462,0.1176849084,0.0236150027,0.0000000000,0.7218004646,0.7110915291,0.0019158025,0.5697522885,0.0438845260,0.0958067771,0.0180521954,0.2756087554,0.1364000346,0.0024008651,0.0018123414,0.0058250033,0.0001371214,0.0000000000,0.2052321569,0.0989311615,0.1024017155,0.0000000000,0.9641022722422208,12.87,3.181834661779809
0.0250678296,0.0182892519,0.7680458171,0.7680458171,0.0059727679,0.0001879805,0.0641727917,0.0000000000,0.0034851589,0.0137163123,0.9358272083,0.0207392647,0.0130709125,0.0260954565,0.0652843832,0.0580358542,0.0000000000,0.6636903084,0.6506193958,0.0009837647,0.5186157114,0.0923360340,0.0568102211,0.0299365252,0.1725661221,0.1669668089,0.0009023065,0.0013208765,0.0076370221,0.0001629165,0.0000000000,0.2756195525,0.1358485128,0.0441979811,0.0000000000,0.35947067942454736,5.62,3.316386432281498
0.0365664092,0.0216494010,0.8790812928,0.8790812928,0.0034860400,0.0000352481,0.1173269229,0.0615079855,0.0057701188,0.0109269201,0.8826730771,0.0004582257,0.0044271650,0.0301054272,0.0731257688,0.0441729555,0.0000000000,0.5580272327,0.5536000677,0.0013288545,0.4372953405,0.0113886705,0.0105744388,0.0200526607,0.1206331974,0.2746463731,0.0022488306,0.0041592792,0.0073774334,0.0002114888,0.0000000000,0.2809240650,0.1110809544,0.1698431106,0.0000000000,0.910586279120385,7.58,3.3848503494485183
0.0135287144,0.1723575108,0.7221769195,0.7221769195,0.0083033959,0.0004061128,0.1020116767,0.0000000000,0.0034210172,0.0131889978,0.8979883233,0.0000309419,0.0110030794,0.0005930537,0.1407355026,0.0598745691,0.0000000000,0.6820342772,0.6710311978,0.0000277188,0.4718554135,0.0010288192,0.0215362282,0.0182654083,0.1052708934,0.3257540645,0.0019093750,0.0160962500,0.0179605013,0.0003042623,0.0003880634,0.0668551976,0.0046690084,0.0445370410,0.0000000000,0.7943041793486276,7.54,2.2918234533914883
0.0089939286,0.1294451735,0.8681981698,0.8681981698,0.0025492975,0.0000000000,0.1006643571,0.0000000000,0.0023239375,0.0116307105,0.8993356429,0.0558156177,0.0131258202,0.0005191329,0.0866175004,0.0008618970,0.0000000000,0.6467368292,0.6336110090,0.0000824104,0.4734463633,0.1266225745,0.0397903872,0.0200209963,0.2124038983,0.0746085070,0.0040640036,0.0008800938,0.0043656501,0.0000671881,0.0001527479,0.1830292373,0.0136463528,0.1668806537,0.0000000000,1.685149111065162,16.35,4.048010213810716
0.0123702176,0.0701318386,0.7923145640,0.7923145640,0.0055777534,0.0000000000,0.0752970154,0.0000000000,0.0148828628,0.0123507398,0.9247029846,0.0791314995,0.0066490362,0.0169289244,0.1119074412,0.0274151008,0.0000000000,0.6169234352,0.6102743989,0.0000000000,0.3929305959,0.1046156352,0.0260649304,0.0056503528,0.1615326250,0.0950670526,0.0028003864,0.0028296032,0.0062311474,0.0001726447,0.0003373213,0.2396875750,0.1157888493,0.1238987257,0.0000000000,1.1171285240826756,14.88,2.9760587742430866
0.0272287193,0.0418307068,0.8890401864,0.8890401864,0.0052608963,0.0007442291,0.1044988599,0.0000000000,0.0010713415,0.0143842351,0.8955011401,0.0051873444,0.0062906229,0.0014642635,0.0798309081,0.0123141363,0.0000000000,0.7834699850,0.7771793621,0.0000522606,0.6858414531,0.0608680672,0.0931515440,0.0051089536,0.3108167745,0.2158961137,0.0048786200,0.0047111927,0.0073968048,0.0001635562,0.0004084066,0.1027636158,0.0267845046,0.0665993086,0.0000000000,1.999197901655208,18.76,4.102102180506421
0.0056004556,0.0499294858,0.9002901931,0.9002901931,0.0039325233,0.0000000000,0.0962383380,0.0735653070,0.0000000000,0.0128552831,0.9037616620,0.0425797353,0.0058309829,0.0055326535,0.1114395747,0.0177370362,0.0000000000,0.5267954003,0.5209644174,0.0000000000,0.3523405294,0.0262529833,0.0934991321,0.0235408982,0.0962925797,0.1127549360,0.0025493599,0.0005288566,0.0069022565,0.0002034064,0.0000000000,0.3064927316,0.0296295292,0.2768632024,0.0000000000,1.0072597712234457,10.7,3.823552911609393
0.0163084201,0.0545539898,0.8796548736,0.8796548736,0.0043219796,0.0002708290,0.1050410306,0.0000000000,0.0000000000,0.0125867781,0.8949589694,0.0000000000,0.0139792906,0.0005732547,0.0882315769,0.0051592926,0.0000000000,0.7064664939,0.6924872033,0.0000000000,0.6130756245,0.0000000000,0.1020303148,0.0115869677,0.2980789196,0.2013794224,0.0013270621,0.0007854041,0.0069761039,0.0001805527,0.0036403932,0.1878447428,0.0309467279,0.1367393090,0.0000000000,0.5115284195142002,5.02,3.6481416220133767
0.0047964444,0.0365077193,0.8499547075,0.8499547075,0.0047312753,0.0003258454,0.1001388101,0.0000000000,0.0000000000,0.0142198935,0.8998611899,0.0077681545,0.0112416665,0.0092865941,0.0540577528,0.0294824923,0.0000000000,0.7694057231,0.7581640566,0.0000000000,0.6767287728,0.0548658494,0.1598662730,0.0120497631,0.1352649449,0.3146819423,0.0026523816,0.0006516908,0.0071620820,0.0002020242,0.0019094541,0.1570444518,0.0645173904,0.0925270615,0.0000000000,1.0784778093916338,10.59,4.114839635005811
0.0078437208,0.1642079755,0.8969050251,0.8969050251,0.0030184508,0.0000000000,0.0992475130,0.0000000000,0.0284202024,0.0109471984,0.9007524870,0.0985672987,0.0062707253,0.0051866338,0.0629410764,0.0119675198,0.0000000000,0.5195986736,0.5133279483,0.0000000000,0.3461227787,0.0650667460,0.0000000000,0.0000000000,0.1274338917,0.1536221410,0.0021469263,0.0005101607,0.0054842275,0.0001487969,0.0000000000,0.2711716691,0.0300144546,0.2411572145,0.0000000000,0.8047728608280794,8.62,3.1425742991343175
0.0048393121,0.2148297309,0.9612530246,0.9612530246,0.0021111093,0.0000000000,0.0276555319,0.0000000000,0.0000000000,0.0080059761,0.9723444681,0.0102794784,0.0060247812,0.0044495688,0.0256905763,0.0250734828,0.0000000000,0.2956202602,0.2895954790,0.0000000000,0.2345442440,0.1412169733,0.0102307605,0.0000000000,0.0688871206,0.0142093896,0.0007632472,0.0002598288,0.0053914484,0.0001623930,0.0000000000,0.4632910570,0.1036392277,0.3596518294,0.0000000000,0.3063361061096129,9.68,2.5008181050963643
0.0112481107,0.0489234703,0.8376610198,0.8376610198,0.0040252775,0.0003469319,0.0896006582,0.0000000000,0.0418295801,0.0117144450,0.9103993418,0.0309920055,0.0083763818,0.0168950057,0.0904046729,0.0240438268,0.0000000000,0.6842081221,0.6758317403,0.0132851792,0.5240212762,0.0526099109,0.0559653207,0.0280462645,0.1883369009,0.1990628791,0.0031186287,0.0017869884,0.0057923173,0.0001324123,0.0001514936,0.1945328157,0.0341967890,0.1602322362,0.0000000000,1.2492311371468932,14.36,3.3959237040799026
0.0050277451,0.1844963847,0.8431478056,0.8431478056,0.0027576930,0.0008912056,0.1534555238,0.0000000000,0.0493694300,0.0128468135,0.8465444762,0.0903312595,0.0026399865,0.0102909030,0.0879098705,0.0200773499,0.0000000000,0.5421725240,0.5395325374,0.0048764083,0.3389776358,0.0965192534,0.0000000000,0.0025390953,0.1880107617,0.0519085253,0.0054481251,0.0004203800,0.0041365394,0.0001008912,0.0000000000,0.1911215739,0.1329746090,0.0568858248,0.0000000000,2.154452285365185,14.24,4.45723836939363
0.0180049649,0.1206052716,0.8540629753,0.8540629753,0.0039086572,-0.0001393172,0.0752390586,0.0000000000,0.0113475471,0.0126247294,0.9247609414,0.0828943762,0.0067682235,0.0013199494,0.0912184163,0.0074149145,0.0000000000,0.6022196144,0.5954513909,0.0032088313,0.4113647836,0.0985575163,0.0643327905,0.0213680170,0.1470288827,0.0800775770,0.0027306169,0.0012933819,0.0065556838,0.0001308934,0.0001684766,0.2283629064,0.1076597887,0.1205618565,0.0000000000,1.0666366300711672,14.68,3.638111865651407
0.0145904981,0.0276179847,0.8375352215,0.8375352215,0.0045480291,0.0004254068,0.0829806201,0.0000000000,0.0061373299,0.0128004436,0.9170193799,0.0875262593,0.0044596019,0.0053199752,0.1491122620,0.0175133776,0.0000000000,0.7792807757,0.7748211738,0.0090960583,0.5135735846,0.1097884199,0.0506736006,0.0080301513,0.1760634573,0.1690179555,0.0018402430,0.0009081719,0.0061875184,0.0001481754,0.0000000000,0.1535431848,0.0437165261,0.0715376545,0.0000000000,0.7446151391378661,8.95,3.577093857276234
0.0098587363,0.1578317858,0.9371107462,0.9371107462,0.0022505945,0.0003184804,0.0578431095,0.0000000000,0.0000000000,0.0087334390,0.9421568905,0.0174810327,0.0049966029,0.0218831389,0.0705540143,0.0413033632,0.0000000000,0.3764083909,0.3714117880,0.0024204507,0.2433826860,0.0285429170,0.0189389650,0.0007714302,0.0319329634,0.1631964104,0.0022222851,0.0005944967,0.0045224210,0.0001415468,0.0000000000,0.4448462801,0.1363025139,0.3085437663,0.0000000000,0.8810912623947302,15.24,2.6868769089182463
0.0147252343,0.0140488881,0.8991361882,0.8991361882,0.0030288550,0.0000294064,0.0761918765,0.0243778717,0.0021760706,0.0105936409,0.9238081235,0.0000000000,0.0079617717,0.0053960669,0.0239367763,0.0131519941,0.0000000000,0.5653740121,0.5574122404,0.0000000000,0.5298731851,0.0000000000,0.0549237273,0.0040066164,0.2419922808,0.2289505606,0.0014409116,0.0012130123,0.0071530969,0.0002278993,0.0000000000,0.3734092998,0.1913030693,0.1821062305,0.0000000000,0.5709458475341548,7.48,3.138546706470393
0.0054457204,0.1636545808,0.9258446497,0.9258446497,0.0028152584,0.0000173247,0.0681552406,0.0000000000,0.0065978107,0.0099039347,0.9318447594,0.0003060691,0.0067595076,0.0077903253,0.1106382119,0.0569808303,0.0000000000,0.3963883844,0.3896288768,0.0191870689,0.2077429712,0.0012416011,0.0141253786,0.0027950463,0.1380198483,0.0515610969,0.0013397743,0.0009413069,0.0060058846,0.0001501471,0.0020240986,0.4046695753,0.0884164388,0.3096206764,0.0000000000,0.5506511538900863,7.75,3.1160457316202486
0.0163061881,0.0272421605,0.9249982115,0.9249982115,0.0038249672,0.0002146179,0.0725360677,0.0132490760,0.0000000000,0.0126242995,0.9274639323,0.0023274115,0.0083224037,0.0011255514,0.0686824848,0.0041826636,0.0000000000,0.7121831406,0.7038607369,0.0000000000,0.6372433528,0.0372433528,0.0758221056,0.0093096459,0.3129128413,0.2019554072,0.0029235722,0.0009157029,0.0058709908,0.0001716943,0.0000000000,0.2289066412,0.0440014308,0.1849052104,0.0000000000,1.20059246202245,16.87,3.7518492346329237
0.0187683484,0.0435639901,0.7831878441,0.7831878441,0.0043768470,0.0000718114,0.1116935818,0.0000036514,0.0003359315,0.0138243127,0.8883064182,0.0696266778,0.0086125054,0.0078712652,0.0756381482,0.0207717662,0.0000000000,0.8282574404,0.8196449350,0.0012402689,0.6520893480,0.1461411691,0.0578824629,0.0079418595,0.1627174426,0.2774064139,0.0031779609,0.0015603776,0.0076533966,0.0001996115,0.0017015662,0.0770768115,0.0022541492,0.0740972449,0.0000000000,1.2742249451127972,11.33,4.116669009098358
0.0044638959,0.0341176984,0.8400091679,0.8400091679,0.0054789138,0.0000982275,0.0923011438,0.0294900899,0.0000000000,0.0118200471,0.9076988562,0.0117873046,0.0095498996,0.0442678774,0.0266414913,0.0705710294,0.0000000000,0.6638217061,0.6542718065,0.0000000000,0.5551711342,0.0909150441,0.0273290841,0.0000000000,0.1050161530,0.3319108531,0.0016916965,0.0005347944,0.0050860037,0.0001418842,0.0000000000,0.2675390727,0.2014210251,0.0552693617,0.0000000000,0.6814459844146709,7.34,2.6663913078396955
0.0055482116,0.0507677948,0.8848900071,0.8848900071,0.0047237976,0.0000000000,0.1074344141,0.0000000000,0.0000000000,0.0140055624,0.8925655859,0.2894309174,0.0076139847,0.0014214035,0.0580169526,0.0128873917,0.0000000000,0.6274880484,0.6198740637,0.0057377321,0.2613913645,0.1647217129,0.0242917857,0.0000000000,0.0411685832,0.0312092827,0.0037003871,0.0006443696,0.0057424701,0.0001374023,0.0004311591,0.2933776811,0.1202933777,0.1730843034,0.0000000000,1.4469829432948504,13.84,3.8694576537339085
0.0133937527,0.0048574294,0.8112157902,0.8112157902,0.0072818455,0.0000000000,0.1007200172,0.0011742370,0.0022230979,0.0136502364,0.8992799828,0.0584926207,0.0107350623,0.0021815446,0.0446181401,0.0044311506,0.0000000000,0.7294877490,0.7187526866,0.0000000000,0.5959184697,0.0678721880,0.0797800544,0.0846840522,0.2115066628,0.1520755123,0.0056641353,0.0007250322,0.0033586474,0.0000995845,0.0000895544,0.2231523141,0.1602285428,0.0015288723,0.0000000000,2.2500089825333305,22.85,2.6941598878873054
0.0026996000,0.2126136792,0.8286785413,0.8286785413,0.0035247269,-0.0002870007,0.1366481910,0.0008968771,0.0011659402,0.0094799907,0.8633518090,0.0755708623,0.0048879801,0.0314355414,0.0336149527,0.0410141886,0.0000000000,0.5092737089,0.5043857289,0.0155428797,0.3433335127,0.1116432582,0.0088342392,0.0067534844,0.0549157832,0.1611867477,0.0023498179,0.0015785037,0.0054709502,0.0001165940,0.0000000000,0.2319951927,0.0669608423,0.1650343504,0.0000000000,0.9524372123035257,6.89,2.591345919313137
0.0113516665,0.1733786021,0.7647750357,0.7647750357,0.0008934617,0.0000000000,0.2345290046,0.0000000000,0.0000000000,0.0169475585,0.7654709954,0.0123956060,0.0141919344,0.0015329923,0.0868726958,0.0030753894,0.0000000000,0.8208656234,0.8066736890,0.0000000000,0.7181175231,0.0227033331,0.1970600406,0.0047870740,0.1842035964,0.3093634790,0.0118030998,0.0004044090,0.0046554059,0.0001128583,0.0000000000,0.0000000000,0.0000000000,0.0000000000,0.0000000000,4.562848235304811,19.45,6.515484772869323
0.0103812856,0.0218777400,0.9113823837,0.9113823837,0.0031241753,0.0001489729,0.0634582152,0.0530556478,0.0000000000,0.0103770292,0.9365417848,0.0000000000,0.0067335768,0.0024857199,0.0181278784,0.0167062509,0.0000000000,0.7115075210,0.7047739442,0.0000000000,0.6766521099,0.0000127691,0.0424530310,0.0344297742,0.1065624707,0.4931940649,0.0019153663,0.0008001975,0.0056013825,0.0001574857,0.0000000000,0.1896468064,0.1413625491,0.0301648918,0.0000000000,0.7889408031417376,12.05,3.0952553948993677
0.0088003705,0.0963516701,0.9045495510,0.9045495510,0.0036659234,0.0000718104,0.0886715426,0.0059889915,0.0013679891,0.0116009781,0.9113284574,0.0578828125,0.0089080862,0.0242252550,0.0939352485,0.0454560143,0.0000000000,0.5255124573,0.5166043711,0.0028149696,0.3254234124,0.1873929575,0.0190764458,0.0000000000,0.0145775212,0.1043764878,0.0030304010,0.0005960267,0.0041614155,0.0001400304,0.0000000000,0.3292904050,0.2726104175,0.0566799875,0.0000000000,1.2034106139675478,13.86,3.396348924905726
0.0185256860,0.1166186687,0.8692968243,0.8692968243,0.0026765155,0.0002952039,0.1195444676,0.0316130598,0.0000000000,0.0135334597,0.8804555324,0.0031816423,0.0083903514,0.0208217165,0.0632654802,0.0374908979,0.0000000000,0.6287843503,0.6203939988,0.0000000000,0.5236261538,0.0066519283,0.0987883519,0.0021451485,0.1501275937,0.2659131313,0.0037392497,0.0011611354,0.0066978489,0.0001640022,0.0000000000,0.1942244993,0.0475868720,0.1466376273,0.0000000000,1.5402023204363906,12.68,4.762624191540946
0.0241907521,0.1307710041,0.9019718827,0.9019718827,0.0057332851,0.0018742351,0.0946338775,0.0000000000,0.0000000000,0.0145852974,0.9053661225,0.0187367281,0.0122368808,0.0092212366,0.0792632757,0.0298921753,0.0000000000,0.7615223287,0.7492854479,0.0042282743,0.6298854280,0.0681996660,0.1027980455,0.0042338970,0.2116236311,0.2430301883,0.0007759333,0.0017111766,0.0076656215,0.0002342794,0.0000000000,0.0645018002,0.0282316030,0.0362701972,0.0000000000,0.3132599177692716,3.29,3.838522782339788
0.0090810005,0.0360294218,0.9025018921,0.9025018921,0.0054587973,0.0001246301,0.0948378223,0.0465028801,0.0027146696,0.0111521257,0.9051621777,0.0184429851,0.0048039229,0.0036584592,0.0315993891,0.0095115407,0.0000000000,0.5438029395,0.5389990166,0.0014366449,0.4827194736,0.1166469525,0.0690869827,0.0086991793,0.2658212216,0.0224651376,0.0020088102,0.0006106874,0.0037898873,0.0000861081,0.0000000000,0.3521173517,0.1367021976,0.2154151541,0.0000000000,0.8058312549356027,8.46,2.374442493306376
0.0081140023,0.1288446247,0.7913663741,0.7913663741,0.0058937921,0.0023304334,0.0897862457,0.0029886234,0.0001637602,0.0149084754,0.9102137543,0.0010203519,0.0082919340,0.0018423021,0.1069621698,0.0053536984,0.0000000000,0.8555493446,0.8472574105,0.0000629847,0.7415029721,0.0261087273,0.0819950400,0.1866692910,0.2903641302,0.1563657836,0.0035003740,0.0013415738,0.0045254498,0.0001212455,0.0012785891,0.0011825375,0.0011825375,0.0000000000,0.0000000000,1.4082421441642758,15.9,3.711654676725413
0.0162147842,0.0397283286,0.8926043003,0.8926043003,0.0057260526,0.0000000000,0.0772770241,0.0000000000,0.0000000000,0.0123311838,0.9227229759,0.0149648068,0.0088678552,0.0056754755,0.0452448475,0.0170155886,0.0000000000,0.7569492362,0.7480813810,0.0079514460,0.6706333580,0.2678010392,0.0624049421,0.0379448830,0.1278372862,0.1746452075,0.0020074300,0.0013932793,0.0059909804,0.0001854494,0.0000252886,0.1604631419,0.1047717105,0.0556914314,0.0000000000,0.8150199324198378,10.35,2.8711339801454674
0.0165740370,0.0962790692,0.7775355382,0.7775355382,0.0041228201,0.0001347201,0.1319956782,0.0000207854,0.0226583818,0.0119073326,0.8680043218,0.0213142600,0.0075516392,0.0038222018,0.0850095401,0.0168650324,0.0000000000,0.6080049146,0.6004532754,0.0013164079,0.4824465479,0.0641764233,0.0766603579,0.0234647778,0.1455292749,0.1726157140,0.0021039431,0.0013964701,0.0067456280,0.0001862987,0.0000223250,0.2188173961,0.1379426085,0.0724212936,0.0000000000,0.8401436820918441,6.35,3.4432115472893585
0.0142318099,0.0852781338,0.8051092280,0.8051092280,0.0027306450,0.0000000000,0.1526864252,0.0000000000,0.0081048793,0.0095575922,0.8473135748,0.0189819223,0.0171213872,0.0468330277,0.0489359793,0.0622653125,0.0000000000,0.4905794646,0.4734580774,0.0032628004,0.3570629126,0.0401310835,0.0283446439,0.0331623918,0.1889582655,0.0664665280,0.0045978766,0.0013861935,0.0042655027,0.0000953148,0.0000000000,0.3888344233,0.0045266696,0.2641265619,0.0000000000,1.83057230379564,12.26,2.9246852196842963
0.0119912726,0.0438834255,0.8277788386,0.8277788386,0.0043415762,0.0000592314,0.0745706163,0.0000000000,0.0041683022,0.0086407180,0.9254293837,0.0044131844,0.0080024329,0.0007611682,0.0257851260,0.0045281111,0.0000000000,0.6078648745,0.5998624416,0.0017504217,0.5712023806,0.0247295687,0.0379275714,0.1589135362,0.2050017858,0.1446299184,0.0008637182,0.0012341357,0.0045767339,0.0001043181,0.0000000000,0.3213924516,0.0966135529,0.2017776505,0.0000000000,0.34471398133622533,4.62,1.7992119429491094
0.0060037802,0.0635678019,0.7119621614,0.7119621614,0.0023255383,0.0000000000,0.0807221213,0.0000000000,0.0000000000,0.0102610903,0.9192778787,0.0775534596,0.0065133603,0.0080606308,0.0531399400,0.0159591224,0.0000000000,0.4380072638,0.4314939036,0.0022699477,0.2890847941,0.1907636290,0.0104046993,0.0005605381,0.0243486640,0.0630072638,0.0038867064,0.0006578216,0.0045445280,0.0001250788,0.0000000000,0.4846894341,0.1605177334,0.3013517770,0.0000000000,1.560621737563505,19.46,3.2738713815765896
0.0172293583,0.0122804091,0.7976127843,0.7976127843,0.0065936087,0.0000641610,0.0804728236,0.0000000000,0.0110870151,0.0118376984,0.9195271764,0.0203090848,0.0103641349,0.0080008726,0.0941754674,0.0088306878,0.0000000000,0.8209780698,0.8106139349,0.0073549855,0.6902693477,0.1054293010,0.0851373259,0.0704979319,0.2481532335,0.1810515555,0.0016917108,0.0005432295,0.0040143378,0.0001047962,0.0000000000,0.1224319573,0.0270737894,0.0953239487,0.0000000000,0.6756547540875084,8.4,2.2551403427086747
0.0162550108,0.0499715480,0.8657022568,0.8657022568,0.0031759751,0.0004587801,0.1045023820,0.0000000000,0.0385749174,0.0118775894,0.8954976180,0.0455966613,0.0073373137,0.0053298338,0.0970592447,0.0076737947,0.0000000000,0.6438180645,0.6364807509,0.0089614206,0.4843907032,0.0746556931,0.0355617965,0.0343723901,0.1871651824,0.1526356411,0.0025993316,0.0023921201,0.0072897881,0.0001609532,0.0000855460,0.2298513781,0.1054193086,0.0853115586,0.0000000000,1.0658850522743601,10.02,3.9502550355359705
0.0078485814,0.0371360391,0.8969304334,0.8969304334,0.0040304507,0.0004990427,0.0981426536,0.0000000000,0.0212428886,0.0108410231,0.9018573464,0.2694594913,0.0073459092,0.0131765432,0.0524121912,0.0208164339,0.0000000000,0.6512671149,0.6439212057,0.0042137355,0.3039950640,0.1645806680,0.0040068596,0.0000000000,0.0578327027,0.0775748337,0.0018764007,0.0008039125,0.0048162162,0.0001433614,0.0000000000,0.2536044496,0.0576984149,0.1715999310,0.0000000000,0.7476554421940868,7.57,2.9487591227971963
0.0221885303,0.0706206531,0.8494091883,0.8494091883,0.0057516906,0.0012634467,0.0994513032,0.0000000000,0.0154140495,0.0168940871,0.9005486968,0.0684547445,0.0123817775,0.0141867013,0.1375953601,0.0335956489,0.0000000000,0.8771929825,0.8648112050,0.0000000000,0.6419873415,0.1376194258,0.0921112796,0.0217673814,0.1237696436,0.2667196111,0.0015763001,0.0007219695,0.0085072077,0.0002165909,0.0000000000,0.0119846942,0.0000000000,0.0117440377,0.0000000000,0.6511298469720598,6.39,5.005743631326441
0.0063005349,0.0124895040,0.9143761413,0.9143761413,0.0052846984,0.0004403915,0.0672624675,0.0857706558,0.0000000000,0.0127772265,0.9327375325,0.0004814947,0.0055371896,0.0078976882,0.2448987980,0.0120021374,0.0000000000,0.7450015561,0.7394643665,0.0080503573,0.4792810461,0.0191071208,0.0140572979,0.0601046370,0.0972149639,0.2887970265,0.0018026694,0.0003816727,0.0052435952,0.0001233096,0.0000000000,0.1365037609,0.1285590976,0.0079446633,0.0000000000,0.7419827495052945,10.79,3.193592791890877
0.0097260430,0.0615141699,0.9189035209,0.9189035209,0.0028567708,0.0001220842,0.0754887438,0.0000162779,0.0010092296,0.0137873781,0.9245112562,0.0071866912,0.0107596894,0.0117689190,0.0207054840,0.0283235395,0.0000000000,0.5804535022,0.5696938128,0.0084645060,0.5162453405,0.0644523302,0.0908957726,0.0174743216,0.0432910651,0.3001318510,0.0044764215,0.0012208422,0.0075529439,0.0002523074,0.0000000000,0.3508293588,0.0613758078,0.2751615581,0.0000000000,1.77234973293912,23.24,4.450317080949876
0.0019238558,0.6771696307,0.0048234471,0.0048234471,0.0000000000,0.0000000000,0.9379579513,0.0000000000,0.0654018926,0.0000644354,0.0620420487,0.0000000000,0.0000000000,0.0000000000,0.0000000000,0.0000000000,0.0000000000,0.0000000000,0.0000000000,0.0000000000,0.0000000000,0.0000000000,0.0000000000,0.0000000000,0.0000000000,0.0000000000,0.0070510696,0.2154534408,0.2060919032,0.0012242719,0.0000000000,0.0169833204,0.0000000000,0.0169833204,0.0000000000,2.880511422393532,3.02,1.5155615696887685
0.0071631445,0.0346892601,0.7594569874,0.7594569874,0.0038511529,0.0000000000,0.0796418428,0.0003369759,0.0029268762,0.0119578299,0.9203581572,0.1474221345,0.0069513311,0.0023588312,0.1432821451,0.0069320753,0.0000000000,0.7270976749,0.7201463438,0.0114186685,0.4164540509,0.1841621335,0.0453376980,0.0103018341,0.1228421509,0.0538102344,0.0015597169,0.0012034853,0.0062484956,0.0001347904,0.0000000000,0.2198238098,0.0000000000,0.2198238098,0.0000000000,0.6276667360845413,7.8,3.4130349967825455
0.0197767093,0.1297054077,0.9101073640,0.9101073640,0.0044872217,0.0001646687,0.0869244829,0.0000000000,0.0057716375,0.0129758925,0.9130755171,0.0120866816,0.0104893953,0.0615696219,0.0990646819,0.0917163417,0.0000000000,0.6873517982,0.6768624028,0.0000000000,0.4844840930,0.0092173297,0.0302949216,0.0084475036,0.2101007772,0.2264235608,0.0028528850,0.0016878540,0.0071548544,0.0002099526,0.0000000000,0.1537099855,0.0671642405,0.0835858253,0.0000000000,1.1526778344460222,13.23,3.621657935988689
0.0132046955,0.0192971861,0.9432267894,0.9432267894,0.0034263620,0.0002276148,0.0449417913,0.0019726619,0.0000000000,0.0105006313,0.9550582087,0.0000000000,0.0064627440,0.0151242474,0.1526658250,0.0325140211,0.0000000000,0.5865088132,0.5800460692,0.0000000000,0.4012713047,0.0017086287,0.0331498252,0.0275520176,0.1997608527,0.1390999806,0.0013535496,0.0015659901,0.0069892930,0.0001441561,0.0000000000,0.3759499126,0.1853892517,0.1893740288,0.0000000000,0.5388551894639313,11.91,2.90680092902904
0.0022584202,0.0696909343,0.8672333464,0.8672333464,0.0024584771,0.0000000000,0.1238352242,0.0203657929,0.0000000000,0.0079133620,0.8761647758,0.0015159868,0.0075043568,0.0075488139,0.0267231568,0.0150131593,0.0000000000,0.2739356973,0.2664313405,0.0029208308,0.2277625636,0.0000000000,0.0071220258,0.0000000000,0.0852686987,0.1353718391,0.0015648896,0.0010714159,0.0045746346,0.0001289256,0.0001155884,0.5944935448,0.2438915958,0.3506019490,0.0000000000,0.6215992494895425,5.02,2.310315691364795
0.0221039746,0.0302177956,0.9426012388,0.9426012388,0.0042141032,0.0005317797,0.0456226839,0.0185721548,0.0024214371,0.0113546670,0.9543773161,0.0160871717,0.0104048215,0.0145955130,0.0751280954,0.0274886621,0.0000000000,0.5336894139,0.5232845924,0.0000000000,0.4118951424,0.0555525826,0.0213247000,0.0349135105,0.1119981538,0.1881061954,0.0008896440,0.0017224311,0.0072676558,0.0001505037,0.0009398119,0.3660851650,0.1479350894,0.2039124269,0.0000000000,0.35784191727932524,7.69,3.1237997695557547
0.0127854057,0.0349429189,0.8581938445,0.8581938445,0.0052597578,0.0000241052,0.0429458500,0.0000000000,0.0000000000,0.0103604212,0.9570541500,0.0566472539,0.0047824745,0.0039677183,0.0259806001,0.0108377044,0.0000000000,0.3283178417,0.3235353672,0.0000674946,0.2133504320,0.1342612234,0.0022610691,0.0000000000,0.0288153733,0.0480127661,0.0009256402,0.0007038723,0.0048547902,0.0001205261,0.0000000000,0.5849130284,0.3140668389,0.1673769670,0.0000000000,0.36970712263878464,8.56,2.1906689512017103
0.0136938334,0.0691694909,0.7931668397,0.7931668397,0.0049022673,0.0000750347,0.0497229969,0.0105673874,0.0000000000,0.0124557608,0.9502770031,0.0122431625,0.0053649813,0.0110676188,0.0462714005,0.0161449670,0.0000000000,0.6302039693,0.6248389880,0.0000000000,0.5460275377,0.0466965972,0.1637632405,0.0000000000,0.0715080725,0.2640596276,0.0009504396,0.0007253355,0.0072533547,0.0002376099,0.0000000000,0.2532421245,0.1320860898,0.1066243137,0.0000000000,0.37978874251197775,7.62,3.248294174985715
0.0275788784,0.0181500844,0.9103645158,0.9103645158,0.0067501906,0.0001871994,0.0847600406,0.0655968771,0.0062601686,0.0154769869,0.9152399594,0.0673092011,0.0085506085,0.0085258321,0.0661447107,0.0117770455,0.0000000000,0.7725940058,0.7640433972,0.0018169355,0.6255461130,0.2910868302,0.0354715361,0.0070530132,0.1419494617,0.1499852718,0.0024748864,0.0011314553,0.0064253446,0.0001541642,0.0000000000,0.0930050737,0.0513642157,0.0413325295,0.0000000000,1.0100456851865116,11.69,3.8862862826047313
0.0078352282,0.1350729087,0.9217905013,0.9217905013,0.0030341430,0.0004283496,0.0743008085,0.0000000000,0.0000000000,0.0121365721,0.9256991915,0.0143675597,0.0099769762,0.0446554463,0.0838315872,0.0856163772,0.0000000000,0.6578736012,0.6478966250,0.0000000000,0.4706134323,0.0402470149,0.0127790965,0.0000000000,0.0455478413,0.3720394796,0.0023916186,0.0004461975,0.0059968945,0.0001606311,0.0000000000,0.2011458352,0.0580056756,0.1431401596,0.0000000000,0.9787094182522003,13.04,3.9133687582727466
0.0519705088,0.1440428635,0.8361142158,0.8361142158,0.0045960996,-0.0005062225,0.0208353173,0.0000000000,0.0025812337,0.0116180576,0.9791646827,0.0128209626,0.0056085446,0.0138083472,0.0779332087,0.0243738629,0.0000000000,0.5098763514,0.5042678068,0.0000000000,0.3956705444,0.0572783272,0.0270052176,0.0000000000,0.1667176231,0.1446693765,0.0006866583,0.0033380614,0.0101695595,0.0002656415,0.0027767057,0.2526250896,0.1276933795,0.1137246450,0.0000000000,0.2749554702591505,12.75,3.182174372253075
0.0073644690,0.1155193709,0.8218649202,0.8218649202,0.0056330962,0.0001635943,0.0606934761,0.0000000000,0.0000000000,0.0128067052,0.9393065239,0.0046787963,0.0082778703,0.0042479980,0.0229986285,0.0056549088,0.0000000000,0.6621478292,0.6538699589,0.0000000000,0.6288018628,0.0393226106,0.0645761136,0.0459590851,0.2141694455,0.2647746080,0.0023830233,0.0008452371,0.0054722285,0.0001472348,0.0000000000,0.1957487301,0.0307775363,0.1649711938,0.0000000000,0.9441044780150041,15.61,3.015088334008987
0.0121552743,0.0182500465,0.9255103910,0.9255103910,0.0046106213,0.0001278531,0.0529601955,0.0092884644,0.0000000000,0.0129672076,0.9470398045,0.0096535707,0.0079677546,0.0019204332,0.0906623715,0.0030262969,0.0000000000,0.5819980150,0.5740302603,0.0003730148,0.4778016642,0.0827723832,0.1393190568,0.0146741129,0.1269463004,0.1140898109,0.0052828388,0.0010307335,0.0039779460,0.0000988555,0.0000000000,0.3612114678,0.2708206194,0.0631963547,0.0000000000,2.1599919161979186,40.68,3.585924680027629
0.0108641438,0.2276668223,0.8854900671,0.8854900671,0.0007375414,0.0000212242,0.1113607904,0.0013265133,0.0000000000,0.0127584048,0.8886392096,0.0010850879,0.0036134222,0.0049001401,0.0133792130,0.0198764751,0.0000000000,0.2894213218,0.2858078997,0.0002175482,0.2540697428,0.0079405085,0.0850984803,0.0009789668,0.0924738942,0.0675778929,0.0057331904,0.0013901859,0.0059480856,0.0001830588,0.0000000000,0.4486427116,0.0562945708,0.3923481408,0.0000000000,2.045977691647682,20.8,4.558780066027354
0.0315621098,0.0558264677,0.7394361941,0.7394361941,0.0079146623,0.0052241166,0.1860863941,0.0016874776,0.0018216909,0.0303620385,0.8139136059,0.0033302174,0.0149408480,0.0006161255,0.0178448792,0.2982683341,0.0000000000,0.7291174649,0.7141766169,0.0000415983,0.1814509325,0.0000149126,0.1004080556,0.0088722077,0.0006624331,0.0714933235,0.0030892613,0.0092230461,0.0221773798,0.0002464502,0.0005015340,0.0930412349,0.0001326436,0.0925161547,0.0000000000,1.2532282926794323,6.69,10.691463884767701
0.0092835201,0.0509125407,0.9049737983,0.9049737983,0.0032074449,0.0000000000,0.0924060354,0.0000000000,0.0027782797,0.0127394290,0.9075939646,0.0597217203,0.0108646549,0.0038398988,0.1036095049,0.0941226961,0.0000000000,0.4220500542,0.4111853993,0.0000000000,0.1635345139,0.0468467654,0.0000000000,0.0000000000,0.1006731117,0.0160146368,0.0095771594,0.0121747380,0.0119488616,0.0003162270,0.0000000000,0.5122425009,0.2171575714,0.2950849295,0.0000000000,3.6939428919913753,38.54,3.8731586434766645
0.0275964877,0.0512648497,0.7827680090,0.7827680090,0.0066405246,0.0000493783,0.1109129359,0.0000000000,0.0313807353,0.0137152373,0.8890870641,0.0833436914,0.0090004648,0.0012634024,0.0480467493,0.0084632634,0.0000000000,0.8237562212,0.8147557564,0.0000000000,0.6551711808,0.0539738431,0.0750651708,0.0348397675,0.1470246193,0.3442677800,0.0035790725,0.0151991391,0.0184640637,0.0003430938,0.0005687013,0.0540095998,0.0244745898,0.0208350715,0.0000000000,1.4132214701083405,13.13,3.0969343238429934
0.0091350018,0.0567848186,0.9561382608,0.9561382608,0.0046644240,0.0000000000,0.0401907770,0.0002826924,0.0015507695,0.0112551945,0.9598092230,0.1248329086,0.0056700011,0.0100234635,0.0591352037,0.0408005848,0.0000000000,0.5037133661,0.4980433650,0.0000000000,0.2789446690,0.2023794620,0.0000000000,0.0000000000,0.0765652070,0.0000000000,0.0015871157,0.0005209616,0.0051409625,0.0001373077,0.0000000000,0.3852854587,0.0446855855,0.3405998732,0.0000000000,0.6272832291519106,15.53,2.821887785868515
0.0026571789,0.0711133129,0.8106647451,0.8106647451,0.0050141116,0.0000000000,0.1004773915,0.0000000000,0.0000000000,0.0109289617,0.8995226085,0.2005344382,0.0058097640,0.0262715427,0.1098150483,0.0487900078,0.0000000000,0.4751846514,0.4693748874,0.0000000000,0.1149192338,0.0196661262,0.0043535699,0.0000000000,0.0021767850,0.0887227527,0.0002251847,0.0005404432,0.0052543085,0.0001200985,0.0000000000,0.4124331952,0.1295111992,0.2124542125,0.0000000000,0.09050797601538635,0.9,2.5908055991648924
0.0096032011,0.1161453818,0.8629076359,0.8629076359,0.0054818273,0.0003201067,0.1256152051,0.0000000000,0.0000000000,0.0145381794,0.8743847949,0.0000000000,0.0118039346,0.0039879960,0.0669423141,0.0241347116,0.0000000000,0.7703901300,0.7585861954,0.0050016672,0.6742447482,0.0041213738,0.1218139380,0.0599399800,0.2958452818,0.1925241747,0.0015405135,0.0008469490,0.0075625208,0.0001667222,0.0000000000,0.0871623875,0.0151583861,0.0720040013,0.0000000000,0.6338839800230504,4.93,3.9580153088920547
0.0104585544,0.0266147425,0.8671378032,0.8671378032,0.0034930339,0.0002598624,0.1199162155,0.0000000000,0.0028560689,0.0139213717,0.8800837845,0.0023435961,0.0079928834,0.0021526275,0.0432640649,0.0093381245,0.0000000000,0.6582060310,0.6502131476,0.0003057915,0.5990710222,0.0316016829,0.1420709944,0.0115862362,0.1481372702,0.2656748384,0.0036429080,0.0016437806,0.0071020993,0.0001849253,0.0000000000,0.2567633717,0.0955362895,0.1612270823,0.0000000000,1.4455280175966898,12.15,4.46621705126405
0.0135576562,0.0505289327,0.8976078215,0.8976078215,0.0052581371,0.0001445379,0.0845227282,0.0371964514,0.0000000000,0.0138604251,0.9154772718,0.0001247590,0.0087620404,0.0008550559,0.0668282448,0.0090617664,0.0000000000,0.8805842983,0.8718222579,0.0003879702,0.8039016108,0.0278456092,0.1089100776,0.0253473855,0.2796854246,0.3621131138,0.0033076360,0.0012278115,0.0052292295,0.0001338878,0.0000000000,0.0026108111,0.0020357024,0.0005751087,0.0000000000,1.3572665500753474,15.88,3.7231109113686913
0.0244378658,0.0291103689,0.7322335239,0.7322335239,0.0057183341,0.0000421706,0.0896589241,0.0000000000,0.0000000000,0.0138656951,0.9103410759,0.0018976772,0.0082359192,0.0063508932,0.0615311303,0.0237209655,0.0000000000,0.8155415549,0.8073056357,0.0044953865,0.7251277769,0.0112848540,0.1141136582,0.0184201204,0.2095457382,0.3717634060,0.0007759391,0.0014127153,0.0086407570,0.0002614578,0.0000000000,0.1133756726,0.0084214699,0.1049542027,0.0000000000,0.3142478971862858,3.47,3.4988115449915114
0.0127025175,0.0224967166,0.8725724283,0.8725724283,0.0051981026,0.0003057707,0.0892303859,0.0006356980,0.0125823706,0.0123681403,0.9107696141,0.0038847505,0.0074135101,0.0124145463,0.0442725517,0.0294029397,0.0000000000,0.6832062573,0.6757927472,0.0045859254,0.5997918725,0.0398582648,0.0831632841,0.0259816131,0.1986441833,0.2521445272,0.0021213242,0.0015752597,0.0057619667,0.0001703671,0.0000000000,0.2395729635,0.0560825492,0.1834452798,0.0000000000,0.8548757474478776,9.49,3.1312083600681406
0.0131121076,0.0319596413,0.8776636771,0.8776636771,0.0052780269,0.0000000000,0.0921210762,0.0610627803,0.0000000000,0.0146995516,0.9078789238,0.0018654709,0.0085560538,0.0341748879,0.0391390135,0.1233632287,0.0000000000,0.8129775785,0.8044215247,0.0021255605,0.6464843049,0.0502511211,0.0205650224,0.0031928251,0.1414125561,0.4310627803,0.0038565022,0.0012735426,0.0063452915,0.0001614350,0.0016636771,0.0581076233,0.0000000000,0.0581076233,0.0000000000,1.5312095219866553,16.75,4.026958194673049
0.0009695073,0.0182829254,0.7404543464,0.7404543464,0.0052386448,0.0000688571,0.1631857130,0.0000041314,0.0000000000,0.0103230498,0.8368142870,0.0002024397,0.0021703744,0.0020257746,0.0046588684,0.0078565900,0.0000000000,0.5369046275,0.5347342531,0.0063651462,0.5178215831,0.0135345428,0.0900168287,0.0402331775,0.2462879161,0.1277491179,0.0019514090,0.0001583712,0.0031743103,0.0000812513,0.0000000000,0.4291722556,0.2587193689,0.1109328478,0.0000000000,0.7746714684999282,4.81,2.068413968517193
0.0460998604,0.0672346177,0.8795822901,0.8795822901,0.0064614584,0.0000000000,0.0804428024,0.0000000000,0.0000000000,0.0164555314,0.9195571976,0.0502957924,0.0103416569,0.0007824098,0.1956024417,0.0019567168,0.0000000000,0.8209154056,0.8105737487,0.0053273104,0.5444519531,0.0801478408,0.0689185297,0.0306967740,0.2217072320,0.1429815767,0.0031850309,0.0011452263,0.0079542685,0.0001924867,0.0000000000,0.0531983250,0.0024718609,0.0480094942,0.0000000000,1.286219486365025,16.23,4.401482001006297
0.0024489199,0.0260974451,0.9389414818,0.9389414818,0.0038652729,0.0000000000,0.0214097737,0.0696297379,0.0000000000,0.0102891188,0.9785902263,0.0340198838,0.0042216455,0.0276600022,0.0509704302,0.0560144742,0.0000000000,0.4214883585,0.4172667130,0.0018092767,0.2786834314,0.0911857159,0.0307302898,0.0000000000,0.0259146899,0.1308527358,0.0016173837,0.0012518732,0.0060583355,0.0001553419,0.0000000000,0.4636134362,0.0984867868,0.3651266494,0.0000000000,0.6539992794923192,33.18,2.7013266472616886
0.0295128768,0.0469174537,0.9062039579,0.9062039579,0.0019679962,0.0000000000,0.0868744899,0.0004416509,0.0000000000,0.0113769260,0.9131255101,0.0020669260,0.0074974649,0.0015828767,0.0774584937,0.0175671044,0.0000000000,0.4858477400,0.4783502751,0.0000000000,0.3887552159,0.0066176964,0.0597217953,0.0286755068,0.1575174275,0.1362227899,0.0023955142,0.0013072865,0.0077165237,0.0001943264,0.0027488349,0.3992806391,0.1412187444,0.2399294772,0.0000000000,0.9325628456921408,10.98,4.17768905396051
0.0017443044,0.0420571163,0.9055653000,0.9055653000,0.0055914645,0.0000000000,0.0896572442,0.0266490944,0.0000000000,0.0078202979,0.9103427558,0.0110375704,0.0016473986,0.0024323355,0.0150010175,0.0127334218,0.0000000000,0.0469799308,0.0453325322,0.0000000000,0.0082079211,0.0031106761,0.0002616457,0.0000000000,0.0044576667,0.0003779326,0.0001356681,0.0004942196,0.0021997616,0.0000775246,0.0000000000,0.8459682343,0.5483414573,0.2883432016,0.0000000000,0.05282744763243417,0.58,0.9160244538702033
0.0113822918,0.0679300066,0.9118387423,0.9118387423,0.0048091470,0.0002414230,0.0776770597,0.0000000000,0.0000000000,0.0128662388,0.9223229403,0.0070141442,0.0122642906,0.0277636501,0.1603081202,0.0498844388,0.0000000000,0.7313798454,0.7191155547,0.0001641677,0.5140089745,0.0029035145,0.0964114879,0.0366995217,0.1720541560,0.2059402945,0.0025301135,0.0014678521,0.0067534073,0.0001899195,0.0007564589,0.1669713962,0.0611122199,0.0871859086,0.0000000000,1.0392993324220732,12.98,3.520913777702755
0.0025261351,0.0187215603,0.8503948225,0.8503948225,0.0078831981,0.0009938892,0.0776277189,0.0613345613,0.0004141205,0.0163345696,0.9223722811,0.0012638958,0.0126422711,0.0010667744,0.1281620172,0.0023141054,0.0000000000,0.8297302088,0.8170879377,0.0000000000,0.6974452077,0.0112359178,0.1001144629,0.0508937549,0.3451081600,0.1900929121,0.0037502754,0.0011727893,0.0032848039,0.0000579769,0.0000000000,0.0866588591,0.0260895925,0.0475658824,0.0000000000,1.5269170556601395,19.86,3.538917602421474
0.0102349407,0.0966521918,0.8170179873,0.8170179873,0.0029506577,-0.0000052481,0.1268240697,0.0000000000,0.0514287474,0.0099738032,0.8731759303,0.0001370857,0.0069683574,0.1384190823,0.0278507645,0.1566735050,0.0000000000,0.6029900821,0.5960217247,0.0007130530,0.4147105192,0.0009153654,0.0044744020,0.1590904687,0.1252241411,0.1250061420,-0.0065338010,0.0009325516,0.0051250542,0.0000851811,0.0011126603,0.2213326617,0.0064919314,0.1943142730,0.0012078186,-2.601069517734383,-20.44,3.092281899591935
0.0273116380,0.2449517253,0.8412331756,0.8412331756,0.0018268149,0.0005057711,0.1563285549,0.0000000000,0.0000000000,0.0120932129,0.8436714451,0.0919295544,0.0072468691,0.0101984585,0.0312068302,0.0138747348,0.0000000000,0.4675740351,0.4603271659,0.0000000000,0.3312045655,0.1100391784,0.0485993161,0.0046878185,0.0737444422,0.0941338104,0.0035705928,0.0013587880,0.0060768017,0.0001887206,0.0000000000,0.2265476972,0.0548346431,0.1717130542,0.0000000000,1.4753471978540404,9.22,4.6560792218185245
0.0540184834,0.1092180939,0.9047384888,0.9047384888,0.0038953088,0.0000723139,0.0631348558,0.0000000000,0.0000000000,0.0101143042,0.9368651442,0.0015957267,0.0066528788,0.0001783743,0.0158126395,0.0050330475,0.0000000000,0.6768436429,0.6701907641,0.0000000000,0.6440902670,0.0084944728,0.0864729618,0.0041267132,0.1912027730,0.3537933462,0.0004435253,0.0012245154,0.0069276716,0.0001590906,0.0000000000,0.1450954302,0.0674399433,0.0776554869,0.0000000000,0.18404923316987296,2.8,2.8492388225354914
0.0122675395,0.0565153712,0.7893570066,0.7893570066,0.0052233564,0.0000000000,0.0469429541,0.0000000000,0.0000000000,0.0111964650,0.9530570459,0.0035943268,0.0039056857,0.0054574983,0.0288044318,0.0266597919,0.0000000000,0.4561756164,0.4522699307,0.0257406605,0.3715383121,0.0071139275,0.1452377038,0.0057215306,0.0503753743,0.1630897760,0.0017834636,0.0010386932,0.0052283381,0.0001245435,0.0000000000,0.4420772867,0.1433944593,0.2945081277,0.0000000000,0.7094772435917286,15.55,2.510649714371716
0.0052294519,0.1140793331,0.9050712803,0.9050712803,0.0038177575,0.0000000000,0.0565347540,0.0000000000,0.0120251632,0.0106443818,0.9434652460,0.0520059971,0.0081713405,0.0170845935,0.0538710824,0.0226334798,0.0000000000,0.5522455730,0.5440742325,0.0043278222,0.4193659740,0.1441628498,0.0276362362,0.0110514032,0.0830220564,0.1534934284,0.0030294756,0.0030809973,0.0066669071,0.0002009346,0.0000000000,0.3066725745,0.0709814367,0.2356911378,0.0000000000,1.142313184198001,21.43,2.703840218347852
0.0141681638,0.0712557861,0.8695307084,0.8695307084,0.0041974256,0.0013272362,0.0781208575,0.0000000000,0.0032686896,0.0126252106,0.9218791425,0.1651503350,0.0072289911,0.0098719365,0.0603398449,0.0172853574,0.0000000000,0.7629253207,0.7556963297,0.0086994897,0.5088847429,0.1542739145,0.0400097484,0.1056585380,0.0821305599,0.1268119820,0.0018047777,0.0008332277,0.0052562504,0.0001613761,0.0000263471,0.1231447922,0.0490204635,0.0741243288,0.0000000000,0.7338466688985604,9.27,3.635159406676356
0.0071080856,0.0329538868,0.9376179415,0.9376179415,0.0034843130,0.0004140209,0.0564506640,0.0000000000,0.0041271349,0.0105095944,0.9435493360,0.0112744436,0.0083174625,0.2672374345,0.0371180657,0.2857114841,0.0000000000,0.6263504709,0.6180330084,0.0063127296,0.2856809773,0.0382969358,0.0076506709,0.0080407222,0.0434678393,0.1882248090,0.0014054921,0.0022683989,0.0074327652,0.0001721455,0.0021812366,0.3195413520,0.1245135254,0.1893906048,0.0000000000,0.5582633250206914,9.96,2.8958528181008765
0.0029013969,0.0087140594,0.8255559777,0.8255559777,0.0046678937,0.0000000000,0.1226629692,0.0204380715,0.0000000000,0.0132832661,0.8773370308,0.1030390652,0.0079985789,0.0301587380,0.1260133918,0.0583091961,0.0033257509,0.5252416597,0.5172430808,0.0000000000,0.2343322099,0.0466493307,0.0087634029,0.0184593977,0.0238871811,0.1365728976,0.0027977756,0.0014062893,0.0064738652,0.0001825709,0.0000000000,0.4256911789,0.2667311422,0.1379249091,0.0000000000,1.0962320647878951,9.21,3.502024545260809
0.0030398417,0.0865005846,0.8837305513,0.8837305513,0.0029858800,0.0010972210,0.1130497347,0.0000000000,0.0000000000,0.0122313158,0.8869502653,0.1653206224,0.0120154690,0.0784423060,0.0309919957,0.1164673082,0.0000000000,0.7290403813,0.7170249123,0.0121593668,0.4026621099,0.1035344905,0.0000000000,0.0000000000,0.0320712294,0.2670563900,0.0011331954,0.0007914381,0.0074467128,0.0002338340,0.0000000000,0.1707167911,0.0235093084,0.1472074827,0.0000000000,0.4382494369712094,4.02,3.7459802680124983
0.0253173025,0.0331035252,0.8798766097,0.8798766097,0.0058213938,0.0001387521,0.0762182620,0.0021196861,0.0025210761,0.0127961645,0.9237817380,0.0191415953,0.0111893656,0.0035641945,0.0672080476,0.0108660237,0.0000000000,0.7489751547,0.7377857891,0.0189446169,0.6168385582,0.0310135717,0.0366070157,0.0306679303,0.3955017065,0.1230483340,0.0016538755,0.0011372717,0.0060456271,0.0001201692,0.0000000000,0.1614033784,0.0194413989,0.1314316863,0.0000000000,0.6538836895203506,8.74,2.9679065452091766
0.0105585654,0.0200612743,0.9139909646,0.9139909646,0.0034329762,0.0000750062,0.0628263491,0.0405956646,0.0025386715,0.0094853998,0.9371736509,0.0580836492,0.0071025104,0.0276022825,0.0510792239,0.0346124776,0.0000000000,0.4761509125,0.4690484021,0.0584182923,0.2697915405,0.1296222572,0.0144300394,0.0000000000,0.0053831375,0.1203561064,0.0010847051,0.0010385474,0.0058851020,0.0001673215,0.0000000000,0.4143977290,0.1087647632,0.3056329658,0.0000000000,0.4373427935852513,6.85,2.632016384239265
0.0167724388,0.0323020974,0.9051819858,0.9051819858,0.0031476973,0.0000203734,0.0712917783,0.0175211629,0.0009473652,0.0101714425,0.9287082217,0.1161541047,0.0074159341,0.0051392016,0.0504599305,0.0068454776,0.0000000000,0.6003035643,0.5928876303,0.0426670877,0.3841413102,0.1304817301,0.0116790775,0.0132936730,0.0743019548,0.1543848748,0.0013446474,0.0007640042,0.0062139008,0.0001426141,0.0028726558,0.3188291381,0.0810863121,0.2377428260,0.0000000000,0.5297574704080787,7.61,2.948274249368628
0.0165507432,0.0118540644,0.8485683806,0.8485683806,0.0043894460,0.0002332693,0.1066012375,0.0000000000,0.0084005405,0.0138112510,0.8933987625,0.0488642344,0.0091714672,0.0116862243,0.0975691629,0.0147272598,0.0000000000,0.8070236825,0.7978522153,0.0003698172,0.6452713178,0.1375037337,0.0734684589,0.0228461703,0.1367043596,0.2747485954,0.0039172178,0.0021506294,0.0063352535,0.0001678401,0.0000000000,0.1222331271,0.0717900576,0.0458231989,0.0000000000,1.5736670757020146,14.79,4.111081113790182
0.0063715612,0.0362187252,0.9030499264,0.9030499264,0.0041752519,0.0000724556,0.0746699875,0.0000000000,0.0051443451,0.0116834598,0.9253300125,0.0012181592,0.0085905128,0.0117287445,0.0773825427,0.0197260274,0.0000000000,0.7456266274,0.7370361146,0.0000407563,0.6472591419,0.0169772444,0.0383652213,0.0232537077,0.3081942715,0.2604686969,0.0009555078,0.0012906147,0.0077708593,0.0002173667,0.0000000000,0.1798030114,0.1192346881,0.0605683233,0.0000000000,0.3842817823571863,5.1,3.1871437770921642
0.0075676151,0.0468463873,0.8975381503,0.8975381503,0.0037046484,-0.0012595101,0.0796868816,0.0005206913,0.0151580984,0.0104366947,0.9203131184,0.0849448085,0.0099019306,0.0087567615,0.0416254013,0.0148766437,0.0000000000,0.6400633273,0.6301613967,0.0172654910,0.4812735828,0.1678103698,0.0157790580,0.0453845816,0.0961220810,0.1561774924,0.0016799332,0.0014107920,0.0077083425,0.0001935002,0.0000000000,0.2704586833,0.1225489248,0.0912177317,0.0000000000,0.6649676916221035,8.53,2.8749820407527014
0.0148954489,0.0883726716,0.8334085382,0.8334085382,0.0049976707,0.0000000000,0.0992899844,0.0000000000,0.0005219627,0.0116295236,0.9007100156,0.0680575915,0.0123856377,0.0141247003,0.1038217912,0.0189174884,0.0000000000,0.8047591289,0.7923734911,0.0007219671,0.6129671139,0.2250049391,0.0051684061,0.0044976597,0.1589986122,0.2192974968,0.0024561515,0.0005487925,0.0046074182,0.0001195148,0.0000000000,0.0824822984,0.0824822984,0.0000000000,0.0000000000,1.0000670352779357,10,2.8745300410326213
0.0023865101,0.3954464690,0.8786363795,0.8786363795,0.0032226597,0.0000000000,0.1140821517,0.0000000000,0.0053304533,0.0110267219,0.8859178483,0.0528516183,0.0078737414,0.0460404836,0.0759328293,0.0849911159,0.0000000000,0.3897502003,0.3818764589,0.0000000000,0.1759746368,0.0495941191,0.0000000000,0.0000000000,0.0977249765,0.0286555412,0.0033620179,0.0006445319,0.0040588092,0.0000870989,0.0014981012,0.1837090200,0.0609169773,0.1227920426,0.0000000000,1.4077572530498368,11.67,3.5652468018224144
0.0046598469,0.0884037279,0.8116606000,0.8116606000,0.0021181122,0.0000000000,0.1776468558,0.0207810343,0.0093746078,0.0101590938,0.8223531442,0.0549061755,0.0073741684,0.0099551274,0.0674108824,0.0135716079,0.0000000000,0.4414224300,0.4340482616,0.0081194301,0.2974143341,0.1193281662,0.0000000000,0.0022514748,0.0662812225,0.1095534706,0.0044872599,0.0005099159,0.0032556169,0.0001255178,0.0000000000,0.4043946906,0.1743912389,0.2117484624,0.0000000000,1.7802399589175393,10.18,3.451047729673539
0.0020933148,0.0193659607,0.8125867550,0.8125867550,0.0042314064,0.0001679130,0.0931357184,0.0248287288,0.0000000000,0.0129069091,0.9068642816,0.1659875521,0.0171159271,0.0197801460,0.0875162316,0.0299668652,0.0000000000,0.5499820893,0.5328661622,0.0000000000,0.2648435051,0.1292705861,0.0025858595,0.0000000000,0.0406349348,0.0923521247,0.0026306363,0.0008507590,0.0058209824,0.0001231362,0.0000000000,0.3892558098,0.1367706981,0.2524851117,0.0000000000,1.068218234712547,11.35,3.730579924666354
0.0047151434,0.0222030461,0.7135304591,0.7135304591,0.0070381253,0.0000000000,0.1131525194,0.0081923342,0.0000000000,0.0143238411,0.8868474806,0.2339657815,0.0076461785,0.0040160643,0.0551799219,0.0051520679,0.0000000000,0.7198148897,0.7121687111,0.0000000000,0.4060011578,0.1460456513,0.0000000000,0.0005789249,0.2557610314,0.0036155501,0.0034043700,0.0002075391,0.0034225752,0.0000546156,0.0000000000,0.2063776411,0.0978965727,0.0673446278,0.0000000000,1.3662399906481968,12.19,3.121003213026796
0.0054992297,0.0077891019,0.8426088629,0.8426088629,0.0052339936,0.0000000000,0.1252467249,0.0133325376,0.0000000000,0.0127865932,0.8747532751,0.1081257308,0.0148333322,0.0073978786,0.0225450736,0.0192826688,0.0062728352,0.7598507605,0.7450174282,0.0000000000,0.6033371129,0.2700921917,0.0241762760,0.0035210100,0.0627681372,0.2427794981,0.0032380914,0.0007912879,0.0049621265,0.0001259872,0.0001458799,0.2104693133,0.0730084632,0.1374608500,0.0000000000,1.303188029350641,10.31,3.142462676358302
0.0153964264,0.0748139484,0.8048460502,0.8048460502,0.0047586843,0.0001625412,0.0893193006,0.0001973715,0.0259354827,0.0122341290,0.9106806994,0.0134677007,0.0063913528,0.0141454396,0.0551392049,0.0192234013,0.0000000000,0.5945496447,0.5881582919,0.0020216064,0.4969262295,0.0421475178,0.1102305183,0.0077860145,0.1630201319,0.1737420471,0.0015949357,0.0013220986,0.0069863698,0.0001697975,0.0000000000,0.2614170691,0.0729418219,0.1713169902,0.0000000000,0.6500328639226586,7.09,3.334201783613476
0.0089554118,0.1555598181,0.8993744999,0.8993744999,0.0026784314,0.0002247844,0.0214524271,0.0002068017,0.0000000000,0.0112542072,0.9785475729,0.0000000000,0.0043867931,0.0010050362,0.1316787201,0.0015555083,0.0000000000,0.3432488244,0.3388620313,0.0000000000,0.2105071237,0.0000000000,0.0357796873,0.0183823713,0.1364731223,0.0198719428,0.0023807169,0.0018891883,0.0070911995,0.0001208841,0.0000000000,0.4673008585,0.0974445507,0.1747374268,0.0000000000,0.986517660963728,46.33,3.750910116784438
0.0109931747,0.0332186978,0.8275230928,0.8275230928,0.0047280848,0.0000000000,0.0820340331,0.0000000000,0.0088519415,0.0114085815,0.9179659669,0.0000000000,0.0054355352,0.0000138469,0.0556833946,0.0002265855,0.0000000000,0.6815176699,0.6760821347,0.0000000000,0.6262824112,0.0035448048,0.0205588606,0.0421285445,0.4606584576,0.0993917437,0.0016414863,0.0006382159,0.0051963615,0.0001258809,0.0015634402,0.2301517368,0.0260724419,0.1156631026,0.0000000000,0.6544340857777897,8.03,2.8509630461307256
0.0143238015,0.0350520227,0.8196425306,0.8196425306,0.0044832863,0.0000000000,0.0748472044,0.0138598805,0.0023465548,0.0110378548,0.9251527956,0.1777529669,0.0090628218,0.0064121197,0.0448983128,0.0150052456,0.0000000000,0.5995803536,0.5905175318,0.0022580055,0.3420849495,0.1541276456,0.0127048904,0.0067663166,0.0731031695,0.0953829273,0.0020347075,0.0004793209,0.0050126568,0.0001462987,0.0000596745,0.3175876108,0.2359952645,0.0447808888,0.0000000000,0.8246272550230002,10.69,2.8290952295887637
0.0026435600,0.1456895286,0.8826898655,0.8826898655,0.0050279474,0.0000000000,0.1102347239,0.0336924313,0.0000000000,0.0132782736,0.8897652761,0.2057138908,0.0145395800,0.0240166562,0.0808445569,0.0468152013,0.0000000000,0.7620536833,0.7475141033,0.0000000000,0.4285850043,0.2290221420,0.0136411151,0.0000000000,0.0625469750,0.1233747721,0.0044232115,0.0004492324,0.0034210776,0.0000863908,0.0000000000,0.0578645910,0.0180470485,0.0386167097,0.0000000000,1.761008452496625,16.12,3.3711930669914305
0.0149399857,0.0281878522,0.8556475921,0.8556475921,0.0056198398,0.0001156346,0.0766830611,0.0000000000,0.0073543583,0.0118467611,0.9233169389,0.1115044828,0.0099734811,0.0019388062,0.0684036263,0.0025902142,0.0000000000,0.7847385503,0.7747650691,0.0024630162,0.5996577217,0.2028114617,0.0513051288,0.0644662694,0.1709001765,0.1101746853,-0.0003642489,0.0011062373,0.0077648610,0.0001464704,0.0019773510,0.1380734511,0.0242659132,0.1071334962,0.0000000000,-0.14421192285425155,-1.87,2.644220932801925
0.0076342335,0.1727536109,0.8860997737,0.8860997737,0.0025059742,0.0001480322,0.1049548502,0.1030938736,0.0016495020,0.0146023220,0.8950451498,0.1850508596,0.0078880030,0.0257787553,0.1407257809,0.0346395415,0.0000000000,0.6076828727,0.5997948696,0.0012159790,0.2428997399,0.1023431387,0.0360987163,0.0091462770,0.0635798422,0.0317317656,0.0039440015,0.0005921289,0.0068940724,0.0002009009,0.0000000000,0.1009262588,0.0061327638,0.0947934950,0.0000000000,1.5909575602473875,15.04,5.253248840519815
0.0145549885,0.0167236710,0.8677535255,0.8677535255,0.0042078914,0.0000000000,0.1229297714,0.0646288963,0.0007876310,0.0100935447,0.8770702286,0.2438419128,0.0106977547,0.0056213114,0.0393222058,0.0092843348,0.0000000000,0.5719657327,0.5612679779,0.0000000000,0.2795172793,0.2430273081,0.0000000000,0.0000000000,0.0114314383,0.0250585328,0.0013918410,0.0003668418,0.0041485494,0.0000755263,0.0000000000,0.2773809652,0.0128017004,0.2645792648,0.0000000000,0.5568054903611143,4.49,2.610859836791347
0.0072600986,0.0345865112,0.8631396559,0.8631396559,0.0037273496,0.0004490783,0.1342706595,0.0156616046,0.0000000000,0.0089329152,0.8657293405,0.0394627527,0.0127089150,0.0114440112,0.0834237727,0.0436354383,0.0000000000,0.4239074300,0.4111985150,0.0000000000,0.2571010501,0.0389425704,0.0042737282,0.0015193815,0.0809351306,0.1314302394,0.0020283368,0.0003892012,0.0031136093,0.0000935580,0.0000000000,0.5229404148,0.4168494166,0.0087944494,0.0000000000,0.8016906502088352,6.03,2.128624141367576
0.0007998680,0.0190190826,0.8519228572,0.8519228572,0.0052435788,0.0000000000,0.1254903952,0.0000000000,0.0000000000,0.0129883321,0.8745096048,0.1397483590,0.0070337595,0.0142198748,0.0891535366,0.0166448713,0.0000000000,0.6021355205,0.5951017610,0.0111854551,0.3450731943,0.1143684217,0.0805581301,0.0121757678,0.0355877760,0.1023830987,0.0028058860,0.0011299722,0.0053578457,0.0001269632,0.0000000000,0.3280982187,0.1465916738,0.1812272260,0.0000000000,1.086796164248832,8.96,3.242977425421487
0.0071438441,0.0343989397,0.8367508815,0.8367508815,0.0030294812,0.0001125821,0.0681786780,0.0767605021,0.0000000000,0.0103780199,0.9318213220,0.0032904669,0.0072359567,0.0025433313,0.0757574982,0.0066832811,0.0000000000,0.5879905636,0.5807546069,0.0000000000,0.5020955617,0.0065041732,0.0424076187,0.0344603481,0.1886721968,0.2300512248,0.0011002339,0.0013356327,0.0070363794,0.0001944599,0.0000000000,0.2749049449,0.0156540251,0.2592509198,0.0000000000,0.4488646594761332,6.51,3.1576488050245315
0.0128992581,0.1905618222,0.8592213737,0.8592213737,0.0040324778,0.0001556941,0.0887767891,0.0046241155,0.0246463797,0.0113812404,0.9112232109,0.0781973734,0.0059475155,0.0038689990,0.1401947733,0.0138489923,0.0000000000,0.5116653822,0.5057178667,0.0000000000,0.2790194384,0.1416193746,0.0100500557,0.0000000000,0.0713468320,0.0560031762,0.0028102789,0.0008329636,0.0052546767,0.0001556941,0.0000000000,0.2443619266,0.0000000000,0.2438014277,0.0000000000,1.1579512922704345,12.48,3.261216910653366
0.0120726122,0.0415921182,0.8799155325,0.8799155325,0.0033882078,0.0000000000,0.1030042336,0.0000000000,0.0000000000,0.0108436230,0.8969957664,0.0237446147,0.0063214859,0.0032014829,0.1048035824,0.0079239249,0.0000000000,0.7411144420,0.7347929561,0.0040027024,0.6001812929,0.2136064722,0.0335052334,0.0180342284,0.0786349393,0.2564004196,0.0029977831,0.0009302294,0.0053742815,0.0001527749,0.0000000000,0.1766926610,0.0634592991,0.1095328144,0.0000000000,1.1842414082145851,11.26,3.1572818046539712
0.0113222098,0.1649326977,0.9158440830,0.9158440830,0.0027201346,0.0000000000,0.0810011217,0.0434660684,0.0000000000,0.0102846326,0.9189988783,0.0080832866,0.0046060011,0.0113081884,0.0294026921,0.0199943915,0.0000000000,0.3028042625,0.2981982614,0.0000000000,0.2453238923,0.0124228828,0.0268017386,0.0113222098,0.1035824453,0.0911946158,0.0017526640,0.0005748738,0.0063867078,0.0002313517,0.0000000000,0.4750140213,0.0958917555,0.3791222658,0.0000000000,0.6953305079737025,8.65,3.1126720948513977
0.0079845897,0.0796913180,0.8881027830,0.8881027830,0.0062901682,0.0000000000,0.0869684124,0.0000000000,0.0000000000,0.0126932978,0.9130315876,0.0772240025,0.0098930434,0.0141082884,0.0883893483,0.0280798340,0.0000000000,0.6995939334,0.6897008900,0.0000000000,0.5058710218,0.2207385300,0.0256481905,0.0015041707,0.0407017878,0.2172783429,0.0029548333,0.0004696817,0.0039179781,0.0001129614,0.0000000000,0.1790735973,0.1727537025,0.0049167950,0.0000000000,1.1874221650146486,13.68,2.753313818976647
0.0052958103,0.0337748209,0.8958694721,0.8958694721,0.0047039856,0.0000204077,0.1006101916,0.0000000000,0.0000000000,0.0121222016,0.8993898084,0.0277749434,0.0077753515,0.0051631599,0.0882635048,0.0096120487,0.0000000000,0.7690353258,0.7612599743,0.0001224465,0.6394665415,0.2437705353,0.0031019775,0.0235709475,0.2064753781,0.1625477031,0.0023877064,0.0005306014,0.0055611110,0.0001632620,0.0000000000,0.1885981919,0.0551009163,0.1327421889,0.0000000000,0.9523809523809524,9.61,3.087917513950315
0.0169116138,0.0833695305,0.8993847285,0.8993847285,0.0028734946,0.0003961795,0.0964386805,0.0000000000,0.0057804020,0.0133030391,0.9035613195,0.0393029150,0.0103197598,0.0029403201,0.0272313736,0.0057756288,0.0000000000,0.8132944473,0.8029746875,0.0000000000,0.7405740307,0.1906434814,0.0405010000,0.0345058019,0.2014930716,0.2734306757,0.0035608422,0.0025823266,0.0088161870,0.0002720751,0.0002052496,0.0634030386,0.0231645672,0.0398088792,0.0000000000,1.444560628945432,14.85,4.582802430877811
0.0087143133,0.0902544256,0.8410053112,0.8410053112,0.0031876159,0.0009383264,0.0982818301,0.0000000000,0.0000000000,0.0125933276,0.9017181699,0.0402402834,0.0096705981,0.0470869231,0.0636625258,0.0828645443,0.0000000000,0.7186367779,0.7089661798,0.0000673440,0.5304058149,0.1896945725,0.0293215766,0.0000000000,0.0652159273,0.2461737385,0.0030933343,0.0012750464,0.0057421982,0.0001526464,0.0000000000,0.1601619848,0.0019933823,0.1581686024,0.0000000000,1.2410780627293811,12.71,4.0053149286403915
0.0106828848,0.0880062240,0.8453240419,0.8453240419,0.0044797845,0.0000711077,0.0748052904,0.0000000000,0.0000000000,0.0132302132,0.9251947096,0.0462952893,0.0083781591,0.0111513590,0.0694847620,0.0218300610,0.0000000000,0.7055890645,0.6972109054,0.0114106929,0.5563925814,0.1103382216,0.0757757012,0.0416314614,0.1624266963,0.1662205008,0.0041953537,0.0016229285,0.0061068958,0.0001422154,0.0000000000,0.1695500138,0.0011586371,0.1683913767,0.0000000000,1.6694303256262963,22.36,3.7005098814404036
0.0049237899,0.1432822852,0.8303247529,0.8303247529,0.0029832374,0.0000000000,0.0940950726,0.0126715180,0.0137648890,0.0108685421,0.9059049274,0.0745881757,0.0121212121,0.0149161870,0.0499257811,0.0281018066,0.0000000000,0.5005901307,0.4884689186,0.0000000000,0.3477643822,0.1363238116,0.0330907643,0.0000000000,0.0977155063,0.0806343000,0.0029470331,0.0008182180,0.0053147967,0.0001955034,0.0000000000,0.2909887405,0.0777886391,0.2132001014,0.0000000000,1.1403115544099518,12.38,3.3188318565191888
0.0117859345,0.0500766600,0.7009276284,0.7009276284,0.0051256538,0.0000000000,0.1179114513,0.0000000000,0.0048158733,0.0127638131,0.8820885487,0.0303442132,0.0022783856,0.0057966070,0.0547526324,0.0078044700,0.0000000000,0.4815573536,0.4792789680,0.0001120635,0.3882506110,0.0231850003,0.0640710297,0.0051663393,0.2231475983,0.0726806434,0.0051349330,0.0005424728,0.0030456990,0.0000713780,0.0000000000,0.4365999235,0.0008822320,0.4357176915,0.0000000000,2.064703514573681,17.81,3.211878638350749
0.0025157171,0.0185700290,0.8794080434,0.8794080434,0.0044505054,0.0000000000,0.0668905048,0.0612682956,0.0000000000,0.0127312023,0.9331094952,0.0070203768,0.0103631790,0.0257184071,0.0987480492,0.0654923372,0.0000000000,0.6495079336,0.6391447547,0.0000000000,0.4777056266,0.0142770637,0.1048428785,0.0000000000,0.1615129749,0.1970727096,0.0023384846,0.0009452401,0.0060997524,0.0001476938,0.0000000000,0.2623041211,0.0760425949,0.1862615263,0.0000000000,0.9635132736631253,13.44,3.5083876956129507
0.0002155095,0.0903942627,0.8771116938,0.8771116938,0.0053218874,0.0000000000,0.1172611137,0.0000000000,0.0000000000,0.0104103061,0.8827388863,0.1307663757,0.0106737066,0.0085365708,0.0244303964,0.0149838967,0.0000000000,0.3613435820,0.3506698754,0.0033224381,0.1876848293,0.1675646229,0.0008919699,0.0000000000,0.0165283814,0.0026998551,0.0012331933,0.0003951008,0.0038671983,0.0001077548,0.0000000000,0.5325958119,0.1097302539,0.2686026603,0.0000000000,0.48580752235215735,4.11,2.0743343827024914
0.0403189652,0.0285550328,0.8836279298,0.8836279298,0.0061748689,0.0001793282,0.0756227173,0.0001912835,0.0037778482,0.0139995577,0.9243772827,0.1247407213,0.0080040170,0.0125768870,0.0936571603,0.0225535145,0.0000000000,0.7521863101,0.7441822931,0.0108613135,0.5003736005,0.2272327860,0.0551792983,0.0083746286,0.0817198773,0.1278670102,0.0013031185,0.0011058575,0.0073165920,0.0001793282,0.0000000000,0.1589565488,0.1062639353,0.0394342792,0.0000000000,0.5146911263000082,6.91,3.397639302562505
0.0015299046,0.0606814510,0.7030269235,0.7030269235,0.0070489998,0.0000000000,0.2466721000,0.0000000000,0.0000000000,0.0114528375,0.7533279000,0.0859177283,0.0034172636,0.0043609431,0.0155564134,0.0052617281,0.0000000000,0.2152304151,0.2118131515,0.0000000000,0.1084945452,0.1084945452,0.0000000000,0.0000000000,0.0000000000,0.0000000000,0.0018015699,0.0000571927,0.0023020060,0.0000571927,0.0000000000,0.6950342441,0.0977423183,0.1956276184,0.0000000000,0.7063720646666807,2.93,1.7930171297172215
0.0169215015,0.1577315457,0.6780017300,0.6780017300,0.0075909837,0.0000954041,0.1044165723,0.0018222177,0.0005978655,0.0140721000,0.8955834277,0.1441778077,0.0112099780,0.0033518629,0.0738872706,0.0045030720,0.0000000000,0.5975029575,0.5862929795,0.0000000000,0.3738949029,0.2006252147,0.0053489881,0.0008745373,0.1256217165,0.0414244463,0.0015805274,0.0016059685,0.0059500337,0.0001367458,0.0000381616,0.1990828489,0.0162218717,0.1472625393,0.0000000000,0.6293160619629407,6.12,2.7728598518669694
0.0137959627,0.0385572139,0.8884885915,0.8884885915,0.0045176417,0.0001858523,0.1062074684,0.0000000000,0.0000000000,0.0099502488,0.8937925316,0.1181735003,0.0093069137,0.0471921999,0.0914250586,0.0507233945,0.0000000000,0.4706639218,0.4613570081,0.0000000000,0.2103419683,0.0701664093,0.0094355807,0.0005003717,0.0189712358,0.1112683708,0.0016440785,0.0013724481,0.0040172700,0.0001572597,0.0000000000,0.4328930062,0.0587722308,0.3228112312,0.0000000000,0.6767791198928923,6.17,2.4357022674465187
0.0193814298,0.1444015486,0.8661798290,0.8661798290,0.0012549753,0.0000000000,0.1252213063,0.0000000000,0.0005633251,0.0134241034,0.8747786937,0.0000000000,0.0113980903,0.0003904126,0.0198196925,0.0033408008,0.0000000000,0.5865476216,0.5751495313,0.0012593253,0.5643278161,0.0005404876,0.1567501142,0.0072862518,0.2745862061,0.1251647563,0.0057126389,0.0021260630,0.0070785393,0.0001381125,0.0013539378,0.2352328338,0.0000000000,0.2352328338,0.0000000000,2.288780433606904,18.51,5.16619604190436
0.0041552755,0.0182545550,0.9178630994,0.9178630994,0.0052385128,0.0000000000,0.0526545046,0.1673859592,0.0015704076,0.0107807906,0.9473454954,0.0716713378,0.0064363784,0.0047226855,0.0768983878,0.0150392315,0.0000000000,0.4343151246,0.4278787462,0.0019429495,0.2684594531,0.1420760329,0.0011004316,0.0072846278,0.0656361583,0.0523622025,0.0013927337,0.0001719424,0.0043444122,0.0001146283,0.0000000000,0.3700946257,0.3017876282,0.0678886042,0.0000000000,0.5808151729000722,10.41,2.3997642423960417
0.0055880946,0.0637549369,0.8012739730,0.8012739730,0.0056443820,0.0000000000,0.1562321170,0.0020920175,0.0002095145,0.0134120524,0.8437678830,0.0001407187,0.0092717965,0.0027987379,0.0189219699,0.0032803085,0.0000000000,0.7117518848,0.7024800883,0.0127772549,0.6788581149,0.0030614128,0.0875082477,0.0422499977,0.4825680844,0.0634703725,0.0018543593,0.0008630745,0.0068389272,0.0001532270,0.0000000000,0.1719582097,0.0240879085,0.1420289130,0.0000000000,0.7646149606007321,4.72,3.4207160575008047
0.0096965176,0.0583231975,0.8255107129,0.8255107129,0.0037068273,0.0003743556,0.0919770640,0.0000000000,0.0000000000,0.0114185536,0.9080229360,0.0000000000,0.0081228113,0.0000000000,0.0505154100,0.0000720458,0.0000000000,0.7193081343,0.7111853230,0.0000000000,0.6686966631,0.0004280368,0.0849674311,0.0528039238,0.2783016402,0.2521956312,0.0018449377,0.0011075277,0.0059628498,0.0000875851,0.0000000000,0.1854345987,0.0352530008,0.1412281408,0.0000000000,0.7406325716708041,8.06,3.253815812805753
0.0091212826,0.0629356604,0.8531659899,0.8531659899,0.0024000095,-0.0002611908,0.0854156362,0.0000000000,0.0000000000,0.0083654723,0.9145843638,0.0005665745,0.0043983177,0.0172799552,0.0509509103,0.0358953265,0.0000000000,0.4213523793,0.4169540616,0.0022340032,0.3315763859,0.0089603755,0.0746291912,0.0035116287,0.1238747123,0.1206004783,0.0024487349,0.0012487302,0.0042770708,0.0001427768,0.0000000000,0.4925770244,0.0273462841,0.4652318734,0.0000000000,0.9679216391065424,11.7,2.4625502738034784
0.0255742940,0.1853420347,0.9084244101,0.9084244101,0.0012708391,0.0000322185,0.0853037305,0.0000000000,0.0000000000,0.0102204100,0.9146962695,0.0000000000,0.0064365314,0.0036872232,0.0348532091,0.0085522100,0.0000000000,0.4688895014,0.4624529700,0.0000000000,0.4254840823,0.0013102172,0.0529599811,0.0077718074,0.2313428294,0.1320992472,0.0030249550,0.0017397966,0.0066405817,0.0001968906,0.0013782339,0.3105572719,0.0000000000,0.3105572719,0.0000000000,1.222226440952541,14.29,3.8132135475850917
0.0182712263,0.1159367509,0.8933022057,0.8933022057,0.0043697512,0.0002128356,0.0729047045,0.0000000000,0.0013583641,0.0117125792,0.9270952955,0.0119641982,0.0052333908,0.0025866619,0.0526200535,0.0080385639,0.0000000000,0.5467415343,0.5415081436,0.0003911445,0.4727343414,0.0646939803,0.0849313345,0.0081809273,0.1975989307,0.1173291687,0.0017381574,0.0018374806,0.0067000645,0.0001598632,0.0000000000,0.2951164163,0.0200188430,0.2297413622,0.0000000000,0.7024758930105321,9.64,3.184212867450345
0.0053277663,0.1508370323,0.8799968389,0.8799968389,0.0023774087,0.0002436679,0.1131936304,0.0235106621,0.0000000000,0.0149954559,0.8868063696,0.0126180472,0.0100496556,0.0231286962,0.0677265124,0.0614043175,0.0000000000,0.6716805184,0.6616308628,0.0000000000,0.5299316413,0.0036813614,0.1871962383,0.0039513718,0.0845527706,0.2505498992,0.0066778183,0.0009812573,0.0063485373,0.0001448836,0.0000000000,0.1351698431,0.0134478353,0.1217220078,0.0000000000,2.688612176310914,24.24,5.260683188671409
0.0196521187,0.1665799316,0.8988595068,0.8988595068,0.0002072822,0.0003307695,0.0872702255,0.0022271813,0.0000000000,0.0120400099,0.9127297745,0.0023550789,0.0062802103,0.0253281233,0.0795213986,0.0602926649,0.0000000000,0.5099539569,0.5036737466,0.0084235967,0.3593876795,0.0209266838,0.0355599266,0.0004586670,0.0781277564,0.2243146456,0.0028843101,0.0013054370,0.0094159052,0.0001764104,0.0000000000,0.2696344776,0.0435601383,0.2260743393,0.0000000000,1.1779379781433068,13.18,5.201704173674491
0.0226594288,0.2380547211,0.8298237442,0.8298237442,0.0022198350,0.0002852036,0.1614727916,0.0000000000,0.0000000000,0.0142459216,0.8385272084,0.0259440240,0.0083041792,0.0464216451,0.0601589535,0.0967933605,0.0000000000,0.6066423927,0.5983382135,0.0000000000,0.4229569913,0.0298750808,0.0417062783,0.0000000000,0.0592272883,0.2921483439,0.0062221926,0.0023576834,0.0064408488,0.0001663688,0.0000000000,0.1246434955,0.0891499030,0.0354935924,0.0000000000,2.5086840907457537,15.69,5.11454663991469
0.0180794117,0.0239709110,0.8268749544,0.8268749544,0.0034539167,0.0003036855,0.0926564790,0.0000000000,0.0057335828,0.0147226744,0.9073435210,0.0460589717,0.0084181628,0.0124956472,0.1312852781,0.0154758145,0.0000000000,0.7368301710,0.7284120081,0.0022027324,0.5418073743,0.1748985690,0.0503915519,0.0044419070,0.2090449698,0.1030303767,0.0037495040,0.0022391746,0.0094587919,0.0002510467,0.0000000000,0.2088911024,0.0200351465,0.1888559559,0.0000000000,1.5193746936331063,16.15,4.827982521766472
0.0273788649,0.0301092272,0.9167934502,0.9167934502,0.0048868513,0.0003800318,0.0672311881,0.0000000000,0.0072741649,0.0137704124,0.9327688119,0.0450261112,0.0071683171,0.0131710334,0.0716920978,0.0304178436,0.0000000000,0.6091462676,0.6019779505,0.0045195723,0.4583157452,0.0926537821,0.0663882318,0.0145725599,0.1722678841,0.1124332872,0.0017394742,0.0019078104,0.0083377437,0.0001823642,0.0004208405,0.3214494768,0.1123032092,0.1104846680,0.0000000000,0.7024310861804152,10.3,3.7993401877989967
0.0110682312,0.0314623971,0.9301518345,0.9301518345,0.0039750769,0.0000404245,0.0655928120,0.0000000000,0.0064598369,0.0099457773,0.9344071880,0.0519832265,0.0079366790,0.0073801683,0.0430521045,0.0191666083,0.0000000000,0.4612490635,0.4533123845,0.0009877056,0.3453236925,0.1132357935,0.0261748710,0.0007545909,0.0937713913,0.1113870458,0.0012558548,0.0003328285,0.0047849147,0.0001778678,0.0000000000,0.4713673187,0.1084616587,0.3388382534,0.0000000000,0.5051264645347836,7.64,2.551342823376657
0.0145499550,0.0287825718,0.9469331249,0.9469331249,0.0029750453,0.0000595009,0.0488700778,0.0677120315,0.0000000000,0.0108251982,0.9511299222,0.0202660087,0.0085839974,0.0071877095,0.0390722619,0.0161802798,0.0000000000,0.5788605180,0.5702765205,0.0000000000,0.5009262308,0.0352285033,0.0195480311,0.0068069037,0.3005787455,0.1387640472,0.0003966727,0.0008012789,0.0083499605,0.0002221367,0.0000000000,0.2898844492,0.0916194957,0.1585104146,0.0000000000,0.1574722553570093,3.21,3.3261063211146404
0.0171389211,0.0150597816,0.9125795563,0.9125795563,0.0034160922,-0.0000686269,0.0340440025,0.0594766059,0.0000000000,0.0095340491,0.9659559975,0.0162594807,0.0035330121,0.0033322150,0.0511676732,0.0105024502,0.0000000000,0.3494886029,0.3459555908,0.0000000000,0.2696526973,0.0006278086,0.0571509181,0.0007752293,0.1509231583,0.0601755831,0.0022697696,0.0011615730,0.0050936375,0.0001118364,0.0000000000,0.5169787918,0.2598212652,0.2499059558,0.0000000000,0.9089891185961054,25.92,2.647607995622152
0.0133102337,0.0904526495,0.8529054755,0.8529054755,0.0050142350,0.0000000000,0.0716249917,0.0000000000,0.0003862197,0.0111179772,0.9283750083,0.0580874401,0.0079745169,0.0042594513,0.0514415190,0.0083813349,0.0000000000,0.6022400742,0.5942655573,0.0013999544,0.4831674428,0.0956552125,0.0232423326,0.0154863058,0.2212810723,0.1275025196,0.0020215842,0.0006054453,0.0041329184,0.0001110841,0.0000492890,0.2857003082,0.0230944657,0.2626058426,0.0000000000,0.8241273168740293,11.41,2.5867840805373103
0.0167002085,0.0600094343,0.8613582359,0.8613582359,0.0025773594,0.0004965150,0.0692420789,0.0000000000,0.0116656233,0.0132339715,0.9307579211,0.0149742540,0.0098454356,0.0004651040,0.0880242339,0.0014063333,0.0000000000,0.5275943323,0.5177488968,0.0000000000,0.4228362746,0.0254765663,0.0642741733,0.0227256195,0.2387416182,0.0716182973,0.0059107882,0.0015407947,0.0057901036,0.0001350124,0.0012972213,0.3656951651,0.0535497794,0.2687485397,0.0000000000,2.3692184930911138,32.55,4.582054567393556
0.0062133225,0.0951532330,0.9225282216,0.9225282216,0.0033788461,0.0004986144,0.0736107429,0.0000000000,0.0011708640,0.0133945436,0.9263892571,0.0002041386,0.0078112351,0.0000903372,0.2270830938,0.0718321558,0.0000000000,0.6803200987,0.6725088636,0.0000000000,0.3825569418,0.0036357792,0.0394609333,0.0244790359,0.2037514577,0.1112297357,0.0057264402,0.0008716954,0.0046635115,0.0000950300,0.0000000000,0.1937322405,0.0303286632,0.1543416999,0.0000000000,2.362580614713853,31.5,4.324655653662812
0.0253154632,0.2111982897,0.8716820173,0.8716820173,0.0035336058,0.0001568168,0.0523114800,0.0000000000,0.0000000000,0.0123336435,0.9476885200,0.0024358881,0.0106713851,0.0189852906,0.0414440739,0.0286347527,0.0000000000,0.4240771330,0.4134057479,0.0000000000,0.3533579710,0.0075167533,0.0269149948,0.0117089898,0.1428941068,0.1643231263,0.0032696309,0.0028749752,0.0082485651,0.0002221572,0.0000000000,0.3288187511,0.1732407766,0.1555779746,0.0000000000,1.2975664147078272,24.89,3.8536428341500053
0.0251970649,0.1532991697,0.9007950695,0.9007950695,0.0000567501,0.0006866768,0.0986487790,0.0000000000,0.0000000000,0.0172577194,0.9013512210,0.0066681422,0.0073718440,0.0279891721,0.0912201849,0.0544404152,0.0000000000,0.6813706295,0.6739987855,0.0042165359,0.4952301502,0.0145110124,0.0255489158,0.0293511756,0.2754708843,0.1503481621,0.0056466395,0.0013109284,0.0121785814,0.0004710262,0.0034787840,0.1318646396,0.0000000000,0.1261896249,0.0000000000,2.22992298921737,22.83,7.1713123844731985
0.0112494570,0.0782802450,0.8737300130,0.8737300130,0.0014994605,0.0000000000,0.1153253269,0.0000000000,0.0000000000,0.0103876175,0.8846746731,0.0267380429,0.0056054597,0.0039413389,0.0225479617,0.0129381017,0.0000000000,0.2522316737,0.2466262139,0.0138700094,0.1750620104,0.0771906837,0.0057490996,0.0024699057,0.0506768593,0.0389754621,0.0047576339,0.0016956516,0.0058261747,0.0001541501,0.0000000000,0.6348778710,0.3248363906,0.2967705545,0.0000000000,1.8983846954965786,16.65,3.7544164708929135
0.0137565803,0.0255605501,0.8581398664,0.8581398664,0.0053770388,0.0001492298,0.0669555145,0.0102665309,0.0123776751,0.0121268032,0.9330444855,0.0019526909,0.0080321159,0.0009138601,0.1524965572,0.0065292393,0.0000113140,0.6675951258,0.6595630099,0.0491231648,0.4200247846,0.0020762489,0.0498110782,0.0333256444,0.1901924563,0.1446193568,0.0017567120,0.0017661767,0.0060404290,0.0001115088,0.0000687454,0.2333101104,0.0181744686,0.2092137396,0.0006831581,0.702110898781428,10.62,2.928910130125063
0.0218045806,0.0510646506,0.9675111748,0.9675111748,0.0014172977,-0.0005870464,0.0320024153,0.0000000000,0.0000000000,0.0088056960,0.9679975847,0.0023733447,0.0012160247,0.0009812061,0.0181145747,0.0017946847,0.0000000000,0.0717035248,0.0704875001,0.0000000000,0.0487667832,0.0001761139,0.0000000000,0.0000000000,0.0359020807,0.0126885887,0.0045370300,0.0008889560,0.0043273706,0.0001006365,0.0055433953,0.8201625280,0.1612197147,0.3650673845,0.0000000000,1.8257366433949929,56.01,3.175318297726638
0.0287533255,0.0196653702,0.8459969567,0.8459969567,0.0043300488,-0.0005275840,0.0992790758,0.0207205381,0.0035837105,0.0134533909,0.9007209242,0.0070355251,0.0077689954,0.0072028078,0.0375839228,0.0301913135,0.0000000000,0.7964458856,0.7886768902,0.0004182068,0.7211911816,0.0408362849,0.0875435498,0.0359014447,0.2839495450,0.2729603572,0.0016663932,0.0012996580,0.0088885029,0.0002573580,0.0000000000,0.1057387623,0.0466525763,0.0428179417,0.0000000000,0.6651172943336628,6.75,3.947242514975269
0.0203553789,0.0351644569,0.8817335762,0.8817335762,0.0049017220,0.0000503324,0.0674047663,0.0160738814,0.0000000000,0.0116624940,0.9325952337,0.0047880683,0.0074264579,0.0286732066,0.0509996655,0.0525356142,0.0000000000,0.7625644173,0.7551379594,0.0006510734,0.6507924911,0.0352099184,0.0424447887,0.0259682484,0.2069325514,0.3402369842,0.0008848753,0.0010975701,0.0066893325,0.0001964586,0.0000000000,0.1436972525,0.0126577757,0.1310394768,0.0000000000,0.35853906842339844,5.28,2.956979463940953
0.0475229948,0.0439991568,0.8225077389,0.8225077389,0.0057894795,0.0000000000,0.0924674633,0.0131655738,0.0299681568,0.0121670051,0.9075325367,0.0004371512,0.0051037957,0.0033396576,0.0504676630,0.0135561251,0.0000000000,0.5439115046,0.5388077090,0.0000000000,0.4751456246,0.0044225499,0.0309578493,0.0487900676,0.2151871207,0.1757880371,0.0008609881,0.0011050827,0.0063952779,0.0001264854,0.0000000000,0.2857282340,0.0623528498,0.0689167748,0.0000000000,0.35273929793061126,3.75,2.978581727686223
0.0392974966,0.0349203269,0.9467084977,0.9467084977,0.0021562412,0.0000000000,0.0430709188,0.0692908123,0.0015309313,0.0087219958,0.9569290812,0.0008840589,0.0042046704,0.0085387153,0.0153416564,0.0287534769,0.0000000000,0.5574853915,0.5532807210,0.0056062272,0.5068029411,0.0113741725,0.0236970912,0.0172391487,0.0878991742,0.3665933545,0.0001832805,0.0016926494,0.0080319986,0.0001617181,0.0000000000,0.2630829937,0.0192552343,0.2438277594,0.0000000000,0.07469736581936419,1.68,2.9976004429951395
0.0038938334,0.0155131430,0.8145920285,0.8145920285,0.0032235551,0.0000000000,0.1819252882,0.0188334393,0.0000000000,0.0094979132,0.8180747118,0.0030508030,0.0104065895,0.0013405567,0.0145526410,0.0063469140,0.0000000000,0.3501340557,0.3397274662,0.0016895160,0.3260662263,0.0463494016,0.0043740844,0.0021766771,0.0374353907,0.2357306725,0.0027882197,0.0003765997,0.0038627381,0.0000898311,0.0019866497,0.6121990658,0.4846008734,0.1251900274,0.0000000000,1.1153129216326827,5.94,2.5721696484689676
0.0096095627,0.1173167445,0.8802710990,0.8802710990,0.0012793219,0.0000000000,0.1087618899,0.0514560831,0.0000000000,0.0109084162,0.8912381101,0.0000000000,0.0071388113,0.0286431376,0.0552159222,0.0311334206,0.0000000000,0.5543272330,0.5471884216,0.0060450399,0.4619328503,0.0051075216,0.0293267447,0.0000000000,0.0963788355,0.3311197484,0.0041993008,0.0008105627,0.0062305904,0.0001855505,0.0000000000,0.2409226743,0.0507822418,0.1570733803,0.0000000000,1.6866382945341152,15.73,4.13512550063956
0.0151229482,0.0077793270,0.8980686355,0.8980686355,0.0059493631,0.0000000000,0.0748700805,0.0155032005,0.0072010267,0.0166756448,0.9251299195,0.3256622726,0.0049908106,0.0351812536,0.0783319602,0.0423902022,0.0000000000,0.8061188922,0.8011280816,0.0005624564,0.3526443374,0.2898789530,0.0000000000,0.0000000000,0.0423347487,0.0204306357,0.0066227264,0.0005783003,0.0046818556,0.0001029850,0.0000000000,0.1197636099,0.0909278155,0.0288357944,0.0000000000,2.547295212776087,38.85,4.448259010886572
0.0018582118,0.1559238797,0.8614636736,0.8614636736,0.0034509648,0.0004977353,0.1323478174,0.0760041810,0.0000000000,0.0123604267,0.8676521826,0.2120684220,0.0080964943,0.0503708128,0.0546513364,0.0653028719,0.0000000000,0.4843628159,0.4762663216,0.0000000000,0.1465664560,0.0910026048,0.0089592355,0.0000000000,0.0434357009,0.0031689148,0.0023725383,0.0010618353,0.0065203325,0.0001990941,0.0000000000,0.2720289350,0.1258772585,0.0382592537,0.0000000000,0.9861558884885265,7.24,3.9969855137187036
0.0229810159,0.0379766267,0.9277920135,0.9277920135,0.0058883627,0.0001886571,0.0665676655,0.0000258545,0.0067940782,0.0116963340,0.9334323345,0.0097560345,0.0070045500,0.0142106843,0.0303883306,0.0363837471,0.0000000000,0.6148022676,0.6077977176,0.0005421366,0.4746591549,0.0320531181,0.0736643221,0.0162144081,0.1470999935,0.2056273130,0.0010265045,0.0020740158,0.0066304677,0.0001684582,0.0003704465,0.2960174776,0.1890780083,0.1068081770,0.0000000000,0.405555115534728,6.08,2.4583096620358553
0.0550245547,0.1159303107,0.7976475194,0.7976475194,0.0086047679,0.0002553344,0.0995293337,0.0850178308,0.0083749670,0.0185457857,0.9004706663,0.0016171176,0.0077876980,0.0032512575,0.1009592061,0.0052598878,0.0000000000,0.7105359468,0.7027482488,0.0000000000,0.6026742019,0.0014979616,0.0903202744,0.0000000000,0.0623356285,0.4485203374,0.0014213613,0.0005872690,0.0090303252,0.0001446895,0.0000000000,0.0085792345,0.0085792345,0.0000000000,0.0000000000,0.5831743717562017,5.78,4.5507897159165625
0.0137742498,0.0200379333,0.7989064896,0.7989064896,0.0036762554,0.0131712971,0.0448409493,0.0108531488,0.0000000000,0.0159343425,0.9551590507,0.0527378736,0.0108999801,0.0127146921,0.1388840106,0.0381733460,0.0000000000,0.5922634728,0.5813634927,0.0398417103,0.3188683222,0.0936040181,0.0309847447,0.0045660497,0.1136478054,0.0760657043,-0.0090325829,0.0013756688,0.0094950417,0.0003453807,0.0000000000,0.3634399916,0.0767974430,0.2228583471,0.0000000000,-3.666792418080875,-73.52,5.2353272079504976
0.0171994335,0.0177038994,0.8467184966,0.8467184966,0.0047800528,0.0000000000,0.0780094725,0.0000000000,0.0000000000,0.0129428830,0.9219905275,0.0000000000,0.0135177839,0.0008318929,0.0893894629,0.0036987824,0.0000000000,0.7922152337,0.7786974499,0.0000000000,0.6850324000,0.0022558194,0.1056941832,0.0298244078,0.3002904962,0.2469674934,0.0007100596,0.0007843018,0.0076260023,0.0001599062,0.0000000000,0.1479836591,0.0080695516,0.1331866258,0.0000000000,0.29105181483096265,3.64,3.5751059900534017
0.0393009704,0.0154176457,0.7778009232,0.7778009232,0.0057298871,0.0002083090,0.1255686837,0.0205725999,0.0000888785,0.0128096167,0.8744313163,0.0140678032,0.0058132107,0.0406619228,0.1077735375,0.0599985557,0.0000000000,0.6586981519,0.6528849412,0.0000000000,0.4710228251,0.0526771877,0.0663394826,0.0411590870,0.1270796185,0.1837674494,0.0007332478,0.0008748979,0.0070130707,0.0001916443,0.0000000000,0.2237322312,0.0180284522,0.2057037790,0.0000000000,0.30252505285593967,2.33,3.2473612800896876
0.0098741356,0.0618898714,0.8903982157,0.8903982157,0.0023872768,0.0000000000,0.0930925882,0.0952108761,0.0000000000,0.0091904554,0.9069074118,0.0223036661,0.0156910214,0.0312139247,0.0694327696,0.0400793517,0.0000000000,0.3007072167,0.2850161954,0.0000000000,0.1688914293,0.0413010098,0.0210708001,0.0000000000,0.0514553422,0.0550642771,0.0030597492,0.0005603936,0.0041020813,0.0001681181,0.0000000000,0.5007229078,0.4540981585,0.0359324389,0.0000000000,1.2776861244690934,13.37,3.0689308668971313
0.0289510521,0.1174483969,0.7178661097,0.7178661097,0.0049325660,0.0022218766,0.1778167841,0.1777501278,0.0113982269,0.0190414824,0.8221832159,0.0563245717,0.0070877863,0.0043104406,0.0581242918,0.0080654120,0.0000000000,0.5461817051,0.5390939187,0.0075099429,0.4161574866,0.0447708134,0.0000000000,0.0000000000,0.3608105406,0.0105761326,0.0117981647,0.0109094141,0.0113093519,0.0003332815,0.0078210056,0.0633457018,0.0000000000,0.0630124203,0.0000000000,4.7702465974936,27.42,6.930328372054952
0.0083708136,0.0595679427,0.8234145647,0.8234145647,0.0047900973,0.0001185668,0.1704199635,0.0004426493,0.0000000000,0.0123941792,0.8295800365,0.0170894231,0.0059441471,0.0316415173,0.1236098047,0.0765704168,0.0039522255,0.5231481847,0.5172040376,0.0000000000,0.3007485515,0.0470947190,0.0121728545,0.0078175020,0.0398226241,0.1938408518,0.0024582843,0.0003319869,0.0048138107,0.0001818024,0.0041340279,0.3726316289,0.2672732015,0.0980072879,0.0000000000,0.977641557625054,5.7,3.2674133260875102
0.0354053467,0.0400407026,0.9009978068,0.9009978068,0.0058919998,0.0002153682,0.0751457193,0.0347750489,0.0014917706,0.0137025548,0.9248542807,0.0101163779,0.0061607160,0.0298769042,0.0852759282,0.0473750766,0.0000000000,0.7393945980,0.7332338820,0.0109857541,0.5856414613,0.0566418368,0.0980320484,0.0028472071,0.1139297781,0.3141905910,0.0012191026,0.0017921005,0.0078461204,0.0001995614,0.0005907807,0.1202090455,0.0244116892,0.0929402699,0.0000000000,0.49028664286750145,6.46,3.486763112022078
0.0179911037,0.0541813008,0.8584441430,0.8584441430,0.0026093246,0.0000000000,0.0902202327,0.0192674038,0.0000000000,0.0092082685,0.9097797673,0.0037627216,0.0056015391,0.0051099273,0.0638575460,0.0167337118,0.0000000000,0.3255699625,0.3199684234,0.0072087318,0.2340072513,0.0183030882,0.0619809122,0.0290051005,0.0707448393,0.0539733111,0.0008083234,0.0043488743,0.0098133293,0.0003828900,0.0000000000,0.5291161858,0.3830223731,0.1460938128,0.0000000000,0.3202262182875388,3.58,2.9600572503909457
0.0217627202,0.0548515511,0.8135338668,0.8135338668,0.0043792393,0.0003586534,0.0961384647,0.0000000000,0.0009679566,0.0128401985,0.9038615353,0.0000213969,0.0099332721,0.0109990433,0.0886811235,0.0396006313,0.0000000000,0.6983042420,0.6883709699,0.0028896051,0.5666162990,0.0012848350,0.0596057462,0.0426318637,0.1614327387,0.3016611154,0.0024616664,0.0018829302,0.0067206752,0.0001518163,0.0000254725,0.1983954337,0.1153671765,0.0830282572,0.0000000000,0.9998096388932571,10.29,3.6573039275057533
0.0087192167,0.1713469348,0.8615977862,0.8615977862,0.0027099162,0.0000000000,0.1327203956,0.0000000000,0.0000000000,0.0121659680,0.8672796044,0.0000000000,0.0100209589,0.0696636757,0.0129109903,0.1499623395,0.0000000000,0.5060502358,0.4960292769,0.0000000000,0.3430213518,0.0005567199,0.0043309536,0.0000000000,0.0158092088,0.3223244695,0.0032911973,0.0013917998,0.0065496463,0.0001637412,0.0000000000,0.3130403458,0.1188269583,0.1942133875,0.0000000000,1.3063771189022533,10.01,3.91759483420179
0.0327406804,0.0824530606,0.8671906795,0.8671906795,0.0023446944,0.0000364460,0.1279984450,0.0000000000,0.0000000000,0.0118085126,0.8720015550,0.0000000000,0.0081760586,0.0220316230,0.0780127197,0.0356806599,0.0000000000,0.7258712119,0.7176951533,0.0000000000,0.6121778323,0.0000000000,0.0182230132,0.0262229160,0.1905944954,0.3771374076,0.0026301882,0.0022171333,0.0084858498,0.0002551222,0.0003948320,0.1267592801,0.0310520146,0.0626689425,0.0000000000,1.0565904217516098,8.26,4.188256483665665
0.0073019021,0.0418582289,0.7807712285,0.7807712285,0.0051727172,0.0000858542,0.0957789769,0.0000000000,0.0190510532,0.0135048701,0.9042210231,0.0805913639,0.0063360420,0.0051770100,0.0954527308,0.0075723429,0.0000000000,0.8242778586,0.8179418166,0.0249406533,0.6156263281,0.1649731920,0.0828536228,0.0318605041,0.2361377617,0.0998012475,0.0010474216,0.0009272257,0.0078341983,0.0001760012,0.0000000000,0.0878245826,0.0359600434,0.0517443433,0.0000000000,0.4123092911110595,4.38,3.5278721896072263
0.0153856401,0.0163640372,0.7790866456,0.7790866456,0.0049448101,0.0001148353,0.0489221554,0.0095818615,0.0053697009,0.0117935904,0.9510778446,0.0285296941,0.0044992490,0.0056085584,0.1069461606,0.0094164986,0.0000000000,0.7151830705,0.7106838215,0.0134058787,0.5444320933,0.1037835951,0.0335824495,0.0247607980,0.1812630051,0.2010422456,0.0013895077,0.0008474849,0.0061000537,0.0001768464,0.0000000000,0.2131573750,0.0626725401,0.1452115956,0.0000000000,0.5513319679133908,11.02,2.899251731517817
0.0144911091,0.1652222837,0.8356381998,0.8356381998,0.0037492494,0.0000709190,0.1014614035,0.0000000000,0.0008983069,0.0114132259,0.8985385965,0.0394545859,0.0055174957,0.0000851028,0.0538511364,0.0023781494,0.0000000000,0.5282375691,0.5227200734,0.0119711218,0.4205400243,0.0810509245,0.0175453527,0.0467639675,0.1552889002,0.1198908793,0.0024443404,0.0008983069,0.0060470240,0.0001749335,0.0000000000,0.2870610707,0.1346325688,0.1477005707,0.0000000000,0.9540175533693934,9.73,3.1227424652520255
0.0019859538,0.0291897737,0.8419159369,0.8419159369,0.0064021583,0.0003211785,0.1182365159,0.0698135023,0.0000000000,0.0147153288,0.8817634841,0.0245059204,0.0094747661,0.0090732929,0.0848018329,0.0144744449,0.0000000000,0.8522043552,0.8427295891,0.0022482496,0.7258206111,0.1390970601,0.0410787316,0.0109147164,0.3168533071,0.2178767959,0.0024944864,0.0009207117,0.0057919191,0.0001338244,0.0000000000,0.0368766460,0.0168725778,0.0194741237,0.0000000000,1.0114164170681945,8.52,3.5315219028831475
0.0035944858,0.0822810351,0.7992595709,0.7992595709,0.0045573645,0.0004634366,0.1635385882,0.0000000000,0.0011689298,0.0131337942,0.8364614118,0.0043869625,0.0191210390,0.0037734437,0.0746560765,0.0095375259,0.0000000000,0.5973751662,0.5782541273,0.0130036754,0.4708070571,0.0134503570,0.1202696488,0.0202094021,0.2289188023,0.0879588468,0.0033937821,0.0013168730,0.0050072546,0.0001308317,0.0000000000,0.2950982664,0.1220934502,0.1569513712,0.0000000000,1.362117850021453,8.38,3.6424079817152877
0.0279951258,0.1227427729,0.9160146226,0.9160146226,0.0032337188,0.0001574352,0.0791521170,0.0000000000,0.0000000000,0.0122925398,0.9208478830,0.0072923981,0.0054315141,0.0033628157,0.0838846189,0.0124247853,0.0000000000,0.5995384000,0.5941068859,0.0000000000,0.4959365977,0.0390659685,0.0491984974,0.0076293094,0.2400068012,0.1600360212,0.0016940027,0.0016058390,0.0082810911,0.0001889222,0.0000000000,0.2256392656,0.0000000000,0.2249717404,0.0000000000,0.6892962099919123,8.67,3.944351331064337
0.0034405289,0.0820591822,0.8463572758,0.8463572758,0.0022466140,0.0000000000,0.1523332691,0.0000000000,0.0000000000,0.0104756403,0.8476667309,0.0015662109,0.0119648244,0.0248924835,0.0478336222,0.0656396431,0.0000000000,0.2790037871,0.2670389627,0.0346748829,0.1292252391,0.0108736119,0.0067911933,0.0000000000,0.0080107837,0.1035496502,0.0007445921,0.0010013480,0.0084857821,0.0002439181,0.0000000000,0.6136465755,0.4823801271,0.1312664484,0.0000000000,0.29768014781359065,1.89,3.4922602305926898
0.0089556852,0.0629061546,0.9293435846,0.9293435846,0.0025885716,0.0001468145,0.0673646795,0.0120387899,0.0000000000,0.0119769733,0.9326353205,0.0849824209,0.0079588919,0.0066221072,0.0872928177,0.0158173318,0.0000000000,0.5459645327,0.5380056408,0.0032840088,0.3545879535,0.0482169764,0.0108951822,0.0000000000,0.2080516169,0.0874241780,0.0017849554,0.0012981494,0.0078352587,0.0001545416,0.0000000000,0.3393965151,0.1292817680,0.1779005525,0.0000000000,0.7145922995719406,10.64,4.1327584887369575
0.0253259905,0.0328082891,0.9170921143,0.9170921143,0.0022764935,0.0000000000,0.0809159539,0.1015550459,0.0000000000,0.0118846353,0.9190840461,0.0000000000,0.0063942686,0.0125709312,0.0336787131,0.0252255570,0.0000000000,0.4611740681,0.4547797995,0.0017241091,0.3999598266,0.0000000000,0.0942736144,0.0070805644,0.0477561474,0.2508495003,-0.0025108385,0.0009875965,0.0140774343,0.0003347785,0.0000000000,0.3582799083,0.1497464053,0.1516379036,0.0000000000,-1.0626804342820708,-12.09,4.462411568063438
0.0060387993,0.1643308256,0.8706438870,0.8706438870,0.0020632564,0.0001258083,0.1171023828,0.0000000000,0.0000000000,0.0108195154,0.8828976172,0.0792089173,0.0027174597,0.0491658908,0.0931233173,0.0809953954,0.0000000000,0.5183805953,0.5156631356,0.0094859472,0.2555670181,0.0755856377,0.0055355660,0.0000000000,0.0237022872,0.1507435272,0.0029942380,0.0005283949,0.0052839494,0.0001509700,0.0000000000,0.3012605994,0.0809702338,0.2202903656,0.0000000000,1.1858347554215818,10.37,3.6120193056204264
0.0010939459,0.0101123296,0.7134662077,0.7134662077,0.0012807172,0.0000000000,0.2799967982,0.0439979722,0.0000000000,0.0094452894,0.7200032018,0.2131060060,0.0012540356,0.0080578457,0.0308706209,0.0096587422,0.0000000000,0.3490221191,0.3477680835,0.0000000000,0.0953333867,0.0459990928,0.0000000000,0.0000000000,0.0490141146,0.0003201793,0.0031217482,0.0000800448,0.0041089677,0.0001600897,0.0000000000,0.5873689266,0.1476827023,0.4396862243,0.0000000000,1.2271869100062933,4.48,3.292623876903212
0.0166876407,0.1199214917,0.8922773192,0.8922773192,0.0036252381,0.0003047971,0.0992322346,0.0000000000,0.0034820759,0.0139537032,0.9007677654,0.0623032962,0.0090469318,0.0332459736,0.0727887779,0.0478023437,0.0000000000,0.7088887606,0.6998418288,0.0000000000,0.5259227616,0.1347249322,0.0470241875,0.0000392542,0.0761069099,0.2680274779,0.0035582751,0.0009674999,0.0063360850,0.0001824164,0.0000000000,0.1414212319,0.0767719217,0.0646493102,0.0000000000,1.4221754623973717,14.6,4.365504898749419
0.0076363995,0.0336391585,0.8297001052,0.8297001052,0.0053637762,0.0001444464,0.1143533977,0.0000000000,0.0036111599,0.0132818462,0.8856466023,0.1298452738,0.0079108477,0.0107131078,0.1329893904,0.0136477771,0.0000000000,0.7567161556,0.7488053079,0.0013024250,0.4773929351,0.1158098989,0.0401657282,0.0111175577,0.1374046353,0.1728951151,0.0024122548,0.0007511213,0.0054119250,0.0001372241,0.0000000000,0.1741301318,0.0632988187,0.1084431327,0.0000000000,0.9698072483897038,8.5,3.347650842765247
0.0172702333,0.0177822269,0.8514989187,0.8514989187,0.0048945064,0.0001719382,0.1042480189,0.0157075064,0.0109390880,0.0123031308,0.8957519811,0.1099219783,0.0106410619,0.0041723661,0.1109077571,0.0073436700,0.0000000000,0.7798541964,0.7692131345,0.0021893459,0.5494112073,0.1743720436,0.0180152987,0.0010736583,0.1255912762,0.2303589305,0.0030566785,0.0030146491,0.0070303605,0.0001642965,0.0000000000,0.1565668916,0.0325612673,0.1240056243,0.0000000000,1.223391240518718,11.89,3.1445622912004154
0.0024208679,0.1606548448,0.8355928100,0.8355928100,0.0026024330,0.0000000000,0.0930521092,0.0286267627,0.0000000000,0.0072626036,0.9069478908,0.0745627307,0.0093808630,0.0114083399,0.0633359559,0.0207286812,0.0000000000,0.1881316952,0.1787508322,0.0000000000,0.0294740665,0.0252980694,0.0000000000,0.0000000000,0.0028747806,0.0013012165,-0.0019366943,0.0001210434,0.0067179084,0.0001513042,0.0032984325,0.5925981965,0.3041517884,0.2738606791,0.0000000000,-0.7796677275426761,-8.13,1.990371255937187
0.0064029807,0.0529016976,0.8054061390,0.8054061390,0.0024365871,0.0000000000,0.1911826392,0.0000000000,0.0000000000,0.0100424398,0.8088173608,0.1308354718,0.0088087248,0.0081363502,0.0695876925,0.0233603928,0.0000000000,0.6077094848,0.5989007600,0.0001233715,0.3837840505,0.2082510857,0.0167045006,0.0101349684,0.0577810403,0.0909124556,0.0024057442,0.0006908804,0.0051384228,0.0001233715,0.0000000000,0.3048509672,0.2026376826,0.1008376925,0.0000000000,0.9532917592205007,5.01,3.2684763015586893
0.0075612201,0.0229271087,0.9408038570,0.9408038570,0.0033319013,0.0000000000,0.0371903193,0.0009356055,0.0000000000,0.0098715929,0.9628096807,0.1230178051,0.0027304406,0.0057186501,0.0327080052,0.0124826961,0.0000000000,0.4862189126,0.4834884720,0.0224258915,0.2952837844,0.1463793021,0.0035944436,0.0000000000,0.0683660318,0.0769440069,0.0026492911,0.0009356055,0.0046637071,0.0001002434,0.0000000000,0.4465559215,0.0000000000,0.4462122297,0.0000000000,1.0502015251575303,28.36,2.76520484213607
0.0248626771,0.0141117375,0.8730485690,0.8730485690,0.0047882336,0.0005420642,0.0603859497,0.0000000000,0.0000000000,0.0084019948,0.9396140503,0.0242302689,0.0026019081,0.0127746459,0.0639455045,0.0181772188,0.0000000000,0.2205117086,0.2179098005,0.0190445215,0.0950780572,0.0187373518,0.0173641226,0.0000000000,0.0179061868,0.0410703961,-0.0042100318,0.0003071697,0.0069745591,0.0001445504,0.0000000000,0.6882408210,0.5398959237,0.1119904597,0.0000000000,-1.6549617778409142,-26.85,1.5562385713729916
0.0039065700,0.0721644288,0.9245212877,0.9245212877,0.0027976082,0.0000315046,0.0555741083,0.0049336198,0.0000000000,0.0088401898,0.9444258917,0.0717170635,0.0042720233,0.0039884819,0.0433062184,0.0057905448,0.0000000000,0.3625359940,0.3582639707,0.0006426938,0.2410542698,0.1491742645,0.0089284027,0.0004410644,0.0288330067,0.0536775316,0.0016445399,0.0004158607,0.0047193886,0.0001323193,0.0000000000,0.5360318070,0.3231804520,0.2047735765,0.0000000000,0.6740310803220371,11.98,2.5996116846988184
0.0197489813,0.0549351088,0.8857985247,0.8857985247,0.0049178226,0.0000971134,0.1066033228,0.0000000000,0.0000000000,0.0127878927,0.8933966772,0.0912904817,0.0075826144,0.0068756288,0.0618923129,0.0100337566,0.0000000000,0.7668501463,0.7592675319,0.0000000000,0.6035131744,0.3338059519,0.0061142597,0.0000000000,0.0671092448,0.1964837180,0.0020432660,0.0006176412,0.0060637608,0.0001048825,0.0000000000,0.1376757267,0.0285901853,0.1087514713,0.0000000000,0.8200618944053382,7.61,3.3744381314839993
0.0038985919,0.0404618676,0.8106313035,0.8106313035,0.0034811518,0.0000000000,0.0968386371,0.0000000000,0.0000000000,0.0123293900,0.9031613629,0.1566369241,0.0073201094,0.0060081550,0.1178000909,0.0106596298,0.0000000000,0.8577573033,0.8504371939,0.0128064644,0.5598169227,0.1956228429,0.0312707322,0.0551766293,0.1011919404,0.1765547778,0.0043682119,0.0001043600,0.0043533034,0.0001043600,0.0000000000,0.0880649417,0.0674314765,0.0206334653,0.0000000000,1.7570424118855226,18.38,3.6981361331578246
0.0121839382,0.0571746093,0.8832383887,0.8832383887,0.0020283976,0.0002846081,0.0980542743,0.0000000000,0.0000000000,0.0102820331,0.9019457257,0.0014817693,0.0073139770,0.0446563696,0.0663317627,0.0825047322,0.0000000000,0.6107283709,0.6034143939,0.0090080729,0.4514020338,0.0008447892,0.0225066296,0.0036818352,0.1732992406,0.2510695393,0.0017437894,0.0014908044,0.0071920021,0.0002123267,0.0000000000,0.3117859386,0.0587151073,0.1903079641,0.0000000000,0.7077439287122177,7.18,3.611831862999481
0.0097589425,0.1909020218,0.6917573872,0.6917573872,0.0003888025,0.0000000000,0.2977060653,0.0475505443,0.0000000000,0.0116640747,0.7022939347,0.0024883359,0.0394245723,0.0011275272,0.4243390358,0.0038102644,0.0000000000,0.6892301711,0.6498055988,0.0000000000,0.2585925350,0.0088646967,0.0000000000,0.0000000000,0.2423405910,0.0073872473,0.0042379471,0.0005054432,0.0075427683,0.0002332815,0.0000000000,0.0880248834,0.0642301711,0.0000000000,0.0000000000,1.6605411993220724,5.73,4.662098346160802
0.0193386714,0.0171421179,0.8778198714,0.8778198714,0.0024974899,0.0000000000,0.0635566168,0.0000000000,0.0035127982,0.0096608983,0.9364433832,0.0085499653,0.0067246602,0.0056531020,0.0322367440,0.0113990162,0.0000000000,0.5412887385,0.5345640783,0.0035690480,0.4855367775,0.0385901557,0.0371360991,0.0132861960,0.2610945643,0.1354297623,0.0011249954,0.0022556158,0.0080859047,0.0002306241,0.0000000000,0.3902018523,0.1023492717,0.2864463363,0.0000000000,0.4443648290792344,7.08,3.03891257757236
0.0241251306,0.0787250374,0.9180208635,0.9180208635,0.0039235425,0.0003020046,0.0742427865,0.0035108030,0.0000000000,0.0119618971,0.9257572135,0.0000000000,0.0083026086,0.0033472172,0.0625426267,0.0262416791,0.0222652858,0.6884797846,0.6801771760,0.0137084901,0.5636915023,0.0000000000,0.0554807535,0.0278397866,0.1609860449,0.3193849174,0.0025443884,0.0037977073,0.0083932099,0.0001786860,0.0000000000,0.1968717361,0.0476965861,0.1353861254,0.0000000000,1.0068016371729887,13.58,3.3627910955523825
0.0002648372,0.1180669408,0.6817792015,0.6817792015,0.0042626176,0.0025222589,0.2890004288,0.0630564734,0.0000000000,0.0113375539,0.7109995712,0.0034681060,0.0147804374,0.0010971826,0.7628446036,0.0029005978,0.0000000000,0.7883698641,0.7735894267,0.0000000000,0.0189799985,0.0000000000,0.0000000000,0.0142507630,0.0005801196,0.0041491159,0.0014881328,0.0001135017,0.0026862058,0.0000504452,0.0000000000,0.0393850733,0.0000000000,0.0393850733,0.0000000000,0.598274889566314,2.07,3.198426442605777
0.0074639838,0.0913496013,0.8781425871,0.8781425871,0.0021729211,0.0001629691,0.1061689229,0.0382760044,0.0000000000,0.0115273462,0.8938310771,0.2483322831,0.0102996458,0.0085721736,0.0538123900,0.0154277395,0.0000000000,0.7605875579,0.7502879120,0.0000000000,0.4424175920,0.3318159101,0.0187631733,0.0000000000,0.0216748876,0.0701636210,0.0029877665,0.0003911258,0.0061276374,0.0001629691,0.0000000000,0.0920340714,0.0000000000,0.0913604659,0.0000000000,1.2052152952777473,11.21,4.07528147723037
0.0040425606,0.1007081894,0.8930895936,0.8930895936,0.0024957128,0.0001482602,0.1026751076,0.0000000000,0.0000000000,0.0127899104,0.8973248924,0.0011564293,0.0091031743,0.0009686331,0.0740361854,0.0147222346,0.0000000000,0.7680074328,0.7589042585,0.0000000000,0.6780925835,0.0003360564,0.0785482364,0.0203215269,0.1387863423,0.4401004216,0.0057821465,0.0012256174,0.0050013096,0.0001087241,0.0000000000,0.1318774185,0.0103979797,0.1214794388,0.0000000000,2.3173192379584813,22.23,4.2577763696477575
0.0095368068,0.0299492040,0.9154426900,0.9154426900,0.0031411169,0.0003111942,0.0635419739,0.0198969817,0.0006515629,0.0126390244,0.9364580261,0.0894262032,0.0087004723,0.0074394873,0.0741712022,0.0218938114,0.0000000000,0.6790582484,0.6703577761,0.0011604952,0.4878942199,0.2083899264,0.0142176869,0.0297579492,0.1117187323,0.1238099252,0.0031313920,0.0008168849,0.0068722061,0.0001620803,0.0000000000,0.2415969451,0.1659086710,0.0195825459,0.0000000000,1.2536133848534694,19.62,4.049856078066851
0.0031890690,0.0947581299,0.8258197917,0.8258197917,0.0047479534,0.0000875049,0.0859460581,0.0000000000,0.0000000000,0.0104908703,0.9140539419,0.0845168107,0.0057072668,0.0191927507,0.0640374132,0.0494338106,0.0000000000,0.4878206084,0.4821133416,0.0141433914,0.1934669458,0.0194325791,0.0292655419,0.0267667896,0.0403462603,0.0776557750,0.0021163232,0.0006190164,0.0040414320,0.0001101914,0.0002592739,0.4068364046,0.1547411474,0.0899615626,0.0000000000,0.880727510596042,9.88,2.4473659222940602
0.0075585579,0.0404519240,0.8576611214,0.8576611214,0.0041154296,0.0000000000,0.0730639116,0.0001439112,0.0055695768,0.0111713724,0.9269360884,0.0605758594,0.0061581090,0.0059218369,0.1101629203,0.0130142945,0.0000000000,0.6060743398,0.5999162308,0.0000000000,0.4039156724,0.1221698367,0.0275471739,0.0361711039,0.1085197556,0.1095078023,0.0011663248,0.0007754019,0.0048843878,0.0001116922,0.0000000000,0.3292988090,0.0021307444,0.3260941007,0.0000000000,0.463046363263283,6.4,2.9373236823398443
0.0155352695,0.0254210110,0.8034523650,0.8034523650,0.0043443564,0.0004661327,0.0694873286,0.0417020927,0.0086924419,0.0136222610,0.9305126714,0.0001752659,0.0098931997,0.0244626423,0.1276569562,0.0321034889,0.0000000000,0.7203688787,0.7104756791,0.0000000000,0.5604331678,0.0036954998,0.0943079608,0.0000000000,0.3359324891,0.1264972181,0.0036432929,0.0020621709,0.0057912322,0.0001491625,0.0000000000,0.1714585105,0.0043555436,0.1613713996,0.0000000000,1.4758586831322342,20.54,4.053363309975175
0.0123500783,0.0690741661,0.8861673497,0.8861673497,0.0044449029,0.0000000000,0.0603812864,0.0113185608,0.0000000000,0.0141224130,0.9396187136,0.0765292248,0.0094899615,0.0109059537,0.1543994224,0.0277853318,0.0000000000,0.7245848142,0.7150948527,0.0000000000,0.4655051154,0.0490252159,0.0642916757,0.0047918679,0.1188214443,0.2285749116,0.0025506616,0.0006939300,0.0078207785,0.0001875486,0.0000000000,0.1623889946,0.0054482881,0.1558623018,0.0000000000,1.0227197954560407,16.8,4.180401330680074
0.0082479086,0.0675477528,0.8992576882,0.8992576882,0.0023958211,0.0001701949,0.0696359138,0.0000000000,0.0000000000,0.0123456790,0.9303640862,0.0000261838,0.0078551510,0.0029456816,0.2015893589,0.0124242305,0.0000000000,0.5839453805,0.5760902295,0.0027034811,0.3591833261,0.0000000000,0.0641831298,0.0037639265,0.1272141707,0.1640220992,0.0027820327,0.0010800833,0.0070630900,0.0001505571,0.0000000000,0.3054933689,0.0598889805,0.2061911682,0.0000000000,1.1035593033295032,15.2,4.209666307783382
0.0059544032,0.0607599464,0.8882968261,0.8882968261,0.0017344658,0.0000000000,0.1077335717,0.0010728654,0.0109611086,0.0127223961,0.8922664283,0.0611712114,0.0052659812,0.0187662047,0.0590791238,0.0343674564,0.0000000000,0.4490031292,0.4437371480,0.0000000000,0.2943048726,0.0822083147,0.0000000000,0.0321323201,0.0821278498,0.0978363880,0.0049083594,0.0004470273,0.0058739383,0.0001788109,0.0006168976,0.4680643719,0.0216897631,0.4462405007,0.0000000000,1.9353815239807521,18.15,4.515083188295317
0.0213101941,0.1280685244,0.8771154674,0.8771154674,0.0027754295,0.0002392612,0.1196784330,0.0189813855,0.0000000000,0.0146427831,0.8803215670,0.0337198730,0.0115642895,0.0511221348,0.1030258562,0.0920676950,0.0000000000,0.7629400412,0.7513757517,0.0000000000,0.5341106663,0.0512497408,0.0139090489,0.0000000000,0.1514363645,0.3175155121,0.0047054695,0.0009729954,0.0075766034,0.0001435567,0.0000000000,0.0530362241,0.0093630868,0.0436731374,0.0000000000,1.8613748935230463,15.79,5.102005828904509
0.0004611040,0.5661011739,0.8508136564,0.8508136564,0.0044381256,0.0000000000,0.1460354666,0.0000000000,0.0000000000,0.0116620876,0.8539645334,0.0336413764,0.0121231916,0.0196737689,0.0455724414,0.0462448846,0.0000000000,0.2970662261,0.2849430344,0.0000000000,0.1715498857,0.0679551961,0.0021518185,0.0000000000,0.0395973025,0.0618455686,0.0021518185,0.0002305520,0.0053026955,0.0000960633,0.0000000000,0.1448058560,0.0000000000,0.1448058560,0.0000000000,0.8561627473651018,5.97,2.9163394510533918
0.0161908466,0.0243277583,0.8283780630,0.8283780630,0.0055698172,0.0005134189,0.1540049267,0.2555374044,0.0000000000,0.0157655906,0.8459950733,0.0385375340,0.0549306366,0.0022663036,0.0391339297,0.0121146117,0.0000000000,0.7051056658,0.6501750292,0.0000000000,0.6151380786,0.0260547128,0.0059639570,0.0000000000,0.5666070271,0.0165123817,0.0041073512,0.0029767924,0.0072189809,0.0001452094,0.0000000000,0.0442992351,0.0054349799,0.0388642552,0.0000000000,1.6496563215996667,10.5,4.216068130460074
0.0128364941,0.1132382868,0.8933133113,0.8933133113,0.0029105330,0.0000753724,0.0634577364,0.0366947477,0.0000000000,0.0101288868,0.9365422636,0.0160137294,0.0065342046,0.0045165442,0.0342480447,0.0135612285,0.0000000000,0.5916035182,0.5850693136,0.0022669689,0.5254033871,0.0221942636,0.0721139630,0.0000000000,0.1435843620,0.2875107985,0.0009218620,0.0004928193,0.0065805876,0.0002203192,0.0000000000,0.2449138146,0.0672263548,0.1773743746,0.0000000000,0.3648242849071161,5.86,2.958711712755434
0.0090705047,0.0642455515,0.9044126154,0.9044126154,0.0046046695,0.0005206285,0.0894092602,0.0006478932,0.0054608140,0.0125413610,0.9105907398,0.0652636694,0.0079714001,0.0086887105,0.0729226925,0.0214498924,0.0000000000,0.8364301085,0.8284587084,0.0017701368,0.6291737048,0.1070874887,0.0030890622,0.0666982900,0.2702408774,0.1820579864,0.0026725594,0.0003239466,0.0046393780,0.0001388343,0.0000000000,0.0852210936,0.0060392901,0.0791818035,0.0000000000,1.0669129957854626,12.16,3.3912549126232787
0.0010012237,0.0320113472,0.8760707531,0.8760707531,0.0022805651,0.0026699299,0.1187284459,0.2224941595,0.0000000000,0.0139336967,0.8812715541,0.2724162866,0.0100122372,0.0312048059,0.1171709868,0.0448603849,0.0000000000,0.5300088998,0.5199966626,0.0000000000,0.0955334297,0.0665813772,0.0000000000,0.0000000000,0.0211925687,0.0077594838,0.0050339304,0.0003059295,0.0043386361,0.0001390588,0.0000000000,0.2125097341,0.0000000000,0.2104238514,0.0000000000,2.0152255299013264,17.33,4.942276218981761
0.0102493978,0.0458525692,0.8214447009,0.8214447009,0.0058335006,0.0005394420,0.0813051987,0.0041273585,0.0000000000,0.0149914693,0.9186948013,0.0877032316,0.0103246688,0.0400065235,0.1252132678,0.0741293657,0.0000000000,0.9181679045,0.9078432356,0.0227569249,0.6079260337,0.0628387194,0.0671291650,0.0293054998,0.1119906664,0.3366619831,0.0024839422,-0.0000627258,0.0061094942,0.0001003613,0.0000000000,0.0184037535,0.0000000000,0.0182155761,0.0000000000,1.0009668429733265,12.33,3.828729897529027
0.0023228168,0.0368248581,0.6785557867,0.6785557867,0.0060534013,0.0000000000,0.0988917739,0.0000000000,0.0005083606,0.0123922667,0.9011082261,0.0336652015,0.0128771644,0.0000000000,0.0809818398,0.0002424489,0.0000000000,0.8321315168,0.8192543523,0.0000000000,0.7170738765,0.1115929674,0.0342752342,0.1571303437,0.3053252726,0.1087500587,0.0018183667,0.0000586570,0.0043797219,0.0000782093,0.0000000000,0.1229919757,0.0040316904,0.1080618166,0.0000000000,0.7187461357734636,7.33,2.575315261642339
0.0024843081,0.1047133500,0.8764622416,0.8764622416,0.0052750299,0.0000000000,0.1197983326,0.0000000000,0.0021225042,0.0115258696,0.8802016674,0.0235231448,0.0074588168,0.0034447972,0.0835755180,0.0131793251,0.0000000000,0.4351180753,0.4276592585,0.0000000000,0.3146974872,0.0457664232,0.0044359277,0.0001956334,0.1209615262,0.1433379767,0.0047164141,0.0004054089,0.0019386560,0.0000400695,0.0009640247,0.4474842256,0.0473244191,0.4001598065,0.0000000000,1.8976447772092957,15.84,2.586689327833855
0.0137874431,0.0162624386,0.9324720688,0.9324720688,0.0035279821,0.0001908737,0.0219218436,0.0108161759,0.0000000000,0.0096550276,0.9780781564,0.0435414705,0.0078830835,0.0039574479,0.0932513425,0.0138001680,0.0000000000,0.5262960324,0.5184129489,0.0088756267,0.3642347237,0.0398257959,0.0052999262,0.0000000000,0.1385711195,0.1805378821,0.0019628178,0.0006139770,0.0046032372,0.0001049805,0.0000000000,0.4175680147,0.1373877026,0.2801803120,0.0000000000,0.784197841549458,33.21,2.578252852175485
0.0173161445,0.0520130679,0.8744917385,0.8744917385,0.0035783957,0.0000000000,0.0931029215,0.0000411310,0.0000000000,0.0134968388,0.9068970785,0.1942322608,0.0075504736,0.0092368440,0.1270301079,0.0236444403,0.0000000000,0.7138928714,0.7063423978,0.0013103157,0.3564352363,0.2022057959,0.0000000000,0.0091604578,0.1050837897,0.0399851928,0.0040954709,0.0008755024,0.0066984746,0.0001233930,0.0000000000,0.1922462218,0.0971866407,0.0737478553,0.0000000000,1.6236678120086192,17.8,4.316680145636809
0.0005988948,0.0302895565,0.9433590737,0.9433590737,0.0017422393,0.0000000000,0.0533833017,0.1130731468,0.0000000000,0.0126766059,0.9466166983,0.1660571854,0.0037204069,0.0120232662,0.0270863770,0.0245546854,0.0000000000,0.3905882780,0.3868678711,0.0005172273,0.1723728029,0.0946979665,0.0012431603,0.0029944738,0.0227580011,0.0506792011,0.0074589621,0.0003266699,0.0038020744,0.0000816675,0.0000000000,0.4581544967,0.2159197118,0.2365362104,0.0000000000,3.0074087624622705,57.35,4.606049022886903
0.0253310389,0.0302081890,0.8930609643,0.8930609643,0.0052259722,0.0003902568,0.0757443161,0.0000000000,0.0033344312,0.0141222855,0.9242556839,0.0426208606,0.0092522660,0.0059750725,0.1785445098,0.0153485591,0.0000000000,0.8308671352,0.8216148692,0.0075977699,0.5866663994,0.0467464050,0.1213820063,0.0560846239,0.2214914516,0.1409619127,0.0037025253,0.0027686070,0.0075680911,0.0001243040,0.0004259099,0.1035967030,0.0530972803,0.0487408581,0.0004182011,1.4835087352174932,19.71,3.770846071436303
0.0158566035,0.0229447978,0.8727730349,0.8727730349,0.0049590150,0.0000000000,0.0951260161,0.0391143158,0.0000000000,0.0129723479,0.9048739839,0.1745042686,0.0110880582,0.0146457603,0.0958606850,0.0258494609,0.0000000000,0.7050372436,0.6939491854,0.0000000000,0.4088228292,0.1590966294,0.0295772253,0.0290738410,0.0985612734,0.0925138601,0.0024625013,0.0003469270,0.0059113636,0.0001088398,0.0000000000,0.2109384035,0.1533485256,0.0569776538,0.0000000000,0.9755473137078545,10.29,3.356256833422962
0.0038584061,0.2121848739,0.9104328006,0.9104328006,0.0019360685,0.0000000000,0.0885373757,0.0415362223,0.0000000000,0.0106827045,0.9114626243,0.0246059208,0.0102021201,0.0039133300,0.0767699237,0.0072499588,0.0000000000,0.3435629154,0.3333607953,0.0354808590,0.1994150601,0.0435958697,0.0000000000,0.0108062833,0.1325314440,0.0124814632,0.0037073653,0.0004531224,0.0055335860,0.0001235788,0.0000000000,0.3932965343,0.0792140386,0.2791096831,0.0000000000,1.5052474598949115,15.74,3.697415581965667
0.0083345826,0.0895345014,0.9498982054,0.9498982054,0.0044296360,0.0000000000,0.0456092926,0.0000000000,0.0033077195,0.0096257538,0.9543907074,0.0003675244,0.0058803902,0.0008075865,0.1074537330,0.0018605922,0.0000000000,0.5282340937,0.5223537035,0.0000495674,0.4183225413,0.0038239461,0.0194848372,0.0323107129,0.1774973524,0.1852056928,0.0018231144,0.0014193211,0.0047923245,0.0001233141,0.0000000000,0.3563717122,0.0157576080,0.3227335593,0.0000000000,0.7334362802913318,15.49,2.1949162766855896
0.0111576699,0.0198077397,0.8555615808,0.8555615808,0.0036085778,0.0000000000,0.1067028182,0.0074537836,0.0000000000,0.0110590749,0.8932971818,0.0036808808,0.0193180511,0.0088439734,0.0613721140,0.0162616055,0.0000000000,0.6099087996,0.5905907485,0.0001380330,0.5284561663,0.0037696163,0.0675836004,0.0210796155,0.1399786377,0.2960446964,0.0024813080,0.0009760907,0.0053537096,0.0001544655,0.0000000000,0.3275720976,0.3222545395,0.0037334648,0.0000000000,0.9916628083759387,9.31,3.2076179156850673
0.0061393801,0.0349783102,0.8610157443,0.8610157443,0.0020114548,0.0009209070,0.1364315661,0.0469501014,0.0000000000,0.0120606506,0.8635684339,0.0013975168,0.0122060570,0.0532429660,0.0440500521,0.0658852421,0.0000000000,0.6382127941,0.6260067372,0.0021326268,0.5247312002,0.0093302421,0.0066240680,0.0018337359,0.0622743172,0.4446688370,0.0020841580,0.0005493130,0.0071491465,0.0002342658,0.0000000000,0.2376505562,0.0935609212,0.1440896349,0.0000000000,0.8412917741718534,6.16,4.358031178840427
0.0145982611,0.1835843942,0.8833302584,0.8833302584,0.0033967869,0.0001662104,0.1083780578,0.0023252838,0.0194133769,0.0151600523,0.8916219422,0.0001983444,0.0103482607,0.0071110358,0.0539086873,0.0153373434,0.0000000000,0.6930215447,0.6826732841,0.0000116347,0.6241843916,0.0075919379,0.1110313301,0.0153966252,0.3545550796,0.1356094188,0.0053353545,0.0019751338,0.0064467481,0.0001645483,0.0006210729,0.0781288696,0.0000000000,0.0619859597,0.0000000000,2.138899654955284,18.45,5.083793582225399
0.0237833439,0.0709463554,0.8361561805,0.8361561805,0.0065767829,0.0001331157,0.0929905369,0.0000000000,0.0000259738,0.0154392603,0.9070094631,0.0048181401,0.0106741500,0.0285419607,0.0587570670,0.0591596610,0.0000000000,0.8274008450,0.8167266950,0.0026969463,0.7016237955,0.0771562584,0.1083497113,0.0037164180,0.1323527502,0.3800486576,0.0026136137,0.0007045394,0.0061860936,0.0001850633,0.0005670947,0.0649734634,0.0140215236,0.0488578021,0.0000000000,1.0611046912690636,11.37,3.804654301578904
0.0080634314,0.1870163888,0.9298007150,0.9298007150,0.0039573820,0.0002123819,0.0617606456,0.0403737921,0.0000000000,0.0114332236,0.9382393544,0.0133942161,0.0065838377,0.0035892535,0.0534777530,0.0121482425,0.0000000000,0.3417578139,0.3351739761,0.0000000000,0.2627446816,0.1148348731,0.0134933277,0.0000000000,0.0649605324,0.0694559485,0.0019255956,0.0001274291,0.0041131287,0.0001132703,0.0000000000,0.3908463417,0.1771335528,0.2137127889,0.0000000000,0.7546227579797196,12.57,3.1382571676931876
0.0091131404,0.0335826362,0.8842638679,0.8842638679,0.0013711032,-0.0000976676,0.0888399716,0.0000000000,0.0000000000,0.0095601576,0.9111600284,0.0000075129,0.0041884384,0.0044776848,0.0151985846,0.0143383582,0.0000000000,0.3670499495,0.3628615111,0.0010593181,0.3360893133,0.0058638138,0.0631195790,0.0022275731,0.0904777825,0.1744005650,0.0034333926,0.0009654069,0.0052101920,0.0001765530,0.0000000000,0.5456877867,0.2889721985,0.2567155881,0.0000000000,1.3662488695561186,15.3,3.5108627381508386
0.0015100252,0.0935534413,0.8797088944,0.8797088944,0.0066134563,0.0011296805,0.1026646836,0.0000000000,0.0000000000,0.0154919503,0.8973353164,0.0000000000,0.0067156384,0.0038715684,0.0351960762,0.0073287314,0.0110413497,0.8511205977,0.8444049592,0.0000000000,0.7920536343,0.0000000000,0.0874906333,0.0352244601,0.2843559118,0.3849826290,-0.0019471378,0.0005109108,0.0105417925,0.0001703036,0.0000000000,0.0418322396,0.0000000000,0.0418322396,0.0000000000,-0.7800440622557032,-7.52,3.6543977195062824
0.0065594764,0.1147410359,0.8607427433,0.8607427433,0.0014228799,0.0000000000,0.1368952760,0.0000000000,0.0000000000,0.0135031303,0.8631047240,0.0009391007,0.0163488902,0.0000000000,0.0876351736,0.0071001707,0.0000000000,0.7674445077,0.7510956175,0.0000000000,0.6705606147,0.0033579966,0.0492316448,0.0329254411,0.4712151394,0.1138303927,0.0021343199,0.0011809903,0.0105435401,0.0002703472,0.0000000000,0.1124786568,0.0113261241,0.1011525327,0.0000000000,0.8665198396938297,6.22,5.226504967180442
0.0203502088,0.1995089387,0.9123342013,0.9123342013,0.0004019363,0.0000000000,0.0832182864,0.0000000000,0.0000000000,0.0121629415,0.9167817136,0.0251996575,0.0063523408,0.0023067648,0.0806057005,0.0317879174,0.0000000000,0.3623455604,0.3559932195,0.0057843874,0.2189678975,0.0267112874,0.0231025986,0.0000000000,0.1059276864,0.0632263251,0.0058717648,0.0015815319,0.0074707722,0.0002271814,0.0000000000,0.3937664925,0.2645876658,0.1291788267,0.0000000000,2.43771935393182,29.04,5.271170593447262
0.0204587651,0.1194127979,0.8674857650,0.8674857650,0.0081233683,0.0002744381,0.1097585422,0.0034913301,0.0095934020,0.0161894625,0.8902414578,0.0010285463,0.0054159766,0.0004009183,0.3006982660,0.0044172605,0.0000000000,0.8061440729,0.8007280963,0.0000000000,0.4984619533,0.0206043366,0.0953075855,0.0524248398,0.2263792305,0.1037459610,0.0016669133,0.0003460307,0.0060841738,0.0000918771,0.0000000000,0.0197356803,0.0007302440,0.0126730750,0.0000000000,0.6649570717137401,6.12,3.4185808211800297
0.0100094859,0.1542471290,0.8764641322,0.8764641322,0.0077995399,0.0002062158,0.0987876802,0.0000000000,0.0000000000,0.0145450879,0.9012123198,0.0003345279,0.0096188215,0.0000458257,0.0629004023,0.0010035836,0.0000000000,0.8125590006,0.8029401791,0.0138370804,0.7309433686,0.0061543961,0.1749122437,0.1599604524,0.3481381004,0.0417781760,0.0025582216,0.0002967216,0.0036408546,0.0000744668,0.0000801950,0.0118562630,0.0000000000,0.0118562630,0.0000000000,1.0491116260877837,10.49,2.8722564201065266
0.0145179789,0.1271922494,0.9422393075,0.9422393075,0.0021151641,0.0000000000,0.0542623149,0.0000000000,0.0000000000,0.0116017037,0.9457376851,0.0023572264,0.0034176901,0.0156418399,0.0195782351,0.0338253347,0.0000000000,0.3817265963,0.3783089062,0.0000864508,0.3261502285,0.0227135192,0.0720250823,0.0000000000,0.0907849161,0.1406267110,0.0033081857,0.0017347803,0.0072042372,0.0002017186,0.0000000000,0.4407552346,0.0945426462,0.3462125884,0.0000000000,1.3029833551821395,24.44,4.085064139353798
0.0084611985,0.1844204500,0.8903622319,0.8903622319,0.0021468713,0.0000000000,0.1032182021,0.0000000000,0.0000000000,0.0133442782,0.8967817979,0.1485761192,0.0056828945,0.0285407590,0.1201195513,0.0586180043,0.0000000000,0.5288249037,0.5231420092,0.0002946686,0.1983330176,0.0813916777,0.0012207699,0.0000000000,0.0362652859,0.0794552840,0.0049883185,0.0018101071,0.0080191956,0.0002315253,0.0000000000,0.2417545411,0.0982509314,0.1435036097,0.0000000000,2.0164420857838703,19.85,4.899331176829478
0.0169978536,0.3833517967,0.8732344388,0.8732344388,0.0025444852,-0.0017742159,0.1245413003,0.0247178564,0.0000000000,0.0102298691,0.8754586997,0.0054784325,0.0026743059,0.0016357405,0.0209790210,0.0064477602,0.0000000000,0.2833379492,0.2806636433,0.0062660112,0.2441667244,0.0837343350,0.0088278059,0.0214204113,0.0888492695,0.0413349027,0.0046735443,0.0001644395,0.0050197327,0.0001817489,0.0000000000,0.2873623901,0.1292927370,0.1543914007,0.0000000000,1.8474012367324946,15.26,3.147638606425543
0.0185485741,0.0104234037,0.8181039778,0.8181039778,0.0051679744,0.0001525376,0.0800334362,0.0000000000,0.0044337600,0.0130328139,0.9199665638,0.0279021807,0.0114525242,0.0054832188,0.1250076269,0.0133256861,0.0000000000,0.7400413275,0.7285888033,0.0083651628,0.5635349677,0.0435077957,0.0744749655,0.0500709808,0.1616390269,0.2338421988,0.0024141620,0.0023165379,0.0061909934,0.0001627068,0.0000000000,0.2034668749,0.0912825770,0.0610089448,0.0000000000,0.9691744156733547,12.13,3.3938691820090705
0.0108252990,0.0203484121,0.8833910833,0.8833910833,0.0045309318,0.0000000000,0.1063461171,0.0070003037,0.0021740598,0.0121612348,0.8936538829,0.0004781244,0.0115649855,0.0032709334,0.1231479711,0.0060215550,0.0000000000,0.7444650069,0.7329000214,0.0130021712,0.6016914354,0.0156768554,0.0624458594,0.0475480656,0.2966480667,0.1793725883,0.0026099967,0.0010265612,0.0054871806,0.0001434373,0.0009787488,0.1980588149,0.1196267255,0.0775714655,0.0000000000,1.045485078883145,9.86,3.267956142173558
0.0097210992,0.0144639818,0.8547507271,0.8547507271,0.0034636319,0.0000000000,0.0804962528,0.0248066038,0.0000000000,0.0112175813,0.9195037472,0.0014602768,0.0070177768,0.0065712458,0.1145713906,0.0094073207,0.0000000000,0.6778339629,0.6708161861,0.0000000000,0.5523768721,0.0097814412,0.0724043881,0.0079289412,0.2053981970,0.2568639046,0.0014421742,0.0012128746,0.0072470764,0.0002292997,0.0000000000,0.2589638069,0.0722656014,0.1604554616,0.0000000000,0.5758810648980612,7.16,3.251919359991902
0.0088524597,0.0836692668,0.8352445873,0.8352445873,0.0048106102,0.0000042591,0.0746954239,0.0000000000,0.0065291416,0.0116038136,0.9253045761,0.0115058551,0.0063438724,0.0007815378,0.0701446164,0.0071530941,0.0000000000,0.5954892278,0.5891453554,0.0115058551,0.4918151482,0.0657705601,0.0211526299,0.0979754550,0.2140945128,0.0928219904,0.0022381369,0.0010605064,0.0056027956,0.0001213833,0.0000000000,0.2616511956,0.0591775326,0.1999693348,0.0000000000,0.8816226554373721,11.94,2.925941128046613
0.0178648169,0.0285601012,0.8237487365,0.8237487365,0.0046909142,0.0000000000,0.1029337885,0.0000000000,0.0269440056,0.0128742896,0.8970662115,0.0572473110,0.0082983785,0.0133161434,0.1350045093,0.0181160078,0.0635997167,0.7639017511,0.7556033726,0.0137791820,0.4672150497,0.1087717068,0.0135279911,0.0042944562,0.1950421577,0.1455787378,0.0010592387,0.0010864762,0.0080199500,0.0002118477,0.0000000000,0.1576419531,0.0563363658,0.0993596146,0.0000000000,0.4209310995922982,4.07,3.5001423874491935
0.0035580033,0.0438762130,0.8107526882,0.8107526882,0.0035667453,0.0000000000,0.1727598566,0.0006556517,0.0000000000,0.0107177201,0.8272401434,0.1247136987,0.0079552408,0.0109275286,0.0430981729,0.0156919311,0.0000000000,0.5542267681,0.5462715272,0.0000000000,0.3669726375,0.2999213218,0.0085147303,0.0000000000,0.0315674447,0.0269691407,0.0009353965,0.0014336918,0.0075181397,0.0001923245,0.0000000000,0.3806101932,0.0615613253,0.3190488679,0.0000000000,0.3696426643635971,2.16,2.9523358372245156
0.0056712121,0.0258795487,0.8183478570,0.8183478570,0.0042843655,0.0001702602,0.0926524990,0.0265358243,0.0058755243,0.0097946043,0.9073475010,0.1018279753,0.0064482177,0.0072314146,0.0269568313,0.0136734410,0.0000000000,0.5680777625,0.5616295448,0.0084015664,0.4172179485,0.1699382420,0.0023712601,0.0072066494,0.1779095144,0.0597922826,0.0013466033,0.0013775597,0.0050397016,0.0001269212,0.0001176343,0.3518813751,0.1613261721,0.1898896404,0.0000000000,0.544031366222218,5.82,2.34712378440745
0.0087561523,0.0625061000,0.8945357706,0.8945357706,0.0037645878,0.0000418288,0.1027314176,0.0159088691,0.0000000000,0.0108475900,0.8972685824,0.0067483722,0.0062464271,0.0204124315,0.1167022211,0.0387055395,0.0000000000,0.5890882726,0.5828418455,0.0106663320,0.4101448669,0.0659639436,0.0169824738,0.0000000000,0.0892486162,0.2379498334,0.0020496089,0.0007389746,0.0053819662,0.0002091438,0.0000000000,0.3164345171,0.0162992708,0.3001352463,0.0000000000,0.8368081745342765,8.05,3.0247997856441096
0.0074587441,0.0192690744,0.9067030864,0.9067030864,0.0052320781,0.0000782659,0.0911289470,0.0990181538,0.0000000000,0.0112781219,0.9088710530,0.1484548347,0.0065352060,0.0308446069,0.0906397849,0.0473704601,0.0000000000,0.6325570657,0.6260218597,0.0005517749,0.3453797659,0.1058585969,0.0034437014,0.0000000000,0.0021053538,0.2339721138,0.0014166135,0.0004735089,0.0044337655,0.0001291388,0.0000313064,0.2354826465,0.0801091027,0.1412308884,0.0000000000,0.5676839631240652,6.25,2.5624121503115944
0.0021469998,0.0789092126,0.8973176444,0.8973176444,0.0022083426,0.0000000000,0.1006747714,0.0000000000,0.0000000000,0.0123243364,0.8993252286,0.0793163060,0.0045337943,0.0150178452,0.0693229980,0.0172763774,0.0000000000,0.4388356012,0.4343018068,0.0055097033,0.2657818425,0.1148895829,0.0136738791,0.0227581976,0.0475072496,0.0669529333,0.0055766228,0.0009814856,0.0052699085,0.0001617221,0.0000000000,0.4510093687,0.0537697970,0.3731206781,0.0000000000,2.1702389704386325,22.61,4.145338208409506
0.0088643464,0.0951020046,0.9150136840,0.9150136840,0.0043272219,0.0000000000,0.0722064795,0.0177529124,0.0004601710,0.0117949091,0.9277935205,0.0457345379,0.0065957842,0.0139423737,0.1290254870,0.0287001381,0.0000000000,0.6996536608,0.6930578766,0.0000000000,0.4961692783,0.1374619552,0.0058126862,0.0122712264,0.1265954613,0.2140279493,0.0024703916,0.0008638298,0.0049972955,0.0001210976,0.0004763173,0.1452929352,0.0599513995,0.0853415357,0.0000000000,1.0005640434558698,13.68,3.2629304643061867
0.0103672066,0.1727497186,0.8788454323,0.8788454323,0.0019177943,0.0000000000,0.1192321411,0.0000000000,0.0004030147,0.0135450010,0.8807678589,0.0457537534,0.0088709565,0.0055680886,0.1830474399,0.0115113979,0.0000000000,0.6901326243,0.6812616677,0.0000000000,0.4497829742,0.0667058873,0.0621291222,0.0124841921,0.1648561886,0.1436075841,0.0057719122,0.0023486031,0.0082038977,0.0001945588,0.0136654422,0.1137566995,0.0352012526,0.0785554470,0.0000000000,2.3117526461775375,19.54,4.98123354989792
0.0055981213,0.0203287710,0.8764143559,0.8764143559,0.0035344071,0.0000000000,0.0897122661,0.0799392746,0.0000000000,0.0119078682,0.9102877339,0.0754323125,0.0043409161,0.0092748535,0.0057404464,0.0326398937,0.0000000000,0.7268543777,0.7225134616,0.0000000000,0.6130417250,0.0485091444,0.0401119624,0.0338496572,0.1673268971,0.3232440639,0.0050288208,0.0003083711,0.0036530114,0.0001660460,0.0000000000,0.1630571435,0.0000000000,0.1630571435,0.0000000000,2.0259696821282236,22.29,3.4963476538318683
0.0093378535,0.0608076213,0.8616143844,0.8616143844,0.0019739948,0.0000000000,0.0941767154,0.0000000000,0.0282538729,0.0111916921,0.9058232846,0.0287344977,0.0060078102,0.0093292709,0.0776809853,0.0196455392,0.0000000000,0.4534094323,0.4474016221,0.0014161267,0.3259322834,0.0970604643,0.0024717847,0.0041282238,0.1182079561,0.1040638544,0.0013989615,0.0013989615,0.0089773849,0.0002317298,0.0000000000,0.4436510321,0.2022572201,0.2407243703,0.0000000000,0.5511877588976245,5.79,3.853865303101662
0.0299935201,0.0894069282,0.8783793832,0.8783793832,0.0013172291,0.0000000000,0.1125274865,0.0000000000,0.0000000000,0.0114726409,0.8874725135,0.1445818329,0.0119187992,0.0000000000,0.0593602940,0.0218617547,0.0000000000,0.6892720184,0.6773532192,0.0039516874,0.4519264476,0.1267248797,0.0150100386,0.0001327852,0.0319799866,0.2780787576,0.0047749556,0.0005842549,0.0059647110,0.0001912107,0.0000000000,0.1807525203,0.0109999256,0.1697525946,0.0000000000,1.9158129152215493,17.18,4.398208052263226
0.0002488038,0.1567081340,0.8264880383,0.8264880383,0.0039234450,0.0000000000,0.1722296651,0.0218373206,0.0000000000,0.0115215311,0.8277703349,0.0221244019,0.0019138756,0.0612822967,0.0552153110,0.1202870813,0.0000000000,0.6606889952,0.6587751196,0.0049760766,0.4580861244,0.1077894737,0.0060478469,0.0000000000,0.0756937799,0.2685550239,0.0043636364,0.0004210526,0.0036555024,0.0001339713,0.0000000000,0.1129186603,0.0000000000,0.1129186603,0.0000000000,1.75074867542041,10.26,3.2701812191103787
0.0038438997,0.0537801220,0.8709104699,0.8709104699,0.0090150653,0.0000000000,0.0913744958,0.0000000000,0.0117040714,0.0147205847,0.9086255042,0.0349915538,0.0028786155,0.0012927914,0.0695521771,0.0058951288,0.0000000000,0.2074154514,0.2045368359,0.0000000000,0.0969765919,0.0238907850,0.0030165133,0.0000000000,0.0676388458,0.0024304478,-0.0003102699,0.0001034233,0.0065673803,0.0001206605,0.0004136932,0.6762333230,0.0108249733,0.4350501603,0.0000000000,-0.12423967904749578,-1.36,2.4629121517927732
0.0222042359,0.1033016286,0.9137328474,0.9137328474,0.0038036333,0.0001731051,0.0832635455,0.0000000000,0.0000000000,0.0123091750,0.9167364545,0.0442681164,0.0059276795,0.0175116846,0.0572135696,0.0280523807,0.0000000000,0.6557501298,0.6498224503,0.0063581030,0.5197690685,0.1380302513,0.0237247536,0.0195047323,0.1359389547,0.2025703766,0.0028866442,0.0017965501,0.0072423424,0.0001684266,0.0000000000,0.2096489710,0.0637728487,0.1458761223,0.0000000000,1.1546387894070782,14.02,3.64902702648455
0.0119299239,0.0183244412,0.8867926370,0.8867926370,0.0040612507,0.0000000000,0.0857280231,0.0000000000,0.0150075904,0.0118274164,0.9142719769,0.2150217462,0.0076807427,0.0240673035,0.0754333384,0.0350038806,0.0000000000,0.6620863699,0.6544056272,0.0009957874,0.3278727735,0.1097294289,0.0098065536,0.0174677711,0.0698662033,0.1210028165,0.0032900036,0.0014765966,0.0057526249,0.0001391174,0.0001952524,0.2774146625,0.1010943899,0.1763202726,0.0000000000,1.3173534193896734,15.33,3.320766531432224
0.0046124840,0.1439970372,0.9675442731,0.9675442731,0.0037371221,0.0000000000,0.0288196081,0.0076089152,0.0000000000,0.0101339977,0.9711803919,0.1236617063,0.0052858393,0.0179449195,0.0853141203,0.0382465827,0.0000000000,0.6338967073,0.6286108680,0.0016497206,0.3850245775,0.1553430745,0.0000000000,0.0000000000,0.0247794761,0.2049020268,-0.0008753619,0.0005050165,0.0078109218,0.0002356744,0.0000000000,0.2057773887,0.0074069086,0.1958453976,0.0000000000,-0.34978558816110317,-11.8,2.6663859944567236
0.0121727315,0.0245476678,0.8416008153,0.8416008153,0.0034293941,0.0000000000,0.1234420117,0.0162006519,0.0125447884,0.0102396532,0.8765579883,0.0529453157,0.0087837783,0.0080558409,0.1005605118,0.0100778893,0.0000000000,0.6651083414,0.6563245630,0.0000000000,0.5015246245,0.0737319734,0.0346093807,0.0225660603,0.1707094155,0.1999077946,0.0018198436,0.0004124979,0.0049095336,0.0001374993,0.0000000000,0.2334090927,0.0249925184,0.0641070230,0.0000000000,0.7371188481289467,5.85,3.014450207422457
0.0031980779,0.0419487453,0.8161345435,0.8161345435,0.0060597971,0.0000000000,0.0976988788,0.0017992525,0.0000000000,0.0111425521,0.9023011212,0.0450880940,0.0058302189,0.0234970635,0.0460064068,0.0353016551,0.0000000000,0.6924773091,0.6866470902,0.0070101442,0.5588467699,0.0946609717,0.0247997864,0.0032461292,0.0793432995,0.3567965830,0.0015696743,0.0009396690,0.0040363054,0.0001121196,0.0000000000,0.2433262146,0.0641857982,0.1791404164,0.0000000000,0.6243380344500808,6.42,2.0942235616649296
0.0034226605,0.0401947114,0.8807494359,0.8807494359,0.0060492356,0.0001470476,0.1033440661,0.0000000000,0.0055776690,0.0126460969,0.8966559339,0.1034353371,0.0130821692,0.0288619020,0.0794716426,0.0432066526,0.0000000000,0.8196283244,0.8065461552,0.0008620034,0.5924650762,0.1693938088,0.1225667419,0.0045077707,0.0842329437,0.2117638111,0.0030981416,0.0006946733,0.0039804275,0.0001115534,0.0000000000,0.1322566742,0.0471972213,0.0846791573,0.0000000000,1.2242526248296866,12.06,2.718224483346696
0.0324168701,0.0399564170,0.8041706101,0.8041706101,0.0047320995,0.0000000000,0.1046629075,0.0000000000,0.0000000000,0.0098698076,0.8953370925,0.0816227523,0.0092812776,0.0092176527,0.1104607236,0.0139895178,0.0000000000,0.5705719080,0.5612906304,0.0000000000,0.3634491041,0.1560718007,0.0000000000,0.0078735774,0.0414436482,0.1580600778,0.0001431560,0.0006442018,0.0056387539,0.0001749684,0.0002385933,0.3309129373,0.2967304771,0.0322816673,0.0000000000,0.057515337423312884,0.54,2.2590967110209648
0.0039036992,0.2215851602,0.8773779197,0.8773779197,0.0027842560,0.0000000000,0.1203114348,0.0066736034,0.0000000000,0.0143159557,0.8796885652,0.0530659108,0.0108571634,0.0048222166,0.0162032220,0.0094865631,0.0000000000,0.5240213842,0.5131642209,0.0000000000,0.4253740447,0.3620393958,0.0000000000,0.0000000000,0.0256323777,0.0377022712,0.0058770765,0.0004879624,0.0058770765,0.0001937498,0.0000000000,0.2353198665,0.0861899465,0.1491299200,0.0000000000,2.2596220168299075,19.9,4.658933185476711
0.0048558062,0.0160952212,0.7853615207,0.7853615207,0.0038254278,0.0000000000,0.0906969858,0.1077752117,0.0000000000,0.0093089359,0.9093030142,0.1095990999,0.0108367383,0.0082193403,0.0633149760,0.0200035530,0.0000000000,0.3348611358,0.3240243975,0.0000000000,0.1375022206,0.1241546752,0.0000000000,0.0000000000,0.0133475454,0.0000000000,0.0031621958,0.0023923728,0.0045952508,0.0001184343,0.0000000000,0.5234322260,0.3463966365,0.1770355895,0.0000000000,1.2831371983636395,13.61,2.338177181309733
0.0085585414,0.0259803148,0.9239688127,0.9239688127,0.0038521598,0.0000163227,0.0645672033,0.0173728053,0.0000000000,0.0100167036,0.9354327967,0.0183195225,0.0058544123,0.0073397790,0.0534405554,0.0149243986,0.0000000000,0.4190039882,0.4131495759,0.0000000000,0.3103600246,0.0413399857,0.0183304043,0.0142334039,0.0642189855,0.1722372452,0.0017302074,0.0010555353,0.0053919355,0.0001795498,0.0000000000,0.5224301252,0.0720484458,0.4503816794,0.0000000000,0.678405427243418,10.9,2.509704893703033
0.0175404560,0.1156894056,0.8370617995,0.8370617995,0.0013282194,0.0002238572,0.0660428512,0.0094666726,0.0089493138,0.0116554987,0.9339571488,0.0021838514,0.0063028241,0.0256988076,0.0359912646,0.0412245487,0.0044771442,0.6369931500,0.6306903259,0.0008257844,0.5526039568,0.0900950647,0.0111033176,0.0274846907,0.0814392526,0.3424816313,0.0031240517,0.0016465941,0.0086259645,0.0002387810,0.0000000000,0.2037448824,0.0000000000,0.2037448824,0.0000000000,1.2801761261421953,19.27,4.50374227139603
0.0067796222,0.0705218133,0.9156183256,0.9156183256,0.0015803849,0.0000687124,0.0518921674,0.0074438419,0.0000000000,0.0068655127,0.9481078326,0.0289221889,0.0019268099,0.0019611660,0.0572545966,0.0160500684,0.0000000000,0.2479228818,0.2459960719,0.0012883573,0.1442530677,0.0222170052,0.0158868765,0.0003177948,0.0516373589,0.0541940323,0.0007443842,0.0009190282,0.0052450456,0.0001918221,0.0000000000,0.6364341707,0.0361455786,0.6002885920,0.0000000000,0.29066964416725244,5.7,2.2103383607754745
0.0044086763,0.1269859083,0.9157221412,0.9157221412,0.0007214198,0.0000000000,0.0813387413,0.0001335963,0.0000000000,0.0105006653,0.9186612587,0.0000000000,0.0047987773,0.0039437613,0.0130069310,0.0209692675,0.0000000000,0.4719741785,0.4671754012,0.0029818683,0.4350161117,0.0044728025,0.0446692424,0.0064339954,0.0873291972,0.2921108742,0.0054240078,0.0006359182,0.0049911559,0.0001335963,0.0000000000,0.3922065291,0.0678882708,0.2948683008,0.0000000000,2.275440376176251,27.81,4.213058755478559
0.0391909256,0.0726106606,0.8789711551,0.8789711551,0.0072924513,0.0000000000,0.1129314547,0.0008307856,0.0167560223,0.0159658529,0.8870685453,0.0610645871,0.0059521172,0.0074881475,0.0832077924,0.0240706279,0.0000000000,0.7999763688,0.7940242516,0.0020455787,0.6130976118,0.1819346596,0.0524207246,0.0032123710,0.1827580605,0.1927717961,0.0016468017,0.0021821968,0.0092087967,0.0002289276,0.0000000000,0.0477424786,0.0411885034,0.0049293278,0.0000000000,0.6634991771345686,5.86,3.8470357025876187
0.0264201674,0.0735161173,0.8697038740,0.8697038740,0.0033525591,0.0000000000,0.0942986480,0.0000000000,0.0000633817,0.0142508782,0.9057013520,0.0600858655,0.0074656988,0.0278979621,0.2532433091,0.0528436707,0.0000000000,0.7236824109,0.7162167121,0.0142775652,0.3432353363,0.0004970461,0.0962267864,0.0000000000,0.1524063368,0.0941051669,0.0052006365,0.0012342755,0.0069319581,0.0002101604,0.0000000000,0.1689389567,0.0189077663,0.1471189675,0.0000000000,2.0939068184603604,22.49,4.655147539465271
0.0179875161,0.1288060697,0.8182273496,0.8182273496,0.0053289984,0.0000200338,0.1048599206,0.0057239510,0.0040725911,0.0144987679,0.8951400794,0.0524714589,0.0071377669,0.0114250062,0.0574713302,0.0298332327,0.0000000000,0.7087911302,0.7016533633,0.0000000000,0.5629734781,0.2418855839,0.0271944913,0.0395210198,0.1093703940,0.1450019891,0.0033399254,0.0010217253,0.0068315355,0.0001659946,0.0004865358,0.1205807521,0.0807191572,0.0377294231,0.0000000000,1.347096729510018,12.85,3.9148842579864738
0.0149337005,0.0191586914,0.8277472565,0.8277472565,0.0045759486,0.0001124864,0.1099307533,0.0278381455,0.0083914888,0.0129269423,0.8900692467,0.1291704350,0.0083824899,0.0009178894,0.1296203807,0.0020337549,0.0000000000,0.7315848440,0.7232023541,0.0000000000,0.4705577978,0.1497689528,0.0189427174,0.0455120158,0.2159649762,0.0403691355,0.0027491687,0.0009763823,0.0064657209,0.0001349837,0.0016378026,0.1760142903,0.0771162075,0.0899846568,0.0000000000,1.1072175270178746,10.04,3.608104627258103
0.0056207844,0.2687359480,0.9231409776,0.9231409776,0.0014988758,0.0000000000,0.0726330252,0.0000000000,0.0000000000,0.0121159131,0.9273669748,0.0158214672,0.0054542427,0.0513156799,0.0927013074,0.0807935715,0.0000000000,0.6276958947,0.6222416521,0.0007078025,0.4376509285,0.0310808560,0.0405945541,0.0000000000,0.0660546257,0.2999208927,0.0042884503,0.0004788076,0.0059746857,0.0001249063,0.0000000000,0.0962819552,0.0529394621,0.0433424931,0.0000000000,1.7186717837477057,24.07,4.376039041132622
0.0169353076,0.1118666819,0.8984245741,0.8984245741,0.0029240070,0.0000624343,0.0917784414,0.0451868347,0.0199581690,0.0106502534,0.9082215586,0.0446769545,0.0079447664,0.0128978887,0.0374761969,0.0199789804,0.0000000000,0.5595207126,0.5515759461,0.0000000000,0.4083880501,0.0379184400,0.0310038397,0.0141881978,0.2110383867,0.1142391859,0.0017065379,0.0005723145,0.0059156512,0.0001664915,0.0006035317,0.2242900698,0.0105826162,0.2136970479,0.0000000000,0.6820278893264196,7.48,3.365934925258111
0.0033039648,0.2170952081,0.8844061854,0.8844061854,0.0052818484,0.0000449519,0.1102894902,0.0768677515,0.0000000000,0.0133956666,0.8897105098,0.1171896071,0.0079340106,0.0167670592,0.0775869819,0.0268362852,0.0000000000,0.6264946507,0.6185606401,0.0000000000,0.4025218017,0.1765935449,0.0237346040,0.0222736672,0.0986019959,0.0813179898,0.0017756001,0.0003820912,0.0059786029,0.0001348557,0.0000000000,0.0742380653,0.0000000000,0.0742380653,0.0000000000,0.7093631445439649,6.42,3.4086751254057246
0.0174917337,0.0255864371,0.8119112234,0.8119112234,0.0036184416,0.0002339510,0.0590336266,0.0000000000,0.0000000000,0.0121810469,0.9409663734,0.1677350427,0.0069717387,0.0195894940,0.0883866742,0.0323788134,0.0000000000,0.8011962693,0.7942245305,0.0000000000,0.5113934119,0.2941699420,0.0292750639,0.0308893256,0.0756831368,0.0813759436,0.0015908666,0.0003353297,0.0068937551,0.0001637657,0.0023239129,0.1437862624,0.0069561420,0.1362296463,0.0000000000,0.635982089622035,10.36,3.622551870043426
0.0230044781,0.0497203394,0.8945609939,0.8945609939,0.0046087366,0.0000261365,0.1018365249,0.0000000000,0.0000000000,0.0151199665,0.8981634751,0.0124409751,0.0099623634,0.0158038717,0.0843337806,0.0357590911,0.0000000000,0.6936192086,0.6836568451,0.0000000000,0.5608283529,0.0696842711,0.0497551881,0.0151722395,0.1966510428,0.2295656113,0.0037767246,0.0020822080,0.0077756094,0.0002134481,0.0000000000,0.2139534073,0.0492673067,0.1454278545,0.0000000000,1.5353862705122159,15.01,4.579768734015649
0.0077371994,0.0750304204,0.8916752057,0.8916752057,0.0042268404,0.0003002017,0.0848970508,0.0000200134,0.0043469211,0.0139894009,0.9151029492,0.1039378462,0.0131088091,0.0175958244,0.1211293990,0.0421002914,0.0000000000,0.7902430433,0.7771342342,0.0056077684,0.5173436549,0.1682090365,0.0252889942,0.0123042685,0.1245156745,0.1870256813,0.0052355183,0.0011447693,0.0053716097,0.0001681130,0.0000000000,0.1155256332,0.0038065580,0.1117190752,0.0000000000,2.081696232296928,24.97,4.112239349527699
0.0082490760,0.0592550946,0.8756002470,0.8756002470,0.0046176392,0.0000000000,0.0939380812,0.0000000000,0.0067467303,0.2318589454,0.9060619188,0.0032996304,0.0025807165,0.0015299962,0.0192355549,0.5290837535,0.0000000000,0.6647925749,0.6622118584,0.0077329327,0.1054314866,0.0282311953,0.0092168447,0.0015852973,0.0302312506,0.0361668986,0.0021936090,0.0005161433,0.2248080592,0.0001751200,0.0000000000,0.1963095754,0.1408518208,0.0554577546,0.0000000000,0.9134654595873093,10.26,103.76355965194702
0.0246770564,0.0281419285,0.9208267356,0.9208267356,0.0054442037,0.0004687891,0.0746853904,0.0000000000,0.0042711893,0.0138865739,0.9253146096,0.0170993416,0.0062171848,0.0361217601,0.0721997666,0.0561005084,0.0000000000,0.8606571381,0.8544399533,0.0008417368,0.7138199017,0.0479748312,0.1085486291,0.0662596883,0.1955350446,0.2955017085,0.0013980332,0.0019584965,0.0085298775,0.0002771064,0.0003375281,0.0813671973,0.0124135345,0.0688057338,0.0000000000,0.5608029260373235,7.5,3.5948756165939177
0.0227322040,0.0322398398,0.7573320537,0.7573320537,0.0043453225,0.0005007093,0.0848602186,0.0000000000,0.0096870567,0.0137603271,0.9151397814,0.1494233497,0.0077609947,0.0112450972,0.0863957273,0.0157631645,0.0000000000,0.7536752065,0.7459142118,0.0000000000,0.4977184344,0.2719260619,0.0174605691,0.0011616457,0.0726604356,0.1345097221,0.0018442794,0.0008528749,0.0075248268,0.0001877660,0.0000000000,0.1572661270,0.0511065676,0.1060535759,0.0000000000,0.7518781004871472,8.74,4.162402697334349
0.0174499453,0.0238234117,0.8417411936,0.8417411936,0.0045534931,-0.0001259687,0.0943910538,0.0000000000,0.0000695566,0.0131566048,0.9056089462,0.0119111581,0.0129665564,0.0052019579,0.0894492486,0.0099378317,0.0000000000,0.8334535512,0.8204869948,0.0117249436,0.7041094810,0.0537513740,0.0546972343,0.0907472735,0.2978720608,0.2070415384,0.0030090079,0.0014962886,0.0065361303,0.0001511624,0.0006199849,0.0998586413,0.0569750763,0.0369833026,0.0000000000,1.189970480869692,12.69,3.5972326865428963
0.0148775755,0.1218202203,0.9308085318,0.9308085318,0.0040080833,0.0002014112,0.0632968331,0.0000000000,0.0000000000,0.0108963471,0.9367031669,0.0321385172,0.0056730827,0.0087143922,0.0273986398,0.0164955790,0.0000000000,0.5257974206,0.5201243379,0.0000000000,0.4477572861,0.0767443890,0.0236926733,0.0447535734,0.0478821610,0.2546844893,0.0021685275,0.0011614714,0.0051091313,0.0001611290,0.0000000000,0.3289045244,0.0735150958,0.2553894286,0.0000000000,0.8756947268537346,13.83,2.906597920620981
0.0162014667,0.2953498948,0.9082201126,0.9082201126,0.0007674379,0.0000000000,0.0905576715,0.0050309818,0.0000000000,0.0094650674,0.9094423285,0.0649195611,0.0069922119,0.0073332954,0.0136717640,0.0075606844,0.0000000000,0.2509237678,0.2439315559,0.0000000000,0.1647717583,0.1265419817,0.0000000000,0.0000000000,0.0081291570,0.0301006196,0.0009664033,0.0004832016,0.0080154625,0.0002558126,0.0000000000,0.4177136035,0.2769882326,0.1407253709,0.0000000000,0.38605654592937433,4.25,3.729660552136023
0.0207628745,0.1261053135,0.9429908099,0.9429908099,0.0025636755,0.0000217261,0.0301847440,0.0000000000,0.0007024760,0.0096536141,0.9698152560,0.0179819384,0.0032299414,0.0119348508,0.0249053106,0.0203862894,0.0000000000,0.3604353903,0.3572054489,0.0000000000,0.2934177270,0.0751504530,0.0117320742,0.0000000000,0.0393603847,0.1671748151,0.0024550452,0.0009269787,0.0055401461,0.0001810505,0.0000000000,0.4860337623,0.2139148193,0.2721189430,0.0000000000,0.9910940406450882,31.09,3.012945046067437
0.0110074187,0.0769361463,0.8139292976,0.8139292976,0.0061019677,0.0000393690,0.0743862176,0.0000000000,0.0026283184,0.0110020766,0.9256137824,0.0741545326,0.0078452377,0.0035724783,0.0594002041,0.0063855640,0.0000000000,0.6848096740,0.6769644363,0.0156524999,0.5251411914,0.0698712052,0.1001421582,0.0547468774,0.2131860939,0.0871948566,0.0015393408,0.0010827064,0.0042785660,0.0001024292,0.0001258880,0.2134930330,0.0128571825,0.2003704870,0.0000000000,0.6306948176382572,8.34,2.1059951596401003
0.0051119337,0.2097067983,0.8976438099,0.8976438099,0.0032316822,0.0000000000,0.1004759387,0.0587578589,0.0000000000,0.0114577825,0.8995240613,0.1039426523,0.0038780187,0.0674540220,0.0366649039,0.0837299489,0.0000000000,0.5708913567,0.5670133380,0.0000000000,0.3465538516,0.0562312709,0.0000000000,0.0000000000,0.0385451554,0.2517774252,0.0012926729,0.0024090722,0.0092249838,0.0003525472,0.0000000000,0.1264469123,0.0000000000,0.1264469123,0.0000000000,0.5217133540832963,5.68,3.528559276645348
0.0160337680,0.0332864334,0.8561400077,0.8561400077,0.0049357822,0.0001730533,0.1077670853,0.0688075120,0.0000000000,0.0182006967,0.8922329147,0.2234645278,0.0149803998,0.0179072585,0.2007418721,0.0270565132,0.0000000000,0.7670927792,0.7521123793,0.0001655293,0.3149269790,0.2175280459,0.0094201208,0.0042586169,0.0597711182,0.0239490772,0.0061922999,0.0010082238,0.0063126848,0.0001956255,0.0000000000,0.1082335769,0.0845252695,0.0241296546,0.0000000000,2.516117444291157,23.31,5.757580705736353
0.0128727048,0.0191581504,0.8944143411,0.8944143411,0.0073979449,0.0002737380,0.0775871750,0.0000000000,0.0071347352,0.0145818126,0.9224128250,0.2968267449,0.0096299624,0.0106933292,0.0884594868,0.0292969847,0.0000000000,0.7273113313,0.7176813690,0.0004597395,0.3067374642,0.1209957044,0.0599521309,0.0000000000,0.0408185468,0.0849710820,0.0025724353,0.0020635634,0.0063275591,0.0001368690,0.0000000000,0.2079250660,0.0166839800,0.1727918468,0.0000000000,1.025190955801752,13.21,3.093231384134156
0.0350955165,0.0137045866,0.9016167295,0.9016167295,0.0048850127,0.0000000000,0.0944044575,0.0541680375,0.0013371736,0.0133717362,0.9055955425,0.0752799888,0.0108186004,0.0053871743,0.1653824028,0.0096199541,0.0000000000,0.7835375650,0.7727189646,0.0003847982,0.5218209419,0.0778985403,0.0412676791,0.0256948974,0.2759810910,0.1009787341,0.0026858912,0.0008176961,0.0065550367,0.0001539193,0.0000000000,0.1123995436,0.0085367473,0.0827335292,0.0000000000,1.0804880384904514,11.42,3.6177125206192597
0.0212097917,0.0195505277,0.8358625642,0.8358625642,0.0078882267,0.0001312859,0.0855477944,0.0030559563,0.0072397059,0.0150187913,0.9144522056,0.0017731506,0.0120529952,0.0002356819,0.1537057424,0.0005599423,0.0000000000,0.8566721712,0.8446191760,0.0000000000,0.6995466682,0.0129545972,0.1560989421,0.0719177866,0.2448276517,0.2137476906,0.0026083188,0.0012448435,0.0055393162,0.0000917420,0.0000000000,0.0920851998,0.0212936249,0.0707915749,0.0000000000,1.0421208961354946,12.15,2.97994667098543
0.0009876616,0.0284505506,0.8192874095,0.8192874095,0.0043781417,0.0000000000,0.0946828427,0.0000000000,0.0000000000,0.0154782788,0.9053171573,0.0740156552,0.0062207940,0.0195763374,0.0953314563,0.0226277695,0.0000000000,0.5433612925,0.5371404985,0.0006633548,0.3505903858,0.1218951310,0.0005749075,0.0000000000,0.1450388431,0.0830815042,0.0068988900,0.0008107670,0.0050120141,0.0001326710,0.0046287424,0.4111178266,0.1029379247,0.0751507290,0.0000000000,2.6464226642351245,29.91,4.55315032047406
0.0134826350,0.0575259094,0.9403551330,0.9403551330,0.0021243723,0.0000198539,0.0459438386,0.0000000000,0.0047902160,0.0085047090,0.9540561614,0.0000000000,0.0030159951,0.0042649888,0.0076058667,0.0074741086,0.0000000000,0.4812199709,0.4782039758,0.0740967357,0.3666482566,0.0007797187,0.0036404919,0.0114755814,0.0433321421,0.3074203225,0.0015070951,0.0016478776,0.0064398985,0.0001732708,0.0000000000,0.4067857182,0.1742544843,0.2325312339,0.0000000000,0.6002800108553631,12.71,2.7322377974376093
0.0231900195,0.0552396264,0.9305089079,0.9305089079,0.0051839522,0.0000795346,0.0588078898,0.0000000000,0.0000511294,0.0130209517,0.9411921102,0.0070632414,0.0078892651,0.0058764714,0.1438309549,0.0145451757,0.0000000000,0.7035841703,0.6956949052,0.0048879698,0.5330642412,0.0236223470,0.0514969550,0.0135964414,0.2367364678,0.2076120302,0.0014259419,0.0011600691,0.0070058628,0.0001528201,0.0000000000,0.2114069672,0.1007675090,0.1089607099,0.0000000000,0.5724411765376659,9.69,3.3116785883294835
0.0120903901,0.0854483520,0.9145036703,0.9145036703,0.0025428201,0.0000000000,0.0823777767,0.0265933750,0.0000000000,0.0111993749,0.9176222233,0.0007470819,0.0062302520,0.0089786910,0.0882173529,0.0112542066,0.0000000000,0.3763442334,0.3701139814,0.0014736020,0.2366467673,0.0114735334,0.0205755958,0.0053392369,0.1278264028,0.0714319984,0.0021521443,0.0016723669,0.0079163268,0.0002398887,0.0000000000,0.4697089122,0.3804977348,0.0760035915,0.0000000000,0.8783554612240331,10.36,3.7897484753238766
0.0110553998,0.0195908662,0.8665533774,0.8665533774,0.0057700012,0.0000710750,0.1144760477,0.0491063929,0.0000000000,0.0187573498,0.8855239523,0.0357184395,0.0088843803,0.0119535298,0.0660674825,0.0194810230,0.0000000000,0.8867839189,0.8778995387,0.0000000000,0.7654135921,0.0438597625,0.0510641872,0.0476784307,0.2197123399,0.4030988718,0.0069911996,0.0009239756,0.0067715131,0.0001550728,0.0000000000,0.0180659835,0.0000000000,0.0000000000,0.0000000000,2.818781892843303,24.62,5.540147117090734
0.0116162354,0.0908011066,0.8149220116,0.8149220116,0.0042423947,0.0007254733,0.0903853130,0.0000000000,0.0002544571,0.0126091594,0.9096146870,0.0010578917,0.0096542091,0.2853914578,0.0248111874,0.2935633192,0.0000000000,0.8352623344,0.8256081253,0.0172543542,0.4977764784,0.0104100007,0.0152241117,0.0289258122,0.2391474064,0.2040691474,0.0015029208,0.0011380186,0.0069342256,0.0001710818,0.0000000000,0.0391831387,0.0064404706,0.0221301846,0.0000000000,0.6107434525485779,6.68,3.6072773447506985
0.0153955497,0.0381370990,0.8385513323,0.8385513323,0.0041602803,0.0000000000,0.0945557402,0.0001094811,0.0004971517,0.0109875910,0.9054442598,0.0004127974,0.0069224336,0.0118436969,0.1103622926,0.0147763535,0.0000000000,0.7084860385,0.7015636049,0.0255037026,0.5574111498,0.1116347855,0.0206506406,0.0070121721,0.2072494409,0.2108641107,0.0023403820,0.0009548184,0.0050397183,0.0001453765,0.0000000000,0.2093224020,0.1119722026,0.0889093892,0.0000000000,0.9355810476678186,9.97,2.9113591030197505
0.0148243726,0.1343039701,0.8978690317,0.8978690317,0.0035469185,0.0001056469,0.0879855531,0.0000000000,0.0000000000,0.0130297840,0.9120144469,0.0001591747,0.0094406067,0.0020734964,0.0854105861,0.0051330306,0.0000000000,0.7190820834,0.7096414767,0.0066388510,0.6220447041,0.0055640699,0.0944426915,0.0504499149,0.3185253947,0.1530626331,0.0026580759,0.0017650075,0.0083362445,0.0001704437,0.0000000000,0.1135464677,0.0842202977,0.0257975636,0.0000000000,1.071170844512059,12.16,4.052483026239256
0.0431645819,0.5992317542,0.7798433960,0.7798433960,0.0016743820,0.0000000000,0.2188761942,0.0000000000,0.0545651532,0.0125332414,0.7811238058,0.0112035851,0.0030286615,0.0129025904,0.0866000197,0.0185905644,0.0000000000,0.2662513543,0.2632226928,0.0000000000,0.1498079385,0.0063774254,0.0380183197,0.0000000000,0.0331921600,0.0722200335,0.0006155816,0.0006648281,0.0106618733,0.0002708559,0.0000000000,0.0266177484,0.0000000000,0.0266177484,0.0000000000,0.25744333028692057,1.13,5.243601557623139
0.0140327630,0.0593903959,0.9334597716,0.9334597716,0.0034163451,0.0001256009,0.0616983129,0.0000000000,0.0000000000,0.0123591307,0.9383016871,0.0111847621,0.0066819690,0.0246868612,0.0798319460,0.0612335895,0.0000000000,0.5800721577,0.5733901887,0.0073633540,0.4200722833,0.0007253453,0.0118567270,0.0038214080,0.1517416138,0.2519271891,0.0045624535,0.0013941702,0.0056489015,0.0001507211,0.0000000000,0.3236296154,0.1286436042,0.1949860112,0.0000000000,1.8196761089238331,28.85,3.8134579045062207
0.0021206463,0.2945521415,0.8917599572,0.8917599572,0.0058394609,0.0000000000,0.0697918027,0.0000000000,0.0000000000,0.0102421071,0.9302081973,0.0752189158,0.0031118180,0.0069689356,0.0065437819,0.0115662305,0.0000000000,0.3459137860,0.3428019680,0.0003739304,0.2521981216,0.0706625995,0.0120554134,0.0000000000,0.0175491168,0.1519309919,0.0016391469,0.0001818429,0.0027814274,0.0000614680,0.0000000000,0.3441901206,0.2580990506,0.0860910700,0.0000000000,0.6586649170879807,9.42,1.842461009146656
0.0190798122,0.0929577465,0.8243630673,0.8243630673,0.0035680751,0.0000000000,0.0841189358,0.0000000000,0.0011392801,0.0124569640,0.9158810642,0.1393302034,0.0086635368,0.0067104851,0.0760187793,0.0083129890,0.0000000000,0.6922441315,0.6835805947,0.0233615023,0.4450203443,0.1742097027,0.0518435055,0.0000000000,0.1088200313,0.1101471049,0.0014773083,0.0004006260,0.0074741784,0.0002128326,0.0000000000,0.1829733959,0.0440563380,0.1335336463,0.0000000000,0.5938264693116267,6.95,3.7652299574422954
0.0028513335,0.0591488681,0.7493909054,0.7493909054,0.0046474957,0.0001067027,0.1128855376,0.0000000000,0.0258457672,0.0108125411,0.8871144624,0.0875140047,0.0061057661,0.0044696579,0.0344768307,0.0052936399,0.0000000000,0.6308975476,0.6247917815,0.0086073518,0.4950057205,0.1068924022,0.0325324702,0.0000000000,0.2216689489,0.1339118991,0.0023711713,0.0002193333,0.0037879462,0.0001126306,0.0000000000,0.2669998162,0.0818469053,0.1851529109,0.0000000000,0.9525708995543755,8.38,2.627946569297877
0.0030233154,0.0620072472,0.6648987958,0.6648987958,0.0051132828,0.0000000000,0.1356429120,0.0000000000,0.0000000000,0.0123165331,0.8643570880,0.0577358076,0.0069616778,0.0102558472,0.1136085795,0.0132132792,0.0000000000,0.6981845467,0.6912228689,0.0059075436,0.5075948904,0.1955052890,0.0023095787,0.0051681856,0.0714505326,0.2331613045,0.0045386333,0.0003916401,0.0030562571,0.0000549028,0.0000000000,0.2135609970,0.1059917280,0.1045825555,0.0000000000,1.8197126981826721,13.42,3.0174677343309786
0.0092987340,0.0833706451,0.8583192198,0.8583192198,0.0028551591,0.0002271149,0.1105855023,0.0214266711,0.0000000000,0.0110053404,0.8894144977,0.0219068569,0.0061321030,0.0123550520,0.0795616033,0.0328992194,0.0000000000,0.6326708066,0.6265387036,0.0001881809,0.4976607163,0.1325248042,0.0235161284,0.0088445041,0.0838378529,0.2489374266,0.0029914280,0.0012523766,0.0051457753,0.0002206259,0.0013821566,0.2285554842,0.1242772879,0.1042781963,0.0000000000,1.1971344082007602,10.92,3.554637337135135
0.0336933682,0.0484756884,0.8798613927,0.8798613927,0.0025804549,0.0000000000,0.1172263796,0.0000000000,0.0316290043,0.0128654108,0.8827736204,0.0922696944,0.0037600914,0.0403288237,0.1743650238,0.0434622332,0.0000000000,0.6748258193,0.6710657279,0.0000000000,0.3646920043,0.0770818741,0.0200906846,0.0283850039,0.1090426512,0.1300917905,0.0022486821,0.0008847274,0.0089210012,0.0002949091,0.0000000000,0.2042983006,0.1752497512,0.0290485494,0.0000000000,0.8729250143102462,7.69,4.440377193331477
0.0098286439,0.0305845573,0.9204344364,0.9204344364,0.0029419572,0.0000516133,0.0209549932,0.1389650799,0.0000000000,0.0114507757,0.9790450068,0.0009142925,0.0045714623,0.0043502625,0.0284167994,0.0111558426,0.0000000000,0.2652332920,0.2606618298,0.0061272341,0.2180292574,0.0061862207,0.0026249041,0.0011354922,0.0741387955,0.1339438447,0.0023004778,0.0011944789,0.0073512063,0.0001327199,0.0000000000,0.5499690320,0.4321506518,0.0921075916,0.0000000000,0.9347509390576842,38.95,3.5697990054676083
0.0062430888,0.3319894950,0.9256358275,0.9256358275,0.0027414302,0.0002073351,0.0658173609,0.0000000000,0.0066116845,0.0090305934,0.9341826391,0.0956044969,0.0032021747,0.0081782160,0.0391172134,0.0116107630,0.0000000000,0.2632924806,0.2600903059,0.0004377073,0.1164071139,0.0833256543,0.0000000000,0.0000000000,0.0254330999,0.0076483597,0.0025340951,0.0004607446,0.0040084777,0.0001151861,0.0000000000,0.3606938813,0.0582841872,0.3024096941,0.0000000000,0.9966024915062288,15.47,2.757192814129351
0.0133387722,0.2842749337,0.8985111156,0.8985111156,0.0045686315,0.0000000000,0.0842341424,0.0000000000,0.0000000000,0.0147664695,0.9157658576,0.0126453192,0.0161125841,0.0097083418,0.1575362023,0.0717519886,0.0000000000,0.6049357536,0.5888231695,0.0002855395,0.3627167041,0.0352845197,0.0000000000,0.0000000000,0.2828880277,0.0445441566,-0.0016316541,0.0012237406,0.0130532327,0.0002855395,0.0000000000,0.0608606975,0.0533958801,0.0074648175,0.0000000000,-0.644381796214257,-7.67,4.342350948803682
0.0061189389,0.1723556261,0.8748925051,0.8748925051,0.0051762916,0.0000000000,0.1194846861,0.0000000000,0.0000000000,0.0118575114,0.8805153139,0.1660547728,0.0083184494,0.0000000000,0.0661176159,0.0309254482,0.0000000000,0.5990441225,0.5907256731,0.0000000000,0.3359628233,0.1968313819,0.0075577165,0.0170834160,0.0218297281,0.0926605808,0.0022160482,0.0002811404,0.0046636237,0.0001157637,0.0000000000,0.2133690547,0.1184097374,0.0949593173,0.0000000000,0.8974766840245803,7.41,2.7950498560099626
0.0010394217,0.2074170847,0.9120687353,0.9120687353,0.0035378483,0.0000000000,0.0823717888,0.0095264433,0.0000000000,0.0105086491,0.9176282112,0.0596952301,0.0048728854,0.0246600423,0.0672191177,0.0644060039,0.0000000000,0.4452730151,0.4404001297,0.0012682852,0.2519119638,0.0474224248,0.0000000000,0.0000000000,0.0764594816,0.1280300574,0.0022028112,0.0004958709,0.0052638605,0.0001430397,0.0000000000,0.3339023134,0.0103179295,0.3235843839,0.0000000000,0.8856131001730013,10.72,2.8731029806969532
0.0110748119,0.0800813843,0.9049286283,0.9049286283,0.0035204488,0.0001604580,0.0722285692,0.0000000000,0.0198454468,0.0109913738,0.9277714308,0.1055877898,0.0058470899,0.0323290801,0.0640676748,0.0608520962,0.0000000000,0.6688692203,0.6630221304,0.0007028061,0.4376588534,0.1822514184,0.0121948089,0.0000000000,0.0673699006,0.1758427255,0.0027662961,0.0016398809,0.0059850838,0.0001540397,0.0000320916,0.1935604991,0.0802161690,0.1133443301,0.0000000000,1.1298564905307344,15.34,3.284314330607573
0.0037216299,0.1182647655,0.8496598862,0.8496598862,0.0025900975,-0.0004807378,0.1454313559,0.0000000000,0.0000000000,0.0111419975,0.8545686441,0.1200896069,0.0055006868,0.0044280201,0.0566027863,0.0112204853,0.0000000000,0.5114526784,0.5059519916,0.0071096867,0.2821963503,0.1575806135,0.0000000000,0.0000000000,0.0437013539,0.0809143829,0.0046602132,0.0009680162,0.0038360913,0.0001046504,0.0000000000,0.3571979855,0.0680129505,0.2891850350,0.0000000000,1.8422902576782294,12.9,3.481421325203361
0.0005266524,0.1753752398,0.8970394613,0.8970394613,0.0009028326,0.0000000000,0.1019072339,0.0906218260,0.0000000000,0.0117744423,0.8980927661,0.1439641876,0.0048903435,0.1069480495,0.0000000000,0.1640145958,0.0000000000,0.5603581236,0.5554677802,0.0000000000,0.2523793402,0.1162773201,0.0000000000,0.0000000000,0.0628597224,0.0732422977,0.0035360945,0.0004514163,0.0075236053,0.0001504721,0.0000000000,0.1676635444,0.0000000000,0.1676635444,0.0000000000,1.3907382748927355,14.05,4.363663816695921
0.0347788020,0.1228445655,0.8049225381,0.8049225381,0.0036967678,0.0000000000,0.0572999003,0.0000000000,0.0067368728,0.0119172119,0.9427000997,0.0485443977,0.0122820245,0.0042561471,0.1238173991,0.0110416616,0.0000000000,0.4914269037,0.4791448792,0.0000000000,0.3079018411,0.0108470949,0.0000000000,0.0130602914,0.2688182504,0.0151762045,0.0003161709,0.0004864168,0.0082447649,0.0002675292,0.0000000000,0.3431427390,0.1988715130,0.1442712260,0.0000000000,0.13022300689931507,2.17,3.613234272275376
0.0168236923,0.1051690769,0.8416919789,0.8416919789,0.0034205150,0.0001512015,0.0957576206,0.0000000000,0.0083933659,0.0114106768,0.9042423794,0.0096735391,0.0081111231,0.0541637546,0.0481324929,0.0603294178,0.0000000000,0.5910132520,0.5829021289,0.0014851352,0.4711137842,0.0294204613,0.0508742810,0.0270180367,0.1577200151,0.2060809903,0.0021638622,0.0017774582,0.0065923875,0.0001982420,0.0000000000,0.2444525832,0.0239268050,0.2205257782,0.0000000000,0.8668220171446358,9.08,3.5285629230092943
0.0238852990,0.0372050608,0.9171752157,0.9171752157,0.0049465505,0.0004329383,0.0768603682,0.0380893603,0.0000000000,0.0119242266,0.9231396318,0.0741706238,0.0065447377,0.0070375505,0.0755661590,0.0217712704,0.0000000000,0.6923190295,0.6857742918,0.0100773302,0.5107290405,0.0998383390,0.0129328807,0.0078988214,0.1326725651,0.2573864343,0.0018054449,0.0018607136,0.0059874448,0.0001612004,0.0002164692,0.1858963435,0.0577189678,0.1242625080,0.0000000000,0.7291887078059931,9.41,3.0297197509230394
0.0085902565,0.0148875366,0.8910432707,0.8910432707,0.0031335104,0.0000000000,0.0756581380,0.0000000000,0.0121137747,0.0110984097,0.9243418620,0.1331977272,0.0046229365,0.0073866120,0.1050263928,0.0138217396,0.0000000000,0.5388326665,0.5342097300,0.0012439902,0.2854621255,0.1314258817,0.0157213462,0.0224422553,0.0551356622,0.0607369801,0.0032276502,0.0009111388,0.0055206267,0.0001815553,0.0000000000,0.3959553508,0.1980970312,0.1976061594,0.0000000000,1.2884608931986712,16.72,3.4241217015817957
0.0187594004,0.0219782490,0.7913326612,0.7913326612,0.0045493612,0.0000000000,0.0664016660,0.0000000000,0.0023965754,0.0125241724,0.9335983340,0.0459316067,0.0045287011,0.0676660661,0.1404227890,0.0894542419,0.0000000000,0.7375419401,0.7330132390,0.0005743517,0.4610432541,0.0410310233,0.0300480968,0.0304117151,0.1030031569,0.2565492620,0.0026568930,0.0026279689,0.0079458870,0.0001859412,0.0000000000,0.2112415913,0.0815992595,0.1296423318,0.0000000000,1.0595066208865336,15.9,3.3617470633702387
0.0210278078,0.0874925582,0.8564525545,0.8564525545,0.0032194857,0.0001213810,0.0886890277,0.0029073632,0.0029073632,0.0115485322,0.9113109723,0.0770075545,0.0053870030,0.0303336821,0.1335479657,0.0542399528,0.0000000000,0.5647798669,0.5593928640,0.0024969799,0.2974874139,0.0618291534,0.0034506875,0.0627019404,0.0865850909,0.0829205417,0.0019825558,0.0011733494,0.0069244953,0.0001965216,0.0005664445,0.3052384558,0.0691640319,0.2225895763,0.0000000000,0.7755027060635608,9.01,3.4714840232837565
0.0023749797,0.1101456463,0.8660664041,0.8660664041,0.0022700609,0.0000095381,0.1326268802,0.0082885839,0.0000000000,0.0077830661,0.8673731198,0.1393035300,0.0022128325,0.0071630915,0.0143166449,0.0156615129,0.0000000000,0.3476531576,0.3454403251,0.0073157006,0.1710080787,0.0920519253,0.0000000000,0.0000000000,0.0286142136,0.0503419399,0.0021842183,0.0003815228,0.0037389239,0.0000763046,0.0000000000,0.4913346623,0.1455986570,0.3456883149,0.0000000000,0.862332722985027,6.63,2.307926509710361
0.0182160839,0.0847240266,0.9101574044,0.9101574044,0.0027600127,0.0000000000,0.0829397760,0.0100698646,0.0048676588,0.0116645386,0.9170602240,0.0134599408,0.0082688866,0.0089212532,0.1115323925,0.0237807156,0.0000000000,0.6221347444,0.6138658578,0.0070031838,0.4659905100,0.0246393862,0.0598616091,0.0288212237,0.1482266221,0.2044416689,0.0020351609,0.0015890982,0.0078228239,0.0002732134,0.0004572142,0.2489866014,0.1151733790,0.1331998863,0.0000000000,0.8174028424344048,9.79,3.874086135950828
0.0029811627,0.0257900581,0.8499514811,0.8499514811,0.0044717440,0.0000000000,0.1449565330,0.0270505497,0.0000000000,0.0159562229,0.8550434670,0.0594131711,0.0123748262,0.0205280059,0.0561919148,0.1123238063,0.0000000000,0.7232220566,0.7108472304,0.0000000000,0.4931523294,0.1240383750,0.0188173388,0.0000000000,0.1219875752,0.2283090405,0.0067326257,0.0012404838,0.0059923370,0.0001500585,0.0085733436,0.2156240934,0.0000000000,0.2156240934,0.0000000000,2.6881290941044895,18.57,4.803397525078714
0.0073038926,0.1663852065,0.9145908976,0.9145908976,0.0040530271,0.0000000000,0.0833403698,0.0080216161,0.0000000000,0.0117791100,0.9166596302,0.0801739424,0.0074727687,0.0000000000,0.1948408342,0.0743899350,0.0000000000,0.7700751499,0.7626023812,0.0000000000,0.4206282192,0.1312589715,0.0000000000,0.0000000000,0.0150299755,0.2743392721,0.0002533142,0.0003377523,0.0077683020,0.0002955332,0.0000000000,0.0305665794,0.0092459681,0.0213206113,0.0000000000,0.10333247222939809,1.22,3.307577606072929
0.0139354111,0.0399132729,0.8307142905,0.8307142905,0.0056386057,-0.0003759070,0.1547394494,0.1053009606,0.0263537688,0.0173521376,0.8452605506,0.0430346439,0.0035039907,0.0025105220,0.0409067415,0.0052761239,0.0000000000,0.6593879428,0.6558839521,0.0003624818,0.5698079518,0.0000000000,0.0849617045,0.0209568177,0.2064535184,0.2574359112,0.0006981131,0.0009599055,0.0120491633,0.0002752177,0.0000000000,0.1392467091,0.0095050781,0.1292583220,0.0000000000,0.2847286864151563,1.81,5.124270910952945
0.0082307948,0.0564848686,0.8362321250,0.8362321250,0.0024110409,0.0001829066,0.1290987695,0.0000000000,0.0000000000,0.0107582308,0.8709012305,0.0816927170,0.0059860326,0.0211340206,0.0351513136,0.0341203858,0.0000000000,0.6346192218,0.6286331892,0.0001330229,0.4551047556,0.2589457931,0.0000000000,0.0000000000,0.0934486199,0.1027103425,0.0016295311,0.0004822082,0.0070169604,0.0001995344,0.0000000000,0.2939973395,0.1082973063,0.1707349518,0.0000000000,0.6398537477148081,5,3.5333139775296716
0.0178686694,0.0214735220,0.8860897362,0.8860897362,0.0036356634,0.0002772964,0.0791835163,0.0000000000,0.0104586944,0.0145180050,0.9208164837,0.0687664163,0.0075671096,0.0020535336,0.1691384556,0.0277635278,0.0000000000,0.6650860774,0.6575189678,0.0055166570,0.3928673214,0.1824486809,0.0084914308,0.0025064510,0.1615636434,0.0378571153,0.0036187175,0.0015975351,0.0085684575,0.0002357019,0.0000000000,0.2546088966,0.0066643559,0.0175898325,0.0000000000,1.441444758424536,18.5,4.754301097884155
0.0031326281,0.0127039050,0.8220143222,0.8220143222,0.0081648695,0.0000000000,0.0897846655,0.0000000000,0.0000000000,0.0125497782,0.9102153345,0.0183545804,0.0091474281,0.0013524630,0.1913523282,0.0137750866,0.0197764005,0.7955083585,0.7863609304,0.0107830992,0.5414668637,0.0263287179,0.0611324855,0.0663573855,0.3285887954,0.0590594795,0.0014430126,0.0000558710,0.0031788661,0.0000616507,0.0000000000,0.1860233926,0.0707249549,0.0226701320,0.0000000000,0.5912850582107904,6.43,1.8331942261630887
0.0029569232,0.1079620807,0.8929809912,0.8929809912,0.0043617074,0.0000000000,0.0894641191,0.0567218429,0.0000000000,0.0100889042,0.9105358809,0.0149221475,0.0061299671,0.0161894003,0.0502676949,0.0194312098,0.0000000000,0.4764182917,0.4702883246,0.0000000000,0.3781030502,0.0126430571,0.0116705143,0.0032221622,0.0408467999,0.3097205167,0.0010511322,0.0008743062,0.0055503708,0.0001375313,0.0000000000,0.3454786581,0.0174566531,0.3273539958,0.0000000000,0.42776045414567837,4.66,2.4239652412531445
0.0032969331,0.0083221417,0.8459688250,0.8459688250,0.0047004689,-0.0000247683,0.0864633099,0.0002586909,0.0006329671,0.0122685542,0.9135366901,0.2193231105,0.0078185201,0.0055508465,0.0626114573,0.0111347174,0.0000000000,0.6625294467,0.6547109267,0.0000000000,0.3694601616,0.2508256093,0.0054572775,0.0000000000,0.0433169679,0.0698603069,0.0023887629,0.0011558530,0.0056719359,0.0001651219,0.0000000000,0.2926317122,0.1888636314,0.1032066665,0.0000000000,0.9385052034058656,10.98,3.1247691931845942
0.0154216152,0.0822182570,0.8544593496,0.8544593496,0.0046413260,0.0000236114,0.1055024674,0.0000000000,0.0000000000,0.0126860662,0.8944975326,0.0272475520,0.0130571025,0.0159714235,0.0546705030,0.0261479355,0.0000000000,0.5199803013,0.5069231989,0.0000000000,0.4110035856,0.0910624117,0.0401663592,0.0015212486,0.0424769030,0.2357766632,0.0034000412,0.0026613417,0.0067663517,0.0001821451,0.0000000000,0.3697376099,0.1435100703,0.0897300543,0.0000000000,1.3360150831861575,13.06,3.3554273333673335
0.0008366757,0.0183551128,0.8450597317,0.8450597317,0.0035278389,0.0000000000,0.1492129210,0.0809246561,0.0000000000,0.0116444559,0.8507870790,0.2854703066,0.0081597447,0.0138525898,0.0211497822,0.0151377927,0.0000000000,0.4943028421,0.4861430974,0.0086427740,0.1639108121,0.1367921680,0.0000000000,0.0000000000,0.0229697675,0.0041488765,0.0034502092,0.0000948808,0.0040712468,0.0001207573,0.0000000000,0.3922197783,0.2875231811,0.1006943546,0.0000000000,1.4123171711287064,9.3,3.466328997352366
0.0036374659,0.4150769879,0.7952486886,0.7952486886,0.0016440524,-0.0001233039,0.1990485047,0.0000000000,0.0000000000,0.0095817428,0.8009514953,0.0406697458,0.0038121465,0.0008528522,0.0092837583,0.0016697407,0.0000000000,0.1084252547,0.1046131082,0.0000000000,0.0567763215,0.0435160115,0.0000000000,0.0000000000,0.0072030045,0.0060573055,0.0060162042,0.0013255172,0.0044081155,0.0001489922,0.0000000000,0.4469510535,0.0807743487,0.3661767048,0.0000000000,2.416768784263141,12.28,3.3592250952595792
0.0165379977,0.0292050928,0.8740223444,0.8740223444,0.0026287472,0.0000000000,0.0989535564,0.0000000000,0.0000000000,0.0106738692,0.9010464436,0.0000000000,0.0061313363,0.0037986842,0.0636676801,0.0076551430,0.0000000000,0.6723454347,0.6662140985,0.0017837928,0.5992315970,0.0000000000,0.0746809755,0.0722183305,0.2636185717,0.1887137193,0.0008088453,0.0008882855,0.0075107064,0.0002310987,0.0022315464,0.2463006160,0.1091291192,0.1371714969,0.0000000000,0.32328947036092237,3.25,3.4770666541816873
0.0208017232,0.0154957371,0.8317212167,0.8317212167,0.0032581012,0.0000000000,0.0853541238,0.0000000000,0.0102890972,0.0122150573,0.9146458762,0.0200679166,0.0107767964,0.0072274304,0.0765823128,0.0290564828,0.0000000000,0.7127226256,0.7019458293,0.0024068856,0.5828659550,0.0087176222,0.1836142119,0.0365684043,0.0891947545,0.2647709620,-0.0037345110,0.0015850222,0.0141274701,0.0002393338,0.0000000000,0.2247615693,0.0479728875,0.1683216827,0.0000000000,-1.4846147373145213,-16.72,3.8316655719970636
0.0145150782,0.0144152907,0.8382133665,0.8382133665,0.0046315200,0.0001720475,0.0933816749,0.0000000000,0.0101129550,0.0125904397,0.9066183251,0.1331911838,0.0083259544,0.0015943073,0.1249329015,0.0029397191,0.0000000000,0.8476702468,0.8393442924,0.0039742984,0.5706232250,0.2234071838,0.0247599363,0.0602005845,0.2115576956,0.0506978249,0.0022526759,0.0011584535,0.0064517831,0.0001353441,0.0000000000,0.1000387680,0.0432894574,0.0531603988,0.0000000000,0.8973117198779218,9.47,3.3372831009463213
0.0043097732,0.0754099810,0.7908875923,0.7908875923,0.0047628520,0.0000000000,0.0988043142,0.0000000000,0.0000000000,0.0111943597,0.9011956858,0.1163528268,0.0083653804,0.0232285727,0.0502806878,0.0279693233,0.0000000000,0.7215554966,0.7131901163,0.0076470848,0.5147195332,0.2438889626,0.0040003536,0.0000000000,0.0479489900,0.2188812271,0.0023206471,0.0005635857,0.0046412943,0.0000994563,0.0000000000,0.1748883879,0.0349865181,0.1390509658,0.0000000000,0.9123393902531742,9.13,2.6555940865121372
0.0136738743,0.0446949496,0.9039121772,0.9039121772,0.0009857322,0.0000000000,0.0852152814,0.0000000000,0.0016892248,0.0116813473,0.9147847186,0.0000000000,0.0047096092,0.0086778130,0.1193199291,0.0388353195,0.0000000000,0.6296806481,0.6249710389,0.0009225442,0.4705691550,0.0000000000,0.0499690379,0.0419399546,0.2951972939,0.0834628686,0.0024727555,0.0013100970,0.0093054801,0.0001769263,0.0071613020,0.2632705245,0.0452215159,0.2080568860,0.0000000000,0.9642967882099522,11.64,4.544417248739277
0.0102042934,0.1107321494,0.9235127675,0.9235127675,0.0011899244,0.0001314451,0.0703369838,0.0005188624,0.0027880205,0.0113319543,0.9296630162,0.0057351588,0.0046074979,0.0170048496,0.0951178509,0.0352065418,0.0000000000,0.3697828388,0.3651753409,0.0226708268,0.2110524604,0.0133105495,0.0193570257,0.0055276139,0.0760237155,0.0968335559,0.0038257453,0.0035628550,0.0094571316,0.0002282994,0.0000000000,0.4947940808,0.2245359641,0.1551882779,0.0000000000,1.5319408277466897,22.15,4.237285073758676
0.0377635233,0.0146331208,0.8569102750,0.8569102750,0.0040090742,0.0002884578,0.0652207924,0.0001711190,0.0026792350,0.0107316071,0.9347792076,0.0570804162,0.0084630578,0.0087759612,0.0530468964,0.0137921931,0.0000000000,0.7065162123,0.6980531545,0.0034957171,0.5789298705,0.1173583135,0.0260834279,0.0359007705,0.1708647866,0.2287225721,0.0004546877,0.0014814018,0.0072456682,0.0001808973,0.0000000000,0.2072300231,0.0882827473,0.1189472758,0.0000000000,0.18058559247365855,2.76,2.9378380182947184
0.0105734586,0.0555611678,0.9053271374,0.9053271374,0.0030306092,0.0000000000,0.0925177627,0.0439269960,0.0000000000,0.0145637606,0.9074822373,0.0079132572,0.0094790720,0.0178132471,0.0587938176,0.0378994511,0.0000000000,0.7704650301,0.7609859582,0.0000000000,0.6656733003,0.0513688251,0.0621443243,0.0000000000,0.1363269017,0.4158332491,0.0029969357,0.0001010203,0.0074755026,0.0002188773,0.0000000000,0.1227901808,0.0000000000,0.1227901808,0.0000000000,1.1880923775196903,12.42,4.80208908401027
0.0183179847,0.0534489555,0.8161249866,0.8161249866,0.0056186620,0.0007883327,0.0785251012,0.0000000000,0.0000000000,0.0138603218,0.9214748988,0.0073601605,0.0068799943,0.0023363314,0.0876984269,0.0219228151,0.0000000000,0.8802522665,0.8733722722,0.0000000000,0.7607123661,0.0057834952,0.0693159422,0.0982620848,0.3738201885,0.2135306554,0.0020496650,0.0004586663,0.0058623284,0.0001361666,0.0000000000,0.0394668004,0.0017558319,0.0208693159,0.0000000000,0.8224712961831292,10.5,3.444996143102144
0.0115473919,0.0973374474,0.8213752294,0.8213752294,0.0047344048,0.0000000000,0.0891137163,0.0000000000,0.0043966028,0.0122747663,0.9108862837,0.0523890754,0.0131613347,0.0017770196,0.1540907691,0.0077720341,0.0000000000,0.7525141010,0.7393527662,0.0004284002,0.5306170257,0.0799503522,0.0172369610,0.0601391071,0.2967881632,0.0765024423,0.0017161894,0.0009473987,0.0060299595,0.0001320146,0.0000000000,0.1320132739,0.0018896203,0.1264311285,0.0000000000,0.6896592077110765,7.4,3.1673328703206614
0.0152796127,0.0690790446,0.9042787136,0.9042787136,0.0028533199,0.0000422089,0.0815602088,0.0000000000,0.0000000000,0.0107759257,0.9184397912,0.0345648476,0.0054322822,0.0161786617,0.0827631618,0.0409552713,0.0000000000,0.5640667407,0.5586344585,0.0000000000,0.4023856456,0.0285120950,0.0228687684,0.0463748908,0.1770493464,0.1275805451,0.0020429095,0.0009496997,0.0067914080,0.0001730564,0.0000000000,0.3419129906,0.0789981301,0.2626109566,0.0000000000,0.7919350253308763,9.95,3.226804655400643
0.0176173199,0.0917444834,0.8347826087,0.8347826087,0.0066912508,0.0001427467,0.0967227740,0.0181109855,0.0011895557,0.0146196396,0.9032772260,0.0634984833,0.0085648010,0.0516683519,0.1215369060,0.0533515732,0.0000000000,0.8000297389,0.7914649378,0.0000000000,0.5605483852,0.2045381550,0.0210135015,0.0284303813,0.1111699280,0.1953964194,0.0032831737,0.0009575923,0.0051805151,0.0001189556,0.0000000000,0.0670374115,0.0281270445,0.0389103670,0.0000000000,1.328579809558193,13.72,3.364207657168816
0.0036352070,0.4594674422,0.8407552143,0.8407552143,0.0044076885,0.0000000000,0.1546098969,0.0000000000,0.0013177625,0.0111782615,0.8453901031,0.0473258509,0.0077929750,0.0311264598,0.0396691962,0.0451674467,0.0000000000,0.4191620848,0.4113691098,0.0000000000,0.2868178307,0.1049666015,0.0051574499,0.0000000000,0.0221066024,0.1545871768,0.0028854455,0.0023401645,0.0062252920,0.0001363203,0.0000000000,0.1198027900,0.0000000000,0.1198027900,0.0000000000,1.193048379520902,7.57,2.8645927207622894
0.0035286143,0.0162010579,0.8492730124,0.8492730124,0.0038608756,0.0011296882,0.0943688366,0.0639403525,0.0008107174,0.0146859467,0.9056311634,0.0423234364,0.0110842349,0.0133569017,0.5816100051,0.0163206720,0.0000000000,0.8285000399,0.8174158050,0.0000000000,0.1882459265,0.0285877568,0.0000000000,0.0000000000,0.1362869142,0.0233712554,0.0027909944,0.0002325829,0.0071369714,0.0001594854,0.0000000000,0.0881289705,0.0100542250,0.0780747455,0.0000000000,1.1264357026477945,11.16,4.508297384343423
0.0039427449,0.0108875096,0.8853099320,0.8853099320,0.0032787036,0.0000000000,0.0616682192,0.0000000000,0.0030435224,0.0108598412,0.9383317808,0.0073966816,0.0070738838,0.0663718447,0.0977570162,0.0748337591,0.0000000000,0.5128565763,0.5057826925,0.0078117074,0.3249836295,0.0141477676,0.0241775573,0.0064282882,0.0863576415,0.1938723750,0.0030896363,0.0017707767,0.0060962675,0.0001383419,0.0000000000,0.4460927629,0.2290896179,0.2170031450,0.0000000000,1.2323737219295845,19.81,3.157538406873984
0.0056137270,0.1385497716,0.8533985933,0.8533985933,0.0044648278,0.0002802193,0.1074921305,0.0000000000,0.0000000000,0.0129087699,0.8925078695,0.0472823396,0.0086400956,0.0615828655,0.1120223428,0.0898102915,0.0000000000,0.7582547941,0.7496146984,0.0000000000,0.5089623479,0.0698119728,0.0496361819,0.0000000000,0.0796943741,0.3098198190,0.0015505469,0.0005884606,0.0064824069,0.0001774722,0.0024939519,0.0837201917,0.0000000000,0.0837201917,0.0000000000,0.6313557508997295,5.81,3.630868406123074
0.0053776354,0.0900053376,0.8505204163,0.8505204163,0.0055110755,0.0000000000,0.0851748065,0.0000000000,0.0000000000,0.0119695757,0.9148251935,0.0523485455,0.0042967707,0.0121830798,0.0378436082,0.0191619963,0.0000000000,0.7478382706,0.7435414999,0.0000000000,0.6384307446,0.2457165733,0.0360688551,0.0095009341,0.0685348279,0.2786095543,0.0006271684,0.0004136643,0.0062449960,0.0001334401,0.0000000000,0.1237656792,0.1237656792,0.0000000000,0.0000000000,0.2502495840266223,2.94,2.836276800691489
0.0116119252,0.0404132082,0.9205984395,0.9205984395,0.0047332543,0.0000000000,0.0627961334,0.0000000000,0.0088402876,0.0113484244,0.9372038666,0.1949759190,0.0035784053,0.0021226450,0.0556816130,0.0033799665,0.0000000000,0.5529091622,0.5493307569,0.0056132167,0.2932600736,0.1731525263,0.0180351627,0.0040387183,0.0577213040,0.0403123623,0.0020087866,0.0004765785,0.0049398259,0.0001024725,0.0000000000,0.3782683446,0.2286698580,0.1478304291,0.0000000000,0.8116809765146518,12.84,2.7791135980620685
0.0249607398,0.1738814487,0.8618380624,0.8618380624,0.0045795496,0.0006681558,0.1272958711,0.0308131992,0.0000000000,0.0138703290,0.8727041289,0.0795544328,0.0088664761,0.0215906985,0.0539060290,0.0339979126,0.0000000000,0.6562899308,0.6474234547,0.0000000000,0.4888315565,0.2482954712,0.0345782815,0.0010583198,0.0486827089,0.1562167751,0.0086275007,0.0072911891,0.0050282381,0.0001414344,0.0000000000,0.1067586153,0.0427229543,0.0640356610,0.0000000000,3.4901328282604087,27.45,3.9813992371597258
0.0164289647,0.1288474859,0.7862724899,0.7862724899,0.0064206170,-0.0006749196,0.1741559064,0.0627231231,0.0111805765,0.0148393514,0.8258440936,0.0092357423,0.0091380566,0.0135783173,0.0553966929,0.0208603449,0.0000000000,0.7397474380,0.7306093814,0.0000000000,0.6542546578,0.0908033320,0.0418094951,0.0219348880,0.1539616006,0.3457453422,0.0003463403,0.0010212600,0.0096531268,0.0002841767,0.0000000000,0.0402110012,0.0044580218,0.0357529794,0.0000000000,0.14174280041977677,0.8,3.6519478018009344
0.0024542532,0.0282640950,0.7282764590,0.7282764590,0.0036721068,0.0001421860,0.1509211177,0.0000000000,0.0000000000,0.0076347676,0.8490788823,0.0412153808,0.0006862018,0.0015825915,0.0253276459,0.0060027201,0.0000000000,0.1374629080,0.1367767062,0.0094770030,0.0552794263,0.0341617211,0.0000000000,0.0000000000,0.0211177052,0.0000000000,0.0006676558,0.0005007418,0.0034371909,0.0000989120,0.0000000000,0.7928288823,0.3324802176,0.4597551929,0.0000000000,0.2644320525925971,1.74,1.6534681559057962
0.0085061821,0.1434660396,0.6885138983,0.6885093054,0.0058101082,0.0002893572,0.0997731072,0.0018096305,0.0028751998,0.0141647223,0.9002268928,0.0014789366,0.0079733975,0.0067792251,0.1725533244,0.0127868310,0.0000091859,0.6223383734,0.6143649758,0.0067884110,0.2798772758,0.0051946501,0.0223402105,0.0151246532,0.1235003950,0.1137173669,0.0034355422,0.0029532803,0.0063015561,0.0000736345,0.0002572064,0.1605932281,0.0000643016,0.1539196414,0.0000000000,1.3872990178368076,13.9,3.6830538959610872
0.0249583975,0.0252629358,0.8177876956,0.8177876956,0.0042085684,0.0000589572,0.0623288357,0.0000000000,0.0010253232,0.0129311300,0.9376711643,0.0021494995,0.0082389353,0.0101796466,0.1390303714,0.0220597427,0.0000000000,0.6628659225,0.6546269871,0.0197883392,0.4792798711,0.0104504950,0.0286740306,0.0405097980,0.2361878367,0.1634577108,0.0023228248,0.0019828235,0.0077610718,0.0002021389,0.0000226076,0.2612295722,0.1477684481,0.0952114347,0.0000000000,0.940788453437592,14.81,3.8180354978149187
0.0152864943,0.0161237530,0.7576029259,0.7576029259,0.0031664034,0.0001778878,0.2015231942,0.0000000000,0.0000000000,0.0113278971,0.7984768058,0.0000000000,0.0081662374,0.0190719473,0.0159909301,0.0516965755,0.0000000000,0.6617640780,0.6535978407,0.0005834721,0.5933934831,0.0003889814,0.0043902717,0.0030027466,0.0306963241,0.5549151594,-0.0001233356,0.0007898220,0.0062047275,0.0002182091,0.0009463633,0.3027342546,0.0423586503,0.1114502839,0.0000000000,-0.0483830636016306,-0.24,3.325284264210795
0.0093143231,0.0216905605,0.7994299879,0.7994299879,0.0045119579,0.0002755146,0.1340005674,0.0000000000,0.0402038409,0.0133955470,0.8659994326,0.0000334561,0.0109914278,0.0014191047,0.1244860321,0.0113511595,0.0000000000,0.8029497996,0.7919583718,0.0239834041,0.6240960431,0.0018183754,0.0457983500,0.0607081260,0.2906735634,0.2250976283,0.0034291971,0.0015612144,0.0058750577,0.0001292097,0.0000139488,0.1017317985,0.0026224753,0.0737794950,0.0010757340,1.370895113128091,10.27,3.9035257149894877
0.0063160508,0.0253728332,0.8639022952,0.8639022952,0.0030726734,0.0000000000,0.0857555207,0.0750322010,0.0000000000,0.0110957650,0.9142444793,0.0444451342,0.0039572309,0.0254349074,0.0290507301,0.0342960009,0.0000000000,0.6165055324,0.6125483015,0.0000000000,0.5086826301,0.1524852962,0.0280109871,0.0000000000,0.0381911575,0.2899951892,0.0012104471,0.0007914462,0.0074333866,0.0001707041,0.0000000000,0.2248638247,0.1656605472,0.0528251525,0.0000000000,0.49079754601227,5.63,3.588595623579225
0.0276878060,0.1270181757,0.6877046874,0.6877046874,0.0041888470,0.0002475944,0.0994181532,0.0000000000,0.0045062180,0.0143717292,0.9005818468,0.0182837207,0.0091902538,0.0015080750,0.1178076642,0.0092757864,0.0000000000,0.8130437229,0.8038534691,0.0000000000,0.6676788025,0.0689145237,0.1292780373,0.0102098925,0.3630566654,0.0962196838,0.0019424906,0.0008080581,0.0082786562,0.0001980755,0.0000000000,0.0107861122,0.0000000000,0.0040335378,0.0000000000,0.7791867745911075,7.9,4.424769023682637
0.0106076428,0.0199119040,0.9588414036,0.9588414036,0.0035568188,0.0000549619,0.0390072314,0.0000000000,0.0000000000,0.0110787447,0.9609927686,0.0207441839,0.0053941159,0.0277086392,0.0739943939,0.0662369171,0.0000000000,0.5054765588,0.5000824428,0.0167476700,0.3277533939,0.0452336272,0.0492772513,0.0000000000,0.0430744105,0.1901681048,0.0018451488,0.0015546360,0.0071764512,0.0001805890,0.0000000000,0.4573692104,0.2138174166,0.2435517937,0.0000000000,0.7271517697249587,18.5,3.1027209534875246
0.0071538350,0.0283534463,0.8963934471,0.8963934471,0.0037561080,0.0000000000,0.0787955643,0.0351626843,0.0000000000,0.0113027837,0.9212044357,0.0307035983,0.0089250639,0.0066782911,0.0314065763,0.0139217213,0.0000000000,0.6931569915,0.6842319276,0.0039352985,0.6130864181,0.1086032103,0.0451215394,0.0450801877,0.1573154510,0.2569660296,0.0036596208,0.0017574450,0.0056376079,0.0001585146,0.0000000000,0.2289365045,0.0778651523,0.1379422042,0.0000000000,1.4856575293599221,18.57,3.1725681504579577
0.0067080689,0.0399424631,0.7085414859,0.7085414859,0.0043951779,0.0000000000,0.1778574364,0.0039088543,0.0000000000,0.0110507329,0.8221425636,0.0120758939,0.0106945523,0.0025252295,0.0412598749,0.0068313622,0.0000000000,0.6151057126,0.6044111603,0.0117448285,0.5440979040,0.0175670122,0.0458125942,0.1105940911,0.1457075666,0.2244166400,0.0027740993,0.0015617151,0.0049203160,0.0001666743,0.0000000000,0.3023608384,0.1139138773,0.1572332070,0.0000000000,1.1043659950712554,6.29,2.831946100730817
0.0126988676,0.0602944142,0.9057269611,0.9057269611,0.0032529903,0.0001592002,0.0760764585,0.0000000000,0.0000000000,0.0131870814,0.9239235415,0.0050678723,0.0099181711,0.0092760637,0.0557147557,0.0134152684,0.0000000000,0.7079578862,0.6980397151,0.0223092517,0.6114560448,0.0441727428,0.0858035894,0.0145615096,0.2645429363,0.2023752667,0.0043143248,0.0008384543,0.0051368591,0.0001114401,0.0024463761,0.2111206631,0.0664713811,0.1429405334,0.0000000000,1.7680687437306144,23.45,4.266058965959265
0.0021867363,0.0779231518,0.8594149102,0.8594149102,0.0046031717,0.0001470075,0.1325088664,0.0000000000,0.0000000000,0.0105569746,0.8674911336,0.0396736434,0.0044561642,0.0224186405,0.1147393374,0.0317536155,0.0000000000,0.6581065437,0.6536503795,0.0059721788,0.4657564454,0.0329112994,0.0317444275,0.0190282806,0.1654477297,0.2166247083,0.0022234881,0.0009463606,0.0039600140,0.0001010676,0.0000000000,0.2219721053,0.1505448465,0.0714272589,0.0000000000,0.8983800388864914,6.74,2.714264022912074
0.0229971635,0.0124586627,0.8677414137,0.8677414137,0.0044130975,0.0003248168,0.0964672496,0.0000568095,0.0138234280,0.0123924963,0.9035327504,0.0274122660,0.0076412151,0.0018967697,0.1064557006,0.0035048134,0.0000000000,0.8118234654,0.8041822503,0.0040301344,0.6485201453,0.0762624413,0.0449644038,0.0547196016,0.2934278733,0.1791458254,0.0013707804,0.0010693557,0.0073531574,0.0001557249,0.0000000000,0.1327939325,0.0191354526,0.1038010250,0.0000000000,0.5468354497878214,5.69,3.3929469672641295
0.0171187850,0.0514340362,0.7626429304,0.7626429304,0.0047552962,0.0001977181,0.1620929050,0.0002284743,0.0634843396,0.0140157092,0.8379070950,0.0122413430,0.0127547510,0.0003071661,0.1003869739,0.0511092074,0.0000000000,0.6376924698,0.6249377188,0.0007617420,0.4657815867,0.0148340425,0.1023984261,0.0182746890,0.2467945941,0.0834798351,0.0045615324,0.0015614458,0.0046789330,0.0001160825,0.0013466800,0.2056694480,0.0882045948,0.0856811846,0.0000000000,1.831743631582735,11.28,4.260533684584179
0.0037178081,0.0212824932,0.8143686957,0.8143686957,0.0041637041,0.0000000000,0.1735499343,0.1452174647,0.0000000000,0.0135877752,0.8264500657,0.2491654515,0.0154737946,0.0107918871,0.0708311742,0.0151544367,0.0000000000,0.5788271731,0.5633533786,0.0000000000,0.2375480543,0.1301172586,0.0093999687,0.0013135854,0.0709998915,0.0257173502,0.0057544680,0.0018558912,0.0055254944,0.0001747430,0.0000000000,0.2264789887,0.0000000000,0.2264789887,0.0000000000,2.290078624034435,13.49,3.9811252915366087
0.0076387108,0.1720837857,0.8847700475,0.8847700475,0.0046650698,0.0002291613,0.1133148186,0.0000000000,0.0000000000,0.0160903987,0.8866851814,0.0634231246,0.0138478914,0.0423130016,0.0989322174,0.0567065153,0.0000000000,0.7293550200,0.7155071286,0.0037757056,0.5063319456,0.1410269701,0.0321753412,0.0000000000,0.0853025748,0.2478270596,0.0059254571,0.0014295302,0.0064001484,0.0002073364,0.0000000000,0.0598984051,0.0316078941,0.0228342891,0.0000000000,2.385364929534541,21.19,4.943080218826903
0.0098156229,0.1083967498,0.6907840086,0.6907840086,0.0024300350,0.0000000000,0.2957767996,0.0217223172,0.0000000000,0.0119974029,0.7042232004,0.0097917522,0.0055952870,0.0252838224,0.0271887025,0.0740277473,0.0000000000,0.4698943006,0.4642990137,0.0008068289,0.3578310147,0.1060526492,0.0180080396,0.0000000000,0.0482856079,0.1854847180,0.0048839408,0.0019908146,0.0059581213,0.0001814172,0.0002005137,0.3087719968,0.1688182105,0.1399537864,0.0000000000,1.9724664507172605,6.64,4.405363816223345
0.0319797333,0.0358522953,0.7809763500,0.7809763500,0.0021477378,0.0000414621,0.1061927823,0.0612602826,0.0000000000,0.0131891004,0.8938072177,0.0002819424,0.0077617089,0.0006136394,0.0089599642,0.0050500862,0.0000000000,0.6161975919,0.6084358830,0.0000000000,0.6018765756,0.0087899695,0.1346896975,0.0063602892,0.1977038278,0.2543327916,0.0048303370,0.0020440825,0.0067375945,0.0001658485,0.0000000000,0.2260722104,0.0824598647,0.1226076357,0.0000000000,1.9771104912016464,18.46,4.959574255097741
0.0075807813,0.0606010369,0.8494092115,0.8494092115,0.0066915843,0.0004521341,0.1283457921,0.0000000000,0.0000000000,0.0178291536,0.8716542079,0.2605497950,0.0111074271,0.0027881601,0.1162738124,0.0101127321,0.0000000000,0.8475705329,0.8364631059,0.0000000000,0.4606492645,0.3041204485,0.0021401013,0.0014317579,0.0638865445,0.0890704123,0.0037677839,0.0003617073,0.0058476007,0.0001507114,0.0000000000,0.0659512901,0.0151012780,0.0508500121,0.0000000000,1.5343895047757874,11.81,4.78712205865682
0.0137954754,0.1460444936,0.8808997484,0.8808997484,0.0030277732,0.0003527503,0.1074124591,0.0000000000,0.0000000000,0.0146626532,0.8925875409,0.0108882252,0.0147890553,0.0153416974,0.1279043106,0.0430972650,0.0000000000,0.7284234414,0.7136343861,0.0000881876,0.5455988524,0.0600410366,0.0849775416,0.0266238271,0.1109046869,0.2630517602,0.0043123721,0.0014991887,0.0071226160,0.0001763751,0.0000000000,0.0984908167,0.0230257743,0.0754650424,0.0000000000,1.7267635102030006,16.12,4.948064388594324
0.0319675032,0.0321055917,0.9092844423,0.9092844423,0.0034349531,-0.0001841181,0.0870849791,0.0336504576,0.0020310527,0.0162167760,0.9129150209,0.0006703049,0.0075085658,0.0016426786,0.2360336361,0.0076466544,0.0000000000,0.8219175324,0.8144089666,0.0000000000,0.5775669370,0.0278219693,0.0798324525,0.0082479150,0.2222708089,0.2393937912,0.0052013360,0.0036996228,0.0114642279,0.0001985023,0.0001352117,0.0684919290,0.0236217754,0.0448701536,0.0000000000,2.0853998938845186,24.28,5.586281360359468
0.0070116728,0.1894745229,0.8643480339,0.8643480339,0.0015138839,0.0000000000,0.1291582009,0.1248555834,0.0000000000,0.0128680132,0.8708417991,0.0537827178,0.0058961794,0.0064937652,0.0653360424,0.0235448787,0.0000000000,0.5625672284,0.5566710490,0.0083662005,0.4111389984,0.0770487232,0.0000000000,0.0000000000,0.1101549739,0.2239353014,0.0034659974,0.0003187124,0.0071311900,0.0001991953,0.0096410502,0.1044181507,0.0000000000,0.1044181507,0.0000000000,1.3885563801771605,10.9,4.918987724105197
0.0017749145,0.0545293190,0.8439718643,0.8439718643,0.0017420458,0.0000000000,0.1522810939,0.0000000000,0.0000000000,0.0095319485,0.8477189061,0.0601827505,0.0045687615,0.0113397318,0.0030896661,0.0419734420,0.0000000000,0.2890481199,0.2844793584,0.0000000000,0.1831448856,0.1257888509,0.0000000000,0.0000000000,0.0147580857,0.0425979490,0.0029581909,0.0002629503,0.0047002367,0.0001643439,0.0000000000,0.6421575072,0.2460886143,0.3960688930,0.0000000000,1.1708459361888963,7.77,3.22690448635033
0.0159865398,0.0608583789,0.9244311802,0.9244311802,0.0026779133,0.0000000000,0.0714408724,0.0000000000,0.0034115410,0.0084453292,0.9285591276,0.0000000000,0.0060687888,0.0004270884,0.0073466098,0.0017565734,0.0000000000,0.5147397172,0.5086709284,0.0000000000,0.5053816586,0.0000000000,0.0053885471,0.1467031529,0.1619663978,0.1913235608,0.0006354662,0.0019942274,0.0069677410,0.0001377705,0.0000000000,0.3921756711,0.0549256384,0.3372500327,0.0000000000,0.2538088523575335,3.51,2.409777262898856
0.0126807172,0.0236373018,0.8542551778,0.8542551778,0.0027684997,0.0003584218,0.1396547409,0.1032718352,0.0000000000,0.0130947562,0.8603452591,0.0941413480,0.0064485031,0.0043288706,0.0279476333,0.0060746321,0.0000000000,0.7115538513,0.7051053482,0.0003429726,0.5681418609,0.3649321316,0.0270979264,0.0000000000,0.1419381352,0.0341736677,0.0049252103,0.0012235780,0.0062013157,0.0001266836,0.0000000000,0.1385547567,0.1382025145,0.0000000000,0.0000000000,1.9790210115789493,14.3,4.373408186399839
0.0130957894,0.0797156343,0.9625589234,0.9625589234,0.0032294769,0.0002300197,0.0352052849,0.0000000000,0.0000000000,0.0110164111,0.9647947151,0.0004845749,0.0069925995,0.0017420160,0.1379075566,0.0049224220,0.0000000000,0.6104508693,0.6034582698,0.0002177520,0.4585059759,0.0113047025,0.0262866536,0.0355303795,0.2926218874,0.0927623528,0.0023277996,0.0013065120,0.0065356270,0.0001809488,0.0000000000,0.2773056410,0.0222168381,0.2550888029,0.0000000000,0.9274717687796995,24.13,3.3025494276795007
0.0203345523,0.0379835438,0.7954831153,0.7954831153,0.0055496829,0.0021427347,0.0911947889,0.0030069710,0.0000000000,0.0171847323,0.9088052111,0.0810810811,0.0154562596,0.0875878521,0.2314724873,0.1272427290,0.0000000000,0.8360093709,0.8205531113,0.0005285412,0.3956773899,0.1066439061,0.0262270727,0.0011285069,0.1679546883,0.0937232158,0.0019641735,0.0008142392,0.0072710131,0.0002071310,0.0000000000,0.0947017313,0.0560467973,0.0386549340,0.0000000000,0.7733816110945108,8.66,4.875129060737105
0.0127301398,0.2038806562,0.8338398237,0.8338398237,0.0034044508,0.0001253172,0.1597481124,0.0000000000,0.0849441816,0.0126361519,0.8402518876,0.0812055516,0.0037490732,0.0258571175,0.0998151571,0.0353290099,0.0000000000,0.5487118435,0.5449627703,0.0102446819,0.3218459225,0.0540848189,0.0105266456,0.0455632486,0.0567478096,0.1549233999,0.0021408357,0.0003028499,0.0066000397,0.0001879758,0.0000000000,0.1423185772,0.0138893240,0.1284292532,0.0000000000,0.8536909118355915,5.4,4.199250642772741
0.0091300335,0.1140197725,0.9283164485,0.9283164485,0.0009341325,0.0000000000,0.0669684063,0.0111873492,0.0000000000,0.0090633097,0.9330315937,0.0759427510,0.0035141176,0.0210513439,0.0578717347,0.0297476730,0.0000000000,0.4375966104,0.4340824928,0.0006338756,0.2734005760,0.1383739422,0.0000000000,0.0000000000,0.0312378368,0.1037887971,0.0035808414,0.0027690357,0.0060496202,0.0001890506,0.0000000000,0.4046906798,0.0596176729,0.3396795036,0.0000000000,1.3929820956377381,21.82,3.3401873429289473
0.0007920865,0.0127839077,0.8084440105,0.8084440105,0.0049367252,0.0000000000,0.0982187264,0.0000000000,0.0000000000,0.0117339326,0.9017812736,0.1390756535,0.0074971909,0.0066498425,0.0899110284,0.0347965443,0.0000000000,0.6578186306,0.6503214398,0.0000000000,0.3939248807,0.2116897231,0.0000000000,0.0228047230,0.0430305598,0.1163998747,0.0025236244,0.0006263010,0.0047893603,0.0001473649,0.0000000000,0.2895720891,0.1794904858,0.0760403043,0.0000000000,1.0030751208083175,10.27,2.877585635466828
0.0084608067,0.0223180085,0.7560277986,0.7560277986,0.0056510612,0.0000000000,0.0790475068,0.0014353906,0.0001431181,0.0114115656,0.9209524932,0.0507501073,0.0077536348,0.0013027959,0.0399173282,0.0017321502,0.0000000000,0.7332488656,0.7254952308,0.0096373218,0.6290441393,0.0524401640,0.0226547570,0.0480708519,0.4591587180,0.0467196484,0.0009660473,0.0008376620,0.0053332548,0.0001052339,0.0000000000,0.2097080390,0.0714117340,0.1372923735,0.0000000000,0.3894942620664198,4.83,2.455256273540846
0.0046647838,0.0885845912,0.7700597278,0.7700597278,0.0051277896,0.0002893786,0.0881678859,0.0230576905,0.0031600148,0.0113783684,0.9118321141,0.1745879248,0.0091675155,0.0230345402,0.0364154088,0.0339614779,0.0000000000,0.6643439207,0.6551764052,0.0038313733,0.4155245856,0.1957472914,0.0198398000,0.0098041485,0.0243888323,0.1657445134,0.0016436707,0.0004282804,0.0046184832,0.0001041763,0.0000000000,0.1918580424,0.1348157237,0.0570423187,0.0000000000,0.6591315245897834,7.46,2.650355528015853
0.0141456021,0.0519746355,0.8178056896,0.8178056896,0.0031879867,0.0001742069,0.1205424804,0.0205999686,0.0000000000,0.0108269603,0.8794575196,0.0037715799,0.0103304705,0.0298416459,0.0039022351,0.0654059892,0.0000000000,0.6480410432,0.6377105726,0.0000000000,0.5747260596,0.0382732610,0.0351723778,0.0036844764,0.0491176419,0.4484783025,0.0016462554,0.0015765727,0.0070466700,0.0002264690,0.0000000000,0.2434367542,0.1259690260,0.1174677282,0.0000000000,0.6624866911155802,5.47,3.3441850932091497
0.0075079741,0.0700109058,0.8663428163,0.8663428163,0.0022163328,0.0003166190,0.1311770017,0.0014306487,0.0001348562,0.0145879263,0.8688229983,0.0107093438,0.0222571415,0.0159599418,0.0893862282,0.0203310427,0.0000000000,0.8267888972,0.8045317557,0.0021518364,0.6945535672,0.0517144331,0.0621100896,0.0504567522,0.2855434120,0.2447288803,0.0083904029,0.0019466204,0.0056111919,0.0001758994,0.0000000000,0.1092570008,0.0403102866,0.0689467142,0.0000000000,3.4080557292131823,26.09,5.234952612514266
0.0085797931,0.0764851081,0.8157680202,0.8157680202,0.0050609101,-0.0000243776,0.0893650023,0.0000000000,0.0102164961,0.0122171628,0.9106349977,0.0002171310,0.0086739021,0.0007330298,0.0628597118,0.0022155300,0.0000000000,0.8291411363,0.8204672342,0.0020012336,0.7617415154,0.0047258593,0.0310820494,0.0295825415,0.4085793396,0.2877717256,0.0019417068,0.0013532421,0.0061125498,0.0001326597,0.0001955880,0.0566706276,0.0112006721,0.0449699305,0.0000000000,0.7825333976115024,8.76,3.0764103387420727
0.0105783216,0.3260915253,0.9102327164,0.9102327164,0.0032208671,0.0000400315,0.0634282302,0.0000000000,0.0004036509,0.0099745133,0.9365717698,0.0000066719,0.0049172015,0.0093707050,0.0255367556,0.0143562936,0.0000000000,0.5270262607,0.5221090591,0.0937654288,0.3933611107,0.0006505117,0.0048905139,0.0057695387,0.2226868470,0.1593636994,0.0023968855,0.0015345405,0.0055944009,0.0001451142,0.0000000000,0.1168852831,0.0738030584,0.0330543361,0.0000000000,0.9902149944873209,15.28,2.9245003647499836
0.0041600805,0.0509668845,0.9312918269,0.9312918269,0.0031849388,0.0000393202,0.0645323645,0.0364498549,0.0000000000,0.0108917042,0.9354676355,0.0460361274,0.0051666785,0.0149574162,0.1383757599,0.0378417911,0.0000000000,0.5824191379,0.5772524595,0.0000000000,0.3601497314,0.0732771840,0.0260064013,0.0146192622,0.0729154379,0.1733314460,0.0021468847,0.0003774742,0.0059137629,0.0001808731,0.0000000000,0.3238099732,0.0868348000,0.2328858691,0.0000000000,0.8580183861082737,13.11,3.1765969084905086
0.0083348914,0.1587467157,0.9016541857,0.9016541857,0.0046151878,0.0000000000,0.0455220870,0.0499601460,0.0000000000,0.0106474056,0.9544779130,0.0416350951,0.0087481918,0.0238926993,0.0544375670,0.0472441720,0.0000000000,0.5363261531,0.5275779612,0.0000000000,0.3930093189,0.1629092412,0.0061896655,0.0040838016,0.0449907007,0.1748359099,0.0000196810,0.0005117053,0.0065242420,0.0001672883,0.0000000000,0.2346168607,0.0315781187,0.2030387420,0.0000000000,0.007804611549849517,0.17,2.548525399506301
0.0054419963,0.0716617998,0.9311122909,0.9311122909,0.0047296699,0.0002831608,0.0596318910,0.0000000000,0.0000000000,0.0118396602,0.9403681090,0.0723564286,0.0078577117,0.0217237413,0.0716529511,0.0369834528,0.0000000000,0.6588841695,0.6510264578,0.0019334572,0.4752588267,0.1225378285,0.0047960357,0.0580435360,0.0882665251,0.2016149013,0.0012299796,0.0003008583,0.0056455181,0.0001460048,0.0000000000,0.2408813379,0.0950977790,0.1301168038,0.0000000000,0.48824073078046076,8.32,2.9704045489518327
0.0035622789,0.2004635842,0.8819324143,0.8819324143,0.0021227278,0.0000000000,0.1098206661,0.0440649018,0.0000000000,0.0131267537,0.8901793339,0.1267536904,0.0109796267,0.0340856411,0.0664877394,0.0543857509,0.0000000000,0.6374039283,0.6264243016,0.0000000000,0.3894595584,0.2157862633,0.0070269611,0.0000000000,0.0704160059,0.0962303282,0.0062217885,0.0016835428,0.0060509943,0.0001707942,0.0000000000,0.1093082835,0.0180065878,0.0913016957,0.0000000000,2.4427042172569866,22.8,4.615286216821234
0.0256468363,0.1178733189,0.8639188777,0.8639188777,0.0039008089,0.0000000000,0.0797626278,0.0000000000,0.0000000000,0.0087836184,0.9202373722,0.0098502222,0.0052484160,0.0043117384,0.0503751243,0.0108563952,0.0000000000,0.4365975036,0.4313490876,0.0209513623,0.3441746209,0.0581858066,0.0103729488,0.0030517560,0.0862619615,0.1863021480,0.0012962409,0.0017796874,0.0052151790,0.0001238832,0.0050248220,0.3785960110,0.0607057714,0.3139259783,0.0000000000,0.5278140470511159,6.53,2.1664340140865135
0.0028090055,0.0818182359,0.8184144592,0.8184144592,0.0054275699,-0.0010414745,0.1741107296,0.0000000000,0.0000000000,0.0193654742,0.8258892704,0.2266129464,0.0357374532,0.0003570770,0.0752301659,0.0006903488,0.0000000000,0.7321089561,0.6963715029,0.0000000000,0.4295695437,0.1344216246,0.0190560075,0.0000000000,0.2044146616,0.0716772500,0.0077664241,0.0001725872,0.0045527313,0.0001011718,0.0000000000,0.1761282144,0.0552100505,0.1209181639,0.0000000000,3.2179316466932977,18.19,6.273228288456001
0.0313014081,0.0642722710,0.8875853897,0.8875853897,0.0046633208,0.0000000000,0.0553603792,0.0000000000,0.0021155723,0.0108497142,0.9446396208,0.0107590966,0.0076397602,0.0042834240,0.0694514150,0.0134392862,0.0000000000,0.4667015196,0.4590617594,0.0000000000,0.3715878991,0.0123344486,0.0253450439,0.0008504113,0.2411961522,0.0918618430,0.0005681026,0.0014359403,0.0069043636,0.0002091175,0.0001742646,0.4041161299,0.2232120452,0.1799177471,0.0000000000,0.23057404804215403,3.92,2.7576188931849916
0.0344266335,0.0257379975,0.9006331655,0.9006331655,0.0039090913,0.0001689236,0.0773729794,0.0000000000,0.0004113787,0.0128938404,0.9226270206,0.0015282619,0.0099645062,0.0560389200,0.0601725803,0.0808051098,0.0000000000,0.7212402571,0.7112757509,0.0000000000,0.5775498523,0.0930292178,0.0935300267,0.0034202064,0.1784330248,0.2091373766,0.0021880577,0.0024344874,0.0082394979,0.0002583538,0.0000000000,0.1844029842,0.0735135715,0.1101183260,0.0000000000,0.8689398401221725,11.39,3.943348706374906
0.0161667975,0.1505579758,0.8493338952,0.8493338952,0.0039633817,0.0001485510,0.1094012585,0.0000000000,0.0135080374,0.0139698593,0.8905987415,0.0105754179,0.0079217106,0.0134928792,0.1281318244,0.0230031762,0.0000000000,0.7306992307,0.7227775201,0.0000000000,0.5690443925,0.0425836155,0.1301882960,0.0142952568,0.1794415492,0.2025356750,0.0049173420,0.0008064198,0.0056873820,0.0001455194,0.0000000000,0.0801872349,0.0595780545,0.0190205940,0.0000000000,1.9982762506038,18.18,4.419904299385802
0.0055266975,0.0263811952,0.9120009201,0.9120009201,0.0038335474,0.0002172344,0.0509542338,0.0000000000,0.0000000000,0.0126698741,0.9490457662,0.1213828883,0.0058972737,0.0109511670,0.0944394395,0.0351408509,0.0000000000,0.5391373241,0.5332400503,0.0141585683,0.2739708523,0.0941902590,0.0060953403,0.0000000000,0.0653619827,0.1083232703,0.0024598596,0.0006900385,0.0064275811,0.0001852881,0.0000000000,0.4101384550,0.2055228639,0.2046155910,0.0000000000,0.9891863941907781,19.25,3.743060418759959
0.0145508166,0.0469688117,0.8529671981,0.8529671981,0.0053751774,0.0000000000,0.1383969062,0.0000000000,0.0000000000,0.0129761010,0.8616030938,0.0780680522,0.0095595804,0.0275603038,0.0568233036,0.0633669977,0.0000000000,0.7011212197,0.6915616393,0.0006065159,0.5017444287,0.0530840497,0.0176557327,0.0000000000,0.0651086442,0.3658960020,0.0036891745,0.0013465765,0.0045516512,0.0001613666,0.0000000000,0.2012798041,0.1824332972,0.0188465070,0.0000000000,1.4685320493829894,10.77,3.2791312462679176
0.0046036053,0.0262324740,0.8153227370,0.8153227370,0.0041513213,0.0000000000,0.1104057634,0.0000000000,0.0000000000,0.0135200620,0.8895942366,0.1330845771,0.0118886089,0.0293661562,0.0729146475,0.0697325063,0.0000000000,0.6946113588,0.6827227499,0.0000000000,0.4188796278,0.1329068941,0.0290269432,0.0000000000,0.0300445823,0.2269012082,0.0033759773,0.0005976610,0.0065904245,0.0001453770,0.0000000000,0.2651838212,0.2651838212,0.0000000000,0.0000000000,1.3399583266549127,11.68,3.8760013699660014
0.0208710554,0.1245069193,0.8282300828,0.8282300828,0.0049146405,0.0000808329,0.0920282592,0.0008729953,0.0000000000,0.0134586782,0.9079717408,0.0238618727,0.0097080316,0.0220592990,0.0141780911,0.0324948267,0.0000000000,0.7792938438,0.7695858122,0.0000000000,0.7076758924,0.0536164640,0.0448218443,0.0162716632,0.0633244956,0.5296414252,0.0020127393,0.0009942447,0.0074447103,0.0002829152,0.0003960812,0.0554352043,0.0044781428,0.0509570616,0.0000000000,0.8178078479994088,8.78,3.7391442771990024
0.0094278283,0.0249949985,0.7602405722,0.7602405722,0.0052140642,0.0002000600,0.0906897069,0.0211313394,0.0000000000,0.0125537661,0.9093102931,0.0237446234,0.0095903771,0.0091527458,0.1167100130,0.0331099330,0.0000000000,0.6324147244,0.6228243473,0.0309592878,0.4278783635,0.0737596279,0.0217065120,0.0040762229,0.1375787736,0.1907572272,0.0016504951,0.0006251876,0.0063268981,0.0001375413,0.0005876763,0.2640542163,0.0777108132,0.1863434030,0.0000000000,0.6513291802874237,7.24,3.1786214692324872
0.0100360452,0.0411808801,0.8897590073,0.8897590073,0.0039394568,0.0000000000,0.0965406147,0.0000000000,0.0000000000,0.0097449720,0.9034593853,0.0874894336,0.0059131725,0.0047807780,0.0077234087,0.0080384057,0.0000000000,0.4160273689,0.4101141964,0.0004545527,0.3122019490,0.1621517090,0.0055184293,0.0347334088,0.0190194421,0.0907789598,0.0019856776,0.0002551875,0.0036683201,0.0000996826,0.0000000000,0.4948005550,0.2508851816,0.0570862374,0.0000000000,0.7989780140663448,8.04,2.4792157096456986
0.0154544049,0.0279086953,0.7497535047,0.7497535047,0.0038214309,0.0000040162,0.1527588402,0.0000000000,0.0083798378,0.0120506606,0.8472411598,0.2560218161,0.0074360267,0.0073054996,0.0557792366,0.0242077509,0.0000000000,0.6513501519,0.6439141252,0.0028856523,0.3124095096,0.2429932066,0.0017811925,0.0002008109,0.0533775385,0.0140567612,0.0030623658,0.0015261626,0.0059118721,0.0001646649,0.0000000000,0.2827557678,0.0868366464,0.1783782915,0.0000000000,1.2070913649432964,8.08,3.4810862467149795
0.0067421369,0.0947952556,0.8416244439,0.8416244439,0.0056457917,0.0003918276,0.0461333565,0.0135112964,0.0000000000,0.0135499001,0.9538666435,0.0573882664,0.0076763465,0.0002663656,0.0490035419,0.0024339635,0.0000000000,0.6181089976,0.6104326510,0.0000000000,0.4061244776,0.0689655172,0.1315807252,0.0499223100,0.1254465966,0.0302093286,0.0044548674,0.0004516633,0.0035032861,0.0001003696,0.0000000000,0.2417035815,0.0170686277,0.2064217262,0.0000000000,1.81378630838886,37.85,3.4477169925299465
0.0092481846,0.0483428860,0.8518662552,0.8518662552,0.0045702055,0.0006104661,0.1096706121,0.0000000000,0.0186410723,0.0130519160,0.8903293879,0.0156030614,0.0087138384,0.0006504102,0.1559989599,0.0016361999,0.0000000000,0.7043520204,0.6956381820,0.0073353908,0.5211225040,0.0245648545,0.0713876045,0.0344024027,0.3281828082,0.0625848341,0.0016761440,0.0015020481,0.0072276172,0.0001371665,0.0002012277,0.2068244081,0.0471709418,0.0743012613,0.0001017444,0.6672842446358853,6.15,3.5928999202260647
0.0142115462,0.0815468774,0.9042124951,0.9042124951,0.0018060985,0.0002709148,0.0799887348,0.0000000000,0.0006581545,0.0112268919,0.9200112652,0.0000000000,0.0087565165,0.2216542025,0.0784566123,0.2346841317,0.0000000000,0.7459967368,0.7372402203,0.0000000000,0.4327718102,0.0017326301,0.0094514052,0.0395489652,0.1392180512,0.2428207585,0.0019147705,0.0011800864,0.0077631623,0.0002311194,0.0000000000,0.1212657383,0.0629410018,0.0543482586,0.0000000000,0.7620352921021072,9.64,4.037538282406287
0.0135806990,0.0211249772,0.9233690578,0.9233690578,0.0020269386,0.0002180351,0.0695521558,0.0000000000,0.0053613000,0.0108297787,0.9304478442,0.0011999813,0.0084994297,0.0003443904,0.0651520493,0.0042114930,0.0000000000,0.6577644411,0.6492650115,0.0022470753,0.5848792374,0.0135812244,0.1092836732,0.0178767792,0.3519165813,0.0922209794,0.0036067739,0.0021241350,0.0060293281,0.0001392273,0.0000000000,0.2926604121,0.0275819694,0.2650784427,0.0000000000,1.4437531061262372,20.88,3.7037886464122516
0.0090871778,0.0130496323,0.8102356375,0.8102356375,0.0035788674,0.0000000000,0.1186856772,0.0394902895,0.0029996509,0.0135559673,0.8813143228,0.1042014292,0.0178636501,0.0041158893,0.0899895281,0.0134869216,0.0000000000,0.7910371044,0.7731734542,0.0053395321,0.5539150815,0.0761573781,0.0943816001,0.0381899293,0.2638196834,0.0813664906,0.0037898403,0.0008208763,0.0070273152,0.0001380913,0.0000000000,0.1302815146,0.0114462384,0.1182637315,0.0000000000,1.519146940564145,12.99,4.245984699926336
0.0497816863,0.0088162180,0.9265505997,0.9265505997,0.0047361850,-0.0000396333,0.0655139234,0.1272758899,0.0018143266,0.0104345797,0.9344860766,0.0000000000,0.0088910810,0.0136668993,0.0451710069,0.0157850816,0.0000000000,0.7273071562,0.7184160753,0.0000000000,0.6661705159,0.0045622387,0.0353903775,0.0840535226,0.1352245780,0.4069397991,-0.0029218585,0.0003677094,0.0099787962,0.0001651389,0.0011119356,0.0557046699,0.0015567098,0.0541479601,0.0000000000,-1.1779836018823768,-17.42,2.551264973463345
0.0125902316,0.0899784523,0.9144595406,0.9144595406,0.0057051674,0.0002643035,0.0799925567,0.0818253901,0.0023812014,0.0136219209,0.9200074433,0.0317147696,0.0068422487,0.0031000080,0.0998811869,0.0068685967,0.0000000000,0.6635746180,0.6567323693,0.0272693664,0.4975344027,0.0288930625,0.0753264889,0.0260499476,0.2651375490,0.1021273548,0.0032630363,0.0007690325,0.0051584462,0.0001193894,0.0003293501,0.1390977289,0.0208083405,0.1019099837,0.0000000000,1.3004944537012653,16.48,3.3384779110121157
0.0139956246,0.0881864587,0.8652858024,0.8652858024,0.0039995512,0.0000000000,0.1159112582,0.0078981320,0.0149604532,0.0144808437,0.8840887418,0.2140909856,0.0073512088,0.0097969372,0.1010097044,0.0201520166,0.0065069838,0.7263476749,0.7189964660,0.0000000000,0.3359735233,0.1391064116,0.0056150783,0.0038957761,0.0972906266,0.0900656308,0.0051943681,0.0010882369,0.0061591967,0.0001262130,0.0000000000,0.1080187356,0.0192180401,0.0400992876,0.0000000000,2.0700312125386664,18.39,4.596089572706337
0.0087066246,0.1143217666,0.8722848130,0.8722848130,0.0029202343,0.0000000000,0.1271203245,0.0571248310,0.0000000000,0.0146552501,0.8728796755,0.1250473186,0.0122217215,0.0237764759,0.1255159982,0.0435511492,0.0000000000,0.7539432177,0.7417214962,0.0026137900,0.4543488058,0.0847408743,0.0022712934,0.0000000000,0.0482379450,0.3190986931,0.0042000901,0.0010455160,0.0085804416,0.0002523659,0.0000000000,0.0628931951,0.0451013970,0.0177917981,0.0000000000,1.7109393644557855,13.23,5.061568814205049
0.0161982377,0.0643434868,0.9709602521,0.9709602521,0.0030125039,0.0004933140,0.0260447841,0.0000000000,0.0000000000,0.0108134418,0.9739552159,0.0048454393,0.0049594496,0.0078820607,0.0847710694,0.0355843797,0.0000000000,0.5672123815,0.5622529319,0.0017145400,0.4401675952,0.0437054236,0.0252927544,0.0000197326,0.1786256931,0.1925239915,0.0013133114,0.0010852907,0.0070116356,0.0002104806,0.0000504276,0.3509369676,0.1319494233,0.2159465379,0.0000000000,0.5236855132981368,21.25,3.24928539465393
0.0045707756,0.0766481412,0.9236862266,0.9236862266,0.0018211684,0.0000000000,0.0745640233,0.0000000000,0.0000000000,0.0087455039,0.9254359767,0.0104205893,0.0046584254,0.0051258911,0.0379036761,0.0147771098,0.0000000000,0.3777869395,0.3731285141,0.0034572983,0.3082806352,0.0164943969,0.1103381335,0.0025515835,0.0800275285,0.0988689927,0.0021782602,0.0005291452,0.0052752204,0.0001493293,0.0000000000,0.5399098830,0.1033196556,0.4365902274,0.0000000000,0.8868256498789867,11.67,2.8875685975222822
0.0058690022,0.0536178559,0.8605707592,0.8605707592,0.0049121182,0.0000510792,0.0724490612,0.0008257807,0.0000000000,0.0092913099,0.9275509388,0.0104320791,0.0031311561,0.0190712776,0.0153969792,0.0467545116,0.0000000000,0.3135821345,0.3104509784,0.0006810563,0.2394593775,0.0194577771,0.0073247600,0.0016617773,0.0361606816,0.1748543817,0.0010113685,0.0011748220,0.0042736280,0.0000919426,0.0001276980,0.5772121984,0.1437233005,0.4275092241,0.0000000000,0.40903456824128903,5.53,1.9025286914197586
0.0104615224,0.0498005391,0.8748826059,0.8748826059,0.0042777973,0.0010903477,0.0672286561,0.0000000000,0.0143358910,0.0101409601,0.9327713439,0.0064752113,0.0063058440,0.0024256601,0.0569103327,0.0085076193,0.0000000000,0.6244464668,0.6181406229,0.0302833159,0.5004085169,0.0336953772,0.1158247244,0.0030057251,0.2150136512,0.1328690391,0.0001279341,0.0023144446,0.0069593257,0.0001744556,0.0000356180,0.2791464468,0.0252786202,0.2370481236,0.0000000000,0.0514406487074989,0.75,2.538665390934327
0.0262593216,0.0352066970,0.7178762070,0.7178762070,0.0054571705,-0.0001324556,0.2062995881,0.1158986450,0.0613997907,0.0156827424,0.7937004119,0.0002251745,0.0080665457,0.0035431871,0.0511874644,0.0060267295,0.0000000000,0.7198166815,0.7117501358,0.0000000000,0.6647217770,0.0414983377,0.0294250103,0.0000000000,0.3712465396,0.2225518895,0.0014503888,0.0016358266,0.0105434653,0.0001986834,0.0000000000,0.0354649854,0.0052386188,0.0302263666,0.0000000000,0.6493289896485396,2.82,5.302448175351686
0.0189457829,0.0146336500,0.8096061387,0.8096061387,0.0044964167,-0.0001813071,0.0856080838,0.0000000000,0.0000000000,0.0105201431,0.9143919162,0.0000000000,0.0066585719,0.0000503330,0.0223992778,0.0004435259,0.0000000000,0.5738443633,0.5671857914,0.0000000000,0.5508364888,0.0000000000,0.0194897043,0.0591656571,0.3295097374,0.1426713900,0.0017456900,0.0010523932,0.0052741431,0.0001031015,0.0000000000,0.3451654725,0.1240990456,0.0883509630,0.0000000000,0.7057678000962759,8.2,2.6381503081990063
0.0035305767,0.0238343795,0.7792105188,0.7792105188,0.0009528375,0.0001568150,0.1608981166,0.0000268826,0.0000000000,0.0108157514,0.8391018834,0.0050912588,0.0054198235,0.3507696627,0.0249679276,0.3534997364,0.0000000000,0.4875406785,0.4821208550,0.0009065398,0.1036472171,0.0065877215,0.0044983490,0.0013217260,0.0604155746,0.0308238460,0.0042982232,0.0011410155,0.0056856622,0.0001179846,0.0000746738,0.4213080159,0.2671021642,0.0352116778,0.0000000000,1.7071620877144982,10.77,4.269877048683484
0.0075612107,0.0905871292,0.8746066019,0.8746066019,0.0059756671,0.0003585400,0.1149558996,0.0092383813,0.0000000000,0.0140388339,0.8850441004,0.0101466827,0.0107721359,0.0054976137,0.2189205555,0.0511118725,0.0000000000,0.5128317491,0.5020596133,0.0000159351,0.2319116557,0.0061031480,0.0059876184,0.0340812213,0.0735724131,0.1121672549,0.0024779100,0.0004501669,0.0048721606,0.0001713025,0.0003226860,0.3746663586,0.0274840848,0.1357273184,0.0000000000,1.0024073085484635,8.72,3.391378291995325
0.0134327024,0.0339807054,0.8517004691,0.8517004691,0.0035070436,0.0000843445,0.0785955631,0.0013646937,0.0127157743,0.0108753777,0.9214044369,0.0493550177,0.0069145607,0.0052411662,0.0746330593,0.0088460494,0.0000000000,0.6563282822,0.6494137215,0.0542841093,0.4691088331,0.1379875744,0.0233448660,0.0333751120,0.1454841120,0.1289171687,0.0018791951,0.0011099734,0.0064844039,0.0001855579,0.0000000000,0.2555755921,0.0846717397,0.1687412598,0.0000000000,0.7560795173036331,9.39,3.1996630391488075
0.0071114018,0.0375154968,0.9297568433,0.9297568433,0.0046281155,0.0000000000,0.0655618007,0.0018444010,0.0000000000,0.0094958130,0.9344381993,0.0032552727,0.0075905658,0.0220225283,0.0645045977,0.0455890294,0.0000000000,0.5416226165,0.5340320507,0.0118307867,0.4163858867,0.0237756600,0.0234181885,0.0011066406,0.0652195408,0.3028658569,0.0002205675,0.0003384571,0.0048715004,0.0001559184,0.0000000000,0.3804523916,0.1369039923,0.2435483994,0.0000000000,0.08768862977066778,1.33,2.072102698589999
0.0056388310,0.0170135855,0.8418762245,0.8418762245,0.0069184598,0.0001493730,0.0830165381,0.0139265433,0.0018820999,0.0122411179,0.9169834619,0.0012497542,0.0089374849,0.0021360340,0.0985289248,0.0088279447,0.0000000000,0.8038110033,0.7948735184,0.0000000000,0.6951819737,0.0029999079,0.0945854775,0.0400369449,0.3218515282,0.2357081152,0.0017103209,0.0003236415,0.0037866057,0.0000796656,0.0000000000,0.1536724598,0.0674543603,0.0809053996,0.0000000000,0.6850672540096253,8.22,2.199828942206903
0.0136040409,0.1115437563,0.8447333956,0.8447333956,0.0058633198,0.0016747557,0.1044126464,0.0105911553,0.0181024348,0.0143593557,0.8955873536,0.0015910180,0.0146206176,0.0007553148,0.2556682108,0.0023011144,0.0000000000,0.7742697228,0.7596491052,0.0061363050,0.5085730746,0.0160424852,0.0607065460,0.1107917910,0.2130607501,0.1079715024,0.0015190035,0.0031703126,0.0081711332,0.0001624513,0.0000000000,0.0571208939,0.0048919615,0.0290335655,0.0000000000,0.6104090901825591,5.87,3.696487953897735
0.0189419821,0.0658356614,0.8310927525,0.8310927525,0.0041360908,0.0000000000,0.0801899562,0.0000000000,0.0000000000,0.0113952745,0.9198100438,0.0351083752,0.0069691210,0.0049412210,0.0423662895,0.0111407556,0.0000000000,0.4734019815,0.4664328605,0.0011704061,0.3835555402,0.0563165910,0.0533172667,0.0156919471,0.1801647899,0.0780649455,0.0023474767,0.0011764359,0.0050611813,0.0001364628,0.0000000000,0.4146836460,0.1287633968,0.2859202493,0.0000000000,0.9340936445610782,11.72,3.0934471501175222
0.0041421730,0.0139585556,0.7895265440,0.7895265440,0.0027009238,0.0000000000,0.1468655666,0.0614403414,0.0042897024,0.0101908804,0.8531344334,0.1265972900,0.0067863547,0.0091978937,0.0298179714,0.0126194421,0.0000000000,0.5623822602,0.5555959055,0.0062529790,0.3870548583,0.2885846252,0.0003291042,0.0020256928,0.0074275403,0.0886878958,0.0042670056,0.0009816383,0.0037279557,0.0001134842,0.0000000000,0.3473183686,0.3455934088,0.0000000000,0.0000000000,1.6860088728458966,11.69,3.046607907909352
0.0133193391,0.0396059047,0.8467091008,0.8467091008,0.0059249729,0.0002539274,0.0840872156,0.0000000000,0.0000000000,0.0124593716,0.9159127844,0.0494176598,0.0079936349,0.0299939057,0.1299600488,0.0508294962,0.0000000000,0.8733173077,0.8653236728,0.0034432557,0.6391420639,0.1628419556,0.0120530878,0.0098862405,0.1232529794,0.3311078007,0.0013712080,0.0006906826,0.0055897887,0.0001895991,0.0001151138,0.0660245125,0.0392233207,0.0268011918,0.0000000000,0.5472852792083958,6.48,2.7132511743070578
0.0117291217,0.0304702184,0.7351084280,0.7351084280,0.0041514556,0.0003053664,0.0888104606,0.0000000000,0.0089709001,0.0119833392,0.9111895394,0.0576447704,0.0073043632,0.0021742085,0.0743025051,0.0040109871,0.0000000000,0.6690531047,0.6617487415,0.0023085696,0.5307862726,0.1438557999,0.0443880535,0.0572821478,0.1891347597,0.0961255117,0.0022444427,0.0011634458,0.0052355062,0.0001328344,0.0000000000,0.2420883394,0.1718869045,0.0517863168,0.0000000000,0.8989080102181992,10.23,3.3860292873875446
0.0105618873,0.0597135824,0.9041519798,0.9041519798,0.0022402086,0.0000949241,0.0898994437,0.0033096867,0.0000000000,0.0098531208,0.9101005563,0.0315654248,0.0073471247,0.0002911005,0.0598591326,0.0004872770,0.0000000000,0.4280760152,0.4207288905,0.0058789655,0.3285069706,0.1329823251,0.0016706640,0.0370773505,0.1261351339,0.0306414970,0.0021642693,0.0008163472,0.0056131780,0.0001265655,0.0000000000,0.4481176552,0.1097132660,0.3285639250,0.0000000000,0.833008573655495,9.49,3.1871137810217047
0.0068504368,0.0098742156,0.8889390411,0.8889390411,0.0037307918,0.0000000000,0.0877734682,0.0238027713,0.0024765427,0.0114839684,0.9122265318,0.0381147918,0.0065907992,0.0080807193,0.2021977320,0.0187697974,0.0000000000,0.7552696436,0.7486788443,0.0001398048,0.4863929954,0.0682207638,0.0185261375,0.0233514014,0.1013545091,0.2749401835,0.0026562918,0.0006950297,0.0057919145,0.0001597770,0.0000000000,0.1901066112,0.1129543158,0.0771522954,0.0000000000,1.067199463993051,11.99,3.245873676817338
0.0057606344,0.0929369884,0.8821252003,0.8821252003,0.0026932836,0.0002805504,0.0945330083,0.0000000000,0.0000000000,0.0104801152,0.9054669917,0.1335108074,0.0071509174,0.0076247358,0.0487347178,0.0181796645,0.0000000000,0.4310687722,0.4239178548,0.0041022700,0.2262171211,0.1407116004,0.0052618782,0.0001309235,0.0254552709,0.0546574480,0.0020449005,0.0006234453,0.0060848260,0.0002119714,0.0002805504,0.4362994782,0.1138660465,0.3224334316,0.0000000000,0.80964414535334,8.59,3.35738022196611
0.0114683251,0.1019921999,0.8566459365,0.8566459365,0.0040054812,0.0001897333,0.1390745230,0.0072520291,0.0000000000,0.0125645620,0.8609254770,0.1603246548,0.0044903552,0.0041741330,0.1194898282,0.0076736587,0.0000000000,0.6538631812,0.6493728260,0.0095077474,0.3568672921,0.1925371561,0.0341309160,0.0235269316,0.0953726152,0.0112996732,-0.0007589333,0.0011173184,0.0102455992,0.0001897333,0.0000000000,0.1938020449,0.0023822072,0.1808790977,0.0000000000,-0.3037686295604848,-2.17,3.6749980199364116
0.0131630034,0.0652184206,0.8640328033,0.8640328033,0.0025947215,0.0001041677,0.1337702062,0.0170456160,0.0000000000,0.0076515876,0.8662297938,0.0001988655,0.0031534390,0.0073201451,0.0105114632,0.0226706692,0.0000000000,0.3766891732,0.3735357342,0.0000000000,0.3433081753,0.0323677308,0.0000000000,0.0000000000,0.0961372740,0.2148031705,0.0010132672,0.0005776570,0.0045265580,0.0001515166,0.0000000000,0.5250712601,0.2857697516,0.2393015085,0.0000000000,0.4080173502705021,3.04,2.1515124044359837
0.0099305191,0.0624262585,0.8568104352,0.8568104352,0.0038509439,0.0000573545,0.1153972208,0.0000000000,0.0000000000,0.0127245018,0.8846027792,0.1800029497,0.0168704116,0.0316350944,0.0902595700,0.0373869297,0.0000000000,0.8097961458,0.7929257341,0.0001474830,0.5017861825,0.2866577084,0.0000491610,0.0000000000,0.0905381489,0.1245411641,0.0042114578,0.0004916099,0.0048587441,0.0000983220,0.0000000000,0.1189859727,0.0300865233,0.0888994494,0.0000000000,1.6503915264917541,14.7,3.6384099174386666
0.0185401097,0.0611966972,0.8895764445,0.8895764445,0.0039803895,0.0000000000,0.1075756417,0.0000000000,0.0092079359,0.0123998930,0.8924243583,0.0232802615,0.0097622279,0.0219948776,0.1791748696,0.0292532350,0.0000000000,0.8012433342,0.7914811063,0.0000000000,0.5695349682,0.0366836140,0.0425371280,0.0346623598,0.1956650548,0.2599868117,0.0049026166,0.0022649515,0.0056480437,0.0001529081,0.0000000000,0.1118331772,0.0535369560,0.0582962213,0.0000000000,1.9848044454976763,18.28,3.6555352988923957
0.0054822055,0.0097630726,0.9317112334,0.9317112334,0.0027865192,0.0008790281,0.0639815287,0.0128924128,0.0000029301,0.0111870982,0.9360184713,0.1023686878,0.0054587648,0.0097572124,0.0703017411,0.0170414257,0.0000000000,0.6967118487,0.6912530839,0.0112017487,0.4958011756,0.2191680878,0.0213838247,0.0000000000,0.0861623389,0.1690869242,0.0021829199,0.0007383836,0.0057927955,0.0001465047,0.0013654237,0.2668612249,0.1387194318,0.0196081879,0.0000000000,0.8736620217946425,13.5,3.4692747739435323
0.0087340033,0.2861687514,0.8970428747,0.8970428747,0.0026896103,0.0000000000,0.0964355433,0.0000000000,0.0000000000,0.0128985612,0.9035644567,0.1724387246,0.0062179163,0.0171064999,0.0483406840,0.0202009978,0.0000000000,0.6371918155,0.6309738992,0.0000000000,0.3961680283,0.2649699949,0.0000000000,0.0000000000,0.0409370255,0.0902610079,0.0023714843,0.0001879835,0.0079242282,0.0002458246,0.0000000000,0.0627431133,0.0000000000,0.0625117490,0.0000000000,0.9513174877097321,9.83,4.372227684066296
0.0056026322,0.0710246143,0.8848651333,0.8848651333,0.0028990905,0.0000000000,0.1105441227,0.0000000000,0.0000000000,0.0096905361,0.8894558773,0.0354067728,0.0066269361,0.0221777323,0.0587919421,0.0246702052,0.0000000000,0.5328460130,0.5262190769,0.0029115063,0.4110035075,0.0673867834,0.0227457553,0.0000000000,0.1849147965,0.1359561722,0.0031318869,0.0009032498,0.0034453860,0.0001272620,0.0000000000,0.3659837974,0.0461309247,0.3196324922,0.0000000000,1.2405254713443534,11.41,2.8300453027133123
0.0029112707,0.1190807418,0.7840931294,0.7840931294,0.0039937163,0.0002344648,0.0884674602,0.0000000000,0.0017311314,0.0118092082,0.9115325398,0.0663730647,0.0100429071,0.0014419582,0.1038522559,0.0058655266,0.0000000000,0.3779728177,0.3679299107,0.0002227415,0.2006627537,0.0749036741,0.0260099569,0.0007346562,0.0881782870,0.0108361795,0.0046228634,0.0006565013,0.0036185727,0.0001055091,0.0000000000,0.4710357871,0.2156450516,0.2141796469,0.0000000000,1.912104608123616,20.62,3.41316586066177
0.0120117567,0.0195904586,0.9135007773,0.9135007773,0.0035585892,0.0000000000,0.0776452585,0.0000000000,0.0000000000,0.0119631753,0.9223547415,0.1148343373,0.0121453556,0.0318694131,0.1081058103,0.0588563933,0.0000000000,0.8043504664,0.7922051108,0.0087203653,0.5138335600,0.1401209677,0.0051496308,0.0117324135,0.1281335017,0.2286970462,0.0022711815,0.0006437038,0.0067892538,0.0001821803,0.0000000000,0.1482947921,0.0532452390,0.0943937038,0.0000000000,0.8991897675089557,11.79,3.518808080037629
0.0027292576,0.1866812227,0.9225497331,0.9225497331,0.0026079573,0.0000000000,0.0694444444,0.0174672489,0.0000000000,0.0076419214,0.9305555556,0.1641800097,0.0121300340,0.0097040272,0.0614386220,0.0113415818,0.0000000000,0.3708757885,0.3587457545,0.0094614265,0.1243934983,0.1045002426,0.0000000000,0.0000000000,0.0000000000,0.0198932557,-0.0015162542,0.0012736536,0.0078238719,0.0001819505,0.0000000000,0.4001698205,0.0000000000,0.4001698205,0.0000000000,-0.533006422727394,-8.45,1.8411201996395399
0.0115993844,0.0322249655,0.8807676275,0.8807676275,0.0017475230,0.0000480970,0.1050117036,0.0000000000,0.0000000000,0.0122967903,0.8949882964,0.1173565909,0.0052906660,0.0514637509,0.0489867573,0.0669028762,0.0000000000,0.7313223458,0.7260316799,0.0019719755,0.4959598551,0.1508160451,0.0259563280,0.0314393818,0.0415397441,0.2462083560,0.0042485651,0.0007855837,0.0052185205,0.0002084202,0.0000000000,0.1922435630,0.1024144676,0.0878250553,0.0000000000,1.6885971899193934,16.38,4.5065985197741565
0.0092412394,0.0450808035,0.8433810307,0.8433810307,0.0046287533,0.0001109126,0.0779922746,0.0000000000,0.0014655254,0.0114949838,0.9220077254,0.0937019379,0.0078614864,0.0109152805,0.1250280979,0.0204877789,0.0000000000,0.6449258216,0.6370643352,0.0120007453,0.3934972671,0.1623139626,0.0061696993,0.0019934695,0.1200296359,0.1029905000,0.0026692970,0.0011179992,0.0042620022,0.0001330951,0.0000044365,0.2661547926,0.0881991931,0.1604639401,0.0000000000,1.072083509662858,13.8,2.947010304697889
0.0076725710,0.0086878599,0.8778100342,0.8778100342,0.0075567629,-0.0000326062,0.0883031520,0.0000000000,0.0004531134,0.0133224346,0.9116968480,0.0000000000,0.0102158529,0.0000000000,0.0987798543,0.0000663367,0.0000000000,0.8364698978,0.8262540449,0.0000000000,0.7306752177,0.0004621082,0.0706991889,0.0656654696,0.3419038860,0.2519445650,0.0004519891,0.0017933398,0.0070328153,0.0001990101,0.0000000000,0.1341350705,0.0252012026,0.0853123784,0.0000000000,0.1806440161388802,2.05,2.39743239105077
0.0145942036,0.1450121403,0.8721651082,0.8721651082,0.0026605362,0.0000000000,0.1188975564,0.0000000000,0.0000000000,0.0112362453,0.8811024436,0.0553029912,0.0059668337,0.0223949992,0.0683990288,0.0469597562,0.0000000000,0.6131631968,0.6071963631,0.0148008472,0.4277005734,0.1816397169,0.0000000000,0.0000000000,0.0249780441,0.2210828124,0.0024538926,0.0004907785,0.0058893424,0.0001291522,0.0000000000,0.1823629695,0.0798160872,0.1025468823,0.0000000000,1.0095777042734362,8.34,4.035431575428841
0.0169613778,0.0649249504,0.8486928278,0.8486928278,0.0051862079,0.0000000000,0.0907099618,0.0000000000,0.0000000000,0.0117353441,0.9092900382,0.0338563792,0.0085094520,0.0162976140,0.1279161357,0.0355644647,0.0000000000,0.7523585741,0.7438491221,0.0034161711,0.5515523223,0.1571084679,0.0354848131,0.0033143939,0.2328306429,0.1228140045,0.0006814642,0.0006327882,0.0063809827,0.0001770037,0.0000000000,0.1399877867,0.0910728193,0.0489149674,0.0000000000,0.2708984284812757,3,2.778116699672445
0.0280871155,0.0153321855,0.9241449085,0.9241449085,0.0039830313,0.0001064982,0.0458297094,0.0000000000,0.0073483732,0.0106711159,0.9541702906,0.1010596567,0.0049379648,0.0093434388,0.0432489040,0.0138625109,0.0000000000,0.5438470686,0.5389091038,0.0009265340,0.3846074655,0.1085322778,0.0349739967,0.0044125739,0.0456806120,0.1910080051,0.0008093860,0.0088961465,0.0146647970,0.0004827917,0.0000000000,0.3890484389,0.1746214878,0.2144269511,0.0000000000,0.32439815605258665,6.94,2.8889225384643398
0.0145114514,0.0540347614,0.8385585580,0.8385585580,0.0041346512,0.0000000000,0.0743974549,0.0000000000,0.0090418456,0.0098715570,0.9256025451,0.0247955464,0.0064430103,0.0165525105,0.0813009009,0.0226617821,0.0000000000,0.5702558509,0.5638128406,0.0078011412,0.4334971640,0.0436316947,0.0345002341,0.0534769852,0.1157934096,0.1860948405,0.0011989870,0.0010583842,0.0052594741,0.0001390578,0.0002209474,0.3238949156,0.1065337068,0.1994567476,0.0000000000,0.48207703137461067,6.36,2.4818585531125583
0.0084360208,0.0481267128,0.7487533777,0.7487533777,0.0054368448,0.0000000000,0.0422816734,0.0077748606,0.0193480386,0.0106648014,0.9577183266,0.0790958395,0.0043828213,0.0011306797,0.0418868937,0.0024395853,0.0000000000,0.4838466108,0.4794637895,0.0098752419,0.3440313524,0.1356528238,0.0015829516,0.0187328721,0.1320940572,0.0559686476,0.0010751040,0.0005979188,0.0047335237,0.0001207336,0.0000000000,0.4061325003,0.1722676836,0.0989823882,0.0000000000,0.4463735135801781,9.75,2.319769808765677
0.0089456670,0.0504973269,0.8993659082,0.8993659082,0.0034253388,0.0000000000,0.0606490116,0.0000124332,0.0000000000,0.0098968047,0.9393509884,0.1160014920,0.0023187865,0.0179286336,0.0628683327,0.0238592565,0.0000000000,0.6110282233,0.6087094368,0.0004911103,0.4076650504,0.2667972150,0.0000000000,0.0000000000,0.0608665921,0.0800012433,0.0020266070,0.0002859629,0.0048054209,0.0001678478,0.0004662439,0.2985826184,0.0600460027,0.2385366157,0.0000000000,0.7918266968257102,13.57,2.65745110615445
0.0267009819,0.0181755144,0.8765318505,0.8765318505,0.0023558383,-0.0002000240,0.1208767274,0.0303236388,0.0000000000,0.0090988696,0.8791232726,0.0094544679,0.0137127566,0.0331017500,0.0654434088,0.0557622470,0.0000000000,0.4865339396,0.4728211830,0.0000000000,0.3557671365,0.0387824317,0.0192378641,0.0247540816,0.1440039471,0.1289888120,0.0018046610,0.0019913501,0.0071297445,0.0001911340,0.0014446178,0.4080534109,0.0985451588,0.3095082521,0.0000000000,0.7247411638700465,6.01,2.974794159245614
0.0041455663,0.0513237362,0.8401193273,0.8401193273,0.0017882835,0.0000000000,0.1569300050,0.0507872512,0.0000000000,0.0082342326,0.8430699950,0.0115100428,0.0026905538,0.0462758996,0.0339773863,0.0784081025,0.0000000000,0.3679962283,0.3653056745,0.0023003829,0.2412638287,0.0719296392,0.0036578526,0.0000000000,0.0284093218,0.1372670151,0.0016582265,0.0008209847,0.0052022792,0.0001544427,0.0000000000,0.4828609284,0.0394804224,0.4433805061,0.0000000000,0.6643274092045168,4.2,2.786244455180289
0.0252611410,0.0465978134,0.8152306361,0.8152306361,0.0040085044,0.0001260536,0.1604578267,0.0000336143,0.0053782868,0.0123280419,0.8395421733,0.2551324823,0.0043026295,0.0124288848,0.0978091885,0.0242779230,0.0000000000,0.6216039060,0.6173012765,0.0002437036,0.2436447978,0.1350286142,0.0244712052,0.0001428607,0.0185382825,0.0654638352,0.0036051329,0.0007899359,0.0053698833,0.0001596679,0.0000000000,0.2897468003,0.0820188744,0.2070976579,0.0000000000,1.4291365633263238,9,3.5420235151005586
0.0210394051,0.0582178003,0.8259845231,0.8259845231,0.0047820125,0.0000785323,0.0959302150,0.0000000000,0.0152074763,0.0123670237,0.9040697850,0.0240151749,0.0089973843,0.0009593021,0.0807916055,0.0021034572,0.0000000000,0.8179633556,0.8089659714,0.0115418305,0.6974682397,0.0459498481,0.1015797073,0.0541135819,0.3367029727,0.1591221298,0.0025371971,0.0011042848,0.0059442904,0.0001582728,0.0000000000,0.0828853972,0.0080078774,0.0671632324,0.0000000000,1.0247076533462804,10.7,3.268389408450411
0.0051549344,0.0648185272,0.8848158543,0.8848158543,0.0033411612,0.0000477309,0.0869561067,0.0000000000,0.0000000000,0.0107489929,0.9130438933,0.4877331653,0.0071214464,0.0041144014,0.0180040858,0.0059377208,0.0000000000,0.6489394200,0.6418179735,0.0017183115,0.1352788438,0.0998434427,0.0000000000,0.0000000000,0.0059281746,0.0295072265,0.0025392825,0.0008305172,0.0049258262,0.0001145541,0.0000000000,0.2511694064,0.0057563434,0.2114859576,0.0000000000,1.034194514103536,11.78,3.2274331820474034
0.0099863168,0.0112326659,0.8622074572,0.8622074572,0.0045329850,0.0001663277,0.0872311312,0.0588245730,0.0300676178,0.0104586875,0.9127688688,0.1581732337,0.0076665994,0.0144505530,0.0928219606,0.0189214423,0.0000000000,0.6929834094,0.6853168100,0.0010955453,0.4218869548,0.1887243107,0.0240443363,0.0008005908,0.0848182703,0.1234994467,0.0013749759,0.0006852702,0.0050319682,0.0001286268,0.0007917200,0.1832887205,0.0031824039,0.1797137832,0.0000000000,0.5625955618469468,6.31,2.6232018868989617
0.0147625413,0.0348580100,0.8318294062,0.8318294062,0.0056267063,-0.0001690320,0.0809351273,0.0000000000,0.0144619014,0.0109378031,0.9190648727,0.0980223259,0.0073469653,0.0016940621,0.0783828069,0.0030538027,0.0000000000,0.6662392008,0.6588922356,0.0204304140,0.4662032737,0.1169202250,0.0239183357,0.0426715285,0.1684949356,0.1141982489,0.0012287564,0.0007235317,0.0047434987,0.0001122722,0.0000000000,0.2410133934,0.1838007494,0.0472260357,0.0000000000,0.4891932067949433,6.06,2.292201132236989
0.0085938913,0.0502487177,0.9285134061,0.9285134061,0.0026981489,0.0000200926,0.0662854814,0.0000000000,0.0000000000,0.0098051879,0.9337145186,0.0147766708,0.0073969465,0.0595515906,0.1042403993,0.0795724295,0.0000000000,0.4915080069,0.4841110604,0.0335288056,0.2577650716,0.0328226943,0.0118976885,0.0189559312,0.0386466774,0.1554420802,0.0025517600,0.0026120378,0.0072907428,0.0002095371,0.0000000000,0.4392069739,0.2271984890,0.1490899488,0.0000000000,1.0120616344396947,15.45,2.919566015237517
0.0089697451,0.0781727114,0.7366836480,0.7366836480,0.0048295632,0.0000000000,0.0530667726,0.0000000000,0.0083933134,0.0112793669,0.9469332274,0.1062348102,0.0072793980,0.0167048358,0.0205723811,0.0276025114,0.0000000000,0.5789477784,0.5716683804,0.0069132860,0.4174689973,0.1882283293,0.0011918116,0.0011217050,0.0460210631,0.1809060884,0.0027808936,0.0019045616,0.0055462080,0.0001869508,0.0000000000,0.3091543591,0.0126892877,0.2964650714,0.0000000000,1.0984847756394847,22.94,2.683546867878665
0.0246242563,0.0926512990,0.8716215214,0.8716215214,0.0019930860,0.0000445106,0.1162419201,0.0000000000,0.0023293884,0.0103956993,0.8837580799,0.0080613653,0.0085856013,0.0047082330,0.0858164482,0.0161474587,0.0000000000,0.5707050975,0.5621194961,0.0000000000,0.4606699341,0.0110040109,0.0465778763,0.0025568870,0.2043580829,0.1961730770,0.0029179175,0.0008902121,0.0063303973,0.0001730968,0.0000000000,0.2980578539,0.1880672011,0.1099906528,0.0000000000,1.193067067051886,9.89,3.675907821040191
0.0300278724,0.0958273975,0.8881263549,0.8881263549,0.0060204398,0.0000867142,0.0928708579,0.0010323113,0.0028904718,0.0163270362,0.9071291421,0.1704139568,0.0072261794,0.0052854341,0.0435181171,0.0263198101,0.0000000000,0.7792464127,0.7720202333,0.0000000000,0.5389945287,0.1239434293,0.0387158047,0.0262991638,0.1679942191,0.1820419118,0.0026674925,0.0014452359,0.0089976257,0.0002229793,0.0002601425,0.0484938577,0.0452441416,0.0032497161,0.0000000000,1.0621549743298848,11.62,4.5232550764296
0.0114984906,0.0476824023,0.9006011060,0.9006011060,0.0039646282,0.0001602949,0.0870668697,0.0000000000,0.0000000000,0.0135556090,0.9129331303,0.0000000000,0.0081964147,0.0005503460,0.0928107718,0.0063957682,0.0000000000,0.7931393765,0.7849429617,0.0000000000,0.6939328364,0.0104191713,0.2115305495,0.0136571291,0.1722850044,0.2860409821,0.0026876119,0.0008549064,0.0069728300,0.0001923539,0.0000000000,0.1092196308,0.0121610430,0.0061713553,0.0000000000,1.090328751459778,12.5,4.194660279254543
0.0129758978,0.2493093627,0.8994641320,0.8994641320,0.0036421904,0.0000000000,0.0938220652,0.0000000000,0.0000000000,0.0162329480,0.9061779348,0.1217899036,0.0075696700,0.0164374052,0.0472438699,0.0517989853,0.0000000000,0.5290067661,0.5214370961,0.0000000000,0.3079552857,0.1492584862,0.0082448541,0.0000000000,0.0230941501,0.1273577953,0.0066044420,0.0013218394,0.0073081550,0.0002377409,0.0009509636,0.2000256760,0.0156243314,0.1844013447,0.0000000000,2.5967956028342276,27.01,5.25477628008275
0.0183694071,0.0971467593,0.8265510723,0.8265510723,0.0039369377,0.0000781845,0.0912096830,0.0133042368,0.0026840058,0.0112130479,0.9087903170,0.0000000000,0.0081440575,0.0037013945,0.0218402066,0.0053511871,0.0000000000,0.7753075423,0.7671634849,0.0019773760,0.7461041339,0.0063091951,0.0412537237,0.0770157260,0.4415902141,0.1799352751,0.0019536237,0.0016814623,0.0064942648,0.0001573587,0.0000000000,0.0632601962,0.0169858377,0.0435962907,0.0000000000,0.8080712977598433,8.62,3.254294306257556
0.0110671864,0.1673861828,0.8574309573,0.8574309573,0.0034228411,0.0000000000,0.0634890777,0.0000000000,0.0007955793,0.0104535419,0.9365109223,0.0239444698,0.0074901632,0.0092910093,0.0709329863,0.0132319021,0.0000000000,0.4657099158,0.4582197526,0.0000863419,0.3573785354,0.0382433116,0.0170371147,0.0007524083,0.1906275825,0.1107181182,0.0010422705,0.0008356666,0.0067470058,0.0002004366,0.0000000000,0.3184383210,0.1175267968,0.2009115242,0.0000000000,0.4132067225555247,6.52,2.963781421120192
0.0166216061,0.0628392104,0.7890121723,0.7890121723,0.0058617751,0.0004553558,0.1074211764,0.0000304054,0.0327361528,0.0131869604,0.8925788236,0.0022063854,0.0097813541,0.0009366463,0.1662742845,0.0046121959,0.0000003933,0.6841136259,0.6743322719,0.0023212385,0.4903665228,0.0090671698,0.0799888430,0.0196970588,0.1831483026,0.1984651486,0.0024212098,0.0017445303,0.0054497816,0.0001101754,0.0001026000,0.1723790747,0.0027868399,0.1549597473,0.0006109013,0.9623029888633715,9.03,3.244451779972791
0.0435849020,0.1304432462,0.8577212824,0.8577212824,0.0015572989,0.0000000000,0.1284966226,0.0000000000,0.0000000000,0.0095773880,0.8715033774,0.0002919935,0.0167409628,0.0082147515,0.1466780869,0.0308345175,0.0000000000,0.4347783769,0.4180374141,0.0000000000,0.2473185260,0.0413073524,0.0386404781,0.0000000000,0.0813104670,0.0860602285,0.0007786494,0.0011874404,0.0084288801,0.0002725273,0.0000000000,0.3292519126,0.0892721574,0.2008526211,0.0000000000,0.3069986089125534,2.38,3.7347595521914516
0.0211594344,0.0065688262,0.8245219897,0.8245219897,0.0062757930,0.0009279383,0.1034813965,0.1060739257,0.0000000000,0.0160639138,0.8965186035,0.1203308019,0.0109928125,0.0057222860,0.0850162389,0.0138010468,0.0000000000,0.8499466842,0.8389538717,0.0000000000,0.6338591650,0.1433705323,0.0759851204,0.0287701562,0.2200841656,0.1656491905,0.0027064866,0.0020390222,0.0070327953,0.0001465166,0.0000000000,0.0052786664,0.0043995670,0.0007570023,0.0000000000,1.1226612981509854,10.6,4.306206174168582
0.0296421265,0.0346521189,0.8870642864,0.8870642864,0.0036500810,0.0001773797,0.0652402707,0.0000000000,0.0000000000,0.0114942076,0.9347597293,0.0727454049,0.0124796506,0.0066891873,0.0318810531,0.0202212911,0.0000000000,0.6641058287,0.6516261781,0.0017067873,0.5368102391,0.0702817973,0.0829427694,0.0000000000,0.1165818529,0.2670038196,0.0024202481,0.0007410532,0.0059875519,0.0001497873,0.0000000000,0.2653127993,0.0988320529,0.1557157667,0.0000000000,0.9654847079172891,14.75,3.330641483223358
0.0087762358,0.0220287569,0.8236984578,0.8236984578,0.0034730827,0.0000571897,0.0658265341,0.0172546085,0.0019766189,0.0107266428,0.9341734659,0.0039067713,0.0054175325,0.0036827783,0.0827237070,0.0063778428,0.0000000000,0.6006264655,0.5952089330,0.0000000000,0.5057833082,0.0518233982,0.0414458509,0.0070319500,0.1447149570,0.2607671521,0.0023543092,0.0009722249,0.0052900471,0.0001477401,0.0000000000,0.3157061975,0.0808531273,0.2348530701,0.0000000000,0.9380116029092125,14.2,3.0904867148539945
0.0127352271,0.0342502697,0.9230852211,0.9230852211,0.0053577850,0.0000000000,0.0410583723,0.0342862280,0.0000000000,0.0117164090,0.9589416277,0.0734208318,0.0086419753,0.0170741939,0.0901953734,0.0277897639,0.0000000000,0.5510248112,0.5423828359,0.0201366415,0.3378880499,0.0765012585,0.0154800431,0.0010248112,0.0848495745,0.1600323625,0.0015641855,0.0014443246,0.0062387630,0.0001438332,0.0000000000,0.3509169364,0.1123696512,0.2385472851,0.0000000000,0.6309014820746023,14.92,2.7905906333733332
0.0182529942,0.0294595591,0.8983660806,0.8983660806,0.0043290359,0.0000506296,0.0769311154,0.0000000000,0.0089582042,0.0105018004,0.9230688846,0.0000000000,0.0076495295,0.0478433803,0.0621225561,0.0529784399,0.0000000000,0.6876200429,0.6799705133,0.0457882223,0.5141208063,0.0003750643,0.0366765091,0.0114147539,0.2074858946,0.2581685845,0.0022921046,0.0017238376,0.0052241678,0.0001166507,0.0000891081,0.2264221863,0.1069415248,0.1194806615,0.0000850578,0.9105538525466725,11.98,2.651393318932475
0.0003666163,0.2288332974,0.8085184386,0.8085184386,0.0035583351,0.0000000000,0.1849687298,0.0431313349,0.0000000000,0.0086478327,0.8150312702,0.0627129610,0.0048954065,0.0083890446,0.0285098124,0.0138667242,0.0000000000,0.1639853353,0.1590899288,0.0003450507,0.0583782618,0.0312270865,0.0000000000,0.0000000000,0.0265473366,0.0006038387,0.0021134354,0.0025016174,0.0054776795,0.0001940910,0.0000000000,0.5524045719,0.1114513694,0.4409532025,0.0000000000,0.8245514398098484,4.6,2.296948756630493
0.0001885970,0.2141811962,0.8546437142,0.8546437142,0.0025167949,0.0000000000,0.1423127199,0.0000000000,0.0000000000,0.0070626337,0.8576872801,0.0048319861,0.0029395124,0.0026468618,0.0093583149,0.0072187140,0.0000000000,0.0673226375,0.0643831251,0.0000000000,0.0458485891,0.0206676335,0.0009429852,0.0000000000,0.0040385778,0.0201993926,0.0015998231,0.0004877509,0.0029460157,0.0000780402,0.0000000000,0.7055349978,0.1049900174,0.2641333966,0.0000000000,0.6490743764037717,4.54,1.8973876988745288
0.0142714674,0.2000541628,0.8114575811,0.8114575811,0.0039031604,0.0000730768,0.0881864920,0.0200961175,0.0003825785,0.0126680766,0.9118135080,0.0064479521,0.0068821142,0.0064436535,0.0373422401,0.0125219230,0.0010445682,0.6296769146,0.6227948004,0.0064522508,0.5657648131,0.0057128856,0.0295101276,0.0106563156,0.3467407751,0.1731447092,0.0021407201,0.0009070119,0.0074581313,0.0001719454,0.0000000000,0.1330427456,0.0556329310,0.0662118711,0.0000000000,0.8754658603473736,9.68,3.7113636622185817
0.0084437530,0.0162276702,0.8571804088,0.8571804088,0.0029022048,0.0000000000,0.1419129875,0.0053806126,0.0000000000,0.0091947857,0.8580870125,0.0234053967,0.0053913417,0.0160399120,0.0580923770,0.0309049944,0.0000000000,0.3791910305,0.3737996889,0.0000000000,0.2547395526,0.0610643206,0.0341505284,0.0000000000,0.0294673033,0.1300574004,0.0030577759,0.0017756558,0.0050104608,0.0001663001,0.0000000000,0.5658441071,0.0583337804,0.5075103267,0.0000000000,1.2120148950251572,8.7,2.638089240734077
0.0011112423,0.0497213842,0.9134948840,0.9134948840,0.0038115075,0.0003220992,0.0826130837,0.0536832047,0.0000000000,0.0125994481,0.9173869163,0.0353772319,0.0075156487,0.0324353923,0.1264776302,0.1195954434,0.0000000000,0.6194773403,0.6119616917,0.0000000000,0.3466109793,0.0756396354,0.0052019025,0.0000000000,0.0676193646,0.1981500768,0.0043322346,0.0013313435,0.0054649502,0.0001503130,0.0000000000,0.2777246911,0.0336056861,0.2441190049,0.0000000000,1.7715725175757775,21.58,3.7505119150922592
0.0023915788,0.0127670746,0.8723220611,0.8723220611,0.0070740382,0.0001798180,0.1252252220,0.1348634642,0.0000000000,0.0175178649,0.8747747780,0.0933470954,0.0052938405,0.0031360251,0.2393772545,0.0050852517,0.0000000000,0.6269424834,0.6216486429,0.0003776177,0.2862521983,0.1146627155,0.0226714474,0.0054628694,0.0320435591,0.1114116069,0.0091491374,0.0025570113,0.0036718826,0.0000575417,0.0005466466,0.2121204493,0.0062828393,0.1885678939,0.0000000000,3.52400328990087,30.33,4.182381501891181
0.0046599204,0.0784878472,0.8315034691,0.8315034691,0.0024245342,0.0000000000,0.1670693228,0.0000000000,0.0000000000,0.0134209146,0.8329306772,0.0196456053,0.0060183474,0.0128190799,0.3763100653,0.0164558812,0.0000000000,0.6778378657,0.6718195184,0.0050898023,0.2601129730,0.0258359055,0.0000000000,0.0007222017,0.0685747694,0.1649800965,0.0070672593,0.0005330536,0.0044621747,0.0001289646,0.0000000000,0.2394442486,0.0282776350,0.2111666136,0.0000000000,2.8257133035407356,16.97,4.489806664501918
0.0254974725,0.1154494221,0.8530898506,0.8530898506,0.0041330826,0.0003883207,0.1013922140,0.0000000000,0.0122911932,0.0154281489,0.8986077860,0.0014080845,0.0065237872,0.0130138073,0.1866066514,0.0289991119,0.0000000000,0.6403137631,0.6337899759,0.0094446339,0.4137539803,0.0032044897,0.0868723978,0.0088773481,0.2265260158,0.0882737289,0.0038528163,0.0008880725,0.0079420018,0.0001688351,0.0000000000,0.1858266334,0.0527778434,0.1262953871,0.0000000000,1.5836609494331924,15.03,5.174454129895041
0.0092226140,0.0840409201,0.9381581157,0.9381581157,0.0019068864,0.0001499125,0.0224149097,0.0000000000,0.0038257658,0.0093785229,0.9775850903,0.0080173179,0.0047312370,0.0120589576,0.0265165144,0.0199863280,0.0000000000,0.4518181382,0.4470869012,0.0380657696,0.3589563695,0.0398347365,0.0078374229,0.0008814852,0.0479959704,0.2624067545,0.0021287568,0.0018049459,0.0069979132,0.0001918879,0.0000000000,0.4443465016,0.0793336691,0.3650368185,0.0000000000,0.8557645080710043,36.63,3.1287371113796514
0.0123792845,0.0899264931,0.8746849845,0.8746849845,0.0089563424,0.0000000000,0.1144151875,0.0000000000,0.0023570344,0.0179534573,0.8855848125,0.0027259278,0.0075409569,0.0009591227,0.3033138273,0.0025065333,0.0000000000,0.8756654642,0.8681245073,0.0000000000,0.5671172343,0.0045568038,0.0694043731,0.0159109530,0.4170591821,0.0601859223,0.0022696649,0.0001533820,0.0062575963,0.0000970772,0.0000000000,0.0144140226,0.0000000000,0.0144140226,0.0000000000,0.8916287765751044,8.01,3.6359463591987815
0.0052273016,0.0878251884,0.8563768245,0.8563768245,0.0016730963,0.0000123683,0.1010547928,0.0000000000,0.0000000000,0.0079325904,0.8989452072,0.0029683967,0.0019373286,0.0005194694,0.0259487344,0.0065889411,0.0000000000,0.3590050924,0.3570677638,0.0000000000,0.3244851125,0.0293106686,0.0839606508,0.0100554438,0.1665270546,0.0346312948,0.0026648107,0.0007409748,0.0036272908,0.0000944490,0.0000000000,0.5370211914,0.0000000000,0.5370211914,0.0000000000,1.0852809910401353,10.61,2.6198525479971977
0.0209453563,0.0639463275,0.9044420906,0.9044420906,0.0039677233,0.0007020495,0.0650002815,0.0198175023,0.0000686214,0.0121776555,0.9349997185,0.0008076208,0.0064662453,0.0459833620,0.1242170125,0.0878248079,0.0000000000,0.7720133864,0.7655471411,0.0013777061,0.5519428648,0.0001319642,0.0346573154,0.0286027983,0.1097308634,0.3788199234,0.0006879733,0.0020199319,0.0087096366,0.0002181808,0.0012633372,0.1030675516,0.0421863123,0.0585322767,0.0000000000,0.2797332875457875,4.24,3.5630424075353844
0.0211074899,0.0180745177,0.8447605626,0.8447605626,0.0038198420,0.0008338471,0.1014680408,0.0109603923,0.0045509263,0.0125282598,0.8985319592,0.0012008573,0.0092662732,0.0109016706,0.0620188496,0.0312780763,0.0000000000,0.7673360932,0.7580698200,0.0052585220,0.6674740891,0.0242256085,0.0681963651,0.0298188438,0.2730849408,0.2721483308,0.0018849643,0.0012742594,0.0070759564,0.0002290144,0.0000000000,0.1438856103,0.0460406941,0.0596817288,0.0000000000,0.7574930754867808,7.49,3.7984187129110696
0.0118840355,0.0191211375,0.7932529217,0.7932529217,0.0042374006,0.0000262910,0.1232622979,0.0000000000,0.0321591960,0.0115624764,0.8767377021,0.0033842073,0.0071680882,0.0003632708,0.0506741239,0.0019285962,0.0000000000,0.7621377815,0.7549696933,0.0099251035,0.6727145225,0.0078607548,0.0454768491,0.0471162444,0.3188801957,0.2533804785,0.0029253788,0.0021278010,0.0057352289,0.0001170455,0.0000000000,0.1333752304,0.0273289840,0.0666613242,0.0000000000,1.1683674016710976,9.53,3.2557970992101803
0.0077250679,0.0848647849,0.9249896964,0.9249896964,0.0026789394,0.0001955045,0.0727540765,0.0000000000,0.0000000000,0.0122586577,0.9272459235,0.0004491319,0.0061451806,0.0152282118,0.0515656208,0.0351432466,0.0000000000,0.5597028332,0.5535576527,0.0001902206,0.4723493295,0.0130195399,0.0841144705,0.0074820083,0.1620203536,0.2057129572,0.0027793336,0.0013315439,0.0079364241,0.0002166401,0.0000000000,0.3233273801,0.1344066704,0.1889207097,0.0000000000,1.110375200213209,15.14,4.110854765292414
0.0027393686,0.3786851031,0.7914818680,0.7914818680,0.0028045917,0.0000000000,0.2061701017,0.0485911818,0.0000000000,0.0118705974,0.7938298983,0.0061309679,0.0068484216,0.0071745369,0.0583094182,0.0161100965,0.0000000000,0.3666840595,0.3598356379,0.0000000000,0.2861335768,0.2565223063,0.0000000000,0.0000000000,0.0073049830,0.0223062875,0.0024784764,0.0010435690,0.0076310984,0.0001956692,0.0000000000,0.1770153926,0.0000000000,0.1770153926,0.0000000000,1.018732616199189,4.83,4.036444154052779
0.0127593708,0.0769606203,0.8150239848,0.8150239848,0.0039881749,0.0000000000,0.1074762011,0.0000000000,0.0000000000,0.0096822475,0.8925237989,0.0265367024,0.0130847464,0.0088827532,0.1220762680,0.0261462517,0.0000000000,0.6266361743,0.6135514279,0.0022032575,0.4496736948,0.1142997918,0.0176771902,0.0307247509,0.1184971367,0.1684748252,0.0007204745,0.0004369329,0.0052757326,0.0001208538,0.0000000000,0.2686997992,0.0521762978,0.2165235014,0.0000000000,0.2867138202998009,2.67,2.3704592401952485
0.0133296134,0.3351622803,0.9033138039,0.9033138039,0.0026349236,0.0000929973,0.0913853498,0.0543104250,0.0000000000,0.0114076692,0.9086146502,0.0127716296,0.0056728355,0.0610062308,0.0513345113,0.0914473480,0.0000000000,0.4860659041,0.4803930686,0.0000000000,0.3291174556,0.0585263027,0.0223193527,0.0000000000,0.0662140798,0.1820577203,0.0015499551,0.0017979479,0.0086797483,0.0002479928,0.0000000000,0.1074118851,0.0474906228,0.0599212623,0.0000000000,0.6340048501371036,6.88,3.8117044918849756
0.0072065379,0.1091233284,0.8626002972,0.8626002972,0.0046359584,0.0000000000,0.0199405646,0.0000000000,0.0000000000,0.0109063893,0.9800594354,0.0964933135,0.0073551263,0.0045765230,0.0325854383,0.0087518574,0.0000000000,0.5453491828,0.5379940565,0.0000000000,0.4074739970,0.1168499257,0.0096879643,0.0096879643,0.1235661218,0.1476820208,0.0005052006,0.0003714710,0.0058395245,0.0001634473,0.0000000000,0.3262852897,0.1379197623,0.1883655275,0.0000000000,0.2058656575212867,9.34,2.695516787097289
0.0020755098,0.0124404291,0.8127473351,0.8127473351,0.0043025782,0.0000673593,0.0684307799,0.0186353839,0.0000000000,0.0103101898,0.9315692201,0.0165535591,0.0053761177,0.0054076924,0.0342417022,0.0097502652,0.0000000000,0.5563755620,0.5509994443,0.0047404139,0.4907717697,0.2538331677,0.0235505111,0.0014187562,0.0491491673,0.1628201674,0.0036037250,0.0005346648,0.0028227776,0.0000968291,0.0000000000,0.4031056868,0.1392738663,0.2638318206,0.0000000000,1.440592393133625,20.48,2.4570801940955604
0.0008013604,0.0531047828,0.9046772081,0.9046772081,0.0018568106,0.0000000000,0.0942477963,0.0115513164,0.0000000000,0.0123526767,0.9057522037,0.2419717374,0.0064695190,0.0215585482,0.1055059320,0.0262494381,0.0000000000,0.6138420343,0.6073725153,0.0000000000,0.2401149268,0.1842151555,0.0000000000,0.0029318062,0.0529679651,0.0000000000,-0.0005277251,0.0004104529,0.0056486133,0.0001563630,0.0000000000,0.3138791705,0.0185094697,0.2585462150,0.0000000000,-0.2035431586882774,-2.05,4.174480862104148
0.0106166850,0.0892753052,0.8796247085,0.8796247085,0.0037589151,0.0009000823,0.1001705870,0.0000000000,0.0038917844,0.0145041832,0.8998294130,0.1174435948,0.0101237827,0.0105609656,0.1275716637,0.0179544987,0.0000000000,0.8004989028,0.7903751200,0.0017787341,0.5349831985,0.2549375943,0.0221463105,0.0025288026,0.0696449390,0.1857255521,0.0041103758,0.0012772596,0.0068620560,0.0001457276,0.0018644562,0.0745782472,0.0134197984,0.0607984159,0.0000000000,1.6585848846535498,16.65,4.670931740956125
0.0029968859,0.0096574464,0.8137314526,0.8137314526,0.0059131709,0.0000000000,0.0979593332,0.0005129145,0.0000000000,0.0100311412,0.9020406668,0.0979813153,0.0092544422,0.0040373695,0.0356548818,0.0060084265,0.0000000000,0.4499358857,0.4406814435,0.0033412713,0.3069060267,0.2551749405,0.0010991024,0.0000000000,0.0114379923,0.0391939916,0.0008206631,0.0001978384,0.0033925627,0.0001025829,0.0000000000,0.5031910606,0.4261732918,0.0067265067,0.0000000000,0.33051997875228706,3.24,1.755098216795228
0.0048375181,0.0127718574,0.7580127719,0.7580127719,0.0037344020,0.0000000000,0.0820455212,0.0209592049,0.0053131736,0.0130451063,0.9179544788,0.0923480179,0.0081266256,0.0239244619,0.0433150155,0.0297335317,0.0000000000,0.8012265841,0.7930999585,0.0039266883,0.6319033306,0.1997652083,0.0299258180,0.0067603809,0.0470089363,0.3484429871,0.0013055227,0.0012346803,0.0092095010,0.0002327676,0.0000000000,0.1199765208,0.0334375727,0.0793939946,0.0000000000,0.5356002927117879,6.35,4.103021518563942
0.0169020916,0.0230574303,0.8849553822,0.8849553822,0.0034707412,0.0000669059,0.0607337900,0.0287026118,0.0067825811,0.0114158115,0.9392662100,0.0429870119,0.0070083883,0.0081792408,0.1393314432,0.0276488446,0.0000000000,0.6862951719,0.6792867836,0.0000000000,0.4643935402,0.2006673859,0.0000000000,0.0000000000,0.0009617717,0.2627643827,0.0015722876,0.0005017939,0.0067407649,0.0001756279,0.0000000000,0.2195348370,0.0946634217,0.1248714153,0.0000000000,0.6308142704951724,10.34,3.3804520909875366
0.0385047726,0.0168041610,0.9258102006,0.9258102006,0.0041915141,0.0000000000,0.0674833768,0.0281021967,0.0000000000,0.0098119534,0.9325166232,0.1662316383,0.0060205384,0.0013527159,0.1050164803,0.0159849105,0.0000000000,0.4231523996,0.4171318612,0.0000000000,0.1359193705,0.0687217787,0.0000000000,0.0000000000,0.0518033037,0.0153942881,-0.0003810467,0.0003810467,0.0065349515,0.0001524187,0.0000000000,0.4648008078,0.1351572770,0.3296435308,0.0000000000,-0.15173211694752914,-2.21,2.467174040311115
0.0062864722,0.0239116339,0.8790265513,0.8790265513,0.0039068286,0.0000263308,0.0952054952,0.0510158742,0.0000000000,0.0132575446,0.9047945048,0.0028173928,0.0018431542,0.0176054136,0.0576314811,0.0383408979,0.0000000000,0.6943128820,0.6924697278,0.0000000000,0.5953651255,0.0430573978,0.1378646401,0.0017444138,0.1174286683,0.2952700056,0.0034987016,0.0010565223,0.0058191010,0.0002764731,0.0000000000,0.1809944475,0.0729132039,0.0772841123,0.0000000000,1.4188136288861377,14.79,4.043869076002249
0.0139602454,0.1536210215,0.8595969397,0.8595969397,0.0038757840,0.0000795305,0.1060140928,0.0119984942,0.0000000000,0.0109009740,0.8939859072,0.0193205979,0.0037962536,0.0190926106,0.0290869374,0.0307888891,0.0000000000,0.3642759813,0.3604797277,0.0000000000,0.2848356636,0.0237318869,0.0198932171,0.0416315407,0.0609521386,0.1386268802,0.0016701395,0.0009066472,0.0058216291,0.0001855711,0.0000000000,0.4409486392,0.3195745651,0.1213740741,0.0000000000,0.6691663037590152,6.34,2.958860671158924
0.0141500756,0.0159701689,0.8287863854,0.8287863854,0.0055029897,-0.0002464025,0.0807773178,0.0013699980,0.0000000000,0.0113739405,0.9192226822,0.0066725803,0.0054339970,0.0063900388,0.0327813917,0.0203429923,0.0000000000,0.6607760037,0.6553420067,0.0029929693,0.5968789014,0.0320290426,0.0637098364,0.0082955516,0.1087982128,0.3840462580,0.0010020369,0.0008147710,0.0057395361,0.0001741244,0.0000000000,0.2707306656,0.1172711742,0.1534594914,0.0000000000,0.40073314457269366,4.94,2.52755898551109
0.0078798275,0.0186261621,0.7529937824,0.7529937824,0.0089266546,0.0001778788,0.0603643040,0.0000000000,0.0000000000,0.0136087525,0.9396356960,0.0017174507,0.0038090604,0.0045226203,0.0359437903,0.0082969227,0.0000000000,0.7748422092,0.7710331488,0.0003516685,0.7280621226,0.0442386684,0.1879586258,0.0254407612,0.1464188085,0.3240052587,0.0009589100,0.0005602161,0.0037436337,0.0001063184,0.0000000000,0.1600643635,0.0631940086,0.0732717641,0.0000000000,0.3899299955104009,6.33,2.0181901505270208
0.0137680222,0.0773084764,0.9365888809,0.9365888809,0.0029008000,0.0000923822,0.0541882995,0.0202470915,0.0000000000,0.0107471254,0.9458117005,0.0136048137,0.0072643177,0.0157018889,0.1046228036,0.0571876405,0.0000000000,0.4946572314,0.4873929137,0.0000000000,0.3189956211,0.0191077114,0.0215034890,0.0286538687,0.0963330439,0.1533975081,0.0028176561,0.0019708196,0.0062789079,0.0001847643,0.0000000000,0.3639149099,0.1282849559,0.2356299540,0.0000000000,1.144502868293049,21.06,3.4344019786899938
0.0403916441,0.0783748849,0.7703191395,0.7703191395,0.0016254123,0.0000133718,0.1344783526,0.0002154340,0.0069176596,0.0128160937,0.8655216474,0.0000713161,0.0115487475,0.0034320863,0.1013134045,0.0127492348,0.0000000000,0.6308026030,0.6192538555,0.0028704722,0.5137981755,0.0145841381,0.0984979051,0.0045181707,0.2490714052,0.1471265563,0.0010608267,0.0044617122,0.0145187650,0.0002912073,0.0000000000,0.2033369982,0.0962573916,0.1063902178,0.0000000000,0.4200259427788187,3.15,4.970567272919251
0.0139505743,0.1108109137,0.8226435557,0.8226435557,0.0048864384,0.0001297886,0.0416444690,0.0000000000,0.0090403527,0.0105706349,0.9583555310,0.0004056743,0.0045310487,0.0015343593,0.0464942132,0.0112875300,0.0000000000,0.4535234544,0.4489924057,0.0025984898,0.3829096291,0.0073476649,0.0404729741,0.0176002838,0.2478071844,0.0696815219,0.0022043674,0.0049054650,0.0064955451,0.0001793936,0.0008385294,0.3646101178,0.1189644909,0.2393002560,0.0000000000,0.9021053063341335,21.39,2.5460414230134445
0.0192953076,0.0722696974,0.8610936435,0.8610936435,0.0031375560,0.0000000000,0.1000708267,0.0000000000,0.0000000000,0.0109417302,0.8999291733,0.0132121557,0.0050306805,0.0183553646,0.0199837165,0.0240016416,0.0000000000,0.3338319885,0.3288013080,0.0000000000,0.2666724034,0.0020056529,0.0006486930,0.0000000000,0.0870042959,0.1770137616,0.0029257379,0.0006354544,0.0055138906,0.0001059091,0.0000000000,0.5401097483,0.3679876616,0.1721220867,0.0000000000,1.1734409430005044,11.57,3.3946618294895052
0.0191933303,0.1154773746,0.9163334414,0.9163334414,0.0054470881,0.0002011645,0.0749673108,0.0000000000,0.0000000000,0.0148951151,0.9250326892,0.0132656825,0.0083863253,0.0379128064,0.0647213313,0.0560332592,0.0000000000,0.7404508320,0.7320645068,0.0000000000,0.6063724449,0.0289051062,0.0663194716,0.0215089574,0.1685691615,0.3210697482,0.0033236849,0.0019043574,0.0068619453,0.0001899887,0.0002391623,0.1005084992,0.0635501067,0.0369606276,0.0000000000,1.3554717944277075,17.9,4.210599714113528
0.0115181054,0.1649924523,0.9104628912,0.9104628912,0.0056305024,0.0001432417,0.0829296242,0.0000000000,0.0031476455,0.0140670739,0.9170703758,0.0745885473,0.0105594876,0.0053256546,0.0854896113,0.0100379407,0.0000000000,0.7507520192,0.7401925316,0.0000000000,0.5725923450,0.2680861067,0.0293388475,0.0000000000,0.0527496906,0.2224177003,0.0035112592,0.0008337404,0.0055570451,0.0001873161,0.0000183643,0.0494404390,0.0207994358,0.0264666669,0.0000000000,1.4119688731757298,17.13,3.7359844672826896
0.0128163630,0.0078920283,0.6983063053,0.6983063053,0.0046752085,0.0000000000,0.1377249865,0.0000000000,0.0093304141,0.0126690694,0.8622750135,0.0007928397,0.0122981077,0.0006000851,0.0566825841,0.0013529191,0.0000000000,0.8464509512,0.8341528435,0.0000000000,0.7843112296,0.0014783915,0.0749779060,0.0141911035,0.1183931539,0.5752706748,0.0022366808,0.0074028680,0.0125145021,0.0003236823,0.0000000000,0.0663057670,0.0252290325,0.0335611232,0.0000000000,0.8963258836871422,6.53,3.549419162099696
0.0186862831,0.0980530124,0.9291408468,0.9291408468,0.0023347859,0.0000719626,0.0684763923,0.0000000000,0.0073721665,0.0117538880,0.9315236077,0.0141926198,0.0094910646,0.0298005037,0.0611122216,0.0389637389,0.0000000000,0.5970895135,0.5875984488,0.0311837844,0.4516371487,0.1218966138,0.0314076680,0.0000000000,0.1055051373,0.1928277296,0.0029984408,0.0016071643,0.0079558630,0.0001679127,0.0000000000,0.2792467917,0.1356814456,0.1248230920,0.0000000000,1.2334106270659628,17.15,4.154470111091518
0.0161395159,0.0227950934,0.8286515862,0.8286515862,0.0044190543,0.0002491948,0.0827742025,0.0105097902,0.0000000000,0.0123559083,0.9172257975,0.0385109781,0.0082338112,0.0046620192,0.1054405452,0.0100633162,0.0000000000,0.7776767154,0.7694429043,0.0008431090,0.6008730124,0.1045102180,0.0795222105,0.0232727167,0.1960976096,0.1974702576,0.0016903713,0.0015678505,0.0071332008,0.0001059078,0.0000000000,0.1489167295,0.0526382460,0.0961227367,0.0000000000,0.6806674554827596,8.23,3.4131094838364
0.0270701820,0.2761789825,0.9493687338,0.9493687338,0.0042331972,0.0000000000,0.0452655032,0.0000000000,0.0000000000,0.0099517267,0.9547344968,0.0020794653,0.0037690308,0.0152989231,0.0295395470,0.0248236168,0.0000000000,0.2526735982,0.2489045674,0.0000000000,0.1962309692,0.0020051987,0.0002413665,0.0000000000,0.0764389157,0.1175454883,0.0003713331,0.0013182325,0.0066097289,0.0001856665,0.0000000000,0.3916078723,0.2987374675,0.0685295210,0.0000000000,0.1619925078465121,3.23,2.810090780530085
0.0188183857,0.0533450526,0.7619643239,0.7619643239,0.0036059182,0.0002028329,0.0829135819,0.0000000000,0.0000000000,0.0121361685,0.9170864181,0.0698533969,0.0085189818,0.0054877568,0.0643881771,0.0125531028,0.0000000000,0.6440620669,0.6355430851,0.0000000000,0.4971997791,0.1387264348,0.0170041581,0.0101641820,0.0789470719,0.2523579325,0.0021522824,0.0005296192,0.0067047542,0.0001464904,0.0000000000,0.2526058393,0.0621344782,0.0548775678,0.0000000000,0.8783880888735593,10.33,3.7482669835611016
0.0207520881,0.0223294793,0.8550255480,0.8550255480,0.0056659515,0.0000860478,0.0710208471,0.0000000000,0.0051082343,0.0112452482,0.9289791529,0.0000000000,0.0062933265,0.0001657217,0.1129611809,0.0021974817,0.0000000000,0.5724429121,0.5661495857,0.0000179077,0.4347609730,0.0007666904,0.0208178001,0.0268115527,0.2216680798,0.1646968500,0.0005772942,0.0019986764,0.0067439013,0.0001264159,0.0000000000,0.3525583133,0.0001532774,0.2919384748,0.0008673072,0.2315243464983388,3.28,2.4004880766068064
0.0097197187,0.0870572619,0.9107042574,0.9107042574,0.0041745701,0.0000392716,0.0669305718,0.0000000000,0.0000000000,0.0119778351,0.9330694282,0.0062756002,0.0075165824,0.0141809713,0.0282833995,0.0190074498,0.0000000000,0.6443761119,0.6368595294,0.0007068886,0.5845733338,0.0501733841,0.0292416263,0.0049482204,0.1564697982,0.3437403048,0.0030435483,0.0019478709,0.0066683161,0.0002042123,0.0000000000,0.2605238045,0.1325337637,0.1279900407,0.0000000000,1.217550798379479,17.87,3.244505404787564
0.0044880165,0.1123502508,0.8877567766,0.8877567766,0.0047234768,0.0000142703,0.0926500703,0.0000000000,0.0000713516,0.0141775656,0.9073499297,0.0836454966,0.0069282417,0.0154262189,0.0590505954,0.0266926387,0.0000000000,0.6053185493,0.5983903076,0.0000000000,0.4347168411,0.2541615829,0.0079557049,0.0000000000,0.0660644590,0.1065350943,0.0053585062,0.0006064887,0.0046878010,0.0001997845,0.0005636777,0.2553460197,0.1587573403,0.0965886794,0.0000000000,2.1493066983386515,22.31,4.013388056762937
0.0084879040,0.0218272007,0.7881748323,0.7881748323,0.0035730840,0.0005301891,0.0938141899,0.0000000000,0.0020800976,0.0118430575,0.9061858101,0.3437397845,0.0089725554,0.0054254930,0.0418003659,0.0088993698,0.0000000000,0.7634348445,0.7544622891,0.0010164668,0.3674811954,0.0871103883,0.0190949380,0.0077641797,0.0974116690,0.1561000203,0.0029436877,0.0010067087,0.0050319171,0.0001366131,0.0000000000,0.1726269567,0.0066517585,0.1394364708,0.0000000000,1.1827775177518733,12.74,3.5406055584373988
0.0098832195,0.0860119811,0.5731801124,0.5731801124,0.0060837743,0.0000000000,0.1168562504,0.0076921284,0.0193643505,0.0126453929,0.8831437496,0.1185928067,0.0092305541,0.0155124589,0.1290762453,0.0443113214,0.0000000000,0.6385806858,0.6293501317,0.0007983497,0.3454057015,0.1961609286,0.0139332416,0.0005827370,0.0673294329,0.0673993613,0.0031118156,0.0024300133,0.0058798163,0.0001748211,0.0000000000,0.2160031235,0.0304421808,0.1284468893,0.0000000000,1.2085310067979869,10.74,2.7922691836766327
0.0017745063,0.0132430745,0.8850021360,0.8850021360,0.0037133187,0.0000985837,0.1114159903,0.0047977391,0.0000000000,0.0146068154,0.8885840097,0.1509316158,0.0095461865,0.0437547238,0.2371594755,0.0479609609,0.0000000000,0.6195655746,0.6100193881,0.0000000000,0.1834970918,0.0360980579,0.0000000000,0.0000000000,0.1466925175,0.0007065164,0.0032204002,0.0003943347,0.0072294699,0.0001314449,0.0000000000,0.3402122835,0.1381485985,0.1314120469,0.0000000000,1.2430139918347933,11.5,4.410847491455231
0.0290055209,0.0509943643,0.8928348928,0.8928348928,0.0035226937,0.0002153236,0.0817081188,0.0000000000,0.0036116941,0.0138639672,0.9182918812,0.1110294477,0.0081363601,0.0039016632,0.1041678031,0.0091785262,0.0000000000,0.6475210515,0.6393846914,0.0006230029,0.4225222716,0.0797558518,0.1089106637,0.0137807087,0.0906282568,0.1294467907,0.0035370486,0.0013751999,0.0076195835,0.0002067106,0.0000000000,0.2440592226,0.0903698685,0.1126888747,0.0000000000,1.396629441164009,17.46,4.472311894710703
0.0208877465,0.0177503199,0.9069929345,0.9069929345,0.0020332185,0.0000023052,0.0882260054,0.0008759898,0.0000000000,0.0113256262,0.9117739946,0.0000922095,0.0086607729,0.0000000000,0.0817828698,0.0000829885,0.0000000000,0.4245945666,0.4159337936,0.0000000000,0.3424613008,0.0022061112,0.0330109845,0.0166530274,0.2786615798,0.0119295981,0.0026394956,0.0014661303,0.0081167372,0.0002097765,0.0010604087,0.5244827626,0.2641155384,0.1028919190,0.0000000000,1.0535917010099987,12.12,3.9090711834492393
0.0058373720,0.0780250921,0.8227646373,0.8227646373,0.0036396585,-0.0003229066,0.0528133238,0.0000000000,0.0003799720,0.0120867283,0.9471866762,0.0045025986,0.0023661260,0.0006820010,0.1826231708,0.0325370160,0.0000000000,0.3324671456,0.3301010197,0.0157403051,0.0839598928,0.0008351033,0.0056077186,0.0000000000,0.0514827259,0.0260343450,0.0049967013,0.0010480546,0.0048213297,0.0001127389,0.0000000000,0.5643029532,0.2183252282,0.3375139532,0.0000000000,2.073234556315533,38.69,3.6547251278160173
0.0097877262,0.0790588455,0.8445085692,0.8445085692,0.0023669054,0.0004112294,0.1392315151,0.0000000000,0.0000000000,0.0127901679,0.8607684849,0.0043412736,0.0082713179,0.0001518745,0.1236375107,0.0030655280,0.0000000000,0.6346600932,0.6263887753,0.0000257018,0.5035269928,0.0000000000,0.0184562543,0.0733693938,0.3096346835,0.1020666612,0.0017009942,0.0020935313,0.0099419372,0.0001986051,0.0000000000,0.2419524049,0.0296272066,0.2078110214,0.0000000000,0.6791123963665621,4.89,4.4260892212672545
0.0035662407,0.0966965350,0.9598247074,0.9598247074,0.0039579559,0.0000000000,0.0352054057,0.0256491864,0.0000000000,0.0094093261,0.9647945943,0.0276240840,0.0065449085,0.0132448710,0.0442148558,0.0265550278,0.0000000000,0.2616004831,0.2550555746,0.0544973804,0.1086683315,0.0185167050,0.0025787919,0.0000000000,0.0604383946,0.0271344399,0.0023339699,0.0010445739,0.0041619742,0.0001713754,0.0000000000,0.5942319933,0.1476603176,0.4424505051,0.0000000000,0.9123789243658608,26.03,2.254766696623335
0.0030910132,0.2454493417,0.8689181454,0.8689181454,0.0040068689,0.0000000000,0.1275329136,0.1678305667,0.0000000000,0.0138523183,0.8724670864,0.2753863766,0.0057813394,0.0042930738,0.0917000572,0.0135661133,0.0000000000,0.3815684030,0.3757870635,0.0000000000,0.0000000000,0.0000000000,0.0000000000,0.0000000000,0.0000000000,0.0000000000,0.0022323984,0.0005724098,0.0081854608,0.0002289639,0.0000000000,0.1839152833,0.1131654264,0.0707498569,0.0000000000,0.8939315798521575,7.06,4.40771349862259
0.0085359625,0.0669488771,0.7731836896,0.7731836896,0.0076962962,0.0003018155,0.0912295501,0.0000000000,0.0000000000,0.0161006980,0.9087704499,0.1834941726,0.0069765822,0.0007932331,0.0288852946,0.0021591419,0.0000000000,0.8962567135,0.8892801313,0.0007119751,0.6806985095,0.1204940488,0.0314507267,0.0944102215,0.3445533904,0.0897901221,0.0025576932,0.0005978269,0.0061427201,0.0001315606,0.0000000000,0.0050031729,0.0000000000,0.0025499543,0.0000000000,1.043981264405826,11.64,3.5941297535447974
0.0064211520,0.1095845137,0.7984891407,0.7984891407,0.0033050047,0.0000000000,0.1615675165,0.0000000000,0.0000000000,0.0150613787,0.8384324835,0.2806421152,0.0168083097,0.0000000000,0.2219546742,0.0333333333,0.0000000000,0.6747875354,0.6579792257,0.0000000000,0.1388574127,0.0357412653,0.0175637394,0.0000000000,0.0855524079,0.0000000000,0.0051463645,0.0005665722,0.0071765817,0.0002832861,0.0000000000,0.2042492918,0.1452785647,0.0236071766,0.0000000000,1.9600791224599894,12.43,4.768744613616777
0.0051249819,0.0210414350,0.8198907315,0.8198907315,0.0036164966,0.0000870280,0.1478992409,0.1577430740,0.0000000000,0.0161098487,0.8521007591,0.0062273365,0.0049509259,0.0042643717,0.0025238118,0.0268723106,0.0000000000,0.6356331287,0.6306822028,0.0016051830,0.5983658077,0.0278779674,0.3606730165,0.0000000000,0.0237973215,0.1860175023,0.0083643572,0.0021563603,0.0061983271,0.0001353769,0.0000000000,0.1649954069,0.0019919741,0.1630034328,0.0000000000,3.3360330132284317,22.53,5.202230677860321
0.0328218279,0.0573161071,0.7587166902,0.7587166902,0.0048861159,0.0000000000,0.1105129482,0.0000000000,0.0006990666,0.0148502642,0.8894870518,0.0016659997,0.0058260990,0.0005732999,0.0208576632,0.0035002327,0.0000000000,0.7644088559,0.7585827569,0.0001445500,0.6501376083,0.0806556199,0.1540167743,0.0017362330,0.1443025259,0.2694264551,0.0033344494,0.0006933499,0.0064630989,0.0001241333,0.0033507828,0.1326209279,0.0481653586,0.0791970535,0.0000000000,1.3394559669843624,12.17,4.262045404529275
0.0209606127,0.0770764377,0.8706787203,0.8706787203,0.0040530417,0.0004118702,0.0844035492,0.0029845668,0.0000000000,0.0134365198,0.9155964508,0.0042321157,0.0083120186,0.0031576717,0.1048000788,0.0078911946,0.0000000000,0.6269709333,0.6186589148,0.0021638109,0.5078001653,0.0131380631,0.1430323796,0.0195906965,0.2152081586,0.1168308676,0.0024533139,0.0007013732,0.0065988772,0.0001462438,0.0010445984,0.2558012517,0.0031845328,0.2417708032,0.0000000000,1.0185163673535766,11.68,4.111476728276701
0.0016826301,0.4304369086,0.9173210228,0.9173210228,0.0011433256,0.0000000000,0.0811473524,0.0000000000,0.0000000000,0.0079529439,0.9188526476,0.0079745161,0.0004242529,0.0008053614,0.0019702592,0.0015100526,0.0000000000,0.0257499928,0.0253257399,0.0000000000,0.0141297782,0.0003451549,0.0000000000,0.0000000000,0.0085785371,0.0052060862,0.0030344867,0.0002732476,0.0032430178,0.0000862887,0.0000000000,0.5290433457,0.0442589237,0.2468792246,0.0000000000,1.1693637774329417,15.3,2.7968103957471944
0.0172356820,0.0175961668,0.8763011250,0.8763011250,0.0047013233,0.0000000000,0.1087763041,0.0000000000,0.0307914145,0.0123691365,0.8912236959,0.0082160506,0.0084263334,0.0050317677,0.1156555567,0.0243177073,0.0000000000,0.5846763897,0.5762500563,0.0047463839,0.4317181609,0.0100560254,0.0615002178,0.0263604548,0.1601829461,0.1736185169,0.0019075657,0.0006909293,0.0064511768,0.0001652222,0.0000000000,0.3231371194,0.3231371194,0.0000000000,0.0000000000,0.7516766606616382,7.09,3.354221933851852
0.0077033546,0.1113326455,0.8958130002,0.8958130002,0.0029907141,0.0000069714,0.1004015504,0.0139427233,0.0000000000,0.0095437941,0.8995984496,0.0267700287,0.0025236329,0.0070341039,0.0351774909,0.0367739327,0.0000000000,0.3344859318,0.3319622989,0.0000000000,0.2347466607,0.0603859346,0.0307646189,0.0000000000,0.0499149494,0.0936811578,0.0017567831,0.0007250216,0.0055143471,0.0001254845,0.0000000000,0.5152881961,0.2551936644,0.2600945317,0.0000000000,0.7007469768120879,6.95,2.733263305576657
0.0098621244,0.0458062776,0.7434091918,0.7434091918,0.0041880841,0.0006808848,0.0851505726,0.0597394366,0.0006680380,0.0157645537,0.9148494274,0.0001213317,0.0061607945,0.0009649437,0.0725906026,0.0025308361,0.0000000000,0.7076948551,0.7015340607,0.0167494815,0.2658377096,0.0040353489,0.0256737834,0.0292380799,0.0826254463,0.1242650512,0.0065604753,0.0008650235,0.0050816562,0.0001270414,0.0000000000,0.1702654594,0.0021597039,0.1672892647,0.0000000000,2.6486078024724087,30.86,4.886944221195991
0.0598568149,0.0589052682,0.8262219067,0.8262219067,0.0045009667,0.0000679676,0.0994064161,0.0000000000,0.0000000000,0.0114563195,0.9005935839,0.0363475713,0.0066079628,0.0128005679,0.2014182576,0.0227464959,0.0000000000,0.6457980909,0.6391901281,0.0087678226,0.3764575278,0.1798272112,0.0300190309,0.0007023320,0.0568586878,0.1090502658,0.0028168801,0.0011025858,0.0051655389,0.0000906235,0.0000000000,0.2117266796,0.1298861165,0.0817197318,0.0000000000,1.1341608957742624,11.37,3.155717167563956
0.0051169224,0.0593081881,0.8308709293,0.8308709293,0.0050166889,0.0000000000,0.1135144888,0.0023128890,0.0000952219,0.0112286628,0.8864855112,0.0004310042,0.0125993565,0.0071366283,0.0389733078,0.0113765073,0.0000000000,0.5730426895,0.5604433330,0.0194904127,0.5007592691,0.0062921607,0.0385172452,0.0389733078,0.3378070905,0.0791694649,0.0038840498,0.0017791454,0.0041070695,0.0001678912,0.0000000000,0.3639354696,0.1112141289,0.2496065833,0.0000000000,1.543077369152639,13.82,2.5593012766825094
0.0055189220,0.0970817695,0.8656323846,0.8656323846,0.0044025403,0.0000000000,0.1092446831,0.0025607277,0.0008752954,0.0136767619,0.8907553169,0.0071630873,0.0146867181,0.0040181054,0.1031806019,0.0062465249,0.0000000000,0.8167048930,0.8020181749,0.0215587642,0.6784820684,0.0288934355,0.0508366347,0.0602715805,0.3850061683,0.1534742494,0.0055623610,0.0002519461,0.0039659786,0.0001129413,0.0008296845,0.0834006637,0.0115069850,0.0717242668,0.0000000000,2.2311374793635026,20.44,3.8241559933233997
0.0179040860,0.0659638456,0.8718748986,0.8718748986,0.0034780445,0.0001460454,0.0874487489,0.0027910901,0.0000000000,0.0125004057,0.9125512511,0.0040676353,0.0079243160,0.0066964527,0.0283003559,0.0238649026,0.0000000000,0.7180241678,0.7100998518,0.0107424516,0.6494477320,0.0240488116,0.0668563454,0.0075943616,0.1168579681,0.4340902452,0.0036457263,0.0010114997,0.0062420892,0.0002055454,0.0000000000,0.1783268605,0.1368824172,0.0414444432,0.0000000000,1.4727974958072254,17.03,3.8791599804646615
0.0163354581,0.0185726784,0.6789526309,0.6789526309,0.0044369454,0.0000000000,0.1149106362,0.0004124484,0.0000000000,0.0102737158,0.8850893638,0.0073240845,0.0053993251,0.0075240595,0.0090113736,0.0120609924,0.0000000000,0.6814898138,0.6760904887,0.0065241845,0.6465691789,0.0981502312,0.0114985627,0.0214223222,0.0606799150,0.4548181477,0.0010998625,0.0002249719,0.0047869016,0.0001124859,0.0000000000,0.2583552056,0.0973878265,0.1609673791,0.0000000000,0.44071064591654047,3.82,2.4979440102164308
0.0110060979,0.1050157774,0.8661867511,0.8661867511,0.0049614951,0.0001521931,0.0762741099,0.0000000000,0.0013367628,0.0117645268,0.9237258901,0.0687481610,0.0075158027,0.0225778468,0.1010511470,0.0480422894,0.0000000000,0.6429346889,0.6354188861,0.0017679765,0.4142620156,0.1563910957,0.0055347558,0.0256952688,0.0594516990,0.1671891963,0.0017629034,0.0007051614,0.0050578841,0.0001217545,0.0003170690,0.2041645106,0.1045972463,0.0995672643,0.0000000000,0.717978915180347,9.3,2.9762466223151915
0.0002230898,0.0364603086,0.8092730991,0.8092730991,0.0048707938,0.0007436326,0.1278155791,0.0301171221,0.0000000000,0.0108867819,0.8721844209,0.1421825618,0.0099721138,0.0013013571,0.0439338167,0.0044097416,0.0000000000,0.5237627812,0.5137906674,0.0035099461,0.3268339840,0.1268711656,0.0472801636,0.0165606990,0.0902993121,0.0458226436,0.0027216955,0.0009444135,0.0027216955,0.0000966722,0.0000000000,0.3793716304,0.0133258970,0.3435285369,0.0000000000,1.099879418957143,8.61,2.5467280525715186
0.0160257105,0.1174291423,0.9175694594,0.9175694594,0.0056152887,0.0001775654,0.0751931602,0.0028181999,0.0014202340,0.0127381480,0.9248068398,0.0282135215,0.0100286852,0.0004823763,0.2790110475,0.0014289098,0.0001445972,0.7921831318,0.7821544466,0.0007912360,0.4802802641,0.0234056638,0.0404024893,0.0272296820,0.2446119459,0.1446304832,0.0022678629,0.0008655590,0.0049073407,0.0000835772,0.0000000000,0.0685000438,0.0092926853,0.0578944157,0.0000000000,0.9228955052093815,12.25,3.012768487151087
0.0075143692,0.0148638462,0.8815603505,0.8815603505,0.0025676058,0.0001766701,0.1015558749,0.0238269104,0.0007596815,0.0094518515,0.8984441251,0.0395505512,0.0063777914,0.0023497126,0.0318654009,0.0054237727,0.0000000000,0.4542601055,0.4478823141,0.0004240083,0.3769374823,0.1530728823,0.0043401960,0.0056593329,0.1170027325,0.0968623386,0.0019963724,0.0012720249,0.0056416659,0.0001472251,0.0000000000,0.4564272590,0.2421735136,0.2140711863,0.0000000000,0.7960479389931403,7.8,2.954706298655343
0.0180510737,0.0291867884,0.8729535120,0.8729535120,0.0045087628,0.0000000000,0.0815294544,0.0005415643,0.0096968842,0.0111293057,0.9184705456,0.1723488187,0.0057745490,0.0099949048,0.1307637338,0.0116163931,0.0000000000,0.6416318709,0.6358573219,0.0093796365,0.3144116978,0.2041537017,0.0039415623,0.0000000000,0.0676474641,0.0386689696,0.0020060309,0.0006376999,0.0053130978,0.0001474080,0.0000000000,0.2701284052,0.1350866343,0.1350417709,0.0000000000,0.8079608668155241,9.81,2.9454535085968465
0.0129238424,0.0200329669,0.9071869912,0.9071869912,0.0015472206,0.0000000000,0.0894151911,0.1352958427,0.0000000000,0.0094552368,0.9105848089,0.0000000000,0.0022550993,0.0037011943,0.0481559760,0.0415019163,0.0000000000,0.3304579975,0.3282028983,0.0008595670,0.2399405382,0.0084743192,0.0055012287,0.0000000000,0.0033270298,0.2226379605,0.0013550821,0.0004752900,0.0065023714,0.0002427013,0.0000000000,0.4623459100,0.1796494989,0.2826862985,0.0000000000,0.5435912518318315,5.89,3.413673245554204
0.0026196099,0.0181310011,0.8730004847,0.8730004847,0.0044966533,0.0001031342,0.0886026340,0.0000000000,0.0000000000,0.0117160508,0.9113973660,0.1732345995,0.0080960386,0.0038056538,0.1190581780,0.0053217273,0.0000000000,0.6706923402,0.6625963016,0.0000000000,0.3699425542,0.1926960324,0.0168933901,0.0182031951,0.0997411330,0.0424088035,0.0021142521,0.0006497458,0.0042800714,0.0000825074,0.0000000000,0.2657460216,0.0707707222,0.1898907808,0.0000000000,0.8406591998359689,9.5,3.070781513895286
0.0080133556,0.0379357753,0.8324855151,0.8324855151,0.0050672690,0.0000000000,0.0811941471,0.0000000000,0.0000000000,0.0120298537,0.9188058529,0.1196503977,0.0058921732,0.0094962192,0.1763723853,0.0147500737,0.0000000000,0.5414808995,0.5355887263,0.0012373564,0.2294608661,0.0802022979,0.0122557203,0.0000000000,0.0291466169,0.1078562310,0.0031032112,0.0013748404,0.0050378081,0.0001080232,0.0000000000,0.3945792006,0.2228321713,0.0165668271,0.0000000000,1.2294822848527587,15,2.9398044967813495
0.0115885355,0.0527445276,0.8447112404,0.8447112404,0.0039939911,0.0000357671,0.0372871858,0.0000000000,0.0007868759,0.0095796175,0.9627128142,0.0063665411,0.0071772617,0.0122740712,0.0481663408,0.0146466212,0.0000000000,0.4519946111,0.4448173494,0.0052816062,0.3715663599,0.0232605274,0.0299728170,0.0319698126,0.1813927703,0.1049704325,0.0003815156,0.0011803138,0.0063486575,0.0001609519,0.0000000000,0.4667246888,0.1603378797,0.2833647289,0.0000000000,0.15240453879767107,3.87,2.33953902092664
0.0067718979,0.0529316161,0.9334507129,0.9334507129,0.0026964466,0.0005910020,0.0630279002,0.0000000000,0.0003078135,0.0126326676,0.9369720998,0.1788766037,0.0072890246,0.0053313305,0.0499642936,0.0191336896,0.0000000000,0.5795882686,0.5722992440,0.0027703218,0.3282892955,0.1265113645,0.0228890148,0.0000000000,0.0838484080,0.0950405083,0.0021916324,0.0007387525,0.0074121500,0.0002216257,0.0000000000,0.3405279618,0.1931345268,0.1039547883,0.0000000000,0.8845324835858351,14.08,4.23733263323707
0.0042647947,0.0262869867,0.8857374698,0.8857374698,0.0025475543,0.0000000000,0.1039402174,0.1171120169,0.0000000000,0.0103034420,0.8960597826,0.0714824879,0.0079068539,0.0051139795,0.0390247585,0.0097184481,0.0000000000,0.3472977053,0.3393908514,0.0000000000,0.2270720109,0.1043742452,0.0037364130,0.0000000000,0.0501019022,0.0688594505,0.0011511171,0.0009435386,0.0074728261,0.0002641908,0.0030759360,0.4776947464,0.0928819444,0.3848128019,0.0000000000,0.45485049586160614,4.39,3.2968024625750756
0.0034595332,0.3466354821,0.8260975491,0.8260975491,0.0056034693,0.0000000000,0.1172830483,0.0000000000,0.0000000000,0.0153486332,0.8827169517,0.0251425230,0.0186619890,0.0381035911,0.1026653023,0.0484821907,0.0000000000,0.6150660235,0.5964040345,0.0000000000,0.4387760074,0.0411245919,0.0191979730,0.0000000000,0.0286020562,0.3498513862,0.0050187594,0.0009257906,0.0054572918,0.0002436291,0.0000000000,0.0367392681,0.0000000000,0.0358134776,0.0000000000,2.0967454642611774,17.51,4.3387477289367355
0.0141435487,0.0841119080,0.8278167942,0.8278167942,0.0072182057,-0.0001263330,0.1267492808,0.0000000000,0.0295877526,0.0157370667,0.8732507192,0.0000000000,0.0086423227,0.0034109898,0.0499503282,0.0048552052,0.0000000000,0.8437203907,0.8350780680,0.0000000000,0.3873971391,0.0133912934,0.0838133029,0.0928920485,0.1485244885,0.0487760059,0.0030635742,0.0004306805,0.0050389622,0.0000947497,0.0000000000,0.0199778343,0.0002928628,0.0196849715,0.0000000000,1.2421076832858229,9.79,3.711591687385655
0.0101764730,0.0888422243,0.6865888624,0.6865888624,0.0010903364,0.0003230626,0.2254977184,0.0590800792,0.0246335258,0.0110648952,0.7745022816,0.0000000000,0.0079958002,0.0261276905,0.0392117272,0.0998667367,0.0000000000,0.5184347615,0.5104389614,0.0000000000,0.3793562977,0.0117917861,0.0346080846,0.0000000000,0.0251585026,0.3077979243,0.0004845940,0.0011711020,0.0103380043,0.0002826798,0.0004845940,0.2149174171,0.0000000000,0.2149174171,0.0000000000,0.1938884737341708,0.86,4.676923076923077
0.0162637654,0.0473929926,0.8301219669,0.8301219669,0.0047821382,0.0001405104,0.1478249268,0.0011566464,0.0623868042,0.0123031348,0.8521750732,0.0004119641,0.0115873270,0.0011851173,0.0898542881,0.0056245668,0.0000000000,0.7314822035,0.7198948765,0.0028821928,0.6119230420,0.0037041039,0.0840778571,0.0468293372,0.2750838063,0.2022279375,0.0025981174,0.0023485068,0.0064459016,0.0001327875,0.0005268853,0.1131689338,0.0176945166,0.0919839030,0.0000000000,1.0389573275012212,7.06,3.4577461653905837
0.0107459869,0.0225453945,0.8524655514,0.8524655514,0.0043366746,0.0003680955,0.1063375864,0.0000117514,0.0254772717,0.0119694616,0.8936624136,0.0000084587,0.0089050837,0.0013860918,0.2224089255,0.0132395159,0.0000000000,0.6808827559,0.6719776722,0.0234863258,0.3935766202,0.0008740565,0.0429073651,0.0248587929,0.1774042564,0.1475321494,0.0031490501,0.0023874262,0.0057829993,0.0001011638,0.0000721261,0.2145666580,0.0243941887,0.1123005460,0.0026635546,1.2533928627438584,11.9,3.3927000325024985
0.0033990483,0.0768419325,0.9301554186,0.9301554186,0.0028833306,-0.0005860428,0.0673480391,0.0000000000,0.0000000000,0.0093415223,0.9326519609,0.0109707213,0.0032701188,0.0234885956,0.0135961931,0.0469771912,0.0000000000,0.4621767974,0.4589066785,0.0000000000,0.3887456340,0.0137720059,0.0192808083,0.0000000000,0.0407182541,0.3149745657,0.0022621252,0.0008087391,0.0055908484,0.0001523711,0.0000000000,0.4457441572,0.0297006493,0.4160435078,0.0000000000,0.8658688410592313,13.41,2.59535332838756
0.0010433243,0.1504916271,0.8715235696,0.8715235696,0.0028559686,0.0002634657,0.1227328774,0.1208043082,0.0000000000,0.0151440104,0.8772671226,0.2412924575,0.0097587708,0.0143536132,0.0668570646,0.0263676506,0.0000000000,0.6655882136,0.6558294428,0.0000000000,0.3308497297,0.1727281350,0.0171568886,0.0000000000,0.0751931204,0.0657715857,0.0068184932,0.0006955495,0.0038887542,0.0001370022,0.0000000000,0.0593008673,0.0016651034,0.0576357639,0.0000000000,2.6904803983740684,22.61,5.156953151778508
0.0132424205,0.0758750872,0.8795554337,0.8795554337,0.0071224992,0.0033574698,0.0929879243,0.0000000000,0.0016722065,0.0149929680,0.9070120757,0.0003264207,0.0091481726,0.0008701443,0.1451648704,0.0049634595,0.0000000000,0.8601781697,0.8510299971,0.0001053872,0.6735644019,0.0078797951,0.0852331017,0.0235778317,0.4009509101,0.1559227633,0.0003730522,0.0020732376,0.0060900772,0.0001053872,0.0000000000,0.0295531954,0.0055053179,0.0009344958,0.0000000000,0.14733758678529185,1.6,3.281223800439849
0.0036445658,0.0186620763,0.7934231614,0.7934231614,0.0051245523,-0.0000277003,0.1187946420,0.0411903207,0.0001582873,0.0138224412,0.8812053580,0.0743317307,0.0045626323,0.0199125462,0.0692586217,0.0510555786,0.0000000000,0.7036900734,0.6991274411,0.0002532597,0.5048574425,0.0794641974,0.0439326487,0.0072376882,0.0585267407,0.3156961675,0.0047248768,0.0013414851,0.0053421974,0.0001226727,0.0000197859,0.1957024990,0.1434676797,0.0472210680,0.0000000000,1.915618143823776,16.1,3.7648187281746925
0.0157552387,0.0735234631,0.8172055710,0.8172055710,0.0034427677,0.0002657368,0.1351832550,0.0000000000,0.0004163210,0.0144088390,0.8648167450,0.0000000000,0.0092358296,0.0014379313,0.0557692932,0.0023414363,0.0000000000,0.7684812552,0.7592454256,0.0000000000,0.7103350941,0.0036346887,0.1634635542,0.0323578825,0.4039642023,0.1069147664,0.0038207044,0.0006289104,0.0063983513,0.0001417263,0.0000000000,0.1348791341,0.0150613704,0.0648574913,0.0000000000,1.5222298196469404,11.46,4.589207824142149
0.0073280929,0.0381189392,0.8653026741,0.8653026741,0.0043068616,0.0000000000,0.0811921466,0.0015611225,0.0000000000,0.0110380547,0.9188078534,0.0556769762,0.0109462239,0.0154642962,0.0218373494,0.0279900088,0.0000000000,0.6816595651,0.6707133412,0.0112584484,0.5648003600,0.2277034969,0.0163183221,0.0000000000,0.1320480091,0.1887305319,0.0024243315,0.0011708419,0.0051425213,0.0001882530,0.0001836615,0.2522819938,0.0386377828,0.2132126065,0.0000000000,0.9750197358398235,12.1,2.857414342134436
0.0077777344,0.0268463580,0.8594152549,0.8594152549,0.0023323444,0.0000000000,0.0691798735,0.0007319073,0.0022152393,0.0109200562,0.9308201265,0.0033277383,0.0067237880,0.0079143571,0.0405866969,0.0120130377,0.0000000000,0.5972168007,0.5904930127,0.0000000000,0.5414747443,0.0278124756,0.0777090327,0.0231673042,0.1976930283,0.2150929034,0.0010734640,0.0012296042,0.0087438520,0.0002537278,0.0000000000,0.3448551800,0.2190452026,0.0972655945,0.0000000000,0.4269150536069471,6.1,3.6101083032490973
0.0087088439,0.0199803635,0.7727193782,0.7727193782,0.0038741418,0.0000000000,0.1142286984,0.0687881699,0.0042144141,0.0099281529,0.8857713016,0.0257756259,0.0082303360,0.0107504776,0.0942164344,0.0175949129,0.0000000000,0.6091547424,0.6009244064,0.0090101266,0.4625292865,0.0817007943,0.0483222095,0.0216781804,0.1317881663,0.1790399359,0.0025378642,0.0008329582,0.0046468434,0.0001311466,0.0000000000,0.2462685245,0.1137076565,0.0938336281,0.0000000000,1.0328201688430179,8.95,2.7192202142500355
0.0151384481,0.0751137350,0.7141130005,0.7141130005,0.0059156848,0.0002985835,0.0860880101,0.0023939995,0.0110182629,0.0210181429,0.9139119899,0.0000626492,0.0076951889,0.0008504297,0.1866253271,0.0012409875,0.0000000000,0.6758263364,0.6681311475,0.0001093029,0.4876547735,0.0008197716,0.0252196388,0.0279868677,0.1556206337,0.2780078618,0.0023873347,0.0157009580,0.0274136941,0.0006998050,0.0000000000,0.1843632908,0.0294264665,0.1493050603,0.0000000000,0.9830767805744908,11.56,6.748823013903439
0.0138018334,0.0087464355,0.8295947770,0.8295947770,0.0072332991,0.0000000000,0.0822447559,0.0000000000,0.0076955496,0.0140978926,0.9177552441,0.0000000000,0.0045100518,0.0000398063,0.0220691007,0.0003423340,0.0000000000,0.8281970789,0.8236870271,0.0030322436,0.8027414587,0.0000412990,0.1313945683,0.0136426082,0.4726180045,0.1850449786,0.0018818420,0.0018873154,0.0066347122,0.0001622106,0.0000412990,0.1207030984,0.0013917272,0.1188963907,0.0000000000,0.7607786615867627,9.21,2.949539695638974
0.0230482604,0.0464646465,0.6970325477,0.6970325477,0.0043187430,0.0015308642,0.1183973064,0.0705948373,0.0070617284,0.0158204265,0.8816026936,0.0000000000,0.0155241302,0.1218765432,0.0482244669,0.2416520763,0.0000000000,0.7578585859,0.7423344557,0.0000000000,0.4679057239,0.0001750842,0.0386576880,0.0044309764,0.0348058361,0.3898361392,0.0026711560,0.0020606061,0.0092166105,0.0003322110,0.0000000000,0.0735263749,0.0455263749,0.0280000000,0.0000000000,1.0638012568945943,9.11,5.011712579652877
0.0114126555,0.3549285578,0.9161697720,0.9161697720,0.0025540216,0.0000000000,0.0808639430,0.0161486561,0.0000000000,0.0094619461,0.9191360570,0.0089994067,0.0028757881,0.0168022443,0.0095222773,0.0305477069,0.0000000000,0.4653447426,0.4624689546,0.0000000000,0.4141637590,0.0688680858,0.0093613941,0.0039114740,0.0832369710,0.2487858342,0.0021216478,0.0005530362,0.0045047310,0.0001407728,0.0000000000,0.1406823461,0.0016188877,0.1390634584,0.0000000000,0.8773525574723098,10.57,2.9885644993773823
0.0393685884,0.0064731044,0.9149411364,0.9149411364,0.0046182383,0.0000000000,0.0831282886,0.0643525003,0.0000000000,0.0107885074,0.9168717114,0.1811333611,0.0083279706,0.0244539501,0.2580156717,0.0313813075,0.0283908089,0.5647878260,0.5564598554,0.0000000000,0.0657531135,0.0332740281,0.0000000000,0.0000000000,0.0324790854,0.0000000000,-0.0032554794,0.0004921074,0.0098800015,0.0001892721,0.0000000000,0.3052579778,0.2920467881,0.0132111898,0.0000000000,-1.3340055066506378,-15.79,2.7382877302030617
0.0028494700,0.2038616572,0.9051318839,0.9051318839,0.0052280575,0.0001576616,0.0916738928,0.0000000000,0.0000000000,0.0114273101,0.9083261072,0.0276191527,0.0034538393,0.0163190229,0.0900867664,0.0276117952,0.0000000000,0.2772993625,0.2738455232,0.0000000000,0.1315612174,0.0430899564,0.0060268760,0.0000000000,0.0354917201,0.0469526647,0.0041622653,0.0009417651,0.0028210909,0.0000683200,0.0000000000,0.5122928721,0.2403781775,0.2603423358,0.0000000000,1.6963582914330693,18.8,2.5588490819185292
0.0127161007,0.0804686535,0.8244504106,0.8244504106,0.0049830939,-0.0004493322,0.0674425136,0.0000000000,0.0000000000,0.0100785208,0.9325574864,0.0352770695,0.0069331955,0.0111501780,0.0468383864,0.0223969625,0.0000000000,0.4341020658,0.4271688703,0.0038125835,0.3257838038,0.0284202604,0.0442322598,0.0066905562,0.1398344211,0.1066063064,0.0010446973,0.0008806911,0.0052392132,0.0001482796,0.0000000000,0.4352860561,0.1223239460,0.3129621101,0.0000000000,0.4108463434675432,6.13,2.154784907479873
0.0157404073,0.0678835668,0.8475257628,0.8475257628,0.0021008271,0.0000000000,0.1035660355,0.0000000000,0.0033676416,0.0125133474,0.8964339645,0.0002479924,0.0099354904,0.0003143343,0.0382413708,0.0009524802,0.0000000000,0.6960419154,0.6861064251,0.0085723222,0.6479550897,0.0277941000,0.1000230617,0.0174858313,0.4247540611,0.0778980356,0.0044480669,0.0031307062,0.0090951596,0.0002179806,0.0011562447,0.2183691264,0.0758351182,0.1425340081,0.0000000000,1.7907007245311215,17.31,4.367023408490919
0.0027335139,0.0284955477,0.6445946340,0.6445946340,0.0039181985,0.0000000000,0.2266923025,0.0023062507,0.0000000000,0.0110942795,0.7733076975,0.1462697002,0.0066565677,0.0298647323,0.0287917189,0.1060195570,0.0000000000,0.5847049456,0.5780483779,0.0000000000,0.2934133481,0.0851224983,0.0036365932,0.0005923423,0.0467756188,0.1572862955,0.0022042901,0.0006554607,0.0050446199,0.0001068158,0.0000000000,0.3515114439,0.1142977831,0.2372136608,0.0000000000,0.8805851818267778,3.88,3.0260453855623033
0.0224996008,0.0571648936,0.8887975006,0.8887975006,0.0017986424,0.0000271152,0.1009318595,0.0000000000,0.0000000000,0.0118131943,0.8990681405,0.0157870793,0.0058779755,0.0026271628,0.0641606185,0.0221139622,0.0000000000,0.5728480313,0.5669700558,0.0000000000,0.4704911168,0.0104483952,0.0506813450,0.0005754451,0.1892521323,0.2195337991,0.0041335635,0.0018558857,0.0077097588,0.0002259601,0.0000000000,0.3465053010,0.1473952826,0.1022815945,0.0000000000,1.5576748410535877,16.82,3.9872549387112497
0.0040778393,0.0926238525,0.9040253648,0.9040253648,0.0045741345,0.0001896669,0.0722473004,0.0160426624,0.0000000000,0.0114464001,0.9277526996,0.0000000000,0.0074507498,0.0023297423,0.0636237766,0.0245302582,0.0000000000,0.5939420378,0.5864912880,0.0000000000,0.4906051640,0.0000000000,0.0534196950,0.0011380017,0.0482860430,0.3877614243,0.0011190350,0.0008914346,0.0064107427,0.0001201224,0.0000000000,0.2768189060,0.1355802544,0.1348310700,0.0000000000,0.42507842636927184,6.2,2.767025431751108
0.0108738284,0.0451942241,0.7845475175,0.7845475175,0.0050096852,0.0001500804,0.1323879599,0.0050026814,0.0000000000,0.0148329505,0.8676120401,0.0276067972,0.0114611432,0.0069867449,0.0790163528,0.0327105328,0.0000000000,0.8447928089,0.8333316658,0.0000120064,0.7055921974,0.0305023493,0.1445174614,0.0363514844,0.2354471997,0.2587737027,0.0036639639,0.0008214403,0.0058571394,0.0001650885,0.0003061641,0.0811775111,0.0132961267,0.0678813844,0.0000000000,1.4817662232562845,11.22,4.172044792752251
0.0166777743,0.0296793318,0.8723787306,0.8723787306,0.0065288788,0.0003066568,0.1069221367,0.0000000000,0.0140219144,0.0141213844,0.8930778633,0.0003527775,0.0100157258,0.0003106275,0.1878415655,0.0022601179,0.0000000000,0.8058397968,0.7958240710,0.0000064141,0.5434359249,0.0101334202,0.1088434252,0.0366282857,0.2464645379,0.1413662560,0.0022623578,0.0010005036,0.0053616077,0.0000937686,0.0004007308,0.1224359996,0.0294512736,0.0793094805,0.0028590761,0.912624453456194,8.53,3.2733977830800045
0.0210043715,0.0595555420,0.8212629278,0.8212629278,0.0024161120,0.0001427962,0.1633322163,0.0000000000,0.0000000000,0.0134913865,0.8366677837,0.0320301433,0.0083259714,0.0384217020,0.0518559700,0.0669428663,0.0000000000,0.7336450733,0.7253191019,0.0078575998,0.5746310146,0.0756667631,0.0730107535,0.0657719373,0.1547720592,0.2054095015,0.0051349519,0.0011176184,0.0053558101,0.0001770673,0.0000000000,0.1829866876,0.0079375657,0.1750491219,0.0000000000,2.076132558408067,12.74,4.667897770872181
0.0177481434,0.0588117959,0.8204583127,0.8204583127,0.0058679752,0.0011237744,0.1215296442,0.0000000000,0.0009645730,0.0176629239,0.8784703558,0.0001929146,0.0147916803,0.0010666492,0.3001208057,0.0031737262,0.0000000000,0.8867235421,0.8719318618,0.0001123774,0.5789676259,0.0051225382,0.1254394426,0.0411123493,0.3194628358,0.0878304599,0.0048359758,0.0006630269,0.0064982254,0.0001123774,0.0118539468,0.0218873791,0.0040549526,0.0165606885,0.0000000000,1.9039463842209152,16.1,4.92023659716515
0.0111618044,0.0786800215,0.8033083220,0.8033083220,0.0037480305,0.0001618962,0.0850053678,0.0001890977,0.0207524334,0.0115677789,0.9149946322,0.0030974001,0.0081168118,0.0252526011,0.0740522483,0.0494825729,0.0000000000,0.6048226578,0.5967058459,0.0131862156,0.4465758354,0.0157179505,0.0558595915,0.0428462998,0.1825151283,0.1496368652,0.0036630127,0.0028955943,0.0058639711,0.0001492932,0.0002143562,0.2762064915,0.0016542503,0.2725602828,0.0000000000,1.466848781201751,17.35,3.3302708604234987
0.0046449754,0.0418194780,0.8926363910,0.8926363910,0.0035866266,0.0001616922,0.0614062810,0.0800964273,0.0008599084,0.0103042018,0.9385937190,0.0050786044,0.0105761386,0.0017051176,0.0806403010,0.0044024371,0.0000000000,0.6454237438,0.6348476051,0.0112008584,0.5391184836,0.0621191965,0.0422457574,0.0229602899,0.2113243325,0.2004689073,0.0018080126,0.0005512233,0.0052990938,0.0001469929,0.0000000000,0.2199675146,0.1076649444,0.1123025702,0.0000000000,0.738145783792299,11.74,2.8701523002041136
0.0194391111,0.0672079700,0.8710896235,0.8710896235,0.0039402562,0.0000000000,0.1064408923,0.0615481891,0.0000000000,0.0117128162,0.8935591077,0.0539992443,0.0093301565,0.0123451078,0.0341283244,0.0185832042,0.0000000000,0.6626261692,0.6532960127,0.0000000000,0.5535250256,0.3905325900,0.0120443838,0.0000000000,0.0175345254,0.1334135264,0.0027142273,0.0010795222,0.0054053220,0.0001773501,0.0000000000,0.1660459414,0.0165937989,0.1494521425,0.0000000000,1.0971542561481158,9.98,3.374298590276296
0.0159607965,0.1195924930,0.7683974312,0.7683974312,0.0054694418,0.0000000000,0.0572421355,0.0000000000,0.0000000000,0.0107918384,0.9427578645,0.0010197264,0.0086916494,0.0028769711,0.0440560178,0.0084838682,0.0000000000,0.5833186821,0.5746270327,0.0020874024,0.5262523615,0.0590162677,0.0163699657,0.0390373015,0.2703905328,0.1414382938,0.0003164668,0.0008566981,0.0058882009,0.0001534385,0.0002589274,0.2556892104,0.0992139476,0.1269095896,0.0000000000,0.12478218261683363,2.2,2.2397998305016342
0.0136365119,0.0756206570,0.8133461651,0.8133461651,0.0030828956,0.0000000000,0.1131536881,0.0000000000,0.0000000000,0.0107575115,0.8868463119,0.1206325645,0.0063207516,0.0202671843,0.1034645875,0.0313753956,0.0000000000,0.6911721528,0.6848514012,0.0016556291,0.4337422112,0.0792581477,0.0072994487,0.0146641438,0.0766482889,0.2558721822,0.0022346915,0.0013212410,0.0058395589,0.0001468046,0.0000000000,0.1951358758,0.0436172642,0.1476609141,0.0000000000,0.9134551273503134,8,3.3304282042320508
0.0149318089,0.0731560078,0.7664995257,0.7664995257,0.0057041481,0.0000000000,0.1248875802,0.0000000000,0.0000000000,0.0184799616,0.8751124198,0.0011211177,0.0091044611,0.0280033018,0.0652835442,0.0702484939,0.0000000000,0.8685705134,0.8594660523,0.0000000000,0.7310426394,0.0397072774,0.1866845717,0.0000000000,0.1409528268,0.3636979635,0.0022299154,0.0014167971,0.0119626951,0.0001847996,0.0000000000,0.0343357686,0.0337444098,0.0005913588,0.0000000000,0.9015010490533616,7.2,5.460517222086923
0.0001498501,0.1232267732,0.8717782218,0.8717782218,0.0039460539,0.0000000000,0.1258741259,0.0044955045,0.0003746254,0.0154095904,0.8741258741,0.2441308691,0.0088411588,0.0507242757,0.1886113886,0.1136613387,0.0000000000,0.6681318681,0.6592907093,0.0051198801,0.1164085914,0.1031718282,0.0000000000,0.0000000000,0.0070929071,0.0061438561,0.0087912088,0.0033716284,0.0060439560,0.0001748252,0.0000000000,0.1978521479,0.1429070929,0.0549450549,0.0000000000,3.5236117019945445,28.29,4.749217517266355
0.0180980250,0.0896948316,0.9035145855,0.9035145855,0.0030282329,0.0000000000,0.0906838504,0.0000000000,0.0000000000,0.0167419477,0.9093161496,0.0464227087,0.0097678355,0.0163341048,0.1169897122,0.0637866166,0.0000000000,0.7360033443,0.7262355088,0.0023756844,0.5059290150,0.0577403469,0.1015426655,0.0000000000,0.1049175648,0.2417284379,0.0049043099,0.0012745088,0.0100839137,0.0002956860,0.0000000000,0.1544500749,0.0538352519,0.1006148230,0.0000000000,2.042191853522622,20.85,6.07648693216472
0.0093659544,0.0264938513,0.8614281237,0.8614281237,0.0023046148,0.0000000000,0.1221630192,0.0654510592,0.0000000000,0.0139198732,0.8778369808,0.1031914305,0.0099190619,0.0537804901,0.1279522115,0.1347001235,0.0000000000,0.7420122052,0.7320931433,0.0000000000,0.3756522060,0.0505540294,0.0029130331,0.0162060510,0.0786150187,0.2273640738,0.0049410940,0.0009587197,0.0076328841,0.0002212430,0.0000000000,0.1243201386,0.1207433765,0.0035767621,0.0000000000,2.0342327982086608,16.35,5.250875145857643
0.0110079119,0.0257081495,0.8685731286,0.8685731286,0.0042501590,0.0002656349,0.1008615869,0.0307658388,0.0000000000,0.0132817470,0.8991384131,0.0232337601,0.0084710983,0.0041957039,0.1467393975,0.0125180466,0.0000000000,0.6798647387,0.6713936404,0.0745066163,0.3965079631,0.0255288460,0.0752543787,0.0152899472,0.1741821432,0.1062526480,0.0040190567,0.0012843449,0.0058891266,0.0001460992,0.0000000000,0.2269518523,0.1037941967,0.1053003468,0.0000000000,1.6237368215593184,16.28,3.874307218318636
0.0131418226,0.0202051554,0.8471770706,0.8471770706,0.0059384646,0.0001050188,0.0842722405,0.0000000000,0.0068042864,0.0133714637,0.9157277595,0.0535110594,0.0087641711,0.0015650139,0.1121283675,0.0025153176,0.0000000000,0.6331337664,0.6243695953,0.0070829364,0.4574480052,0.0705451131,0.0866335305,0.0170317199,0.2156988676,0.0675387741,0.0035440353,0.0013437742,0.0051277192,0.0001110866,0.0000000000,0.3171087804,0.0204016573,0.2695413198,0.0000000000,1.4003027719051462,16.98,3.1281344262979363
0.0083590250,0.1085748345,0.8670325153,0.8670325153,0.0036667078,0.0000000000,0.1138878612,0.0014140667,0.0017244214,0.0116639947,0.8861121388,0.0000863238,0.0128766391,0.0028836272,0.0522958030,0.0083487483,0.0000000000,0.5584967320,0.5456200929,0.0120832820,0.4852797303,0.0012146997,0.0276647347,0.0523595182,0.3165248489,0.0875159288,0.0025383319,0.0014387306,0.0062749209,0.0001932010,0.0000000000,0.2993052986,0.0000000000,0.2993052986,0.0000000000,0.9996377830705068,8.99,3.337912132101025
0.0099058050,0.0126670357,0.8366782747,0.8366782747,0.0039102732,0.0000000000,0.0822238052,0.0205581568,0.0061642491,0.0103027870,0.9177761948,0.0555852067,0.0104549635,0.0057143361,0.0680923468,0.0096080684,0.0000000000,0.6069866636,0.5965317001,0.0318567071,0.4417936090,0.1885631676,0.0311498585,0.0145085914,0.0950727911,0.1124992005,0.0012813699,0.0008182241,0.0058003489,0.0001643065,0.0000000000,0.3213624865,0.1353179495,0.1858284023,0.0000000000,0.5126361276119847,6.21,2.70500901455803
0.0233280602,0.0765560223,0.8952023784,0.8952023784,0.0036029893,0.0001704669,0.0951969234,0.0000000000,0.0046380646,0.0113680995,0.9048030766,0.0000368209,0.0072114336,0.0025951887,0.0449364499,0.0035893520,0.0000000000,0.6368126773,0.6296012437,0.0001254637,0.5879882173,0.0003995745,0.0489553786,0.0321514292,0.2610626227,0.2454192123,0.0023469889,0.0025201833,0.0077678377,0.0001909230,0.0000477307,0.2338438250,0.0397406175,0.1928458433,0.0000000000,0.9446065900168641,9.87,3.3615752291932797
0.0127717597,0.0501265056,0.7444617832,0.7444617832,0.0057490594,-0.0004959220,0.0768022625,0.0000000000,0.0012655607,0.0127949903,0.9231977375,0.0296028079,0.0079276822,0.0097881474,0.1106532333,0.0159513168,0.0000000000,0.7137327980,0.7058051158,0.0024190087,0.5550205792,0.0291119360,0.0412968714,0.0291119360,0.3676984067,0.0878014292,0.0024099184,0.0019341969,0.0067156529,0.0001464536,0.0000000000,0.1877625432,0.0789899755,0.1030992602,0.0000000000,0.9818344172878573,12.63,3.082550240299506
0.0044337495,0.0204950389,0.8657685482,0.8657685482,0.0028358313,0.0000000000,0.1286734752,0.0176023647,0.0000000000,0.0103643633,0.8713265248,0.0000000000,0.0068716802,0.0023621401,0.0055579766,0.0025579324,0.0000000000,0.4996305209,0.4927588407,0.0009410665,0.4905230182,0.0186571171,0.0147286381,0.0115643809,0.2123210237,0.2332518584,0.0018758171,0.0009536983,0.0065622020,0.0001831606,0.0000000000,0.4065280962,0.2557806115,0.1507474847,0.0000000000,0.7478682920841163,5.79,3.2696389202236906
0.0083094276,0.0404968495,0.8769799770,0.8769799770,0.0058595043,0.0010220066,0.0887615916,0.0000000000,0.0048551740,0.0143765471,0.9112384084,0.0907561113,0.0121901601,0.0040799916,0.1725564884,0.0054156706,0.0000000000,0.7343226443,0.7221324842,0.0123768852,0.4406156336,0.1078457966,0.0581981317,0.0331596136,0.1849539422,0.0564581495,0.0035304221,0.0014542703,0.0045864955,0.0001243763,0.0000000000,0.1888015720,0.0662713408,0.1114228195,0.0035336359,1.4383689668458246,16.11,3.6988831887915503
0.0067841702,0.0172651756,0.8223921137,0.8223921137,0.0062090942,0.0003971997,0.0860065062,0.0000000000,0.0008280174,0.0150209399,0.9139934938,0.0000000000,0.0093908362,0.0006024771,0.0643928579,0.0584350932,0.0000000000,0.7963938415,0.7870030054,0.0041728991,0.5530544769,0.0002387803,0.1078288859,0.0857419367,0.2588793121,0.1003655618,0.0041806128,0.0015166119,0.0045256584,0.0001135185,0.0000000000,0.1450175965,0.0264175768,0.1166270311,0.0000000000,1.6691494529308886,19.66,3.7286870814046296
0.0178970719,0.0141937713,0.7639846578,0.7639846578,0.0081196749,0.0000000000,0.0891506515,0.0000000000,0.0000000000,0.0118843492,0.9108493485,0.0233732494,0.0089668848,0.0110605499,0.0966104011,0.0220502353,0.0000000000,0.8089120914,0.7999452066,0.0001493215,0.6661714591,0.0563385094,0.0613268610,0.1226227189,0.2088261682,0.2170572015,0.0005517304,0.0004441683,0.0036216800,0.0000714972,0.0008415154,0.1505730530,0.1079196093,0.0075628827,0.0000000000,0.2206264196342333,2.45,1.5686750100843392
0.0102702747,0.0265081890,0.7739591662,0.7739591662,0.0060418229,0.0000000000,0.0935122526,0.0000000000,0.0054071430,0.0114407234,0.9064877474,0.0201531474,0.0075254902,0.0025840539,0.0952638043,0.0090050362,0.0000000000,0.7459714312,0.7384459409,0.0001153963,0.5811936928,0.0468344310,0.0472218330,0.0519654470,0.3009948813,0.1341771004,0.0005975882,0.0005728604,0.0053329597,0.0001071537,0.0000000000,0.1790621574,0.1086332951,0.0671647942,0.0000000000,0.2416163299312643,2.55,2.342768490657987
0.0060351140,0.0278541197,0.8753837617,0.8753837617,0.0078082160,0.0002134289,0.0771644158,0.0000000000,0.0000000000,0.0125840992,0.9228355842,0.0588308690,0.0110720372,0.0030700934,0.1276058854,0.0069347991,0.0000000000,0.8460257888,0.8349537516,0.0012904243,0.6385235970,0.0791394545,0.2060213232,0.1084530998,0.1824045891,0.0625051305,0.0008372982,0.0003152181,0.0040009719,0.0000722375,0.0000000000,0.1196909549,0.0479952455,0.0366014231,0.0000000000,0.3379993256582081,4.31,1.9729424072406785
0.0026598027,0.0101244101,0.7688030888,0.7688030888,0.0057829258,0.0000000000,0.0958043758,0.0035178035,0.0000000000,0.0138824539,0.9041956242,0.1910767911,0.0074817675,0.0107078507,0.0867782068,0.0179150579,0.0000000000,0.5850193050,0.5775375375,0.0000000000,0.2885456885,0.1278936079,0.0178978979,0.0000000000,0.0680223080,0.0747318747,0.0025911626,0.0008408408,0.0061776062,0.0001372801,0.0000000000,0.3813813814,0.1523123123,0.2287945088,0.0000000000,0.964964133369546,10.85,3.153130584364614
0.0156058388,0.0214539895,0.9146084808,0.9146084808,0.0067440252,0.0000000000,0.0803349689,0.0000000000,0.0066250648,0.0143075552,0.9196650311,0.0062109065,0.0056498835,0.0111059056,0.0759642766,0.0209473064,0.0000000000,0.8496737402,0.8440238567,0.0000000000,0.7377848991,0.0770158276,0.0582714911,0.0447907839,0.2064476523,0.3512591442,0.0026729368,0.0013687786,0.0062593718,0.0001336468,0.0000000000,0.0901249671,0.0389470391,0.0353796965,0.0000000000,1.0612183019340995,13.39,3.1982785188244307
0.0167709666,0.0222138925,0.8559547620,0.8559547620,0.0038283995,-0.0001268975,0.1041252420,0.0000000000,0.0056176540,0.0122866048,0.8958747580,0.0012445715,0.0077065818,0.0018634407,0.1457759244,0.0050329494,0.0000000000,0.7787522854,0.7710457036,0.0111660024,0.6145391327,0.0026726562,0.0182605479,0.0962478366,0.2762704634,0.2210876286,0.0022207060,0.0010483684,0.0069471492,0.0001649667,0.0000000000,0.1459369866,0.0166596873,0.1270077866,0.0000000000,0.8847311924134786,8.52,3.637481804719911
0.0220614364,0.0516247483,0.8865999395,0.8865999395,0.0007765099,0.0000000000,0.1067865651,0.0000000000,0.0094925047,0.0104927548,0.8932134349,0.0003323199,0.0089956700,0.0016155355,0.0271778471,0.0033067477,0.0000000000,0.6305194720,0.6215238020,0.0093214093,0.5873310433,0.0506442400,0.0196858425,0.0181723062,0.1950619234,0.3037667312,0.0036028744,0.0072847159,0.0122793856,0.0002665140,0.0000000000,0.2816789724,0.0000000000,0.2816789724,0.0000000000,1.4061040324367013,13.56,4.110523385300668
0.0029613726,0.0931906939,0.8027355679,0.8027355679,0.0023320809,0.0000000000,0.1929889504,0.0000000000,0.0000000000,0.0100131411,0.8070110496,0.0126968850,0.0069036999,0.0287993485,0.0323529956,0.0430509541,0.0000000000,0.5065983083,0.4996946085,0.0009809547,0.4175165189,0.0180643728,0.0099946325,0.0000000000,0.0140665198,0.3753909937,0.0007218346,0.0005922745,0.0076625516,0.0002221029,0.0000000000,0.3875881471,0.1826056377,0.2049825094,0.0000000000,0.2914798206278027,1.49,3.2218620810123633
0.0297389256,0.0766428930,0.9198892015,0.9198892015,0.0011668739,0.0001635804,0.0783659404,0.0038059718,0.0000000000,0.0088878711,0.9216340596,0.0003816877,0.0055508299,0.0411241248,0.0225195751,0.0665990534,0.0000000000,0.4703701280,0.4648192981,0.0048528866,0.3760060198,0.0064886911,0.0083753190,0.0000000000,0.0409496390,0.3201923706,0.0013958865,0.0017339528,0.0076555650,0.0002726341,0.0008506183,0.3705642435,0.1526750856,0.2135379179,0.0000000000,0.551736028793724,7.11,3.412993962182292
0.0075311194,0.0175999451,0.8079846899,0.8079846899,0.0052589804,0.0001662980,0.0834099130,0.0000464044,0.0080697709,0.0117250968,0.9165900870,0.0282509071,0.0065890539,0.0006822132,0.1194875114,0.0054416784,0.0000000000,0.7184060339,0.7118169800,0.0461300242,0.5069375218,0.0433124004,0.0457327602,0.0779504680,0.2163553254,0.1235865679,0.0016548422,0.0015145108,0.0057505442,0.0000891437,0.0001251118,0.2182757350,0.0142279533,0.1967096103,0.0025000610,0.6575825614604509,7.85,2.7340548897195602
0.0075636333,0.0592307925,0.8813038805,0.8813038805,0.0037824306,-0.0006712679,0.0724830116,0.0000000000,0.0000000000,0.0127184793,0.9275169884,0.0000000000,0.0104263451,0.0000327448,0.0930299476,0.0140606057,0.0000000000,0.7091494627,0.6987231176,0.0000000000,0.5886323245,0.0015091247,0.0427753160,0.1126301502,0.3709532577,0.0607644759,0.0038974466,0.0007772791,0.0053811942,0.0000830899,0.0000000000,0.1948629181,0.0378652372,0.1491491680,0.0000000000,1.5484818369073132,21.71,3.736555068062227
0.0051051496,0.0758306847,0.9136351410,0.9136351410,0.0018444412,0.0000823411,0.0835378138,0.0010759240,0.0000000000,0.0091728011,0.9164621862,0.0000000000,0.0072350400,0.0058736668,0.0151342984,0.0551795311,0.0000000000,0.4667039946,0.4594689547,0.0000000000,0.3963901652,0.0039139480,0.0090575235,0.0412748602,0.0436956892,0.2984481443,0.0018773776,0.0012076698,0.0064720123,0.0001811505,0.0000000000,0.4114805483,0.1830004007,0.2038381942,0.0000000000,0.7601942718694777,8.86,3.1532981195359806
0.0167655622,0.0475808028,0.8845247468,0.8845247468,0.0037171677,0.0005283820,0.0840312379,0.0000000000,0.0000000000,0.0122373281,0.9159687621,0.0037171677,0.0093840651,0.0009775068,0.0758148972,0.0071225899,0.0000000000,0.6226427556,0.6132586906,0.0008480532,0.5342867107,0.0033473002,0.0166889468,0.0651362961,0.2839366576,0.1651775099,0.0013024617,0.0010673317,0.0074924573,0.0001770080,0.0000000000,0.2851519363,0.0526162837,0.0187469948,0.0000000000,0.5231497754992406,6.28,3.6501772033700473
0.0236545452,0.0233405468,0.8948690023,0.8948690023,0.0041347836,-0.0002743950,0.0986350971,0.0000000000,0.0292329670,0.0111700447,0.9013649029,0.0075189884,0.0080856942,0.0030221166,0.0516494345,0.0102176773,0.0000000000,0.6649071442,0.6568214500,0.0008401578,0.5906413393,0.0496815227,0.0459333437,0.0939081484,0.1930071710,0.2081111535,0.0018377864,0.0021640429,0.0074294093,0.0001433266,0.0000000000,0.2279543429,0.1098494599,0.1148328878,0.0000000000,0.7324630714968892,7.33,3.1246106538711604
0.0159697928,0.1090555167,0.8675808047,0.8675808047,0.0045185727,0.0001446256,0.0601564302,0.0068560350,0.0087815098,0.0115888099,0.9398435698,0.0189600247,0.0064049595,0.0014392201,0.0336195878,0.0023507522,0.0000000000,0.6052737528,0.5988687933,0.0000000000,0.5433270923,0.0893231131,0.0560678255,0.0243721490,0.2273279835,0.1462360212,0.0015877545,0.0011210438,0.0061274347,0.0001508797,0.0000000000,0.2231447859,0.0694320123,0.1469364781,0.0000000000,0.6603785471265526,10.57,3.1609487914237766
0.0045211022,0.0532472817,0.7513280738,0.7513280738,0.0053801117,0.0000000000,0.0429165631,0.0000000000,0.0000000000,0.0102402966,0.9570834369,0.0001469358,0.0062165156,0.0464091145,0.0029726247,0.0488505098,0.0000000000,0.5267536225,0.5205371069,0.0047245518,0.4700590004,0.0636797251,0.0139476004,0.0101611773,0.0286185772,0.3536519203,0.0009833397,0.0002599634,0.0036846983,0.0000904220,0.0000000000,0.4126296991,0.0840811990,0.3235300766,0.0000000000,0.3909211923096365,8.81,1.9751611995659237
0.0144037885,0.0126299815,0.7724160089,0.7724160089,0.0052984350,0.0005144764,0.1153258686,0.0000000000,0.0347679613,0.0129290596,0.8846741314,0.0012007031,0.0100335804,0.0022580657,0.0769501159,0.0040773285,0.0000000000,0.7494657659,0.7394321855,0.0000185955,0.6524626940,0.0064330207,0.0691487741,0.0756608258,0.3254620860,0.1757579874,0.0018838306,0.0021725779,0.0070898045,0.0001392082,0.0000000000,0.1559705343,0.0861208121,0.0698497223,0.0000000000,0.7564014517225011,6.5,3.3987595016724903
0.0099480236,0.0602465437,0.8116835687,0.8116835687,0.0053299600,-0.0000185252,0.1189819618,0.0126897508,0.0000000000,0.0130496687,0.8810180382,0.0196022908,0.0140976648,0.0052849703,0.1741975949,0.0106625664,0.0000000000,0.8301611162,0.8160634514,0.0091487943,0.6164916478,0.1345669341,0.0064732285,0.0238022146,0.2946456926,0.1570035780,0.0025644147,0.0005239981,0.0050362035,0.0001376157,0.0000000000,0.0570072830,0.0108954544,0.0461118286,0.0000000000,1.0298964922139986,8.7,3.3486732876722156
0.0206514469,0.0544327919,0.7779275357,0.7779275357,0.0051136435,0.0002019208,0.0552480470,0.0000000000,0.0006537185,0.0131399942,0.9447519530,0.0064892288,0.0070949911,0.0063276922,0.1189616224,0.0097578213,0.0000000000,0.7247390805,0.7176440894,0.0048132864,0.5847019776,0.0023877131,0.1138328348,0.0192380015,0.3135375257,0.1357059024,0.0021857923,0.0008152551,0.0064538927,0.0001665846,0.0000000000,0.1896137003,0.0588270927,0.1307866076,0.0000000000,0.8870326529932872,15.69,3.479117091983261
0.0095963241,0.0312692045,0.9215559596,0.9215559596,0.0041851949,0.0003151502,0.0678612961,0.0015757511,0.0002962412,0.0129652799,0.9321387039,0.0079071189,0.0060130661,0.0190445276,0.0879678799,0.0341496774,0.0000000000,0.3976786035,0.3916655374,0.0166966585,0.2508091482,0.0048722223,0.0001134541,0.0000000000,0.1810128298,0.0648106420,0.0041158618,0.0016324781,0.0059815511,0.0001827871,0.0000000000,0.5342647073,0.2322058309,0.2428421507,0.0000000000,1.6266238214450297,24.95,3.7535408379449837
0.0159739657,0.0214593957,0.8407927672,0.8407927672,0.0014363935,0.0003146001,0.1431809893,0.0559941424,0.0493405535,0.0111774817,0.8568190107,0.0061497932,0.0110346514,0.0191822017,0.0543626408,0.0344743783,0.0000000000,0.7841143464,0.7730796949,0.0151431228,0.6730841759,0.0042232957,0.0294650492,0.0604268603,0.2694535481,0.3095154226,0.0040238312,0.0030563816,0.0073151515,0.0001854616,0.0001163802,0.0448477784,0.0056360398,0.0308360955,0.0000000000,1.6026604833296074,11.23,4.42573369606517
0.0341917496,0.0702422353,0.8605648159,0.8605648159,0.0018437463,-0.0001349083,0.1373965703,0.0042121357,0.0000000000,0.0075998321,0.8626034297,0.0000000000,0.0023683895,0.0007944598,0.0001798777,0.0084542511,0.0000000000,0.3790622377,0.3766938482,0.0011392253,0.3692888836,0.0078846384,0.0660450893,0.0145401127,0.0685783667,0.2122406763,0.0007794700,0.0008094496,0.0059209737,0.0002548267,0.0000000000,0.5096984051,0.0000000000,0.5096984051,0.0000000000,0.3093097782040701,2.28,2.404564916208114
0.0321342318,0.1130599203,0.8214019500,0.8214019500,0.0046960255,0.0002832523,0.0690986613,0.0000000000,0.0000000000,0.0115586829,0.9309013387,0.0009093891,0.0102244154,0.0306906388,0.0566902213,0.0409150541,0.0000000000,0.7635513879,0.7533269726,0.0021268772,0.6629098462,0.0004000318,0.0121475496,0.0479988471,0.1872099148,0.4151535029,0.0012622122,0.0011603407,0.0064775336,0.0001639882,0.0000000000,0.0749127881,0.0000000000,0.0749127881,0.0000000000,0.5320193433017141,7.23,3.1223284068861923
0.0082566354,0.1211087692,0.8943273357,0.8943273357,0.0040166752,0.0000000000,0.0915615469,0.0005618929,0.0022083126,0.0109115178,0.9084384531,0.0078198802,0.0058299452,0.0028806211,0.0807776205,0.0225223346,0.0000000000,0.5179621692,0.5121322239,0.0582332027,0.3486557511,0.0704770691,0.0143491244,0.0030302956,0.1327858354,0.1280134265,0.0032314974,0.0013004507,0.0049343518,0.0001374061,0.0000000000,0.3429705730,0.2188290545,0.0562947950,0.0000000000,1.2892520722744727,14.24,2.850856334848802
0.0164381463,0.0672386059,0.7647491383,0.7647491383,0.0060130218,0.0003829950,0.1174492532,0.0000000000,0.0351129835,0.0144465722,0.8825507468,0.1525545768,0.0076675603,0.0022596706,0.1404059747,0.0049482957,0.0080275756,0.8613328227,0.8536652624,0.0058828035,0.5495135963,0.2508004596,0.0280735350,0.0275679816,0.0943240138,0.1487476063,0.0025430869,0.0002834163,0.0054232095,0.0001378782,0.0000000000,0.0128762926,0.0126388357,0.0000000000,0.0000000000,1.0171373863092388,8.67,3.640572042655204
0.0215913363,0.0197545627,0.8399109966,0.8399109966,0.0053161655,0.0000000000,0.0821678860,0.0015409175,0.0049987364,0.0124598591,0.9178321140,0.0236222656,0.0097016167,0.0075535777,0.0485820477,0.0128450885,0.0000000000,0.7169765965,0.7072749798,0.0342607602,0.5974691971,0.0702442662,0.0466065914,0.0182198088,0.3824372384,0.0799612922,0.0017997917,0.0012019157,0.0065673905,0.0001602554,0.0000000000,0.2128284466,0.0876196522,0.0706757232,0.0000000000,0.7190690272405881,8.83,3.07879790075924
0.0099507306,0.0711602326,0.8726580879,0.8726580879,0.0030021669,0.0000000000,0.1078601087,0.0059599469,0.0010733554,0.0119562103,0.8921398913,0.0055604650,0.0085061395,0.0205672643,0.0495962812,0.0308327381,0.0000000000,0.6092784712,0.6007723316,0.0019853039,0.5212794719,0.0095956356,0.0423410445,0.0217213231,0.1128274037,0.3347940651,0.0032684881,0.0011944105,0.0065087301,0.0001614068,0.0000000000,0.2654133427,0.2654133427,0.0000000000,0.0000000000,1.2932505493321198,12.25,3.8240571799086207
0.0263544683,0.1568753001,0.8182400279,0.8182400279,0.0028813831,0.0000000000,0.1526550926,0.0000000000,0.0000000000,0.0122968116,0.8473449074,0.0025903343,0.0219305267,0.0030996697,0.0547171733,0.0234730853,0.0000000000,0.4105097720,0.3885792453,0.0000000000,0.3297291791,0.0008003842,0.0340527089,0.0000000000,0.0732278767,0.2216482093,0.0015134537,0.0037254246,0.0115982945,0.0002328390,0.0104486517,0.3633016575,0.3596635476,0.0000000000,0.0000000000,0.5991516818735012,3.99,4.12141287384145
0.0092237357,0.0955441184,0.8552137924,0.8552137924,0.0038383861,0.0002764080,0.1150428617,0.0000000000,0.0016814821,0.0113834037,0.8849571383,0.0000000000,0.0070751240,0.0002966779,0.0572892481,0.0005445238,0.0000000000,0.6614591395,0.6543840155,0.0036292373,0.5982667374,0.0011848691,0.0870574708,0.0906922363,0.3374186439,0.0819135175,0.0024766159,0.0012484429,0.0055336886,0.0001492603,0.0012852973,0.2102930662,0.0484847312,0.1618083350,0.0000000000,1.003127309096066,8.66,3.2012337396119444
0.0145864960,0.0694417973,0.7547285491,0.7547285491,0.0070973219,0.0001332830,0.0900526868,0.0002918899,0.0145944930,0.0147837549,0.9099473132,0.0181544830,0.0054032945,0.0004038476,0.1405376371,0.0024817302,0.0000000000,0.6686370343,0.6632337398,0.0013328304,0.5059837421,0.0431410548,0.0692591995,0.0181984664,0.2829412368,0.0924437845,0.0030175281,0.0006450899,0.0043863449,0.0000892996,0.0000000000,0.2190733363,0.0137134921,0.0226394574,0.0000000000,1.2252350249992052,13.65,3.305114918937429
0.0197407497,0.0222549802,0.8704529213,0.8704529213,0.0036423682,0.0001383878,0.0799472133,0.0000000000,0.0027577930,0.0105678496,0.9200527867,0.0000099639,0.0095232981,0.0000697475,0.0320157519,0.0004195920,0.0000000000,0.7914810655,0.7819577674,0.0038803953,0.7532334321,0.0001466911,0.0577176965,0.0628989376,0.3809280511,0.2515420558,0.0007041174,0.0015504974,0.0075908502,0.0001721545,0.0000000000,0.1363203335,0.0002407949,0.1253948897,0.0000000000,0.2801492918219037,3.52,2.9624034513622175
0.0140996855,0.2895544100,0.8945199514,0.8945199514,0.0012114637,0.0000656818,0.0676254583,0.0000000000,0.0053761741,0.0086699929,0.9323745417,0.1048572881,0.0045320418,0.0080423672,0.0311282911,0.0107912707,0.0000000000,0.4392017963,0.4346697545,0.0000608164,0.2651572835,0.0726221377,0.0064830334,0.0001727187,0.0520491494,0.1338302443,0.0020774899,0.0030700143,0.0084096985,0.0002894863,0.0000000000,0.2458419794,0.0000000000,0.2456230402,0.0000000000,0.8545127076245748,12.44,3.230730931798754
0.0200334774,0.0950312222,0.8646440840,0.8646440840,0.0030341604,0.0001460521,0.0857869845,0.0031329604,0.0071322101,0.0116727116,0.9142130155,0.0186230725,0.0082848760,0.0187891710,0.0224605194,0.0269523369,0.0000000000,0.6257701742,0.6174852981,0.0015049092,0.5510817161,0.1369195325,0.0411508904,0.0122798301,0.0727740302,0.2879574330,0.0037773078,0.0018256510,0.0065408423,0.0002033274,0.0003279012,0.2411463084,0.0531586627,0.1783381850,0.0000000000,1.5472844073557595,17.6,3.7578161314207903
0.0145603896,0.0527096282,0.8965361829,0.8965361829,0.0027187148,-0.0000654236,0.0728528332,0.0000000000,0.0036055683,0.0112310544,0.9271471668,0.0000000000,0.0041289572,0.0001671937,0.0184785374,0.2564096972,0.0000000000,0.5654127140,0.5612837568,0.0000000000,0.2904299786,0.0000000000,0.0045723840,0.0658088903,0.0629884055,0.1570602988,0.0018972849,0.0005597354,0.0072402137,0.0001744630,0.0000000000,0.3282375604,0.1689019736,0.1593355868,0.0000000000,0.7550881659458131,10.29,3.6250783602015306
0.0264898624,0.0257880626,0.8593060801,0.8593060801,0.0060099299,0.0000000000,0.0880450876,0.0023085518,0.0008772497,0.0142960918,0.9119549124,0.0063900714,0.0076120648,0.0023008566,0.0256049175,0.0050803530,0.0000000000,0.8265277226,0.8189156578,0.0000000000,0.7894539198,0.1055931593,0.1724934514,0.0296217977,0.1261823633,0.3555631481,0.0016560012,0.0015390345,0.0075535815,0.0001400521,0.0000000000,0.0834125936,0.0239812361,0.0533875689,0.0000000000,0.6639685232022597,7.57,3.6180516180516182
0.0139861303,0.0381179319,0.8612904506,0.8612904506,0.0036011502,0.0000563080,0.0988639868,0.0000000000,0.0000000000,0.0114522720,0.9011360132,0.0103568261,0.0080776333,0.0534695304,0.0842226366,0.0825692300,0.0000000000,0.5725547307,0.5644770974,0.0038353402,0.3912904378,0.0217937414,0.0268908918,0.0186622508,0.1442929959,0.1796505579,0.0024852288,0.0015625460,0.0065752345,0.0001791617,0.0000000000,0.3603108200,0.1258905296,0.1001731470,0.0000000000,0.9830211195152724,10.16,3.2800777381097186
0.0357315652,0.1137705153,0.8904198343,0.8904198343,0.0030880689,0.0001388369,0.0648284102,0.0000000000,0.0000000000,0.0107114759,0.9351715898,0.0000000000,0.0062182095,0.0127772005,0.0611218862,0.0153309577,0.0000000000,0.5189133700,0.5126951605,0.0007488777,0.4417158556,0.0160924570,0.0259709116,0.0246414432,0.1976826862,0.1773283576,0.0005974193,0.0012958109,0.0080020531,0.0001977374,0.0042913219,0.3042294763,0.0425051222,0.2617243541,0.0000000000,0.24469838124266283,3.7,3.376368680081148
0.0183830635,0.0377704899,0.8462973266,0.8462973266,0.0049310416,0.0002196129,0.0609996779,0.0000000000,0.0000000000,0.0119293725,0.9390003221,0.0003367398,0.0082193786,0.0106439050,0.0383941905,0.0177915727,0.0000000000,0.6537348833,0.6455155047,0.0000000000,0.5970952534,0.0083423619,0.0673655237,0.0342976780,0.1737635794,0.3133261105,0.0005739217,0.0012005505,0.0072911481,0.0002283974,0.0010277884,0.2520423999,0.0731515915,0.1788908085,0.0000000000,0.22900038702233777,3.71,3.0159203367988026
0.0261194979,0.1117590423,0.7521463477,0.7521463477,0.0051483278,0.0000000000,0.1001035479,0.0154958490,0.0002325286,0.0107471797,0.8998964521,0.0000000000,0.0045343070,0.0031754682,0.0463058841,0.0038112885,0.0000000000,0.7084164441,0.7038821371,0.0000000000,0.6582992715,0.0003342598,0.0363398550,0.0000000000,0.1182444093,0.5033807474,0.0000871982,0.0007157520,0.0061983396,0.0001743964,0.0000000000,0.1262194125,0.1240321907,0.0000690319,0.0000000000,0.03606927555235775,0.35,2.4339104854790627
0.0195059669,0.0192197237,0.8987414716,0.8987414716,0.0040394187,0.0000000000,0.0572806520,0.0183553446,0.0034047874,0.0101974136,0.9427193480,0.0026835299,0.0064517708,0.0083330665,0.0090788054,0.0211217343,0.0000000000,0.5505925422,0.5441407714,0.0000000000,0.5195822356,0.0508571289,0.0498778758,0.0026590486,0.0752951412,0.3408930411,0.0015008936,0.0029622404,0.0076419399,0.0002033833,0.0000000000,0.3597342458,0.0471943459,0.3039111742,0.0000000000,0.5932161601162614,10.05,2.6241005985477166
0.0197900874,0.0318933884,0.8880234083,0.8880234083,0.0052002080,0.0000000000,0.0776369083,0.0116089151,0.0065295570,0.0114477819,0.9223630917,0.0254590465,0.0095727773,0.0064123692,0.0661195462,0.0098840573,0.0000000000,0.7046098745,0.6950370973,0.0000000000,0.6031472245,0.0828810617,0.0120886526,0.0124914856,0.2255571913,0.2701288333,0.0005419935,0.0011828642,0.0068298507,0.0001501469,0.0000000000,0.2008964866,0.1313235628,0.0691151590,0.0000000000,0.2163367105491554,2.78,2.7213488702254764
0.0064985815,0.0335575426,0.8820162834,0.8820162834,0.0036246823,0.0001661569,0.0860385115,0.0676935574,0.0000000000,0.0123325354,0.9139614885,0.0018031102,0.0033846779,0.0251327717,0.0307451830,0.0593857117,0.0000000000,0.5755367791,0.5721521013,0.0011507905,0.4821996714,0.0159633716,0.0951956036,0.0038831486,0.1344947907,0.2326627569,0.0035816046,0.0015261820,0.0054093306,0.0001230792,0.0000000000,0.2685095725,0.1084389250,0.1358486618,0.0000000000,1.4327785009370297,16.63,3.772088544113776
0.0328254029,0.0293108480,0.8778465319,0.8778465319,0.0021337493,0.0000000000,0.0883470310,0.0000000000,0.0000000000,0.0132832025,0.9116529690,0.0000000000,0.0092585099,0.0010031074,0.0757064059,0.0052902267,0.0000000000,0.7737686182,0.7645101083,0.0011993143,0.6915726713,0.0009074566,0.0489707725,0.0473447084,0.4380342038,0.1563155300,0.0027934948,-0.0004071292,0.0079488293,0.0001741336,0.0000000000,0.1503336742,0.0490320872,0.1013015871,0.0000000000,1.1030061517529226,12.55,4.757600216635118
0.0221920871,0.0329720171,0.9316278473,0.9316278473,0.0041552896,0.0003206949,0.0654309223,0.0366508457,0.0009712474,0.0109036266,0.9345690777,0.0808242775,0.0093734538,0.0199288974,0.0673184409,0.0465465741,0.0000000000,0.5106195825,0.5012461288,0.0252386886,0.2896745405,0.0635021716,0.0036238524,0.0087045759,0.0851261705,0.1287177702,0.0013835694,0.0009162711,0.0059603438,0.0001603475,0.0002473932,0.3861120783,0.1992431600,0.1435247118,0.0000000000,0.5477489242265541,8.6,2.8660026996461276
0.0044649086,0.1622715223,0.8906795033,0.8906795033,0.0026231338,0.0000000000,0.1083019394,0.0516255058,0.0000000000,0.0104088182,0.8916980606,0.2487930794,0.0073391935,0.0066973629,0.0215850426,0.0105343937,0.0000000000,0.4512627320,0.4439235384,0.0000000000,0.1703641691,0.1551555742,0.0000000000,0.0000000000,0.0148597740,0.0003488210,0.0030277662,0.0001255756,0.0049113995,0.0001953398,0.0000000000,0.3214734198,0.0755546254,0.2448723315,0.0000000000,1.1851366388814932,11.37,3.1821843300233104
0.0252027816,0.0449808750,0.9013143860,0.9013143860,0.0048890695,0.0003914387,0.0614206485,0.0076252261,0.0001650567,0.0124412271,0.9385793515,0.0896440322,0.0092607876,0.0072370494,0.1189836685,0.0221215065,0.0000000000,0.7196939993,0.7104332117,0.0009159666,0.4762784878,0.0572074632,0.0483903062,0.0667585678,0.2123652880,0.0915568627,0.0071437565,0.0007991874,0.0057867690,0.0001298272,0.0000000000,0.1767854661,0.0317339365,0.1294716165,0.0000000000,2.890112384461489,48.59,3.3031392092268756
0.0244913931,0.0292113618,0.8783296959,0.8783296959,0.0030256210,0.0006051242,0.1071190844,0.0427056313,0.0014280931,0.0142365551,0.8928809156,0.0199448934,0.0191340269,0.0266980793,0.1347813283,0.0329873368,0.0000000000,0.7826918345,0.7635578075,0.0013151366,0.5936631395,0.0758462662,0.0266214303,0.0036025060,0.1897427415,0.2978501955,0.0022591303,0.0005123385,0.0080118443,0.0001775031,0.0000000000,0.0958557061,0.0040462638,0.0918094424,0.0000000000,0.896582778806224,8.41,4.939456553133818
0.0150671180,0.0118924228,0.8024676370,0.8024676370,0.0040952119,0.0001087224,0.0795105316,0.0000000000,0.0150689300,0.0099154864,0.9204894684,0.0016453329,0.0063348941,0.0116713538,0.0488109389,0.0304187264,0.0000000000,0.6659285621,0.6595936680,0.0002210690,0.5845407564,0.0197005059,0.0310293841,0.0569379412,0.0995517011,0.3773212241,0.0007610571,0.0012484960,0.0061446298,0.0001594596,0.0000000000,0.2550628416,0.0708308569,0.1842319847,0.0000000000,0.3041979314540661,3.82,2.539567079715287
0.0026682771,0.0407557805,0.8769177374,0.8769177374,0.0038996828,0.0001721469,0.0709495151,0.0000000000,0.0011633799,0.0098054323,0.9290504849,0.0144547871,0.0052477041,0.0102288582,0.0462047854,0.0164233703,0.0000000000,0.5175680084,0.5123203043,0.0087336790,0.4316347709,0.0764276740,0.0374058572,0.0302798081,0.1000145770,0.1875068546,0.0026488411,0.0009162658,0.0033443702,0.0000957914,0.0000000000,0.3973705948,0.1024454579,0.2919778153,0.0000000000,1.0518749961236917,14.89,2.5244755141007746
0.0043242195,0.4196884087,0.8357599239,0.8357599239,0.0012256972,0.0000000000,0.1532188346,0.0000000000,0.0023226376,0.0126666522,0.8467811654,0.0014447508,0.0117352561,0.0014547838,0.0600641777,0.0084645008,0.0000000000,0.3847635642,0.3730283081,0.0081986265,0.3074911333,0.0222197326,0.0341874196,0.0487252248,0.1577303366,0.0446284198,0.0079578347,0.0019681386,0.0054512589,0.0001471505,0.0002458083,0.1806573951,0.0105831342,0.1700742609,0.0000000000,3.1616772036529697,21.22,4.725892860997311
0.0210466657,0.0171262502,0.7279231599,0.7279231599,0.0047513732,0.0000000000,0.1009677461,0.0331019436,0.0000000000,0.0110709126,0.8990322539,0.0014190200,0.0101291606,0.0055226724,0.0073294726,0.0066178319,0.0000000000,0.8503296132,0.8402004526,0.0008266963,0.8341067631,0.0373803101,0.0197597467,0.3708031312,0.1853887816,0.2207747934,0.0014658945,0.0014999851,0.0059828951,0.0001278396,0.0000000000,0.0688416450,0.0228236367,0.0460180083,0.0000000000,0.5911516286742909,5.85,2.6895419798873768
0.0235928858,0.0253154433,0.8626383429,0.8626383429,0.0031252115,0.0001353438,0.0616983187,0.0000000000,0.0000000000,0.0092341386,0.9383016813,0.0000000000,0.0059428234,0.0255246110,0.0539345059,0.0401786538,0.0000000000,0.4693784643,0.4634356409,0.0060904712,0.3691748334,0.0000000000,0.0000000000,0.0000000000,0.1554423589,0.2137324745,0.0018332933,0.0012796141,0.0051430646,0.0001476478,0.0001784077,0.4487323822,0.2098013522,0.2300660109,0.0000000000,0.7411068729579926,11.94,2.685471275869296
0.0011484099,0.1521706209,0.7551615346,0.7551615346,0.0028016153,0.0000000000,0.2388566381,0.0355123675,0.0000000000,0.0144497728,0.7611433619,0.3370646138,0.0079379101,0.0316002019,0.0742554266,0.0377460878,0.0000000000,0.7695734478,0.7616355376,0.0000000000,0.3205073195,0.2562089854,0.0000000000,0.0000000000,0.0313604240,0.0329379101,0.0069409389,0.0003785967,0.0055653710,0.0001135790,0.0000000000,0.0335058051,0.0019560828,0.0315497224,0.0000000000,2.8408907483810153,11.73,4.95793410459737
0.0383362931,0.0123100287,0.8503351651,0.8503351651,0.0063669934,0.0000000000,0.0815952639,0.0000000000,0.0018025365,0.0133284808,0.9184047361,0.1793371391,0.0102312048,0.0080513933,0.0889568916,0.0140982744,0.0000000000,0.7420619798,0.7318307750,0.0004077620,0.4590961404,0.1795229185,0.0195773376,0.0379733087,0.1538748819,0.0681476937,0.0012718743,0.0010346483,0.0062726746,0.0001524344,0.0000000000,0.1948597223,0.1446440276,0.0502156946,0.0000000000,0.5037533872462661,6.18,2.9788561143600267
0.0157777520,0.0263523949,0.8658274523,0.8658274523,0.0049880674,0.0000000000,0.0667817566,0.0011549098,0.0038692486,0.0125987425,0.9332182434,0.0066377237,0.0073204439,0.0073054060,0.1115164657,0.0128799510,0.0000000000,0.7621818171,0.7548613732,0.0160544492,0.6149563826,0.0237794122,0.0769157893,0.0413045669,0.2810506070,0.1919060072,0.0018797360,0.0013910046,0.0067640420,0.0001548902,0.0000000000,0.1715672637,0.0401195813,0.1314476824,0.0000000000,0.7564296520423601,11.32,3.2607067441736852
0.0158262826,0.1783782462,0.8800948794,0.8800948794,0.0019269330,0.0003668020,0.0981024111,0.0000000000,0.0000000000,0.0145057955,0.9018975889,0.0076148090,0.0107644153,0.0744167849,0.0630459236,0.0991539101,0.0000000000,0.6037658336,0.5930014183,0.0088668264,0.4250843645,0.0236856263,0.0629089842,0.0054580134,0.1960825549,0.1369491857,0.0048222233,0.0023230792,0.0081625666,0.0002592067,0.0000000000,0.1828287768,0.0675991588,0.0969335355,0.0000000000,1.9905469209358195,20.04,5.592170526413058
0.0091927241,0.0697770594,0.8579752493,0.8579752493,0.0045597753,0.0000616630,0.0620379384,0.0001603239,0.0000230209,0.0090693980,0.9379620616,0.0000000000,0.0066505630,0.0744363177,0.0667185732,0.0788694783,0.0000000000,0.5846008511,0.5779502881,0.0026112237,0.4363020929,0.0000000000,0.0270569142,0.0231219908,0.1264610027,0.2596621853,0.0012727249,0.0017701400,0.0046502144,0.0001249704,0.0000000000,0.3058149057,0.0354373306,0.2350495935,0.0000000000,0.5263697024591547,8.12,1.9745788720060695
0.0187226100,0.1539852894,0.7486951418,0.7486951418,0.0034924499,0.0010150233,0.1579948720,0.0000000000,0.0924392790,0.0109992929,0.8420051280,0.0374019252,0.0123558643,0.0020396677,0.0351650255,0.0091712888,0.0000000000,0.5248825026,0.5125266383,0.0000000000,0.4431490737,0.0251831612,0.0067323465,0.0058856920,0.0516675727,0.3536803013,-0.0037209504,0.0413537813,0.0527956436,0.0015417771,0.0000000000,0.1781341851,0.0353333943,0.1428007909,0.0000000000,-1.4937190417797175,-9.31,3.6186765916495647
0.0185279122,0.0377593223,0.9110723159,0.9110723159,0.0034045594,0.0000388775,0.0811743971,0.0000000000,0.0000000000,0.0116762133,0.9188256029,0.0019642401,0.0081291030,0.0707829931,0.1124356207,0.0811170065,0.0000000000,0.7114233243,0.7032942213,0.0474731467,0.4674761829,0.0114670152,0.0892683252,0.0479100559,0.1587220776,0.1601087089,0.0020123742,0.0031472273,0.0071312468,0.0001851310,0.0000000000,0.2009134364,0.0526679231,0.1361934841,0.0000000000,0.8147089823164305,10.05,3.5942004502805958
0.0146468552,0.0199840833,0.8437289454,0.8437289454,0.0043235919,-0.0000007536,0.1060014801,0.0000000000,0.0267283440,0.0115004379,0.8939985199,0.0096608200,0.0117890793,0.0048647003,0.0812401180,0.0117762675,0.0000000000,0.7508384166,0.7390493373,0.0091106680,0.6386104215,0.0372287110,0.0285016422,0.0297127302,0.2318446069,0.3113227312,0.0021599119,0.0028238624,0.0073336016,0.0001786110,0.0003843528,0.1601123214,0.0073562106,0.1354986713,0.0000000000,0.8601853630426431,8.18,3.1464115528117564
0.0094892132,0.0387329755,0.8181241564,0.8181241564,0.0037271724,0.0000000000,0.1074269575,0.0081198476,0.0210623601,0.0112207694,0.8925730425,0.0013006743,0.0079093132,0.0521304564,0.0489438935,0.0946387774,0.0000000000,0.6322142598,0.6243049466,0.0002248079,0.4870641782,0.0051786108,0.0365973003,0.0760707146,0.2660021749,0.1032153776,0.0026290036,0.0021909850,0.0065408397,0.0001900162,0.0000000000,0.2592142250,0.1100443639,0.1155673233,0.0000000000,1.0530951868332727,9.89,3.2800199925028113
0.0253067893,0.0211130928,0.9100930326,0.9100930326,0.0057818720,0.0002663873,0.0725486664,0.0000000000,0.0000000000,0.0135578428,0.9274513336,0.0506389489,0.0090647778,0.0351250625,0.0773994515,0.0519226817,0.0000000000,0.7158409085,0.7067761307,0.0000000000,0.5354967361,0.0161861971,0.0761715331,0.0406760655,0.1941760135,0.2082869270,0.0021031908,0.0015323610,0.0068930874,0.0001902766,0.0000000000,0.2166616349,0.1639829208,0.0507759480,0.0000000000,0.850843273950494,11.52,3.355672550954355
0.0025209360,0.0700547280,0.9170604881,0.9170604881,0.0039430024,0.0000000000,0.0786374018,0.0000000000,0.0155493629,0.0096743611,0.9213625982,0.0531910309,0.0058678196,0.0248574342,0.0332174613,0.0320467702,0.0000000000,0.4215996093,0.4157317896,0.0064280276,0.2886794892,0.1442248301,0.0052573366,0.0000000000,0.0166123217,0.1225850008,0.0026071218,0.0004596578,0.0035838947,0.0000933680,0.0000000000,0.4668040852,0.2332619906,0.2335420946,0.0000000000,1.0536016195859608,13.16,2.4698044738124896
0.0114020088,0.0823717903,0.8812380556,0.8812380556,0.0033480379,0.0001724311,0.0715158134,0.0018177116,0.0000000000,0.0118977483,0.9284841866,0.2528271522,0.0095771126,0.0053309959,0.0526777118,0.0104248991,0.0000000000,0.6214992887,0.6119221761,0.0000000000,0.3055623410,0.2116304801,0.0000000000,0.0000000000,0.0137010906,0.0802307703,0.0027804521,0.0002802006,0.0056183812,0.0001436926,0.0000000000,0.2576336701,0.0032905608,0.2532007529,0.0000000000,1.0990064215200792,15.42,3.5982507663291416
0.0119603236,0.0356483005,0.7257414452,0.7257414452,0.0041253052,0.0000000000,0.2530396381,0.0000000000,0.0000000000,0.0079421692,0.7469603619,0.0000000000,0.0007982733,0.0008962398,0.0550050897,0.0039852438,0.0000000000,0.0830518074,0.0822535341,0.0000000000,0.0231254353,0.0000000000,0.0000000000,0.0040855063,0.0180924099,0.0009475191,0.0111390894,0.0000994972,0.0018384013,0.0000321452,0.0000000000,0.8573103622,0.0657048608,0.0000482179,0.0000000000,4.475478886849936,18,1.5779286166862707
0.0084208547,0.1160452393,0.8617940346,0.8617940346,0.0021701809,0.0000000000,0.1319110585,0.0000000000,0.0005639706,0.0135684685,0.8680889415,0.0366691456,0.0097008468,0.0047633397,0.2087796948,0.0224233594,0.0000000000,0.6050021978,0.5953013510,0.0000000000,0.3366461997,0.0717127289,0.0481614283,0.0000000000,0.1343245208,0.0824475217,0.0049706818,0.0011721741,0.0075997799,0.0002101067,0.0000000000,0.2415231629,0.0525432585,0.1889799044,0.0000000000,1.9716128324800735,15.24,4.8426832670200115
0.0090717054,0.1338854114,0.8696266345,0.8696266345,0.0035898034,0.0000388787,0.0231069295,0.0000000000,0.0000000000,0.0101084717,0.9768930705,0.0117413786,0.0046524889,0.0373754260,0.0881899356,0.0529010018,0.0000000000,0.3484053238,0.3437528349,0.0147868797,0.1758874072,0.0177287042,0.0220183248,0.0000000000,0.0324767052,0.1036636730,0.0022160880,0.0011534025,0.0053393466,0.0001425554,0.0000000000,0.4993196221,0.2122131073,0.1151847388,0.0000000000,0.8891257579992071,34.75,2.7495165797762944
0.0008538514,0.2627342842,0.8826864126,0.8826864126,0.0040312986,0.0001119805,0.1122324715,0.0354558307,0.0000000000,0.0116459736,0.8877675285,0.1094749514,0.0064388796,0.0591537073,0.0439663499,0.0924819081,0.0000000000,0.3327361039,0.3262972243,0.0000000000,0.0865609384,0.0444702622,0.0000000000,0.0000000000,0.0385492924,0.0035413838,0.0041852718,0.0006158928,0.0039333156,0.0000979830,0.0000000000,0.3677300150,0.0284570485,0.3392729665,0.0000000000,1.7345273920452486,15.06,3.309581207175829
0.0024993834,0.1116171997,0.8932829072,0.8932829072,0.0031242292,0.0001479898,0.1052207515,0.0033051056,0.0000000000,0.0179396530,0.8947792485,0.3308887610,0.0060511387,0.0564498890,0.0648195347,0.1715201842,0.0000000000,0.7180136479,0.7119625092,0.0000000000,0.1487790841,0.0392501850,0.0000000000,0.0000000000,0.0144865576,0.0950423415,0.0076296966,0.0014798981,0.0085176355,0.0002959796,0.0000000000,0.1554057387,0.0151114034,0.1402943353,0.0000000000,3.109685094119914,29.62,6.366310136812076
0.0145842070,0.0064912387,0.7899915171,0.7899915171,0.0070932048,0.0000958077,0.0970315361,0.0000000000,0.0023612041,0.0146952918,0.9029684639,0.0135619423,0.0117288057,0.0410750975,0.1551906046,0.0656506628,0.0000000000,0.7427881606,0.7310593549,0.0159447001,0.4637239923,0.0421840510,0.0784751582,0.0495431251,0.2480000881,0.0455215699,0.0032240656,0.0037257237,0.0069796330,0.0001170062,0.0000000000,0.2123289480,0.0002951209,0.0288864385,0.0000000000,1.2963655194581016,13.61,3.2442024606829913
0.0045283094,0.0412971865,0.9187690960,0.9187690960,0.0033489585,0.0000000000,0.0774191622,0.0000000000,0.0066879646,0.0137043561,0.9225808378,0.0377342529,0.0057872789,0.0138436887,0.1309726410,0.0245772749,0.0000000000,0.6157853880,0.6099981091,0.0000000000,0.4202320883,0.1093959932,0.0180336190,0.0128434797,0.1198011525,0.1601578439,0.0044437146,0.0007613531,0.0062351337,0.0001592373,0.0007414485,0.3141402681,0.1372774411,0.1725833259,0.0000000000,1.7527890298567887,21.57,4.260731807816631
0.0088486439,0.0261919861,0.8189714926,0.8189714926,0.0021384223,0.0000000000,0.0919816538,0.0005161709,0.0000000000,0.0097040129,0.9080183462,0.1359151710,0.0053829251,0.0076983202,0.1197516481,0.0100727064,0.0000000000,0.4151341307,0.4097512056,0.0000000000,0.1475068946,0.0548468447,0.0000000000,0.0000000000,0.0508649549,0.0417950949,0.0018139720,0.0009733508,0.0073148790,0.0002212161,0.0000000000,0.5276741339,0.1712655036,0.3564086304,0.0000000000,0.7033344054894393,7.96,3.1292890474883337
0.0131249549,0.0639512778,0.8873497022,0.8873497022,0.0029817673,0.0000000000,0.1039625616,0.0045053578,0.0043649912,0.0112402271,0.8960374384,0.0477641515,0.0098965240,0.0166218538,0.0570256189,0.0250860938,0.0000000000,0.6600076588,0.6501111349,0.0310537168,0.4989826831,0.1608028422,0.0118194096,0.0047302168,0.1277567379,0.1938734766,0.0029436094,0.0016298874,0.0063519276,0.0001962406,0.0000000000,0.2380289809,0.1085687653,0.1264866250,0.0000000000,1.1756045723398205,11.32,3.5073833748002317
0.0017061752,0.1073324322,0.8357950612,0.8357950612,0.0076571824,0.0008324816,0.0956117504,0.0000000000,0.0000000000,0.0172018727,0.9043882496,0.1500445089,0.0183310804,0.0021347796,0.1502340839,0.0087286934,0.0000000000,0.8383914147,0.8200603343,0.0000000000,0.5046239821,0.1420658732,0.0048794962,0.0252217204,0.2718176123,0.0606392799,0.0044921038,0.0003626653,0.0045827701,0.0001071511,0.0000000000,0.0388134252,0.0230869408,0.0157264845,0.0000000000,1.7683035641861748,18.83,3.9628355833889435
0.0132194443,0.0431345667,0.9044600541,0.9044600541,0.0027085869,0.0002310643,0.0572012467,0.0280152605,0.0002053905,0.0088677337,0.9427987533,0.0008343988,0.0068369354,0.0002336317,0.0265159101,0.0007650795,0.0000000000,0.5431268646,0.5362899292,0.0203927066,0.4949088837,0.0165929828,0.0221770363,0.0190576685,0.0760946029,0.3609865931,0.0004852350,0.0009935764,0.0064929063,0.0001591776,0.0000000000,0.3460803796,0.0443951507,0.3016852288,0.0000000000,0.19577123768337368,3.37,2.6349028523729503
0.0086673671,0.0179637412,0.7997629438,0.7997629438,0.0068099779,-0.0002020365,0.0977843327,0.0000000000,0.0020567319,0.0118487689,0.9022156673,0.0007165562,0.0108641776,0.0008081461,0.0476684985,0.0078619148,0.0000000000,0.8758781854,0.8650140079,0.0001171812,0.8184270783,0.0000000000,0.0820376057,0.2064611282,0.3808146113,0.1491137331,0.0008108399,0.0007111686,0.0050239750,0.0001266096,0.0000000000,0.0785006196,0.0509980604,0.0270594257,0.0000000000,0.32267271633343025,3.49,2.1065315993817237
0.0302752541,0.3514679320,0.9114118567,0.9114118567,0.0020219448,0.0008087779,0.0864583614,0.0000000000,0.0000000000,0.0107297873,0.9135416386,0.0241285418,0.0096244574,0.0377699296,0.0692044321,0.0678834281,0.0000000000,0.5598630469,0.5502385895,0.0057423233,0.3929043216,0.0959749818,0.0000000000,0.0000000000,0.0314614617,0.2654678780,0.0014288410,0.0007009409,0.0071711644,0.0002156741,0.0057962419,0.0492006578,0.0426765158,0.0066050198,0.0000000000,0.5682808165015882,6.67,3.7362637362637363
0.0006231571,0.0269325470,0.7600693072,0.7600693072,0.0041037177,0.0000000000,0.0211417454,0.0000000000,0.0000000000,0.0101832994,0.9788582546,0.1365930024,0.0103960847,0.0145757972,0.0515548530,0.0236647719,0.0000000000,0.5257318297,0.5153357449,0.0000000000,0.2950421011,0.0818463690,0.0037237438,0.0000000000,0.0154877344,0.1939842539,0.0008815394,0.0015198954,0.0065659483,0.0001823875,0.0000000000,0.4223029456,0.4223029456,0.0000000000,0.0000000000,0.3453871462387042,14.86,2.5198636123819798
0.0317099249,0.0798829221,0.9064072064,0.9064072064,0.0040549571,0.0000000000,0.0868942290,0.0000000000,0.0000000000,0.0118815322,0.9131057710,0.0006923097,0.0086926305,0.0043864104,0.0129079682,0.0069257705,0.0000000000,0.7331025634,0.7244099329,0.0000000000,0.7125337468,0.0128999492,0.0925823956,0.0519579803,0.3324343108,0.2226591110,0.0006415225,0.0007217129,0.0077971720,0.0001523616,0.0017347839,0.1364491727,0.0117318436,0.1247173291,0.0000000000,0.2535761501065152,2.97,3.347404703858147
0.0236712312,0.1362644169,0.9215994320,0.9215994320,0.0007099859,0.0000000000,0.0591780781,0.0287015567,0.0000000000,0.0100530979,0.9408219219,0.0197360967,0.0033913155,0.0434904114,0.0209596894,0.0629168335,0.0000000000,0.3316993587,0.3283080432,0.0000000000,0.2279961026,0.0071225179,0.0150985294,0.0000000000,0.0428181907,0.1629568646,0.0040106649,0.0022130411,0.0075454882,0.0002039321,0.0000000000,0.4743536485,0.0259975679,0.0836121664,0.0000000000,1.582618025751073,26.05,3.890395880017298
0.0029082900,0.1819798961,0.9006381297,0.9006381297,0.0026259318,0.0000000000,0.0965665236,0.0000000000,0.0000000000,0.0088378134,0.9034334764,0.0703636774,0.0131861306,0.0199909645,0.0420149085,0.0389936752,0.0000000000,0.4292410210,0.4160548904,0.0103060763,0.2674779761,0.1029195844,0.0142873278,0.0000000000,0.0247345832,0.1255364807,0.0014400271,0.0004235374,0.0048847978,0.0001411791,0.0000000000,0.3822283714,0.0911734809,0.2915066637,0.0000000000,0.581967563866661,6,2.6285526531953343
0.0013131203,0.0133666594,0.7446026226,0.7446026226,0.0041838731,0.0000000000,0.2514670724,0.0271680070,0.0040933130,0.0111117148,0.7485329276,0.0688437296,0.0221509817,0.0091284503,0.0254473665,0.0132760994,0.0000000000,0.3840016663,0.3618506846,0.0027168007,0.2737176701,0.1503568065,0.0000000000,0.0000000000,0.0693508658,0.0540099978,0.0044646091,0.0004256321,0.0026443527,0.0000815040,0.0005343041,0.5792490763,0.5613815837,0.0178674926,0.0000000000,1.7789083889242205,7.07,2.844593181342815
0.0083692052,0.0529444841,0.7316779519,0.7316779519,0.0086489347,0.0000000000,0.0953272883,0.0047251610,0.0064885911,0.0127617149,0.9046727117,0.0756082464,0.0114897015,0.0032868220,0.0934693550,0.0189195447,0.0170549961,0.6898149154,0.6783252139,0.0027708344,0.4814986321,0.1184777421,0.0495489834,0.0092613156,0.2680772847,0.0361333062,0.0011586095,0.0018702187,0.0044813427,0.0001001734,0.0000000000,0.1814405126,0.0688172449,0.0688437058,0.0380564468,0.48111472633902014,5.02,1.803572436879368
0.0156556035,0.0590720525,0.8819820112,0.8819820112,0.0052701275,0.0002866277,0.0991101166,0.0000000000,0.0000000000,0.0129995204,0.9008898834,0.0045669342,0.0090975623,0.0008942783,0.1502865321,0.0046357249,0.0000000000,0.7212354799,0.7121379176,0.0000000000,0.5550621313,0.0501923272,0.0676403090,0.0247569875,0.2372837633,0.1751887443,0.0025834708,0.0010031969,0.0050943292,0.0001203836,0.0000000000,0.1814620686,0.0540713550,0.1124019972,0.0000000000,1.0287686164698095,10.47,3.2666344983252946
0.0121767840,0.0955019450,0.8477289072,0.8477289072,0.0025293387,0.0000000000,0.1134688307,0.0000000000,0.0333962603,0.0126466935,0.8865311693,0.0997924226,0.0076615671,0.0011277827,0.0863080645,0.0044825275,0.0000000000,0.6183804060,0.6107188389,0.0000000000,0.4271844660,0.2415457161,0.0116088065,0.0000000000,0.1227199176,0.0513100258,0.0038042235,0.0007477690,0.0057451538,0.0001634468,0.0000000000,0.2332671374,0.0313981236,0.2014971724,0.0000000000,1.5021035096140272,13.19,4.301514259841169
0.0076245815,0.0216386214,0.8288340437,0.8288340437,0.0049773622,0.0002765201,0.0805927117,0.0000000000,0.0121521377,0.0105667556,0.9194072883,0.1645110387,0.0094385535,0.0048630672,0.0630760836,0.0117908181,0.0000000000,0.7673507160,0.7579121625,0.0284631380,0.4984551742,0.2021067146,0.0197177283,0.0074623564,0.1463713186,0.1227970564,0.0012019408,0.0007816302,0.0048298848,0.0001253558,0.0000000000,0.1592719041,0.0102386184,0.1490332856,0.0000000000,0.48294060460163885,6,2.4041311091948896
0.0065514235,0.0635075393,0.8555746424,0.8555746424,0.0034872144,0.0000000000,0.1390036678,0.0000000000,0.0000000000,0.0121588230,0.8609963322,0.3697169476,0.0081196383,0.0151714461,0.0330202062,0.0261179978,0.0000000000,0.6789131859,0.6707935476,0.0046788513,0.2453791830,0.2002517397,0.0000000000,0.0000000000,0.0450345884,0.0000928548,0.0032344429,0.0007686316,0.0053701038,0.0001186478,0.0000000000,0.2218198513,0.0000000000,0.2213143084,0.0000000000,1.3006814575100352,9.43,3.701807411322334
0.0048944204,0.0597945615,0.9025946784,0.9025946784,0.0062419751,0.0000953459,0.0944368874,0.0000000000,0.0000000000,0.0156430760,0.9055631126,0.2819186128,0.0118483111,0.0239254523,0.1947915740,0.0363267693,0.0000000000,0.8517372014,0.8398888903,0.0000000000,0.3381853778,0.1558396156,0.0000000000,0.0000000000,0.1626727349,0.0196730273,0.0045448189,0.0003305323,0.0049961226,0.0001207714,0.0000000000,0.0754376375,0.0204930016,0.0470372866,0.0000000000,1.8138978826230487,19.25,3.984509176629062
0.0011120244,0.3485471160,0.8410772132,0.8410772132,0.0039162597,0.0000000000,0.1494947541,0.0000000000,0.0000000000,0.0146013634,0.8505052459,0.4161388580,0.0091379394,0.0099598704,0.0848522942,0.0156650389,0.0000000000,0.6344340763,0.6252961369,0.0000000000,0.1175844897,0.0849489919,0.0000000000,0.0000000000,0.0251897694,0.0074457284,0.0030943287,0.0003384422,0.0072523328,0.0001933955,0.0000000000,0.0000000000,0.0000000000,0.0000000000,0.0000000000,1.230857994566916,8.37,4.506180706002294
0.0120531172,0.0560162111,0.8682452358,0.8682452358,0.0024437354,0.0002793826,0.1048995430,0.0218987669,0.0022057429,0.0113218936,0.8951004570,0.0257187204,0.0078089161,0.0586772441,0.0551884108,0.0710683798,0.0000000000,0.6603362939,0.6525273778,0.0017935673,0.4946658619,0.0984978874,0.0290126757,0.0168440114,0.1310925239,0.2192187635,0.0033698370,0.0009554195,0.0053496594,0.0001776321,0.0000000000,0.2213106838,0.0187169095,0.2025937743,0.0000000000,1.359546701803365,12.99,3.829968874063176
0.0146057521,0.0693019745,0.8179194993,0.8179194993,0.0037267862,0.0023587254,0.0949649074,0.0000000000,0.0094715931,0.0126663557,0.9050350926,0.1135438015,0.0090968178,0.0078126229,0.1090622232,0.0116547245,0.0000000000,0.6541374665,0.6450406487,0.0022643764,0.4172375656,0.2081208296,0.0045261321,0.0000000000,0.0808177963,0.1237728076,-0.0007757586,0.0006237518,0.0067014011,0.0001310403,0.0000000000,0.2260497639,0.1848900048,0.0317641694,0.0000000000,-0.3063088234533215,-3.25,3.854139301543181
0.0217074801,0.0193445988,0.8908062437,0.8908062437,0.0043438828,0.0000000000,0.0615661845,0.0000000000,0.0000000000,0.0100720798,0.9384338155,0.0177812783,0.0176261397,0.0067306315,0.0556947826,0.0125900998,0.0000000000,0.5470428183,0.5294166786,0.0000000000,0.4559644852,0.0637619934,0.0524010693,0.0087116330,0.1112702277,0.2198195618,0.0013723805,0.0005131510,0.0049286362,0.0001432049,0.0000000000,0.4036230846,0.1568451955,0.2464198768,0.0000000000,0.5443046212645617,8.81,2.427307206068268
0.0118545736,0.0242086934,0.7998407628,0.7998407628,0.0052303481,-0.0000749871,0.1150461556,0.0007928780,0.0244419253,0.0135147653,0.8849538444,0.0011573372,0.0116169308,0.0006848084,0.1176227334,0.0039318588,0.0012687151,0.8216189929,0.8100020621,0.0032481532,0.6922866976,0.0090662676,0.0748304796,0.0450424173,0.3092918905,0.2540556426,0.0028092583,0.0010740795,0.0060585142,0.0001428063,0.0000000000,0.0925704355,0.0717350574,0.0033192806,0.0000000000,1.1221543160406122,9.78,3.617213361420403
0.0000000000,0.5625461944,0.0000000000,0.0000000000,0.0000000000,0.0000000000,0.9563084868,0.0000000000,0.0000000000,0.0077418670,0.0436915132,0.0000000000,0.0000000000,0.0000000000,0.0000000000,0.0000000000,0.0000000000,0.0000000000,0.0000000000,0.0000000000,0.0000000000,0.0000000000,0.0000000000,0.0000000000,0.0000000000,0.0000000000,0.0076438594,0.0015519105,0.0003846616,0.0000000000,0.0000000000,0.0000000000,0.0000000000,0.0000000000,0.0000000000,3.0772516846566087,3.21,5.586904860822601
0.0074064533,0.1603658144,0.7993817222,0.7993817222,0.0034778128,0.0000000000,0.1522509178,0.0000000000,0.0000000000,0.0110774779,0.8477490822,0.1396921492,0.0077928769,0.0070200296,0.0841115476,0.0284021382,0.0000000000,0.5968957300,0.5891028531,0.0000000000,0.3446254911,0.1335093708,0.0000000000,0.0069556257,0.0188703549,0.1852901398,0.0007728473,0.0005152315,0.0071488375,0.0002576158,0.0000000000,0.2288916082,0.0000000000,0.2288916082,0.0000000000,0.3123983078424992,2.04,3.2080473051043294
0.0039136866,0.0210581816,0.8256675560,0.8256675560,0.0072824295,0.0001061579,0.1096150716,0.0005555595,0.0000000000,0.0138960644,0.8903849284,0.2565764797,0.0110581108,0.0075902873,0.1198557668,0.0150461079,0.0000000000,0.7182287207,0.7071706098,0.0000000000,0.3262620401,0.1932957770,0.0072045804,0.0000000000,0.0690379974,0.0567236852,0.0032625850,0.0004600174,0.0035315183,0.0000743105,0.0000000000,0.2531263491,0.1070955916,0.1460307575,0.0000000000,1.3146989257469597,11.99,2.7260395851869137
0.0052138614,0.0150457144,0.8395992775,0.8395992775,0.0047204067,0.0000000000,0.0809731300,0.0487589148,0.0000000000,0.0096363332,0.9190268700,0.0406588086,0.0082676945,0.0138632851,0.0436660894,0.0214792470,0.0000000000,0.4310746141,0.4228069195,0.0013034654,0.3239670037,0.1238105879,0.0000000000,0.0000000000,0.0326238758,0.1675325401,0.0009869095,0.0004375919,0.0043200566,0.0001210361,0.0005586280,0.4927843882,0.0519989572,0.4407854310,0.0000000000,0.3875083396547155,4.81,1.9795020315201959
0.0142191349,0.1018722733,0.8658901750,0.8658901750,0.0025878584,0.0000160987,0.0455028414,0.0000000000,0.0000000000,0.0081137209,0.9544971586,0.0388500732,0.0066527682,0.0089025549,0.0412970684,0.0138931371,0.0000000000,0.4875758649,0.4809230967,0.0000000000,0.3934470435,0.0642658210,0.0051113222,0.0066608175,0.0742952815,0.2431138014,0.0008371299,0.0035296296,0.0080131043,0.0002092825,0.0000000000,0.3409292142,0.0217895262,0.3191396880,0.0000000000,0.3451852466497946,7.49,2.5060403695177516
0.0006168571,0.1100505498,0.6638161376,0.6638161376,0.0099346456,0.0008830796,0.0940025259,0.0000000000,0.0000000000,0.0131098363,0.9059974741,0.0000000000,0.0094833660,0.0000000000,0.0166551412,0.0000129865,0.0000000000,0.7901484678,0.7806651018,0.0000000000,0.7729089357,0.0000000000,0.0150675459,0.1549577453,0.2482070562,0.3546765883,-0.0010259307,0.0001753173,0.0040550237,0.0000714256,0.0000000000,0.0829932503,0.0272163837,0.0423391221,0.0000000000,-0.3984553550319174,-4.33,1.2656958253391528
0.0094003170,0.0215833040,0.8495685100,0.8495685100,0.0048080310,0.0001320888,0.1078196548,0.0514265586,0.0000000000,0.0102941176,0.8921803452,0.0250088059,0.0109765763,0.0036192321,0.0677703417,0.0047992251,0.0000000000,0.4805829517,0.4696063755,0.0000000000,0.3829297288,0.0337574850,0.0179552659,0.0090480803,0.1302483269,0.1919205706,0.0013208876,-0.0002861923,0.0029235646,0.0000792533,0.0000000000,0.3946239873,0.1158066221,0.2488860514,0.0000000000,0.5344057074529557,4.89,2.380571404006945
0.0032693898,0.0398629220,0.7439437507,0.7439437507,0.0030133533,-0.0001969512,0.1359751054,0.0530783472,0.0000000000,0.0107535353,0.8640248946,0.0790168196,0.0045692677,0.0006105487,0.0135699374,0.0015953047,0.0000000000,0.6314058376,0.6268365699,0.0000000000,0.5372040808,0.4391223855,0.0000000000,0.0000000000,0.0465789577,0.0515027376,0.0018710364,0.0003348170,0.0060070115,0.0001575610,0.0000000000,0.2418954583,0.0994603537,0.1424351046,0.0000000000,0.7591270039454627,5.5,3.3144977650333134
0.0134086132,0.0456824945,0.8998626127,0.8998626127,0.0028108570,0.0001165122,0.0857626938,0.0000000000,0.0000000000,0.0106123202,0.9142373062,0.0023399535,0.0069907324,0.0108016525,0.0540034080,0.0306281464,0.0000000000,0.5665697350,0.5595790026,0.0045633948,0.4749571575,0.0155252516,0.0833596295,0.0325505979,0.0892143679,0.2543073107,0.0015195134,0.0011942501,0.0070150058,0.0002330244,0.0000000000,0.3293848641,0.0963555953,0.2330292688,0.0000000000,0.6071480529557247,6.95,3.4284038028187793
0.0156837101,0.0220408120,0.8712981674,0.8712981674,0.0026371789,0.0000000000,0.0458558235,0.0253480058,0.0010237829,0.0085547509,0.9541441765,0.0000000000,0.0042076939,0.0060998161,0.0448642014,0.0154532249,0.0000000000,0.3767306486,0.3725229547,0.0041808933,0.3122376891,0.0008951400,0.0140649539,0.0083028253,0.0887635812,0.2002111887,0.0011202650,0.0009326608,0.0056174054,0.0001768839,0.0000000000,0.5063597820,0.1775861237,0.3271656223,0.0000000000,0.45576465970298974,9.51,2.6494595786423316
0.0308072619,0.0281934735,0.8924093813,0.8924093813,0.0034377963,0.0016480157,0.1020883726,0.0571312122,0.0000000000,0.0134587952,0.8979116274,0.0257568911,0.0100741607,0.0113234630,0.0418471953,0.0179243862,0.0000000000,0.7682145610,0.7581404003,0.0000000000,0.6826240663,0.0255974057,0.0958241408,0.0000000000,0.1894597875,0.3717427323,0.0015328318,0.0012227214,0.0076287180,0.0002215075,0.0000000000,0.1124726438,0.0208217042,0.0681357043,0.0000000000,0.6244839208926871,6.04,4.387398352301105
0.0020553519,0.0449073414,0.8283403663,0.8283403663,0.0036744658,0.0000000000,0.0731873055,0.0433721194,0.0000000000,0.0115603057,0.9268126945,0.3407941209,0.0135485441,0.0071475910,0.0476506070,0.0151089336,0.0000000000,0.5575540474,0.5440055033,0.0017785086,0.1488662008,0.0970965009,0.0000000000,0.0000000000,0.0513418512,0.0004278488,0.0036744658,0.0005620758,0.0047734499,0.0001090595,0.0000000000,0.3297791126,0.1575993490,0.1721797636,0.0000000000,1.4879423167567614,20.29,3.4094876247387345
0.0011127832,0.0986879756,0.9048835287,0.9048835287,0.0021937727,0.0000741855,0.0936221624,0.0000000000,0.0000000000,0.0103965747,0.9063778376,0.0455499269,0.0094427606,0.0325144662,0.0513469976,0.0694694673,0.0000000000,0.3320121240,0.3225693635,0.0000000000,0.1623603722,0.0189385108,0.0012929481,0.0000000000,0.0417452680,0.1003836453,0.0033913394,0.0009008245,0.0056381017,0.0001589690,0.0010597936,0.5658131796,0.2090760720,0.3439242036,0.0000000000,1.3212494064699931,14.15,3.282738584372001
0.0094117834,0.0980413960,0.9291932076,0.9291932076,0.0040307849,0.0000357409,0.0652510603,0.0157895573,0.0000000000,0.0097413944,0.9347489397,0.0193080552,0.0042253745,0.0141176751,0.0504582784,0.0222546979,0.0000000000,0.5866519467,0.5824265722,0.0017274792,0.4929034359,0.0788564485,0.0119732181,0.0091576255,0.1340484171,0.2588677267,0.0021682843,0.0008657252,0.0043723095,0.0001111941,0.0000000000,0.2637165822,0.1726843836,0.0864811844,0.0000000000,0.8741139790196636,13.51,2.434075362392435
0.0332321712,0.0305557547,0.9404497336,0.9404497336,0.0029472443,0.0000876208,0.0559578146,0.0062609028,0.0000000000,0.0113429079,0.9440421854,0.0243187485,0.0056794195,0.0095904923,0.0795357692,0.0138042552,0.0000000000,0.6365808780,0.6309014585,0.0057192471,0.5132028580,0.0729243833,0.0150389116,0.0033614516,0.1410933480,0.2807847635,0.0016408982,0.0007089317,0.0070893174,0.0001991381,0.0000000000,0.2657936451,0.1340199616,0.1317736835,0.0000000000,0.6542018975030764,11.77,3.6368341600172527
0.0151406011,0.0207710263,0.8371963673,0.8371963673,0.0057444015,0.0002051572,0.0913906922,0.1088746444,0.0020150996,0.0134674302,0.9086093078,0.0582144941,0.0107000875,0.0013540375,0.1092348092,0.0060270625,0.0000000000,0.7931559559,0.7824558684,0.0001139762,0.6171721132,0.0272220804,0.0610000729,0.0570929681,0.2962424320,0.1756145598,0.0020378948,0.0006291487,0.0054845357,0.0001139762,0.0000000000,0.0429644759,0.0000000000,0.0426362244,0.0000000000,0.8222731160839932,9.68,3.307665084265892
0.0071790193,0.0352818887,0.8639575840,0.8639575840,0.0017648422,0.0000149563,0.0777502748,0.0000673033,0.0044420182,0.0104020999,0.9222497252,0.0004860794,0.0038587229,0.0128399752,0.0090036867,0.0359773562,0.0000000000,0.3916080255,0.3877493027,0.0003739073,0.3457669960,0.0082633504,0.0217464460,0.0045990592,0.0384301878,0.2727279526,0.0026472634,0.0009272900,0.0064985081,0.0001645192,0.0001196503,0.5157228001,0.3448172715,0.1709055286,0.0000000000,1.0511976303511046,13.29,3.666681216988956
0.0045060474,0.0499149580,0.7527461495,0.7527461495,0.0039804403,0.0000000000,0.0794021072,0.0062777568,0.0000000000,0.0103290655,0.9205978928,0.1076077199,0.0084274308,0.0083093168,0.0441923368,0.0130161580,0.0000000000,0.5352392989,0.5268118681,0.0000000000,0.3702222905,0.1236357838,0.0125614193,0.0000177171,0.0687305112,0.1652768591,0.0018248606,0.0005669470,0.0049903147,0.0001181140,0.0000000000,0.4007901824,0.2476259095,0.1527331569,0.0000000000,0.7343613996833215,9.07,2.6303877069136377
0.0134898073,0.0271145577,0.8994764210,0.8994764210,0.0068865939,0.0001124525,0.0878074453,0.0000000000,0.0000000000,0.0142994656,0.9121925547,0.1179492254,0.0089242340,0.0392099534,0.1670055237,0.0393808813,0.0000000000,0.8345463215,0.8256220875,0.0000000000,0.5100847442,0.0707281527,0.0213839760,0.0004273197,0.2769346336,0.1406106623,0.0030946940,0.0008996204,0.0050108854,0.0000989582,0.0000000000,0.1096187409,0.0547688875,0.0327326868,0.0000000000,1.25141534529878,14.22,3.1412315228682797
0.0182408930,0.0635554069,0.8751862569,0.8751862569,0.0043438495,0.0006690043,0.1171576207,0.0000000000,0.0082549515,0.0170338783,0.8828423793,0.1796159541,0.0146806674,0.0023929769,0.0693425279,0.0269052002,0.0000000000,0.8573827897,0.8427021223,0.0049450177,0.5761623949,0.0964138096,0.0880068117,0.0421519482,0.2064954234,0.1430944021,0.0055812735,0.0026502862,0.0073286378,0.0001988299,0.0002970753,0.0474174329,0.0109824305,0.0360864653,0.0000000000,2.246299807120422,19.47,5.495075956130555
0.0249361473,0.5388044988,0.8539678272,0.8539678272,0.0009857956,0.0000000000,0.1426266971,0.0000000000,0.0000896178,0.0172738271,0.8573733029,0.0079087691,0.0071022091,0.0359815387,0.0192006094,0.0689608818,0.0000000000,0.3752520500,0.3681498409,0.0000000000,0.2777927141,0.0687592418,0.0475646368,0.0000000000,0.0422323789,0.1192364565,0.0084240713,0.0033606668,0.0112246270,0.0004480889,0.0000000000,0.0311421786,0.0256978985,0.0054442801,0.0000000000,3.2760817713495323,24.34,6.875598482072137
0.0191188904,0.1110080388,0.9094042624,0.9094042624,0.0057898685,0.0001987824,0.0809958733,0.0000000000,0.0097482885,0.0129182050,0.9190041267,0.0123655900,0.0097138329,0.0021481750,0.1199996289,0.0043679118,0.0053339942,0.7546004871,0.7448866543,0.0019732465,0.6105097576,0.0422054774,0.1070840743,0.0352878502,0.2164435445,0.2094888112,0.0023284044,0.0030095654,0.0071071331,0.0001537250,0.0000318052,0.0747236262,0.0735097284,0.0012138978,0.0000000000,0.9628069906253724,11.56,3.2086016053446866
0.0179997375,0.0169632895,0.7915262859,0.7915262859,0.0037273841,0.0001394693,0.1087996893,0.0189978998,0.0000000000,0.0126096611,0.8912003107,0.0643883043,0.0073043602,0.0049333829,0.0913687676,0.0077364414,0.0000000000,0.5600374106,0.5527330504,0.0003336323,0.3961063467,0.0965099871,0.0547758647,0.0130909668,0.1322387276,0.0994908005,0.0030218338,0.0008887746,0.0059999125,0.0001695509,0.0031093439,0.3375456693,0.1389660680,0.1963289505,0.0000000000,1.2181711447777113,11.16,3.9050136684495516
0.0129187794,0.0321276276,0.8265368137,0.8265368137,0.0057296974,0.0001360614,0.0951684088,0.0000000000,0.0153709085,0.0121699377,0.9048315912,0.0273685017,0.0072999469,0.0040556380,0.1074351012,0.0095555428,0.0000000000,0.7426363058,0.7353363589,0.0031314283,0.5797385404,0.2534007795,0.0248186100,0.0281516107,0.1665260699,0.1068414703,0.0020933301,0.0006410004,0.0046059309,0.0001189278,0.0000000000,0.1733291406,0.0424320121,0.1164363197,0.0000000000,0.8369174480867905,8.81,2.7755923788488133
0.0083805886,0.0121601053,0.8709451013,0.8709451013,0.0052789003,0.0000525940,0.1073888735,0.0000000000,0.0012432143,0.0135284572,0.8926111265,0.0043004698,0.0098137763,0.0013778732,0.0620727584,0.0055309890,0.0000000000,0.7890135579,0.7791997816,0.0092783145,0.7062024245,0.0415329713,0.0949172845,0.0584510238,0.3328808432,0.1784203017,0.0022774127,0.0019532339,0.0072561643,0.0001482608,0.0001849859,0.1539259866,0.0137687576,0.1252046520,0.0000000000,0.9140299179661334,8.49,3.5366339000791585
0.0157477379,0.0519538630,0.9184150343,0.9184150343,0.0040519041,0.0001677936,0.0506488018,0.0000000000,0.0000000000,0.0116771900,0.9493511982,0.0633700408,0.0060840708,0.0188860992,0.0679377548,0.0401710252,0.0000000000,0.5112173113,0.5051332405,0.0000000000,0.3360781048,0.0901424381,0.0092907925,0.0052948195,0.0493561698,0.1819938849,0.0028400616,0.0009508303,0.0055434026,0.0001242915,0.0000000000,0.3948742170,0.1465645819,0.2483096351,0.0000000000,1.147765373651627,22.01,3.2548685419077588
0.0046811258,0.0312931060,0.9197091539,0.9197091539,0.0045747366,0.0002201156,0.0506779562,0.0368693687,0.0000000000,0.0112882634,0.9493220438,0.0015518152,0.0035915534,0.0218648197,0.0713981745,0.0439864409,0.0025093182,0.3904631233,0.3868715699,0.0187501834,0.2517609251,0.0197627153,0.0466865260,0.0089146832,0.0644718692,0.1119251313,0.0016765474,0.0009244857,0.0053965016,0.0001247322,0.0000000000,0.4896178793,0.3008283685,0.1887895108,0.0000000000,0.6674614374884755,13,2.848603717194359
0.0145950575,0.0443600845,0.9022323770,0.9022323770,0.0042377527,0.0000000000,0.0884475304,0.0003230175,0.0225104684,0.0124198754,0.9115524696,0.2687890992,0.0077731647,0.0055476036,0.1471418877,0.0078739224,0.0000000000,0.7454177446,0.7376445800,0.0000000000,0.3216128354,0.2440619601,0.0000000000,0.0000000000,0.0566762387,0.0208746366,0.0029367923,0.0003822868,0.0055238959,0.0001244655,0.0000000000,0.1628986229,0.0400749164,0.1227792546,0.0000000000,1.1524193829730327,13.21,3.4623348815191135
0.0130528610,0.0588653701,0.8961058830,0.8961058830,0.0034651951,0.0000563665,0.0700474015,0.0000000000,0.0048314106,0.0117134866,0.9299525985,0.0133937439,0.0046864683,0.0171246665,0.0171917694,0.0247663476,0.0000000000,0.7727411813,0.7680547130,0.0006039263,0.7151131892,0.1135408335,0.0467116883,0.0269431665,0.1011590017,0.4267584993,0.0019969831,0.0008964951,0.0065331408,0.0001717835,0.0000000000,0.1363719327,0.0216339831,0.1147782114,0.0000000000,0.7858027413320096,11.35,3.461048422860602
0.0049856270,0.0929302911,0.9050934244,0.9050934244,0.0007635645,0.0000000000,0.0922565577,0.0250628818,0.0000000000,0.0076805605,0.9077434423,0.0814319080,0.0034135825,0.0390316206,0.1460653971,0.0392112828,0.0000000000,0.3106809199,0.3072673374,0.0000000000,0.0439723320,0.0105551563,0.0000000000,0.0000000000,0.0148221344,0.0185950413,-0.0001796622,0.0001796622,0.0072763205,0.0002245778,0.0000000000,0.5415468918,0.2335159899,0.3039435861,0.0000000000,-0.07134257814241762,-0.76,3.0809242772831853
0.0189160719,0.0345311393,0.9073766323,0.9073766323,0.0026426197,0.0000000000,0.0899762073,0.0000000000,0.0020886685,0.0126319040,0.9100237927,0.0150701974,0.0095170635,0.0187299079,0.0542826786,0.0469042300,0.0000000000,0.6962848944,0.6867678309,0.0000000000,0.5790515629,0.0715141939,0.0608665250,0.0280063205,0.1399498720,0.2787146516,0.0023293195,0.0014439056,0.0086180279,0.0002724350,0.0015574202,0.2374362048,0.0718774406,0.1655587642,0.0000000000,0.930540502546289,10.38,4.223165502496707
0.0084322827,0.2000556051,0.8378473589,0.8378473589,0.0030807275,-0.0006527550,0.1010112523,0.0092059183,0.0000000000,0.0122072100,0.8989887477,0.0061873580,0.0080886365,0.0014695623,0.0370775224,0.0063324146,0.0000000000,0.5660370516,0.5579484151,0.0000000000,0.5169543624,0.0068660160,0.0307641033,0.0120656071,0.2768717492,0.1903868869,0.0034174662,0.0010861982,0.0074479696,0.0001726865,0.0011207355,0.1841753528,0.0000000000,0.1841753528,0.0000000000,1.4030796499390716,13.7,4.031911992172675
0.0023363104,0.1922576448,0.7848820015,0.7848820015,0.0015969717,0.0004436032,0.2100313480,0.1441119063,0.0000000000,0.0107943455,0.7899686520,0.2288992725,0.0038149879,0.0089903590,0.1103093393,0.0118294198,0.0000000000,0.3652037618,0.3613887739,0.0000000000,0.0141065831,0.0123913172,0.0000000000,0.0000000000,0.0000000000,0.0017152659,0.0027799136,0.0007689123,0.0059147099,0.0001774413,0.0000000000,0.2777547761,0.0841958952,0.1935588809,0.0000000000,1.1185649050261048,5.33,3.819231241557166
0.0011483986,0.0602271277,0.8678575986,0.8678575986,0.0037514355,0.0000000000,0.1281357662,0.0000000000,0.0000000000,0.0100548679,0.8718642338,0.1512823785,0.0043383948,0.0154140615,0.0336863596,0.0223044532,0.0000000000,0.3218833737,0.3175449789,0.0000000000,0.1146101825,0.0819191017,0.0064055123,0.0000000000,0.0000000000,0.0262855685,0.0026795968,0.0018629578,0.0051039939,0.0001020799,0.0000000000,0.6025009570,0.3781293862,0.1160648207,0.0000000000,1.0483488505603675,8.46,2.5348932676518885
0.0093503386,0.0254046937,0.8876152118,0.8876152118,0.0035972771,0.0000000000,0.0853320597,0.0026248074,0.0014802193,0.0140922039,0.9146679403,0.1503111042,0.0079475727,0.0344839456,0.0641872994,0.0565280252,0.0000000000,0.6033915955,0.5954440228,0.0001075741,0.3318100844,0.0971695109,0.0282661641,0.0051592527,0.0528791126,0.1483360442,0.0051850704,0.0017340941,0.0070654653,0.0002194511,0.0000000000,0.3522491588,0.1740333394,0.1172729542,0.0000000000,2.087140271414839,24.59,4.391399950036347
0.0051144215,0.1756913125,0.9008033043,0.9008033043,0.0019376490,0.0001397051,0.0939881251,0.0000000000,0.0000000000,0.0109243315,0.9060118749,0.0580353211,0.0057765022,0.0148755562,0.0375594126,0.0258606290,0.0000000000,0.4939121984,0.4881356962,0.0003857076,0.3728577286,0.1418553445,0.0094422426,0.0096639485,0.1332634808,0.0786327123,0.0057157609,0.0005132644,0.0036444809,0.0000941491,0.0000000000,0.3048061592,0.0211076185,0.2836985407,0.0000000000,2.20455377406838,24.6,3.623134059939665
0.0063472820,0.1486510462,0.8705841410,0.8705841410,0.0044832441,-0.0000090984,0.0401820138,0.0000000000,0.0000000000,0.0099275084,0.9598179862,0.0006675962,0.0015114742,0.0012544440,0.0336493516,0.0083330111,0.0000000000,0.3157889350,0.3142774607,0.0000000000,0.2665847051,0.0097091464,0.0594126518,0.0036575629,0.1334748895,0.0603304544,0.0021165189,0.0009644320,0.0043012758,0.0001296524,0.0011498122,0.5152273353,0.3131321977,0.2020951376,0.0000000000,0.8809748950558184,20.15,2.364934546842328
0.0077764498,0.0136611635,0.7196535471,0.7196535471,0.0054064757,0.0001988975,0.0869570983,0.0000000000,0.0059492449,0.0128770654,0.9130429017,0.1276311928,0.0072911400,0.0045914380,0.0493080135,0.0122034659,0.0000000000,0.6814024660,0.6741113260,0.0080796580,0.4677114236,0.2934392116,0.0177487279,0.0199038927,0.0924281052,0.0441914861,0.0030727452,0.0008061978,0.0042953018,0.0000937028,0.0000000000,0.2510634386,0.1079429933,0.0232418346,0.0000000000,1.2706286385841044,14.08,3.354882761714401
0.0287407154,0.1922547315,0.8701516690,0.8701516690,0.0026886314,0.0001909682,0.1181037862,0.0000000000,0.0000000000,0.0180716231,0.8818962138,0.0002261466,0.0153679153,0.0227905481,0.0909863005,0.0581548451,0.0000000000,0.5673916758,0.5520237605,0.0026132492,0.3417426352,0.0240670198,0.0183982793,0.0019448604,0.0320826591,0.2652498166,0.0057692501,0.0034123004,0.0109002643,0.0004472676,0.0001959937,0.2006221543,0.1381051933,0.0444955927,0.0000000000,2.3680783858699153,20.07,6.849349552336494
0.0101079191,0.0370307038,0.8627260982,0.8627260982,0.0065739474,-0.0001709986,0.0506155951,0.0000000000,0.0132618939,0.0104879161,0.9493844049,0.0293167655,0.0137178903,0.0159218726,0.0749544004,0.0281007752,0.0000000000,0.5542255662,0.5405076759,0.0000000000,0.4065397477,0.1815435477,0.0257827937,0.0088159295,0.0503115975,0.1400858793,-0.0045599635,0.0005319957,0.0092529260,0.0002279982,0.0000000000,0.3809659523,0.0177458580,0.3632200942,0.0000000000,-1.792901231685794,-34.15,1.659684176603287
0.0099530704,0.7212361825,0.7208580770,0.7208580770,0.0000444830,0.0000000000,0.2476257201,0.1343275283,0.0000000000,0.0097751385,0.7523742799,0.0028469118,0.0019683726,0.0000000000,0.0301817130,0.0292142079,0.0000000000,0.1004982096,0.0985298370,0.0000000000,0.0060274460,0.0005560375,0.0000000000,0.0000000000,0.0015680256,0.0039033829,-0.0019350103,0.0162807767,0.0261337604,0.0003002602,0.0000000000,0.0268899713,0.0122105825,0.0141344721,0.0000000000,-0.7664818373538757,-3.11,6.9893063612672615
0.0316714818,0.0367234693,0.7121139555,0.7121139555,0.0054073262,0.0010660157,0.1232406878,0.0880776183,0.0095632425,0.0183076614,0.8767593122,0.0076938526,0.0262487061,0.0011432632,0.2048913127,0.0023792235,0.0000000000,0.7757659091,0.7495172030,0.0000000000,0.5607860707,0.0752081821,0.0170871506,0.0127149412,0.3963879061,0.0593878907,0.0007879247,0.0040477699,0.0148315232,0.0003244396,0.0000000000,0.0609173915,0.0008033742,0.0601140173,0.0000000000,0.32627731972778234,2.56,5.774250989748111
0.0057811834,0.0344814454,0.9170449698,0.9170449698,0.0042654317,0.0001523368,0.0788647858,0.0000000000,0.0000000000,0.0137331668,0.9211352142,0.3084440314,0.0070836634,0.0120422278,0.1105584669,0.0181357017,0.0000000000,0.6778837365,0.6708000731,0.0013100969,0.2393973554,0.1203918104,0.0190116385,0.0000000000,0.0599902504,0.0400036561,0.0034732801,0.0010739748,0.0068094571,0.0001828042,0.0000000000,0.2520793980,0.2266391445,0.0254402535,0.0000000000,1.367931603419829,17.88,4.012962223110046
0.0034334460,0.0862166611,0.8952975948,0.8952975948,0.0026547263,0.0000530945,0.0831991222,0.0115126630,0.0068491938,0.0081942552,0.9168008778,0.0294143674,0.0059908323,0.0288657239,0.0425729607,0.0486611330,0.0000000000,0.4173495213,0.4113586889,0.0026016318,0.2940994283,0.0183353096,0.0000000000,0.0089729749,0.0343610074,0.2324301365,0.0010618905,0.0004866998,0.0047696582,0.0001504345,0.0000000000,0.4656212944,0.1372670478,0.3283542467,0.0000000000,0.42337749395805035,5.06,2.336071500207578
0.0269538128,0.2394690505,0.6917242313,0.6917242313,0.0028443722,0.0000000000,0.1232561289,0.0000000000,0.0000000000,0.0131382907,0.8767438711,0.0000000000,0.0000000000,0.0000000000,0.0000000000,0.0000000000,0.0000000000,0.3380739537,0.3380739537,0.0000000000,0.3380739537,0.0000000000,0.0000000000,0.0000000000,0.3380739537,0.0000000000,-0.0567519978,0.0128673981,0.0799133144,0.0012190167,0.0000000000,0.0702966274,0.0000000000,0.0702966274,0.0000000000,-22.63335584064821,-158.26,7.78888034844991
0.0362501345,0.0521364762,0.9425896028,0.9425896028,0.0038747175,0.0000000000,0.0538370466,0.0650952535,0.0000000000,0.0102249489,0.9461629534,0.0527392100,0.0049295017,0.0182757507,0.0476805511,0.0363792918,0.0000000000,0.4862555161,0.4813260144,0.0000000000,0.3489613605,0.0879560865,0.0080938543,0.0000000000,0.0042191368,0.2486922829,0.0016790442,0.0006457862,0.0052308686,0.0001506835,0.0000000000,0.3569260575,0.3127327521,0.0072328059,0.0000000000,0.6848262692333019,12.86,2.7918751700559556
0.0043719032,0.0701253279,0.9249781405,0.9249781405,0.0028854561,0.0000000000,0.0716700670,0.0899154765,0.0000000000,0.0117749927,0.9283299330,0.1915767998,0.0053337219,0.0277761586,0.0472457010,0.0574759545,0.0000000000,0.3803847275,0.3750510055,0.0000000000,0.0840862722,0.0417079569,0.0000000000,0.0116584086,0.0111337802,0.0195861265,0.0021568056,0.0004663363,0.0064995628,0.0001748761,0.0000000000,0.4337219470,0.1121830370,0.3215389099,0.0000000000,0.863993928691312,11.85,3.8825682234067944
0.0085327429,0.1161634598,0.8968577988,0.8968577988,0.0024183710,-0.0000384250,0.0956181135,0.0009726318,0.0000000000,0.0126946464,0.9043818865,0.0053338649,0.0101706068,0.0027305738,0.1524630400,0.0050048512,0.0000000000,0.6016484308,0.5914778240,0.0081148714,0.4313514059,0.0036599775,0.0276395547,0.0255141740,0.3072796088,0.0672580909,0.0032541139,0.0006196025,0.0076873937,0.0001320858,0.0014409360,0.2438424000,0.1234113680,0.0668330147,0.0000000000,1.3218819013149312,13.67,4.429027779754458
0.0078317379,0.0721617231,0.8514525262,0.8514525262,0.0050498550,0.0002517881,0.0821214464,0.0000000000,0.0015567646,0.0120454308,0.9178785536,0.0000000000,0.0075470670,0.0000216087,0.1230501688,0.0012861863,0.0000000000,0.7817147335,0.7741676665,0.0000000000,0.6573793179,0.0286982085,0.0846806660,0.0203704104,0.2543661281,0.2692639050,0.0015793128,0.0009160202,0.0056238943,0.0001559583,0.0000000000,0.1271088429,0.0333337405,0.0727000612,0.0000573100,0.6550487414130797,7.77,2.996669193739634
0.0102315660,0.2145917316,0.9166109293,0.9166109293,0.0043384732,0.0000000000,0.0609736257,0.0000000000,0.0000000000,0.0131238815,0.9390263743,0.0253077604,0.0081527143,0.0379254867,0.1120049169,0.0634863248,0.0000000000,0.6580740794,0.6499213652,0.0000000000,0.4556662268,0.0825756069,0.0135034979,0.0000000000,0.0631067084,0.2964804136,0.0022776984,0.0003796164,0.0066884795,0.0001265388,0.0000000000,0.1134149207,0.0188542815,0.0921744789,0.0000000000,0.9087303018282789,15.02,3.6690667849424816
0.0302250164,0.0744350262,0.8824761329,0.8824761329,0.0043873659,0.0001903871,0.1035325276,0.0162569465,0.0093585857,0.0140717252,0.8964674724,0.0147253877,0.0091216595,0.0078904893,0.0235487740,0.0104628311,0.0062150825,0.8320975798,0.8229759203,0.0000000000,0.7771455044,0.0959424269,0.0924054569,0.0713296003,0.2160280588,0.3014399614,0.0035708166,0.0006875091,0.0055000730,0.0001586560,0.0000000000,0.0234006951,0.0051912227,0.0179556229,0.0000000000,1.4132766794696026,13.89,4.148867115946018
0.0025411228,0.2119172462,0.8598911656,0.8598911656,0.0035451762,0.0000000000,0.1329317120,0.0000000000,0.0002479144,0.0157177742,0.8670682880,0.2513480347,0.0113544804,0.0024791442,0.0816134270,0.0171680736,0.0000000000,0.5564563113,0.5451018308,0.0100529297,0.1938938678,0.1187881943,0.0172176565,0.0000000000,0.0496696540,0.0082183630,0.0061978605,0.0078960743,0.0120114536,0.0001611444,0.0000000000,0.2112602730,0.0132634215,0.1625326937,0.0000000000,2.4441660810852097,18.83,5.095442251438282
0.0198862997,0.0933405696,0.8642492490,0.8642492490,0.0083386442,0.0006485581,0.0855722287,0.0001308939,0.0047819899,0.0148816494,0.9144277713,0.0122229554,0.0088529304,0.0025950768,0.0825594174,0.0093596164,0.0000000000,0.7747313438,0.7658784134,0.0010572848,0.5970300881,0.0105655291,0.0923547838,0.0464878778,0.3190759398,0.1285459575,0.0009612959,0.0005852223,0.0052427927,0.0001396201,0.0003614360,0.1010813242,0.0048523630,0.0762939635,0.0000000000,0.3846637437666381,4.51,2.735622944443104
0.0159676434,0.0846515301,0.8350693815,0.8350693815,0.0075855026,0.0002204358,0.1181410287,0.0000000000,0.0000000000,0.0165703539,0.8818589713,0.0015402602,0.0116830970,0.0001716051,0.2847681657,0.0020983255,0.0000000000,0.8168108800,0.8051277830,0.0000000000,0.5284041286,0.0000000000,0.1419215862,0.0149310371,0.2302186779,0.1413328274,0.0024289792,0.0007519930,0.0062656781,0.0001130082,0.0046472888,0.0550531418,0.0229769435,0.0231750567,0.0000000000,0.9804639323305306,9.26,3.8706488069882043
0.0126075246,0.1015483549,0.8916863424,0.8916863424,0.0041289465,0.0000711887,0.1066217387,0.0000000000,0.0000000000,0.0118861455,0.8933782613,0.0025604214,0.0079707652,0.0011508845,0.0292324668,0.0046533702,0.0000000000,0.6164683269,0.6084975618,0.0000000000,0.5758124414,0.0965153115,0.0785330375,0.0038465646,0.2299609648,0.1669565630,0.0035902851,0.0008186704,0.0049143955,0.0001637341,0.0001281397,0.2373574742,0.1788996595,0.0584578147,0.0000000000,1.42212781056468,13.53,3.303283958383068
0.0303821879,0.0830615942,0.8830995792,0.8830995792,0.0043828892,0.0002425199,0.0941736793,0.0001051893,0.0009116410,0.0119506779,0.9058263207,0.0000000000,0.0076788219,0.0051046050,0.0916549790,0.0135343619,0.0000000000,0.6397148200,0.6320359981,0.0000000000,0.5145511921,0.0000000000,0.0531702899,0.0891625760,0.1374123422,0.2348059841,0.0020658018,0.0015573866,0.0062733754,0.0001607059,0.0000000000,0.2148989014,0.0864451847,0.1284537167,0.0000000000,0.8350323840794639,8.79,3.324417946080893
0.0154776408,0.0152131927,0.8077908186,0.8077908186,0.0074075175,0.0000000000,0.1211677314,0.0493240232,0.0000000000,0.0152102214,0.8788322686,0.1515257763,0.0133917694,0.0031109791,0.1949457733,0.0043767642,0.0000000000,0.8060377358,0.7926459664,0.0000000000,0.4544495617,0.1647125241,0.0407160897,0.0060585351,0.1749220027,0.0680404100,0.0015450899,0.0003535879,0.0061357896,0.0001366810,0.0000000000,0.1102451345,0.0064834349,0.0910295647,0.0000000000,0.6279558076100394,5.13,3.3288437465337752
0.0200141664,0.0710904441,0.8822763734,0.8822763734,0.0030186371,0.0002069765,0.0828168120,0.0046914670,0.0158902749,0.0115764249,0.9171831880,0.0012685359,0.0094569857,0.0025586893,0.0621499798,0.0110382861,0.0000000000,0.6978851602,0.6884281746,0.0060662509,0.6171325937,0.1152886632,0.0621757368,0.0213217978,0.2810096773,0.1373367185,0.0025458108,0.0020035324,0.0070693969,0.0001545424,0.0003389815,0.1771097803,0.0517358428,0.1078195717,0.0000000000,1.030995285315372,12.29,3.7518148088401357
0.0040933085,0.1644593356,0.8071561779,0.8071561779,0.0051679995,0.0007902140,0.1910105257,0.0000000000,0.0000000000,0.0116319499,0.8089894743,0.2216392199,0.0151721086,0.0193286342,0.0492461359,0.0202610867,0.0000000000,0.5593292664,0.5441571578,0.0000000000,0.2681828239,0.1869962386,0.0000000000,0.0000000000,0.0243701995,0.0568163859,0.0016594494,0.0004109113,0.0042671555,0.0000948257,0.0019439264,0.2715017227,0.1371811487,0.1163036950,0.0000000000,0.6716077810558634,3.49,2.724305601811763
0.0087584322,0.0443805931,0.8713975544,0.8713975544,0.0044880961,0.0001000735,0.0805071244,0.0000000000,0.0028484919,0.0129655219,0.9194928756,0.0077072602,0.0106494209,0.0040517756,0.1876121824,0.0315815935,0.0000000000,0.7915645250,0.7809151041,0.0006668898,0.5639437603,0.0261936366,0.0422246098,0.0243586890,0.2373687236,0.2337981013,0.0022712680,0.0016051788,0.0071660628,0.0001809329,0.0000000000,0.1388571767,0.0172734856,0.1089992490,0.0000000000,0.9087378329789833,11.41,3.574151449140532
0.0067935468,0.0259657802,0.8203239224,0.8203239224,0.0052117469,0.0000000000,0.0975311949,0.0004694984,0.0109764936,0.0127315982,0.9024688051,0.1763328712,0.0100296194,0.0034692463,0.1203113184,0.0076002017,0.0000000000,0.6968805142,0.6868508949,0.0090638392,0.3621234560,0.1282849130,0.0181576128,0.0342450214,0.0927148979,0.0887210108,0.0020733552,0.0019457399,0.0065966095,0.0001654273,0.0000000000,0.2235789009,0.0472350013,0.1763438997,0.0000000000,0.8188662808786011,8.55,3.2172259430548316
0.0061589912,0.0323974082,0.8764300146,0.8764300146,0.0063540723,0.0001393437,0.0945168258,0.1052044869,0.0000000000,0.0161638682,0.9054831742,0.0090712743,0.0077475092,0.0037204766,0.0740611719,0.1017208946,0.0000000000,0.8222113844,0.8144638751,0.0000000000,0.6371629624,0.0209294224,0.0724865882,0.0081934090,0.1330174876,0.4025360552,-0.0011844214,0.0009754058,0.0122483105,0.0003344249,0.0000000000,0.0134466662,0.0000000000,0.0134466662,0.0000000000,-0.4887480144611912,-5.27,4.269415911761362
0.0040476008,0.3168364871,0.8999719094,0.8999719094,0.0022344799,0.0000000000,0.0986235604,0.0000000000,0.0000000000,0.0125769300,0.9013764396,0.0061799331,0.0058607217,0.0000000000,0.1131540642,0.0439617968,0.0000000000,0.4214356853,0.4155749636,0.0000000000,0.2571311831,0.0066268291,0.0855103552,0.0340151689,0.0932608085,0.0377180214,0.0044817283,0.0013151511,0.0071758727,0.0002426007,0.0000000000,0.2538752266,0.0015705202,0.2523047065,0.0000000000,1.8335564334454275,18.65,4.744124752910169
0.0069822011,0.0512981934,0.8501879090,0.8501879090,0.0053034205,0.0000572312,0.0809057784,0.0000000000,0.0099391442,0.0140597875,0.9190942216,0.1031305443,0.0106259181,0.0086037505,0.1360384593,0.0371811748,0.0000000000,0.6790285965,0.6684026784,0.0011255461,0.3358133501,0.0921612392,0.0298174326,0.0057231157,0.0458040024,0.1623075602,0.0022129381,0.0012018543,0.0071157405,0.0001716935,0.0000000000,0.2235448978,0.0805623915,0.1152253954,0.0000000000,0.8891869879748958,11.03,3.7659607199630787
0.0169996558,0.0484641074,0.8792253254,0.8792253254,0.0050093660,-0.0000111766,0.0820990607,0.0020408528,0.0055503150,0.0123770012,0.9179009393,0.0000000000,0.0058140834,0.0047947747,0.0400257510,0.0076045797,0.0000000000,0.5390086775,0.5331945941,0.0137606681,0.4775863842,0.0020654414,0.0625645450,0.0753081397,0.1703609158,0.1672873422,0.0021637958,0.0015244925,0.0067193906,0.0002145913,0.0000000000,0.3790062634,0.1367170211,0.2345125424,0.0000000000,0.8607055251203977,10.53,3.0788991254189
0.0127328488,0.0440283010,0.8004110511,0.8004110511,0.0027890211,0.0002232167,0.1284552575,0.0000000000,0.0174097130,0.0098749630,0.8715447425,0.0001959082,0.0086828910,0.0257221594,0.0302422969,0.0293684274,0.0000000000,0.7517889985,0.7431061075,0.0260118661,0.6659360674,0.0009284864,0.0022404780,0.0033838697,0.1188961223,0.5404871110,0.0038469256,0.0018724079,0.0085047926,0.0001828477,0.0001211069,0.1328447896,0.0081545324,0.0843770889,0.0000000000,1.5274246983159436,12.11,3.066685508009712
0.0184068576,0.0566715451,0.8205854066,0.8205854066,0.0026259670,-0.0004557809,0.0727116872,0.0000000000,0.0000000000,0.0112816224,0.9272883128,0.0012837132,0.0070792390,0.0491741585,0.0603721514,0.0610244616,0.0000000000,0.6404474179,0.6333681790,0.0000000000,0.5177921806,0.0008237508,0.0074681162,0.0135605269,0.0495713987,0.4463683880,0.0016767719,0.0012628058,0.0082751411,0.0002425256,0.0000000000,0.2425297930,0.1177629103,0.0850512231,0.0077106419,0.6782126306531813,9.32,3.7543273383496825
0.0182886989,0.0484641529,0.8150296486,0.8150296486,0.0039236216,0.0000799244,0.0837580982,0.0000000000,0.0000000000,0.0094903555,0.9162419018,0.0000000000,0.0059250616,0.0004122767,0.0578406161,0.0010510057,0.0000000000,0.7036356940,0.6977106324,0.0159648972,0.6250620247,0.0002384411,0.0263723851,0.0482396986,0.1642706000,0.3859408999,0.0006660366,0.0009311192,0.0057185902,0.0001198866,0.0000000000,0.1910779070,0.0301707918,0.1510264623,0.0000000000,0.2661236856400657,3.17,2.391615610313735
0.0163403744,0.0261753686,0.8293964422,0.8293964422,0.0045667514,-0.0001623169,0.0562985672,0.0000592810,0.0027509190,0.0110241422,0.9437014328,0.0001976032,0.0046895477,0.0001700799,0.0286291771,0.0016055261,0.0000000000,0.7335250085,0.7288354607,0.0617439472,0.6415047202,0.0012371373,0.0618025224,0.0737716314,0.2035298991,0.3011635301,0.0018673504,0.0017283224,0.0063847010,0.0001312650,0.0000000000,0.1829085923,0.0467959697,0.1310088138,0.0000000000,0.733611995914674,13.08,2.7202562094864846
0.0144144441,0.0621481976,0.8893673538,0.8893673538,0.0013584005,0.0002749799,0.0968204079,0.0275474821,0.0015866338,0.0105702257,0.9031795921,0.0031017728,0.0113429191,0.0216629132,0.0340315072,0.0277839648,0.0000000000,0.6893800029,0.6780370838,0.0421791604,0.5863065530,0.0539070513,0.0412579779,0.0436668014,0.1940697844,0.2534049381,0.0019523570,0.0019386080,0.0086481165,0.0002172341,0.0000000000,0.1816296956,0.0784297550,0.1031999406,0.0000000000,0.7873884764032982,8.06,3.9809390262741973
0.0029804762,0.1033901521,0.8605204112,0.8605204112,0.0029023364,-0.0001116283,0.1372693480,0.0989026936,0.0000000000,0.0106828304,0.8627306520,0.0500653026,0.0051795542,0.0021432638,0.0252614893,0.0069544445,0.0000000000,0.5544243886,0.5492448344,0.0000000000,0.4720761752,0.2338278468,0.0699909581,0.0000000000,0.0384559570,0.1298014132,0.0024223346,0.0001897681,0.0051572285,0.0001227912,0.0000000000,0.2361832044,0.1194757934,0.1169864818,0.0000000000,0.9747223501139796,7.11,3.262421306372721
0.0185227843,0.0533184814,0.9451321681,0.9451321681,0.0051466203,0.0000000000,0.0511127870,0.0000000000,0.0000000000,0.0120729425,0.9488872130,0.0149507584,0.0090562847,0.0047332498,0.1177632555,0.0201731107,0.0000000000,0.5735057919,0.5644495073,0.0065381957,0.4140804716,0.0330443947,0.0806829764,0.0141303285,0.1841234179,0.1020993541,0.0010823365,0.0011170470,0.0069452552,0.0001703970,0.0002303515,0.3236312230,0.1105308497,0.1929114851,0.0000000000,0.43042462079026206,8.29,3.008549351517124
0.0155269261,0.0139716297,0.8377891879,0.8377891879,0.0049696578,0.0002603733,0.1027832167,0.0000000000,0.0021263817,0.0150252736,0.8972167833,0.0960187191,0.0084013775,0.0121819974,0.1302473893,0.0239821141,0.0000000000,0.7178525801,0.7094512026,0.0001753180,0.4665559212,0.0888289452,0.0831163556,0.0099896545,0.1840613370,0.1005596290,0.0043551769,0.0009373438,0.0063774093,0.0001406016,0.0001440732,0.2181216325,0.0939912792,0.0631856496,0.0006405182,1.7124175869176483,17.09,4.307115234663616
0.0045915582,0.0149096342,0.8478608166,0.8478608166,0.0051662213,0.0001723989,0.1123380168,0.0070137632,0.0023676120,0.0128379737,0.8876619832,0.2785650662,0.0144728903,0.0020716605,0.1156480763,0.0132574778,0.0000000000,0.9103439359,0.8958710456,0.0020256874,0.5007844151,0.3938108784,0.0012843720,0.0017010028,0.0451943798,0.0587937821,0.0030227279,0.0009453208,0.0053242537,0.0001206793,0.0000000000,0.0590265207,0.0015084906,0.0573082780,0.0000000000,1.2064185595798178,10.81,3.200700078219356
0.0241181297,0.0188872578,0.8783240902,0.8783240902,0.0070743966,0.0003450126,0.0884149454,0.0003602980,0.0095604528,0.0128440778,0.9115850546,0.0313459259,0.0123216457,0.0006670972,0.1579322607,0.0024838726,0.0000000000,0.7670411400,0.7547194944,0.0002123575,0.5746600234,0.0620520500,0.0947878527,0.0654612333,0.2149548781,0.1374040092,0.0036308212,0.0071393594,0.0080106255,0.0001550373,0.0011464027,0.1529066495,0.0916920195,0.0554165618,0.0000000000,1.4308049003615735,16.65,2.479816588832672
0.0054710786,0.0306390503,0.8385299318,0.8385299318,0.0031068452,0.0002273301,0.1140439505,0.0060419298,0.0207628189,0.0117504420,0.8859560495,0.1605759030,0.0095680727,0.0199545340,0.0979540288,0.0223440263,0.0000000000,0.6495023996,0.6399343269,0.0402778479,0.3281485224,0.1636625410,0.0000000000,0.0000000000,0.0585905532,0.1058954281,0.0036221268,0.0009598383,0.0058196514,0.0001919677,0.0000000000,0.2631270523,0.1237181106,0.1381459965,0.0000000000,1.4336989232261226,12.77,3.7453962381861863
0.0087809527,0.0354318125,0.7912204033,0.7912204033,0.0049125295,0.0000000000,0.1275988850,0.0000000000,0.0005172103,0.0106861076,0.8724011150,0.0281337231,0.0088380977,0.0069455341,0.0482410006,0.0124556642,0.0000000000,0.7574651658,0.7486270681,0.0120721150,0.6564493415,0.0646474156,0.0857077549,0.0717508247,0.3129751991,0.1213681472,0.0015506624,0.0013714790,0.0055285328,0.0001414096,0.0000000000,0.1888805593,0.0726147790,0.1162657802,0.0000000000,0.6212089906517941,4.85,2.3949762149652867
0.0097324103,0.0155338604,0.8080581969,0.8080581969,0.0048993160,0.0001628401,0.0785594947,0.0124561824,0.0089724898,0.0111892864,0.9214405053,0.0585909554,0.0105097004,0.0002844274,0.1359486902,0.0004288123,0.0000000000,0.6923103646,0.6818006642,0.0022602207,0.4950350052,0.1469751365,0.0401455139,0.0371177736,0.1751030506,0.0956935306,0.0019714509,0.0008608814,0.0050219888,0.0001400425,0.0000000000,0.2374273869,0.0413429315,0.1954754334,0.0000000000,0.8038430425636218,10.33,2.7435076080960465
0.0103319793,0.0167099666,0.8884482231,0.8884482231,0.0038879922,0.0001799996,0.0766798466,0.0000000000,0.0005879988,0.0112739775,0.9233201534,0.0245279509,0.0084599831,0.0142799714,0.1262877474,0.0238679523,0.0000000000,0.6274907450,0.6190307619,0.0000000000,0.4528070944,0.0515158970,0.0190919618,0.0082019836,0.0157979684,0.3581992836,0.0013259973,0.0007619985,0.0062939874,0.0001499997,0.0000000000,0.3063893872,0.0408119184,0.2118475763,0.0000000000,0.5237044387505739,6.99,3.150835700939364
0.0148199883,0.1035868390,0.8448684953,0.8448684953,0.0068790004,0.0002152677,0.0887955530,0.0000000000,0.0000000000,0.0145425321,0.9112044470,0.1179380220,0.0085915749,0.0188144009,0.2117612729,0.1707599430,0.0000000000,0.8576123458,0.8490207709,0.0000000000,0.3570574334,0.0498799284,0.0376096670,0.0142985620,0.0651400197,0.1901292563,0.0016456023,0.0007271266,0.0064197625,0.0001100257,0.0000000000,0.0035399585,0.0013729298,0.0016503860,0.0000000000,0.660633266917925,7.41,3.346450010836273
0.0101949517,0.0297022347,0.7943809464,0.7943809464,0.0032664221,0.0000000000,0.0709544413,0.0000000000,0.0084062928,0.0101691110,0.9290455587,0.0000000000,0.0086420890,0.0015972764,0.0214606762,0.0127895164,0.0000000000,0.7430105026,0.7343684137,0.0527020458,0.6492605531,0.0000000000,0.0154947115,0.0886141164,0.2222499471,0.3229017780,0.0012476198,0.0008898881,0.0065635301,0.0001461613,0.0000000000,0.1951560050,0.0098759809,0.1829648615,0.0000000000,0.4898452231768127,6.95,2.8576455097097013
0.0102466702,0.1050247632,0.8838293985,0.8838293985,0.0036351397,0.0000721258,0.1046497091,0.0000000000,0.0000000000,0.0102899457,0.8953502909,0.1486656729,0.0078713276,0.0162523441,0.0434149156,0.0259797086,0.0000000000,0.5434341492,0.5355628216,0.0022118575,0.3227436650,0.1734961773,0.0000913593,0.0008799346,0.0418810405,0.1063951531,0.0028129057,0.0004279463,0.0040342357,0.0001105929,0.0000000000,0.3387459730,0.1798576718,0.1588883012,0.0000000000,1.1278304205747114,10.72,2.7574458759099545
0.0016077658,0.1123615956,0.8190505081,0.8190505081,0.0008342181,0.0000000000,0.1799332626,0.0354315183,0.0000000000,0.0112088579,0.8200667374,0.1395874412,0.0066737449,0.0541028363,0.0220536933,0.0541028363,0.0000000000,0.4922190202,0.4855452753,0.0000000000,0.2762323677,0.0763385409,0.0000000000,0.0000000000,0.0232519339,0.1766418929,0.0042317610,0.0010465645,0.0071894433,0.0001971788,0.0015925982,0.3535719703,0.0000000000,0.3535719703,0.0000000000,1.7071006822284087,9.2,4.275634664520514
0.0227227057,0.0107636016,0.8112095689,0.8112095689,0.0051910509,0.0001224064,0.0862740618,0.0000000000,0.0042005792,0.0111910039,0.9137259382,0.0001438275,0.0102056325,0.0013281093,0.0543229346,0.0022247361,0.0000000000,0.8110494206,0.8008437880,0.0023349018,0.7519954791,0.0106432354,0.0797997840,0.1171327120,0.2995998331,0.2448199147,0.0013780919,0.0011536802,0.0055960120,0.0001234264,0.0000000000,0.1467193558,0.1139909480,0.0297467922,0.0000000000,0.5494740138649661,6.4,2.5283632211699913
0.0095929399,0.0759390751,0.8327799037,0.8327799037,0.0049057420,0.0000733273,0.0972895488,0.0000000000,0.0054873284,0.0136388830,0.9027104512,0.0000000000,0.0086310579,0.0012480024,0.1315226276,0.0080566605,0.0000000000,0.7610506800,0.7524196221,0.0307644086,0.5742104911,0.0004708765,0.0656186131,0.0727443040,0.2722535860,0.1631231116,0.0038489658,0.0007879093,0.0054132822,0.0001258067,0.0000000000,0.1346864861,0.0724509947,0.0288809028,0.0000000000,1.5451430913179134,15.88,3.6780648679784984
0.0029109130,0.0217129584,0.8623586155,0.8623586155,0.0050659398,0.0001251467,0.0713086093,0.0293719386,0.0045303118,0.0135583972,0.9286913907,0.1938572977,0.0095036430,0.0068855733,0.0557929172,0.0092183085,0.0166595333,0.7407835687,0.7312799257,0.0000000000,0.4252035512,0.2044071674,0.0020273771,0.0234199599,0.1238777467,0.0714713001,0.0052336364,0.0004380136,0.0035691849,0.0000926086,0.0000000000,0.1697940836,0.0502714433,0.1195226403,0.0000000000,2.092488282290779,29.11,3.643093838119614
0.0048172880,0.1707734766,0.7254330631,0.7254330631,0.0056365966,0.0004620161,0.1287238499,0.0000000000,0.0033388365,0.0152650124,0.8712761501,0.2805238647,0.0077988320,0.0034189193,0.0724318064,0.0087783062,0.0000000000,0.8043577360,0.7965589040,0.0004004140,0.4408188158,0.3232203139,0.0080144395,0.0021683956,0.0339181431,0.0734975236,0.0053655472,0.0001170441,0.0038932558,0.0000985634,0.0000000000,0.0004558559,0.0000000000,0.0000000000,0.0000000000,2.1635451338864327,16.88,4.106592749748756
0.0130135031,0.0301181024,0.8322235647,0.8322235647,0.0039516836,0.0002290350,0.1077227946,0.0000000000,0.0213517048,0.0117471719,0.8922772054,0.0001825641,0.0091995725,0.0736447103,0.1091501142,0.0972618700,0.0000000000,0.6940673297,0.6848677572,0.0001543497,0.4872669818,0.0002738462,0.0388463275,0.0014970259,0.2681667906,0.1784829917,0.0028662568,0.0025376414,0.0072378379,0.0001875432,0.0003501912,0.2148248712,0.0497885575,0.1642097961,0.0000000000,1.1504896409299847,10.63,3.422861281022413
0.0092775468,0.1708809771,0.8069906445,0.8069906445,0.0033913721,0.0000000000,0.1306133056,0.0911772349,0.0000000000,0.0138383576,0.8693866944,0.1871361746,0.0141502079,0.0072115385,0.0711148649,0.0526767152,0.0000000000,0.6816528067,0.6675025988,0.0039371102,0.3667359667,0.2663461538,0.0000000000,0.0000000000,0.0411902287,0.0591995842,0.0027286902,0.0002338877,0.0071855509,0.0001689189,0.0000000000,0.0386954262,0.0000000000,0.0386954262,0.0000000000,1.1033540650059437,8.32,4.509918033361614
0.0340346044,0.0729951750,0.8202058376,0.8202058376,0.0047672968,0.0002884900,0.1158142990,0.0000000000,0.0159823444,0.0129964732,0.8841857010,0.0197904120,0.0135157552,0.0097798100,0.2702790419,0.0851333906,0.0000000000,0.8717229342,0.8582071791,0.0000000000,0.4965200897,0.0434970754,0.0330970120,0.0092316791,0.2183796961,0.1923146272,0.0009520169,0.0020194298,0.0089431891,0.0002091552,0.0001658817,0.0013559029,0.0000000000,0.0000000000,0.0000000000,0.39045601268982044,3.3,3.7288647959704733
0.0074877423,0.0763972969,0.9151274719,0.9151274719,0.0033402887,0.0000000000,0.0738384125,0.0000000000,0.0004293430,0.0109310733,0.9261615875,0.0401607460,0.0046454915,0.0085095786,0.0456820973,0.0171393733,0.0000000000,0.4070085954,0.4023631040,0.0049116841,0.2984105721,0.1419923233,0.0133353942,0.0027477953,0.0745682956,0.0657667637,0.0026705136,0.0007384700,0.0056501541,0.0001631503,0.0000000000,0.4988536541,0.0369750208,0.4616296144,0.0000000000,1.041008539784685,14.5,3.060253059387603
0.0038601193,0.0302152676,0.6466931789,0.6466931789,0.0058269214,0.0000000000,0.0790481542,0.0364614853,0.0000000000,0.0118310712,0.9209518458,0.2133439959,0.0048932307,0.0035272759,0.0387179044,0.0051093628,0.0000000000,0.5929195124,0.5880262817,0.0000000000,0.3241549235,0.2323636206,0.0195642777,0.0089132878,0.0160240339,0.0472897035,0.0030733985,0.0002507132,0.0031209475,0.0000605170,0.0000000000,0.2983141696,0.1902048932,0.0971254431,0.0000000000,1.2290459336470771,15.43,2.5692723169694056
0.0035812187,0.0122530178,0.8464744683,0.8464744683,0.0058161991,0.0000000000,0.0984347637,0.0000000000,0.0020024825,0.0085349253,0.9015652363,0.0585163630,0.0051337051,0.0008062429,0.0725656151,0.0061893208,0.0000000000,0.4618590837,0.4567253787,0.0000000000,0.3179690928,0.0903742092,0.0308997296,0.0149792439,0.1429149995,0.0388009105,0.0004256213,0.0006449944,0.0034555948,0.0000824993,0.0000000000,0.4809182920,0.1352013170,0.3347483210,0.0000000000,0.17032435722720202,1.73,1.1486968232591301
0.0132126877,0.0651884995,0.8110906836,0.8110906836,0.0039206131,0.0003322553,0.0947260001,0.0006866611,0.0000000000,0.0156492270,0.9052739999,0.0849687680,0.0116067869,0.0216298232,0.0623089532,0.0317303859,0.0000000000,0.8851061002,0.8734993133,0.0078080007,0.6935387410,0.1652970363,0.0268240819,0.0095468037,0.1784543481,0.3134164710,0.0032118017,0.0010521419,0.0092366987,0.0002215036,0.0008306384,0.0215744473,0.0068444602,0.0143534311,0.0000000000,1.3319936845127027,13.8,5.1950281765279405
0.0065253297,0.0405779836,0.8092830260,0.8092830260,0.0033168169,0.0001353803,0.1522148214,0.0000000000,0.0073646874,0.0129468678,0.8477851786,0.0047879493,0.0040388451,0.0024819719,0.0293323947,0.0039734113,0.0000000000,0.7887999892,0.7847611441,0.0128295382,0.7383730900,0.0091810395,0.3460884124,0.2557626874,0.0290706595,0.0982702912,0.0054896705,-0.0001286113,0.0034702479,0.0000631775,0.0000000000,0.1133065280,0.0198986453,0.0145037410,0.0000000000,2.236662932000345,14.86,4.192266702027866
0.0298180639,0.1968507638,0.8795007901,0.8795007901,0.0036873455,0.0001766684,0.1122168645,0.0066761214,0.0136472304,0.0152323838,0.8877831355,0.0161967665,0.0082158921,0.0391409701,0.0534349042,0.0987219904,0.0000000000,0.6575063819,0.6492904899,0.0006758783,0.4866388427,0.0926407067,0.0628031930,0.0050763807,0.0794635115,0.2466550509,0.0024166295,0.0022853438,0.0103018761,0.0002820212,0.0001393898,0.0846890068,0.0135856396,0.0680157219,0.0000000000,0.9898073410711129,8.7,5.247981492447692
0.0081736219,0.0119484625,0.8509639882,0.8509639882,0.0011152938,-0.0001013903,0.0882719965,0.0000000000,0.0000000000,0.0094994956,0.9117280035,0.0000000000,0.0029117228,0.0002209790,0.0152423489,0.0016872394,0.0000000000,0.4969452908,0.4940335680,0.0017236359,0.4766958186,0.0000000000,0.0006551376,0.0539552635,0.1163805206,0.3057048969,0.0013804686,0.0017860300,0.0088911536,0.0002027807,0.0000000000,0.4094558198,0.4094558198,0.0000000000,0.0000000000,0.5481318613257359,6.08,3.6646998497188976
0.0188175006,0.0087606374,0.8464479145,0.8464479145,0.0057058830,0.0006401115,0.0695054427,0.0394646534,0.0016607338,0.0142193662,0.9304945573,0.0004605247,0.0113797604,0.0026653533,0.1652412331,0.0073577263,0.0000000000,0.8006141514,0.7892343911,0.0000000000,0.6261144164,0.0091980469,0.1188936028,0.0582661513,0.2566758297,0.1830807856,0.0023524098,0.0007699119,0.0062908738,0.0001386908,0.0000000000,0.1288313342,0.0346940445,0.0941372897,0.0000000000,0.9427046824383843,13.42,3.5585350400130804
0.0056805385,0.0335076700,0.7309877130,0.7309877130,0.0039788794,0.0000000000,0.0799279297,0.0516003103,0.0000000000,0.0112609795,0.9200720703,0.0719451465,0.0096844423,0.0138635169,0.0478466505,0.0391381597,0.0000000000,0.5187307625,0.5090463202,0.0000000000,0.3182603038,0.1500713195,0.0037286354,0.0044042942,0.0477715773,0.1122844774,0.0015515127,0.0007257076,0.0064813193,0.0001251220,0.0000000000,0.3544706088,0.1846550387,0.1698155702,0.0000000000,0.6296893447930023,7.63,3.1971434457186017
0.0062872868,0.1938412711,0.8638022350,0.8638022350,0.0074222124,0.0000000000,0.0773691153,0.0000000000,0.0000000000,0.0163877897,0.9226308847,0.0600271846,0.0063609398,0.0441114437,0.1360638504,0.0636060503,0.0000000000,0.7040689928,0.6977080529,0.0000000000,0.4436186382,0.1134624269,0.0255575866,0.0092769285,0.0882630617,0.2070586345,0.0046066596,0.0010110546,0.0056846715,0.0001673932,0.0000000000,0.0683097979,0.0139505454,0.0543559046,0.0000000000,1.8881290404469213,24.51,3.918176248434028
0.0164038960,0.0319318898,0.8719290870,0.8719290870,0.0048419872,-0.0000210217,0.0656295985,0.0000000000,0.0000000000,0.0107981221,0.9343704015,0.0585382944,0.0050311821,0.0421974634,0.0272650830,0.0498983953,0.0000000000,0.6885011562,0.6834699741,0.0000000000,0.5511176512,0.0954523159,0.0535141195,0.0000000000,0.0296615514,0.3724896644,0.0015836311,0.0011001331,0.0051432976,0.0001541588,0.0000000000,0.2308597856,0.0952000561,0.1356597295,0.0000000000,0.6299563769146075,9.69,2.56480856344318
0.0245269603,0.0573170142,0.8853176493,0.8853176493,0.0020985635,0.0000000000,0.0720897964,0.0000000000,0.0075313576,0.0096920496,0.9279102036,0.0617143331,0.0086703806,0.0182243668,0.0790343847,0.0318650292,0.0000000000,0.4792318153,0.4705614348,0.0014565687,0.3049751141,0.1418325153,0.0114247451,0.0012218610,0.0286757650,0.1218202277,0.0017534050,0.0010147659,0.0069929104,0.0001863856,0.0000000000,0.3986097017,0.1031333485,0.2897398196,0.0000000000,0.6883119082702437,9.58,3.2792138829991395
0.0284701575,0.0833435037,0.8052427260,0.8052427260,0.0019994547,0.0000000000,0.0946988484,0.0000000000,0.0006725439,0.0096597032,0.9053011516,0.0226301918,0.0065644435,0.0032900118,0.0283481129,0.0063021773,0.0000000000,0.5667882785,0.5602238351,0.0012074629,0.5082380130,0.0946209475,0.0248867192,0.0369613482,0.2287661807,0.1230028174,0.0007660249,0.0010360811,0.0078783708,0.0001765752,0.0000000000,0.2772724322,0.0910894431,0.1859804469,0.0000000000,0.30828758006006385,3.21,3.400713573458295
0.0145890829,0.0119616922,0.6970973890,0.6970973890,0.0061797852,-0.0000937675,0.0801236971,0.0000000000,0.0016238251,0.0117982326,0.9198763029,0.0002933402,0.0060327984,0.1013126183,0.0558170064,0.1063526216,0.0101351266,0.8352859782,0.8292531799,0.0392670422,0.6231743847,0.0059732433,0.0186654350,0.0676101705,0.1699808410,0.3609446949,0.0018658466,0.0011600561,0.0047086492,0.0001482540,0.0005404303,0.0948337908,0.0550028764,0.0129031686,0.0000000000,0.7448346852694082,9.35,2.424576312603019
0.0084669050,0.0202836677,0.8545579733,0.8545579733,0.0045213062,0.0001054409,0.0970372686,0.0000000000,0.0270097433,0.0106553311,0.9029627314,0.1129498834,0.0088401658,0.0089171377,0.1104762397,0.0105788864,0.0000000000,0.6786482686,0.6698081028,0.0135254326,0.4245383138,0.2048827576,0.0148318455,0.0316670682,0.0786251771,0.0945314654,0.0017640264,0.0007560113,0.0046425632,0.0001344372,0.0000000000,0.2343951409,0.0873720277,0.1331549976,0.0000000000,0.7081086214499667,7.25,2.7010392384856883
0.0052134791,0.0611941881,0.7776903283,0.7776903283,0.0032319105,0.0000000000,0.2075567538,0.0000000000,0.0000000000,0.0139379629,0.7924432462,0.1586315455,0.0037398619,0.0146580259,0.0364831902,0.0220316939,0.0000000000,0.7029489090,0.6992090471,0.0000000000,0.4858024795,0.2010259502,0.0102427561,0.0000000000,0.1354220741,0.1391116991,0.0071838840,0.0009824115,0.0041529213,0.0000781464,0.0000000000,0.2003058872,0.1315817383,0.0356682352,0.0000000000,2.924252321849527,14.03,4.608112247656002
0.0091031415,0.0447468146,0.9094216828,0.9094216828,0.0012631810,0.0000000000,0.0871594903,0.0000000000,0.0000000000,0.0086363137,0.9128405097,0.0779465070,0.0040092267,0.0152130931,0.0149110281,0.0365086775,0.0000000000,0.3473198594,0.3433106327,0.0045721661,0.2130656854,0.0236159930,0.0168057996,0.0000000000,0.0444310193,0.1282128735,0.0003295255,0.0016338972,0.0086775044,0.0003157953,0.0000000000,0.5633787346,0.1840537127,0.3793250220,0.0000000000,0.12861908653652915,1.52,3.097868412702991
0.0091618477,0.3469657911,0.8667525953,0.8667525953,0.0029610534,0.0000000000,0.1303211872,0.0000000000,0.0000000000,0.0130634711,0.8696788128,0.0014282728,0.0028913816,0.0272068557,0.0021946631,0.0367867345,0.0000000000,0.3936459277,0.3907545461,0.0127151118,0.3405211454,0.0338256810,0.0350797743,0.0000000000,0.0232007246,0.2484149655,0.0031700690,0.0002090155,0.0063401380,0.0002786874,0.0000000000,0.2490071762,0.0000000000,0.2490071762,0.0000000000,1.298863494442363,9.85,4.299162404566007
0.0061137843,0.0356071327,0.9611284083,0.9611284083,0.0056797811,0.0002075668,0.0348334749,0.0394376828,0.0000000000,0.0129068780,0.9651665251,0.1435418436,0.0051136900,0.0036041136,0.0337956411,0.0114727805,0.0000000000,0.4219643363,0.4168506463,0.0045287291,0.2278894235,0.0650627418,0.0011510520,0.0032078498,0.0518539485,0.1066138315,0.0016605340,0.0007170488,0.0060760449,0.0001698273,0.0000000000,0.4699688650,0.2977639400,0.0824983489,0.0000000000,0.6512849926915463,18.13,3.0025674695725457
0.0114857294,0.1089822057,0.8930747567,0.8930747567,0.0059132559,0.0001635755,0.0809344526,0.0013631295,0.0015103475,0.0117910704,0.9190655474,0.0269149925,0.0073350000,0.0027467060,0.0920916677,0.0084718500,0.0000000000,0.7315984329,0.7242634330,0.0017843366,0.5971134369,0.1442191040,0.0717824009,0.0485628525,0.1831446308,0.1494044487,0.0026281137,0.0030220582,0.0059895911,0.0001213185,0.0000000000,0.1419385883,0.0469011976,0.0877187482,0.0000000000,1.0526164931300805,13.05,2.418138280272994
0.0110672152,0.1075489362,0.7938095072,0.7938095072,0.0060677396,0.0001553839,0.0789116915,0.0000000000,0.0000000000,0.0129823212,0.9210883085,0.0801780699,0.0075516554,0.0098862979,0.0706608087,0.0142642380,0.0000000000,0.7630706958,0.7555190403,0.0000000000,0.5779230617,0.2395863682,0.0346039848,0.0068640819,0.1101399620,0.1867286648,0.0020316439,0.0004195364,0.0045294394,0.0001126533,0.0000000000,0.0939955793,0.0072525415,0.0780182343,0.0000000000,0.8325258124787343,10.35,3.0026673976531115
0.0043083492,0.0537579094,0.8749614178,0.8749614178,0.0046234374,0.0000000000,0.1211803591,0.0165260559,0.0000000000,0.0128093009,0.8788196409,0.1214504347,0.0106422655,0.0409743300,0.1068149082,0.0509992798,0.0000000000,0.7535109831,0.7428687175,0.0075749781,0.4666328000,0.1471269098,0.0252585010,0.0170469160,0.0609406348,0.2162598385,0.0042054632,0.0005530120,0.0043405011,0.0000900252,0.0000000000,0.1577241628,0.0135423633,0.1414939040,0.0000000000,1.663016633344882,14.05,3.396761336157297
0.0245473812,0.0206882632,0.8955696841,0.8955696841,0.0036169139,0.0000000000,0.0799717429,0.0000000000,0.0004924816,0.0135916843,0.9200282571,0.1488868705,0.0097325664,0.0043596730,0.0687859522,0.0064385912,0.0000000000,0.6627833283,0.6530507619,0.0000000000,0.4381471390,0.2620446059,0.0096114643,0.0000000000,0.1204117469,0.0460793218,0.0025915834,0.0010576244,0.0085013624,0.0002099102,0.0000000000,0.2802300939,0.0007871632,0.2636310425,0.0000000000,1.0149455474599685,12.72,4.170129820816053
0.0234165929,0.1108430652,0.9234476619,0.9234476619,0.0028197035,0.0001305418,0.0691584491,0.0000000000,0.0000000000,0.0113649715,0.9308415509,0.0000000000,0.0073912782,0.0042138902,0.0563340200,0.0288810738,0.0000000000,0.5996360494,0.5922447711,0.0000000000,0.5142512512,0.0139157587,0.0689600255,0.0144849211,0.1356851749,0.2812053710,0.0019581274,0.0016839896,0.0074800467,0.0001958127,0.0000391625,0.2576791230,0.0526187996,0.2050603234,0.0000000000,0.7844901075797434,11.4,3.621822225849331
0.0130131860,0.1103380678,0.7872024891,0.7872024891,0.0043547522,-0.0009821272,0.1318034410,0.0000000000,0.0000000000,0.0125280152,0.8681965590,0.0614084883,0.0252387060,0.0028520975,0.0599608328,0.0057650869,0.0000000000,0.7223604839,0.6971217779,0.0025888874,0.5923936209,0.1287254542,0.0734768680,0.0541269969,0.2654532812,0.0706110206,0.0053859858,0.0006049904,0.0034806590,0.0000982127,0.0000000000,0.1548186109,0.0660343077,0.0887607322,0.0000000000,2.2100493976668343,16.61,3.5366563680638485
0.0039187415,0.0777362960,0.8564793120,0.8564793120,0.0045006308,0.0001802312,0.1354978244,0.0020597853,0.0030587811,0.0114627050,0.8645021756,0.1062900693,0.0090836530,0.0200159633,0.0430855583,0.0294961250,0.0000000000,0.6983495971,0.6892659440,0.0101083962,0.5094724375,0.3975488555,0.0104585597,0.0019104508,0.0377764618,0.0617781096,0.0013285615,0.0008393625,0.0058291923,0.0001493344,0.0000000000,0.2067972914,0.0074564227,0.1993408687,0.0000000000,0.5298842931923732,3.94,2.9072611643021875
0.0048766873,0.0726657077,0.8655383832,0.8655383832,0.0048245466,-0.0000582749,0.1219631887,0.0000000000,0.0000000000,0.0138632871,0.8780368113,0.0023248610,0.0148784969,0.0026806445,0.0753279496,0.0046374536,0.0000000000,0.8854346539,0.8705561570,0.0000000000,0.8009790180,0.0139092936,0.1722881478,0.0693992473,0.3365067584,0.2088755709,0.0024812830,0.0006778289,0.0066464034,0.0001870930,0.0000000000,0.0241012633,0.0151637371,0.0089375263,0.0000000000,1.0021787167095337,8.22,3.845708404086473
0.0102350820,0.0273152134,0.8323017021,0.8323017021,0.0019766164,0.0000000000,0.1081236225,0.0007798158,0.0000000000,0.0126395139,0.8918763775,0.0064713878,0.0067259110,0.0079822809,0.0594284600,0.0259992743,0.0000000000,0.8067194125,0.7999935015,0.0000000000,0.7118147504,0.1600246942,0.0318424772,0.0061843723,0.1359262208,0.3778369860,0.0032221554,0.0009422774,0.0076465268,0.0002382770,0.0000000000,0.1413849311,0.0948830006,0.0401009428,0.0000000000,1.2913237153228037,11.35,4.4715574089266505
0.0330357741,0.0277807860,0.8483393584,0.8483393584,0.0043937683,0.0001151731,0.0896889123,0.0188797954,0.0024891144,0.0140167396,0.9103110877,0.1160841829,0.0083715381,0.0056658295,0.1629733916,0.0140734667,0.0000000000,0.8406674540,0.8322959158,0.0050882450,0.5424481678,0.2116675520,0.0381137051,0.0043817353,0.1543474412,0.1339377343,0.0038368117,0.0015866385,0.0072576251,0.0002045612,0.0000000000,0.0562526107,0.0193404878,0.0368897759,0.0000000000,1.534268421360151,17.26,4.217159613427036
0.0122598077,0.0424322353,0.8848088903,0.8848088903,0.0040496561,0.0000642548,0.0595641600,0.0000000000,0.0000000000,0.0111899660,0.9404358400,0.0000000000,0.0084639579,0.0114212831,0.0329321695,0.0153970462,0.0000000000,0.7461937088,0.7377297509,0.0016449218,0.6961215829,0.0010762672,0.0756985295,0.0211044750,0.1597758794,0.4384664317,0.0016593791,0.0018521434,0.0067917278,0.0001638496,0.0037267759,0.1755359650,0.0883808122,0.0818059442,0.0000000000,0.6694598631916969,11.13,3.029164654180307
0.0121999041,0.0820402634,0.9091707500,0.9091707500,0.0033396204,0.0000000000,0.0877440305,0.0233741023,0.0237354489,0.0114464235,0.9122559695,0.0543867154,0.0060845583,0.0072625807,0.0495466153,0.0126600944,0.0000000000,0.5109246584,0.5048401001,0.0008474631,0.3927870032,0.1488812839,0.0291281014,0.0246461072,0.1088771357,0.0812543750,0.0026947059,0.0014891369,0.0063049312,0.0001587981,0.0009009359,0.3148544243,0.1542366674,0.1552704752,0.0000000000,1.0841053563963765,12.31,3.600912643860167
0.0115031482,0.0405235486,0.8148593742,0.8148593742,0.0055315402,0.0000708264,0.0710298864,0.0008215860,0.0003919060,0.0123431491,0.9289701136,0.0890585049,0.0101895550,0.0025790245,0.0721768015,0.0061260096,0.0000000000,0.7191191087,0.7089295537,0.0158131695,0.5353595973,0.1489016009,0.0650082277,0.0334139967,0.1946228613,0.0934129107,0.0025058373,0.0011946049,0.0053228384,0.0001246544,0.0000000000,0.2090997731,0.1035344724,0.0749805818,0.0000000000,1.0129882772423127,14.22,2.900362369376508
0.0173006303,0.0624440644,0.9242810779,0.9242810779,0.0046309125,0.0000000000,0.0713205107,0.0193676607,0.0000000000,0.0106886810,0.9286794893,0.1127853314,0.0079400720,0.0217531857,0.0611032018,0.0230781236,0.0000000000,0.5490497712,0.5411096991,0.0000000000,0.3512072540,0.1839784443,0.0028409724,0.0000000000,0.0734830895,0.0909047478,0.0013217529,0.0009905184,0.0056660201,0.0001465075,0.0000000000,0.3449679435,0.2803517455,0.0646161980,0.0000000000,0.5239378029015423,7.27,2.5412009913623215
0.0198320693,0.0223863979,0.9222305183,0.9222305183,0.0037201504,0.0001375408,0.0685935474,0.0181029853,0.0000000000,0.0114289831,0.9314064526,0.0221637128,0.0058160097,0.0195831860,0.0537063963,0.0303244652,0.0000000000,0.7299681691,0.7241521594,0.0019976160,0.6214026539,0.1684481471,0.0138261223,0.0000000000,0.1237342974,0.3153940871,0.0012640652,0.0008710915,0.0069097864,0.0001899373,0.0004912170,0.1821236295,0.0626858438,0.0856093056,0.0000000000,0.5050637217700782,7.39,3.3411515902050604
0.0128889201,0.1487432449,0.8795099158,0.8795099158,0.0079265399,0.0027355179,0.0964839764,0.0002155028,0.0058857790,0.0170911709,0.9035160236,0.0688223983,0.0095726970,0.0925628162,0.3142984011,0.1600973672,0.0000000000,0.7783158946,0.7687431976,0.0000000000,0.2112291500,0.0192306905,0.0414670044,0.0016001702,0.1020878032,0.0468434816,0.0034041043,0.0017996261,0.0048490823,0.0000968201,0.0025412315,0.0467644316,0.0050476766,0.0410424606,0.0000000000,1.3705439395040657,14.25,3.8727055572921985
0.0086395777,0.0873210264,0.8759437429,0.8759437429,0.0026184097,0.0000821922,0.1195544711,0.0727213378,0.0083718658,0.0105253023,0.8804455289,0.0000187868,0.0055702849,0.0139092739,0.0315500750,0.0206044182,0.0000000000,0.6059234767,0.6003531918,0.0006716279,0.5282025029,0.0021980551,0.1270785828,0.0348236742,0.1124154888,0.2516867020,0.0042998279,0.0016321029,0.0051569754,0.0001643845,0.0000000000,0.1980222201,0.0223515902,0.1756706299,0.0000000000,1.7502332967307392,14.47,3.4087055119385687
0.0077960185,0.1472569366,0.8407706064,0.8407706064,0.0038016299,0.0001606322,0.1045930114,0.0000000000,0.0000000000,0.0117796982,0.8954069886,0.0928454397,0.0084171298,0.0158276309,0.0879515105,0.0239770403,0.0000000000,0.5570405115,0.5486233816,0.0052901554,0.3469335304,0.1186322699,0.0045833735,0.0000000000,0.0587378589,0.1649800281,0.0021845986,0.0005461496,0.0056756728,0.0001820499,0.0000000000,0.2595388784,0.0292029428,0.2303359356,0.0000000000,0.8684500401764571,8.43,3.36289976753109
0.0134821225,0.0272102027,0.8363197449,0.8363197449,0.0049191528,0.0000000000,0.0809747210,0.0000000000,0.0000000000,0.0115417900,0.9190252790,0.0311181963,0.0066226372,0.0201685265,0.0638396721,0.0323570941,0.0000000000,0.6409291733,0.6343065361,0.0329856525,0.4805921202,0.0863493509,0.0173810066,0.0067592803,0.1108904578,0.2592120246,0.0005465725,0.0010202687,0.0062035983,0.0001548622,0.0012753359,0.2910134366,0.0876155773,0.2033978593,0.0000000000,0.21345096853376974,2.68,2.7633260639232957
0.0021653445,0.0400439056,0.7818789602,0.7818789602,0.0044404530,0.0001895924,0.1520930000,0.0072643816,0.0000000000,0.0093898119,0.8479070000,0.0061567630,0.0049094447,0.0213441102,0.0372499127,0.0419697650,0.0000000000,0.3966771441,0.3917676994,0.0000498927,0.3110711969,0.0132814449,0.0269021604,0.0000000000,0.0498129023,0.2210746894,0.0009679190,0.0009379833,0.0045701741,0.0001596567,0.0000000000,0.5079179764,0.0915431822,0.4163747942,0.0000000000,0.38390184777500186,2.55,2.1283443111845353
0.0088697381,0.0690096388,0.8867642732,0.8867642732,0.0041083004,-0.0004458275,0.0929238259,0.0000000000,0.0111100213,0.0112616027,0.9070761741,0.0813657480,0.0058470277,0.0118590115,0.0704407451,0.0202717764,0.0000000000,0.5317005644,0.5258535367,0.0004057030,0.3591140516,0.1744745923,0.0060387335,0.0140056709,0.0417963282,0.1227987267,0.0024565095,0.0011502350,0.0053699922,0.0001515814,0.0000000000,0.3682156200,0.1274598532,0.1893429394,0.0000000000,0.9997131041114562,10.69,3.0566053011956384
0.0049107512,0.0238640439,0.8641266863,0.8641266863,0.0074764808,0.0000000000,0.0705575634,0.0095456176,0.0000000000,0.0148701962,0.9294424366,0.1018567054,0.0112009270,0.0362098932,0.0648881287,0.0887383783,0.0000000000,0.8106463983,0.7994454713,0.0004138274,0.5547493586,0.1254034817,0.0012000993,0.0000000000,0.0053383728,0.4228074048,0.0026484950,0.0005793583,0.0055039038,0.0001517367,0.0000000000,0.1370320302,0.0194774740,0.1138439043,0.0000000000,1.0538087364586264,15.55,3.0940406525770445
0.0018007706,0.0794293372,0.8376375007,0.8376375007,0.0039505277,0.0000000000,0.0888240549,0.0000000000,0.0000000000,0.0104556368,0.9111759451,0.1631163102,0.0124239209,0.0037690547,0.0543441845,0.0082779608,0.0000000000,0.4544921548,0.4420682338,0.0000000000,0.2287257803,0.2017979787,0.0000000000,0.0000000000,0.0260483556,0.0008794461,0.0024010274,0.0002652298,0.0038248925,0.0001116757,0.0000000000,0.4483360322,0.1873080574,0.2610279748,0.0000000000,0.9688776228700183,10.81,2.758988173650479
0.0344919319,0.0279667394,0.8746266161,0.8746266161,0.0035609233,0.0001140104,0.0384366901,0.0000000000,0.0000000000,0.0104851521,0.9615633099,0.0037129371,0.0072662598,0.0004218383,0.0146047261,0.0069280291,0.0000000000,0.5179376287,0.5106713690,0.0000000000,0.4926919364,0.0370077603,0.0282897687,0.0070534405,0.0639674082,0.3563735587,-0.0076538950,0.0007714700,0.0074220739,0.0002508228,0.0002660242,0.3803955399,0.1996245259,0.1807710140,0.0000000000,-2.8903559127439724,-75.47,2.8820506533847685
0.0129731562,0.0873099059,0.8488693207,0.8488693207,0.0043086946,0.0002432075,0.0979749449,0.0000000000,0.0078328490,0.0131253570,0.9020250551,0.0206694952,0.0099636601,0.0329977594,0.0514501440,0.0862366550,0.0000000000,0.6634997395,0.6535360794,0.0005727143,0.5045660238,0.0875750805,0.0395015973,0.0111608684,0.0810006339,0.2853278436,0.0041266813,0.0018609293,0.0063077029,0.0001851515,0.0001208192,0.2225881666,0.0875029028,0.1350852638,0.0000000000,1.662355393252923,17.01,3.765540014726418
0.0117966585,0.0584894790,0.9244190832,0.9244190832,0.0063427615,0.0001371704,0.0733532688,0.0000000000,0.0000000000,0.0136292557,0.9266467312,0.1116896656,0.0092123673,0.0213711558,0.0505939480,0.0398397849,0.0000000000,0.7786891992,0.7694768319,0.0000000000,0.5754080821,0.2990151162,0.0276864832,0.0005870895,0.0751913528,0.1729280404,0.0029244740,0.0004334586,0.0046583084,0.0001481441,0.0000000000,0.1289292475,0.0440920688,0.0833557378,0.0000000000,1.1998322936099926,16.18,3.2013499668534924
0.0053242244,0.0821838918,0.9271038591,0.9271038591,0.0047709116,0.0000846907,0.0584817774,0.0016317082,0.0000000000,0.0114953561,0.9415182226,0.0008469074,0.0070293312,0.0028456088,0.0798294893,0.0067696130,0.0000000000,0.5311520763,0.5241227451,0.0000000000,0.4436552522,0.0000000000,0.0020608079,0.0269034243,0.1183298987,0.2963611213,0.0018067357,0.0014679728,0.0062163001,0.0001976117,0.0000000000,0.3784490303,0.1629619174,0.2154871129,0.0000000000,0.7169161404147472,12.51,2.7433388806670624
0.0196339553,0.0207020534,0.7959065312,0.7959065312,0.0054187268,0.0001292603,0.0788844838,0.0000000000,0.0093645667,0.0121963872,0.9211155162,0.0731392048,0.0077216006,0.0093101413,0.1040205048,0.0193703324,0.0000000000,0.7266995600,0.7189779594,0.0059306655,0.5198525072,0.1389462907,0.0436287441,0.0161099121,0.1924566425,0.1287109179,0.0014371702,0.0014014535,0.0065463526,0.0001428666,0.0005272459,0.2149003080,0.1871926880,0.0274354932,0.0000000000,0.5735676928663791,7.25,2.8532560054415925
0.0064283215,0.0431931628,0.8471569873,0.8471569873,0.0041995911,0.0000000000,0.1148440810,0.0357702013,0.0106463318,0.0112357481,0.8851559190,0.2066640880,0.0071835111,0.0097069496,0.0503582546,0.0137039288,0.0000000000,0.4851080290,0.4779245179,0.0000000000,0.2110847102,0.1056528706,0.0038496252,0.0000000000,0.0099095614,0.0916726529,0.0015287985,0.0020261185,0.0075703155,0.0002394504,0.0000000000,0.3859939953,0.0788528485,0.2599141663,0.0000000000,0.609873708381171,5.32,3.064795964417879
0.0137516909,0.0755098682,0.9268784143,0.9268784143,0.0019949184,0.0000722506,0.0688507745,0.0192266781,0.0000000000,0.0091035712,0.9311492255,0.0000000000,0.0048448018,0.0077870053,0.0211292763,0.0330827309,0.0000000000,0.3544131046,0.3495683029,0.0006703247,0.2995307727,0.0010516471,0.0237182549,0.0002247795,0.0877844364,0.1867516547,0.0023922965,0.0010155218,0.0055552657,0.0002328074,0.0000000000,0.5118791971,0.0558817981,0.4559973990,0.0000000000,0.9587311290024209,14.23,3.0326251214719617
0.0223371183,0.0292010058,0.8389195785,0.8389195785,0.0045035908,0.0000000000,0.0894616920,0.0000000000,0.0000000000,0.0107306227,0.9105383080,0.0130547523,0.0114885594,0.0019577411,0.0831418836,0.0057647220,0.0000000000,0.5485511930,0.5370626336,0.0046325344,0.4415232955,0.0066610372,0.0742211886,0.0250575136,0.2073979026,0.1281856536,0.0016746942,0.0010504185,0.0057144025,0.0001965604,0.0000000000,0.3613911441,0.2398901149,0.1215010292,0.0000000000,0.6673742504768359,7.49,2.7367131625709553
0.0066313013,0.0117436496,0.9264033892,0.9264033892,0.0022645998,-0.0000806728,0.0563902626,0.0038999519,0.0001970720,0.0099469519,0.9436097374,0.0007329697,0.0071360823,0.0007099203,0.0293187876,0.0011386385,0.0000000000,0.5206401269,0.5135040446,0.0030563453,0.4856477389,0.0010717953,0.0230666484,0.0128995751,0.2934287423,0.1551809778,0.0022000615,0.0005531847,0.0057035645,0.0001774801,0.0000000000,0.4238051499,0.1567183702,0.2519145376,0.0000000000,0.86874953425309,15.38,3.2144336073711117
0.0147051844,0.0867202455,0.8984559161,0.8984559161,0.0046591466,0.0000000000,0.0967346422,0.0068740211,0.0010599756,0.0123400149,0.9032653578,0.1293882200,0.0053710706,0.0124903099,0.0410147289,0.0293866380,0.0158205319,0.6014175197,0.5960464491,0.0121027069,0.3736335016,0.1886519325,0.0076254964,0.0005774494,0.0325032828,0.1442753405,0.0015425019,0.0009571422,0.0070243162,0.0002056669,0.0000000000,0.2719865842,0.1185827968,0.1522251578,0.0000000000,0.6163693474782197,6.37,3.279643663844969
0.0082032502,0.0214414322,0.7669225091,0.7669225091,0.0047989834,-0.0000827529,0.1167153077,0.0000000000,0.0005699235,0.0111068962,0.8832846923,0.0252179729,0.0113597143,0.0039703147,0.0710872361,0.0085107809,0.0000000000,0.7856878087,0.7743280944,0.0105308176,0.6700694896,0.0649493885,0.0847683626,0.1089668564,0.1030683767,0.3083165054,0.0027584295,0.0016721554,0.0045571079,0.0001082855,0.0000255326,0.1787348338,0.0649920188,0.1137428150,0.0000000000,1.1092175982413859,9.41,2.6223815574643456
0.0022343353,0.0439282621,0.8589601458,0.8589601458,0.0043610536,0.0000000000,0.1310246341,0.0002767296,0.0023727001,0.0113424973,0.8689753659,0.0082284352,0.0092260283,0.0001451976,0.0997012345,0.0030576913,0.0000000000,0.6085830590,0.5993570307,0.0096855361,0.4877478822,0.0598299650,0.0497600823,0.0460532722,0.2390499634,0.0930545994,0.0034710775,0.0007225717,0.0036026095,0.0000785775,0.0000000000,0.3289067985,0.2476559124,0.0551819326,0.0000000000,1.371404660548663,10.66,2.858071937817529
0.0176767898,0.0808542322,0.8650589956,0.8650589956,0.0052487277,0.0000280306,0.0933243402,0.0026926884,0.0053590981,0.0134949764,0.9066756598,0.0475398779,0.0094866023,0.0047038831,0.0586662696,0.0187331926,0.0000000000,0.8001997179,0.7907131157,0.0000963551,0.6731650914,0.1306102785,0.0571543697,0.0296213243,0.2104151155,0.2453640035,0.0034775449,0.0033286324,0.0080132445,0.0001751912,0.0000508054,0.0853636531,0.0060073055,0.0792267061,0.0000000000,1.40859312769766,15.07,3.532848851936706
0.0104100362,0.1139580702,0.8534646796,0.8534646796,0.0035429822,0.0000000000,0.0729712890,0.0000000000,0.0021318515,0.0104538183,0.9270287110,0.0885139345,0.0078706744,0.0093794729,0.0295832281,0.0197221521,0.0000000000,0.3860705565,0.3781998821,0.0008891134,0.2472880357,0.1206398922,0.0065201650,0.0004984424,0.0421823693,0.0774471668,0.0018590553,0.0009261598,0.0059846763,0.0001751284,0.0000000000,0.4817041340,0.2706238949,0.1722825629,0.0000000000,0.7669396226087409,10.34,3.0241846344303127
0.0287293264,0.0374206682,0.8446697652,0.8446697652,0.0024255555,0.0019660645,0.1383610931,0.0000000000,0.0000027848,0.0114009463,0.8616389069,0.0000000000,0.0121737266,0.0000000000,0.0613169847,0.0001420245,0.0000000000,0.5383758525,0.5262021259,0.0000000000,0.4775489915,0.0000000000,0.0758229762,0.0424249428,0.2454754061,0.1138256663,-0.0001782268,0.0022821386,0.0108704430,0.0002032900,0.0006015155,0.3646715475,0.0492073084,0.3069023902,0.0000000000,-0.07026370159335295,-0.51,3.8349188218006156
0.0080698049,0.0901128217,0.9001574686,0.9001574686,0.0048796754,0.0000000000,0.0788936438,0.0000000000,0.0006521054,0.0116971415,0.9211063562,0.1255599400,0.0076029567,0.0028270253,0.1448266919,0.0065469905,0.0000000000,0.6758998870,0.6682969303,0.0100372367,0.3883843717,0.1747346190,0.0346579225,0.0147872321,0.0939624669,0.0702421312,0.0031419626,0.0012004668,0.0047648159,0.0001111543,0.0000000000,0.2191370718,0.0096889531,0.2094481187,0.0000000000,1.2487230224103816,16.17,2.8327467058735234
0.0215889426,0.0131727645,0.8879983931,0.8879983931,0.0060897549,0.0000000000,0.0761429051,0.0000000000,0.0303825576,0.0114422941,0.9238570949,0.0700774297,0.0069616118,0.0015141616,0.0253169586,0.0027325540,0.0009623534,0.6611213625,0.6541597507,0.0024765150,0.5595025780,0.1303790260,0.0713929404,0.0722934913,0.2032750918,0.0821620285,0.0009115871,0.0012801949,0.0056792096,0.0001500918,0.0003332921,0.2636406978,0.2448306611,0.0188100367,0.0000000000,0.35912731193641795,4.71,2.2886426697370656
0.0041234881,0.0466079104,0.8601679384,0.8601679384,0.0043150845,0.0002082570,0.0760637766,0.0022075239,0.0000000000,0.0124954183,0.9239362234,0.0507397288,0.0052314151,0.0273649662,0.0753890240,0.0347955750,0.0000000000,0.8985788544,0.8933474393,0.0000000000,0.7376461964,0.2128386258,0.0523391423,0.0000000000,0.0787128053,0.3937556229,0.0019492853,0.0002499084,0.0062893606,0.0001249542,0.0000000000,0.0418763120,0.0357452268,0.0055146446,0.0000000000,0.7915835052941375,10.3,3.4071786687021843
0.0089071688,0.0489994043,0.9017446650,0.9017446650,0.0030555152,0.0001282632,0.0836789315,0.0000000000,0.0034859096,0.0109194763,0.9163210685,0.0594314804,0.0071000824,0.0154542941,0.0349132513,0.0239909247,0.0000000000,0.5114368047,0.5043367223,0.0019439005,0.3901282917,0.2407329816,0.0167910820,0.0026279711,0.0709979734,0.0589782836,0.0020037567,0.0014650511,0.0058545039,0.0001909697,0.0000000000,0.3890907847,0.1149495070,0.2670525965,0.0000000000,0.7975008614540778,9.56,3.3594515777489606
0.0083002702,0.2252594342,0.8850457205,0.8850457205,0.0032373488,0.0000081137,0.1130800250,0.0005436150,0.0000000000,0.0115619599,0.8869199750,0.0230427833,0.0072536085,0.0121623705,0.0257202898,0.0256472669,0.0000000000,0.4700078702,0.4627542617,0.0038539866,0.3885629904,0.1069542146,0.0189210460,0.0285438421,0.0313105989,0.2028332887,0.0036754862,0.0012089348,0.0058499460,0.0002271824,0.0000000000,0.2934709409,0.2362615518,0.0572093891,0.0000000000,1.5179820556425871,13.05,3.61286687677166
0.0191160447,0.0255409394,0.8655447801,0.8655447801,0.0064123705,0.0000000000,0.0750572980,0.0000000000,0.0008349441,0.0134175514,0.9249427020,0.1572199702,0.0087961359,0.0173209149,0.0746398260,0.0203893344,0.0000000000,0.7452919591,0.7364958232,0.0031769622,0.4886677215,0.1806359769,0.0303001206,0.0089213775,0.1606641145,0.1081461319,0.0021708546,0.0045379211,0.0078401249,0.0002254349,0.0000000000,0.1857500094,0.1001223193,0.0461891065,0.0000000000,0.8619171440706939,11.89,2.9789273731115413
0.0148608167,0.0350841622,0.7434505613,0.7434505613,0.0034336308,0.0103821155,0.2327823600,0.0000000000,0.0202925355,0.0222761838,0.7672176400,0.0359174509,0.0498252500,0.0008579565,0.0851199906,0.1315898246,0.0000000000,0.8008295585,0.7510043084,0.0000000000,0.5477384183,0.0410062277,0.1002744137,0.0450318846,0.2886325582,0.0727933342,0.0054064494,0.0056465087,0.0095771045,0.0000980694,0.0024066100,0.1447509730,0.0437329168,0.1010180562,0.0000000000,2.1646329070091315,9.38,8.187677634049267
0.0171850213,0.0217636186,0.8300097510,0.8300097510,0.0036093202,-0.0003289139,0.0762468891,0.0000000000,0.0032745849,0.0123007961,0.9237531109,0.0430440541,0.0098237546,0.0067849398,0.1030722883,0.0114857883,0.0000000000,0.7575497373,0.7477259827,0.0000000000,0.5999476066,0.0583021641,0.0749370552,0.0364919736,0.3161007699,0.1141156438,0.0011410109,0.0030475470,0.0106649590,0.0002648775,0.0000000000,0.1642939267,0.0649473883,0.0978998996,0.0000000000,0.456517308644132,6.03,3.843406292837698
0.0051492313,0.0919663524,0.8570894258,0.8570894258,0.0044106024,0.0000000000,0.0794261277,0.0000000000,0.0000000000,0.0111923446,0.9205738723,0.0398789025,0.0092422703,0.0017054329,0.0148925460,0.0042671108,0.0000000000,0.4329800147,0.4237377444,0.0000000000,0.3726712019,0.1763511733,0.0188914921,0.0009550424,0.0893176386,0.0871558554,0.0038013512,0.0012232071,0.0042035981,0.0001317300,0.0000000000,0.4683212894,0.2167358249,0.2416821920,0.0000000000,1.548343208093351,19.05,2.8211636199061814
0.0011847768,0.1661911440,0.8925641150,0.8925641150,0.0033931364,0.0000000000,0.1041152860,0.0000000000,0.0000000000,0.0130164257,0.8958847140,0.0411045022,0.0109370215,0.1065170785,0.0366716637,0.1189854442,0.0000000000,0.5523800313,0.5414430098,0.0025549269,0.3530634944,0.1438415784,0.0027644793,0.0133871722,0.0660976514,0.1269726131,0.0038767187,0.0008059706,0.0057707497,0.0001692538,0.0000000000,0.2363750665,0.0741009398,0.1622741267,0.0000000000,1.5772818940499418,15.09,4.204003309684348
0.0331120770,0.0422004335,0.8685130901,0.8685130901,0.0061547447,0.0000000000,0.0752810629,0.0000000000,0.0071767917,0.0138122354,0.9247189371,0.0940979593,0.0068802857,0.0231521727,0.0462144951,0.0316654874,0.0000000000,0.8053168907,0.7984366050,0.0010377708,0.6176084100,0.3128115278,0.0023158911,0.0077406022,0.0883026158,0.2064377731,0.0016105664,0.0020463403,0.0080932646,0.0002470883,0.0001819468,0.0870963757,0.0590361310,0.0280602446,0.0000000000,0.645561371660351,8.57,3.3663068138335563
0.0428181643,0.0573467741,0.8804241021,0.8804241021,0.0038734186,-0.0002719728,0.0961774666,0.0001579197,0.0000000000,0.0121685880,0.9038225334,0.0000000000,0.0072072783,0.0949316559,0.0994016599,0.1471767472,0.0000000000,0.7872558825,0.7800486042,0.0000350933,0.5389973856,0.0020748890,0.0314391746,0.0348256742,0.1321348985,0.3385227492,0.0008773315,0.0015309435,0.0089487814,0.0002324928,0.0000000000,0.0952036286,0.0538199014,0.0404405959,0.0000000000,0.3532640494216405,3.64,3.72345793265385
0.0066362151,0.0326682303,0.8297627921,0.8297627921,0.0047762970,-0.0001470156,0.0734291556,0.0102569012,0.0010393660,0.0100004787,0.9265708444,0.0349179106,0.0061917493,0.0047626211,0.0767865812,0.0217651443,0.0000000000,0.5424738278,0.5362820785,0.0127117195,0.3962924721,0.1737724199,0.0070123014,0.0104004978,0.1448684723,0.0602387807,0.0014906696,0.0007043072,0.0042839657,0.0001059880,0.0000000000,0.3701510500,0.1159645248,0.2471947375,0.0000000000,0.5929028441658224,8.12,2.1965621215224993
0.0178935535,0.0250685482,0.7792145421,0.7792145421,0.0089359438,-0.0012036562,0.0994147823,0.0019330719,0.0026311925,0.0104549580,0.9005852177,0.0029453468,0.0096448973,0.0000048146,0.0014371655,0.0012951341,0.0000000000,0.8354541756,0.8258092783,0.0027684093,0.8270093235,0.0210375035,0.0032185767,0.5059388398,0.1602186803,0.1365957232,0.0000938852,0.0004730369,0.0033220912,0.0000529609,0.0000000000,0.1026634505,0.0000000000,0.0984638939,0.0000000000,0.037642857358303895,0.38,0.6403986506972962
0.0064639248,0.0142369252,0.8703840537,0.8703840537,0.0035257772,0.0003490868,0.1248916376,0.0113045957,0.0055039360,0.0091926203,0.8751083624,0.0364330306,0.0061497466,0.0178499741,0.0559120767,0.0409071604,0.0000000000,0.6011217324,0.5949719858,0.0000000000,0.4533881788,0.0601709362,0.0273974994,0.0361653973,0.0528052037,0.2768491421,0.0011927134,0.0036886843,0.0078428178,0.0002269065,0.0010879873,0.3336339359,0.2112208149,0.1212611344,0.0000000000,0.47669291384356915,3.81,2.385632321154117
0.0112106015,0.0290250859,0.8703774199,0.8703774199,0.0051253193,0.0013516719,0.1250875828,0.0424811180,0.0255714262,0.0148077040,0.8749124172,0.1641977965,0.0044081056,0.0413887464,0.1186326597,0.0470602515,0.0000000000,0.8852237431,0.8808156375,0.0012302973,0.5541027381,0.1985854339,0.0106920009,0.0117567873,0.0538296452,0.2792388708,0.0035860684,0.0005241177,0.0052135918,0.0001324087,0.0000000000,0.0000000000,0.0000000000,0.0000000000,0.0000000000,1.4681427147652808,11.63,4.262269202979945
0.0144173732,0.1063977094,0.8566438554,0.8566438554,0.0038304845,0.0000521864,0.0725252321,0.0000000000,0.0012524745,0.0095988255,0.9274747679,0.0310787633,0.0065546166,0.0171832544,0.0455761557,0.0266289997,0.0000000000,0.3808601021,0.3743054855,0.0265802923,0.2513681544,0.0461119364,0.0454822201,0.0068607770,0.0570850047,0.0958282162,0.0016247378,0.0014681784,0.0055595952,0.0001530802,0.0000000000,0.4697127311,0.0881115816,0.3816011495,0.0000000000,0.6495199880388182,9.03,2.470087618834791
0.0083564671,0.1145119257,0.8954733443,0.8954733443,0.0021528525,0.0000000000,0.1004758937,0.0522350008,0.0000000000,0.0120814685,0.8995241063,0.1761656563,0.0064160671,0.0063452496,0.0690187525,0.0110050422,0.0000000000,0.6907257379,0.6843096708,0.0014021868,0.4331341001,0.1677666988,0.0038949635,0.0309755821,0.0969350178,0.1335618379,0.0036541839,0.0005382131,0.0066851736,0.0001699620,0.0000000000,0.1171321738,0.0042915416,0.1128406323,0.0000000000,1.4126536534618228,14.69,4.059825966090897
0.0069708787,0.0717536814,0.8904817337,0.8904817337,0.0032206119,0.0000000000,0.1068699920,0.0000000000,0.0039908426,0.0090468153,0.8931300080,0.0124439788,0.0056050288,0.0063248162,0.0759113750,0.0202568729,0.0000000000,0.3501018567,0.3444968279,0.0107036843,0.2299594513,0.0225636847,0.0046718274,0.0052053625,0.1560677493,0.0414508275,0.0026696157,0.0019614691,0.0051296975,0.0001338688,0.0000000000,0.5543740178,0.3835360767,0.1701278544,0.0000000000,1.0729421305230982,9.98,2.4536568924839903
0.0103594125,0.0542115667,0.8536844566,0.8536844566,0.0064868541,0.0000000000,0.1067482837,0.0497013752,0.0000000000,0.0125316160,0.8932517163,0.1191013624,0.0166847329,0.0118429722,0.0657017152,0.0219643351,0.0000000000,0.5893940360,0.5727093031,0.0095644966,0.3729431019,0.2543943548,0.0128079237,0.0000000000,0.0403409212,0.0653999022,0.0018321325,0.0005781207,0.0046929797,0.0001317775,0.0007864142,0.2663903590,0.2197071139,0.0466747434,0.0000000000,0.7025952008346374,6.89,2.487769994992094
0.0171479418,0.0175747278,0.7970471236,0.7970471236,0.0057938221,0.0002939187,0.1050537911,0.0000000000,0.0026613734,0.0156541906,0.8949462089,0.2696241062,0.0118171423,0.0056045867,0.1310998196,0.0086081943,0.0000000000,0.8210679315,0.8092507892,0.0017916962,0.4001360884,0.1337692456,0.0000000000,0.0304789667,0.0966670425,0.1392208336,0.0045255427,0.0009944920,0.0058743477,0.0001248148,0.0000000000,0.1326217548,0.0373276751,0.0796600206,0.0000000000,1.8353005529169482,17.4,4.242970252429876
0.0355538450,0.0279690848,0.9580384955,0.9580384955,0.0057459623,0.0016992564,0.0334832280,0.0025995247,0.0060610562,0.0111768307,0.9665167720,0.0974697960,0.0043572985,0.0039521777,0.0765295558,0.0122301446,0.0000000000,0.4561456814,0.4517883829,0.0054713805,0.2640239291,0.1133437764,0.0424071373,0.0180301230,0.0492356722,0.0410072202,0.0028718558,0.0081676840,0.0083859990,0.0002115630,0.0000000000,0.3785245503,0.1965353175,0.0515088496,0.0000000000,1.1485368194486167,39.3,2.60670418822716
0.0055337630,0.0791538246,0.9158377697,0.9158377697,0.0026618100,0.0002101429,0.0797142057,0.0000000000,0.0000000000,0.0116629308,0.9202857943,0.0001751191,0.0045180723,0.1342112637,0.0652843934,0.2225063043,0.0000000000,0.7542378818,0.7497198095,0.0000000000,0.4662720650,0.0045180723,0.0000000000,0.0000000000,0.0229756234,0.4387783693,0.0009456430,0.0002101429,0.0077752872,0.0002451667,0.0000000000,0.1528439339,0.0227304567,0.1301134772,0.0000000000,0.384280097493284,4.75,3.800369685767098
0.0078122167,0.4700459158,0.9100954343,0.9100954343,0.0049373403,0.0000265968,0.0857602948,0.0005851304,0.0000000000,0.0110425235,0.9142397052,0.0106242278,0.0057545886,0.0014265577,0.0467959273,0.0048744750,0.0000000000,0.3347332942,0.3289787056,0.0121233223,0.2537604302,0.0664050505,0.0025944006,0.0239661688,0.0742583714,0.0865364389,0.0029401595,0.0005440262,0.0035978268,0.0000846263,0.0000000000,0.1705631034,0.0606335367,0.1099295667,0.0000000000,1.1436646410353175,13.88,2.4789686508642643
0.0147463673,0.0144979572,0.8287653304,0.8287653304,0.0048314660,0.0006954001,0.0962822865,0.0000005932,0.0168496226,0.0103473575,0.9037177135,0.0167627161,0.0082902249,0.0028213459,0.0929429127,0.0119623941,0.0000000000,0.6550575340,0.6467673091,0.0641832475,0.4623492540,0.0273042042,0.0598514196,0.0607313105,0.2136542229,0.1008080967,0.0009191917,0.0015257573,0.0051746427,0.0001149360,0.0005748285,0.2764911616,0.0971897621,0.0871477637,0.0033929117,0.37659708562586103,3.91,2.4370352964032795
0.0314054476,0.1665456697,0.9235836627,0.9235836627,0.0027963755,0.0000268882,0.0747761555,0.0388534861,0.0000000000,0.0128794601,0.9252238445,0.0893226856,0.0098948670,0.0401441209,0.0143583125,0.0705278159,0.0000000000,0.6271140867,0.6172192197,0.0009679761,0.4529859375,0.0856927751,0.0155682826,0.0000000000,0.0629184480,0.2888064317,0.0012906348,0.0015864053,0.0099217553,0.0003495469,0.0000000000,0.1222338738,0.0555241860,0.0518136108,0.0000000000,0.5196140782939338,6.96,4.45302063232893
0.0071815030,0.0515337885,0.9208906192,0.9208906192,0.0034575285,0.0002350994,0.0729591805,0.0010407067,0.0008839737,0.0126483477,0.9270408195,0.0183941771,0.0096234021,0.1776191640,0.0412301654,0.2370460231,0.0000000000,0.7697593209,0.7601359188,0.0000000000,0.4719824208,0.0738807701,0.0114226962,0.0198517933,0.0537938774,0.3130332838,0.0035954535,0.0030280803,0.0078523200,0.0002006182,0.0000000000,0.1530277668,0.0684734839,0.0819431122,0.0000000000,1.4425654271650665,19.58,3.8470306716066633
0.0132583904,0.0585087518,0.8607935486,0.8607935486,0.0046469226,0.0000143734,0.1132721529,0.0033953582,0.0294554239,0.0140137129,0.8867278471,0.0051255571,0.0085672695,0.0000891151,0.0783817843,0.0061586458,0.0000000000,0.8070010712,0.7984338017,0.0015997603,0.7155107393,0.0190925565,0.0698511670,0.0683071037,0.3876500808,0.1706098313,0.0024061084,0.0005465488,0.0068086831,0.0001257673,0.0000000000,0.0611078232,0.0165175605,0.0310142200,0.0000000000,0.9827322885565294,8.59,4.181303715965853
0.0030302731,0.2243882698,0.9084502176,0.9084502176,0.0023492020,0.0000000000,0.0908588406,0.0000000000,0.0000000000,0.0104727029,0.9091411594,0.0195536516,0.0027538964,0.0078273830,0.0575850599,0.0315661675,0.0000000000,0.2946471755,0.2918932791,0.0110155857,0.1574853668,0.0455231910,0.0522549378,0.0000000000,0.0346951466,0.0250120915,0.0046885333,0.0010364126,0.0044713802,0.0001480589,0.0000000000,0.4454205368,0.0428087769,0.4026117598,0.0000000000,1.8196793533434212,21.47,3.447355055579699
0.0300839197,0.0862258675,0.9005374894,0.9005374894,0.0066605512,0.0005278704,0.0822727049,0.0000000000,0.0026557746,0.0145058781,0.9177272951,0.0953028920,0.0094782060,0.0064611335,0.1442681488,0.0088869912,0.0000000000,0.7958690037,0.7863907977,0.0066464746,0.5406096551,0.1282607727,0.1215134161,0.0048892528,0.2449318578,0.0410143557,0.0022804001,0.0016539939,0.0065784380,0.0001407654,0.0006475210,0.0804732534,0.0367515091,0.0437217443,0.0000000000,0.9207946116463467,11.16,3.3682768554355516
0.0055236645,0.0106490159,0.8093779288,0.8093779288,0.0063144330,0.0006853327,0.0785379569,0.0000000000,0.0000000000,0.0131267573,0.9214620431,0.1795044517,0.0080248360,0.0215499063,0.1695349110,0.0293638707,0.0000000000,0.7657216495,0.7576968135,0.0019857076,0.3851686973,0.1263589503,0.0037664011,0.0000000000,0.1089151828,0.1461281631,0.0005623243,0.0012300843,0.0067830366,0.0001581537,0.0004041706,0.1917525773,0.1009020619,0.0904111996,0.0000000000,0.22602461549328107,2.84,2.8597510934613624
0.0121561513,0.1260891365,0.8665965143,0.8665965143,0.0053044633,0.0003163311,0.0816543039,0.0000000000,0.0000000000,0.0141273028,0.9183456961,0.0166536476,0.0092639815,0.0066816870,0.1866181195,0.0103980392,0.0000000000,0.7959406330,0.7866766515,0.0021454563,0.5800435977,0.0530683038,0.0625776033,0.0246350895,0.2053698814,0.2343927197,0.0030772343,0.0006025354,0.0050548415,0.0001355705,0.0000000000,0.0539699550,0.0506517066,0.0033182484,0.0000000000,1.2029923382848104,15.41,3.5986812149937735
0.0201131152,0.1454363640,0.9400421938,0.9400421938,0.0042655116,0.0000000000,0.0573805445,0.0000012469,0.0080185633,0.0113701257,0.9426194555,0.0274247083,0.0063165980,0.0026857387,0.0252152706,0.0148002404,0.0000000000,0.2653956165,0.2590790186,0.0000000000,0.1979466693,0.0000000000,0.0244359824,0.0138177139,0.1161189206,0.0435740523,0.0017156808,0.0018154297,0.0071569823,0.0001783011,0.0000000000,0.5551486632,0.1011715506,0.3745745087,0.0000000000,0.6722385274263304,11.93,2.9188555094806454
0.0117622850,0.0688904437,0.8823771504,0.8823771504,0.0041361429,0.0002222405,0.0952012511,0.0108856696,0.0000000000,0.0110914479,0.9047987489,0.0025063791,0.0094328751,0.0036340440,0.0325376574,0.0086591489,0.0000000000,0.6483743518,0.6389414767,0.0003210141,0.6043501523,0.0248292040,0.0771215738,0.0279611491,0.1082599391,0.3661782863,0.0016709194,0.0006708371,0.0052802700,0.0001316981,0.0000000000,0.2583299037,0.0376039180,0.2207259857,0.0000000000,0.6595472922618939,7.07,2.848936811340117
0.0144907352,0.0630154243,0.8917952625,0.8917952625,0.0070634135,0.0001779107,0.0990261637,0.0050470924,0.0202566586,0.0177263734,0.9009738363,0.0225245705,0.0121868817,0.0048017913,0.2590154890,0.0103529640,0.0000000000,0.8269782679,0.8147913862,0.0030406553,0.5315602767,0.0404594049,0.0425889419,0.0288314144,0.3187485511,0.1009319644,0.0054792896,0.0035123882,0.0085181478,0.0001482589,0.0005319350,0.0560975741,0.0169320651,0.0262526080,0.0000000000,2.1663224429566323,22.52,4.563024200331643
0.0046294351,0.0751884121,0.8597474395,0.8597474395,0.0033271439,0.0001680376,0.0997302997,0.0075616908,0.0329185606,0.0109560498,0.9002697003,0.0651061577,0.0050915385,0.0121911259,0.0325236723,0.0209458835,0.0000000000,0.5918955478,0.5868040094,0.0000000000,0.4728325254,0.2805975416,0.0000000000,0.0090068139,0.0876063888,0.0956217810,0.0022601054,0.0016971795,0.0067887180,0.0002016451,0.0000000000,0.2776736878,0.0506717302,0.2113912671,0.0000000000,0.8980324243119744,9.11,3.2626075708305633
0.0045564079,0.1422588419,0.8634235144,0.8634235144,0.0022729425,0.0000631373,0.1319885090,0.0000000000,0.0000000000,0.0100283066,0.8680114910,0.0170681146,0.0039250350,0.0027254264,0.0507939514,0.0046721596,0.0000000000,0.4521156254,0.4481905904,0.0423651230,0.3371847081,0.0590017994,0.0276015195,0.0205301428,0.0940956109,0.1359556355,0.0034620282,0.0006313729,0.0048089571,0.0001367975,0.0000000000,0.3875156528,0.2005871768,0.1869284760,0.0000000000,1.3640768899876135,10.48,3.163633241758242
0.0076093462,0.0144889035,0.8265972909,0.8265972909,0.0043817864,0.0001832106,0.0912724586,0.0156767188,0.0000000000,0.0106994980,0.9087275414,0.0013893469,0.0078078243,0.0230570518,0.0312618324,0.0353107862,0.0000000000,0.6437439693,0.6359361450,0.0253319165,0.5503768031,0.0080948542,0.0705879838,0.0000000000,0.0975229929,0.3741709721,0.0021740989,0.0007969660,0.0044825522,0.0001404614,0.0000000000,0.2933201422,0.1113156963,0.1726179571,0.0000000000,0.8706937270613628,9.48,2.6842851258299194
0.0140322239,0.1528711908,0.8753345210,0.8753345210,0.0042300720,0.0000078480,0.1121636151,0.0000000000,0.0000000000,0.0131453999,0.8878363849,0.1980128864,0.0093155759,0.0248153758,0.1027617112,0.0529347596,0.0000000000,0.6632344747,0.6539188988,0.0050305680,0.3035135496,0.0832280393,0.0199182238,0.0000000000,0.0340367757,0.1663305107,0.0035002080,0.0005415120,0.0050462640,0.0001334160,0.0000000000,0.1651690067,0.1331334709,0.0321532557,0.0000000000,1.4205178838742556,12.62,3.8168836623267532
0.0135761205,0.0251949739,0.8537813969,0.8537813969,0.0052394533,0.0001333523,0.0957254148,0.0094249937,0.0250056997,0.0128405322,0.9042745852,0.0063707967,0.0052910736,0.0086765003,0.1506192277,0.0173573023,0.0000000000,0.8307544727,0.8254633991,0.0165485854,0.6398327505,0.0156710415,0.0772711826,0.0206179802,0.2634481453,0.2628244009,0.0014367631,0.0011399467,0.0068009653,0.0001591624,0.0000000000,0.0811082863,0.0158302039,0.0652780825,0.0000000000,0.5829364551267647,6.18,3.298480263019733
0.0032177694,0.0178724108,0.8565058701,0.8565058701,0.0052219801,0.0000000000,0.1353669636,0.1188460159,0.0000000000,0.0106094455,0.8646330364,0.0431364978,0.0082099089,0.0076031295,0.0558328966,0.0123286538,0.0000000000,0.6828290629,0.6746191540,0.0000000000,0.5715310147,0.1367184268,0.0000000000,0.0305963906,0.2428772375,0.1613389598,0.0013790440,0.0003677451,0.0043761664,0.0000735490,0.0000000000,0.1649704425,0.0321501135,0.1328203289,0.0000000000,0.5604726652810537,3.99,2.2571015888300434
0.0149070440,0.0447064423,0.8689478694,0.8689478694,0.0038016781,0.0002937927,0.1052953205,0.0000000000,0.0000000000,0.0131119703,0.8947046795,0.2052876819,0.0091927750,0.0043922016,0.0572572684,0.0074593978,0.0000000000,0.7931405269,0.7839477519,0.0012750605,0.5196106659,0.1173790161,0.1400098714,0.0091957130,0.0977889158,0.1552371495,0.0038927539,0.0023767833,0.0074123910,0.0001792136,0.0000000000,0.1394604790,0.0125890192,0.1268714598,0.0000000000,1.5427696499368337,15.08,3.939398648123689
0.0044478215,0.3658889157,0.8478659723,0.8478659723,0.0009822272,0.0000000000,0.1513741915,0.0000000000,0.0000000000,0.0067273300,0.8486258085,0.0000000000,0.0007413036,0.0013343464,0.0000000000,0.0021683130,0.0000000000,0.0402898497,0.0395485461,0.0000000000,0.0381215367,0.0025204322,0.0000000000,0.0000000000,0.0013528790,0.0342482255,0.0003335866,0.0001853259,0.0054856465,0.0001482607,0.0000000000,0.5808484219,0.2404232843,0.3404251376,0.0000000000,0.1320676846884028,0.88,2.3594778703809416
0.0339543322,0.0425352677,0.8184849299,0.8184849299,0.0047546152,0.0000681568,0.0734634400,0.0000000000,0.0063440308,0.0123472778,0.9265365600,0.0006965620,0.0074590753,0.0111449926,0.1340779686,0.0237362715,0.0000000000,0.7072367479,0.6997776727,0.0101867086,0.5384901643,0.0028080583,0.0682794372,0.0200980639,0.2561494432,0.1911551616,0.0011504860,0.0018129697,0.0080070556,0.0001649393,0.0000000000,0.1838596625,0.0634484864,0.0987550487,0.0000000000,0.464229507588076,6.31,3.3711554378038464
0.0074562401,0.0309246420,0.9038673562,0.9038673562,0.0031427597,0.0000000000,0.0685752444,0.0000000000,0.0018896340,0.0128694021,0.9314247556,0.1358518982,0.0115622869,0.0096044556,0.0840674017,0.0116475335,0.0000000000,0.6865139805,0.6749516936,0.0002585815,0.4531058195,0.1761252557,0.0090844510,0.0051801546,0.0853830416,0.1773329166,0.0037394862,0.0009860195,0.0061178677,0.0001363946,0.0000000000,0.2573539441,0.1320271653,0.0993407593,0.0000000000,1.4992046867234659,22.45,4.149254364565877
0.0103722223,0.0205791502,0.8622271351,0.8622271351,0.0028668244,0.0002324452,0.0577548891,0.0555802349,0.0000000000,0.0104600349,0.9422451109,0.0121233096,0.0082285608,0.0122524458,0.0451925163,0.0211060260,0.0000000000,0.5797545378,0.5715259770,0.0046798971,0.4965649762,0.0195563912,0.0074950670,0.0832205544,0.0923220761,0.2939708875,0.0028358317,0.0021023379,0.0065187971,0.0001601289,0.0000000000,0.3316889986,0.1419620443,0.1514096511,0.0000000000,1.1398525354711624,19.93,3.175760521732086
0.0079712732,0.0114385367,0.7889844007,0.7889844007,0.0064401846,0.0000000000,0.0807906734,0.0088775678,0.0000000000,0.0122761727,0.9192093266,0.0510683291,0.0038105570,0.0084450181,0.1022053169,0.0160524003,0.0000000000,0.4573492255,0.4535386686,0.0067697462,0.2812534329,0.1595353180,0.0000000000,0.0006316599,0.0265159837,0.0945704713,0.0010367461,0.0002265737,0.0050258157,0.0001029880,0.0000000000,0.4747953971,0.4337581017,0.0307384928,0.0000000000,0.41267401144418825,5.16,2.448491657124751
0.0059131366,0.0155069263,0.9254045372,0.9254045372,0.0042401124,0.0000000000,0.0724138393,0.0579482032,0.0000000000,0.0105601285,0.9275861607,0.0129558991,0.0091654955,0.0023315265,0.0487827076,0.0043686007,0.0000000000,0.5511771398,0.5420116442,0.0367958241,0.4482741083,0.0111062036,0.0081242053,0.0000000000,0.2021334404,0.2269102590,0.0036538848,0.0015659506,0.0041116242,0.0001151041,0.0000000000,0.3727952888,0.0099444556,0.3175292779,0.0000000000,1.458814539518244,20.34,2.588514221890268
0.0202769618,0.0121043287,0.7719203331,0.7719203331,0.0061525550,0.0000729526,0.0830233384,0.0000000000,0.0026863359,0.0138274315,0.9169766616,0.0023486878,0.0048936376,0.0001342845,0.0864379096,0.0033267697,0.0000000000,0.8105949191,0.8057012815,0.0202162755,0.6972852578,0.0162645663,0.1105884632,0.1213034636,0.1905903999,0.2585383647,0.0023002679,0.0019619742,0.0067219729,0.0001588173,0.0000000000,0.1194189612,0.0229432842,0.0821930986,0.0000000000,0.9221927377645431,11.27,3.3057104354212656
0.0276263974,0.0390362147,0.8957651398,0.8957651398,0.0033753771,0.0003040880,0.0769646802,0.0000000000,0.0019896045,0.0115596892,0.9230353198,0.0118724655,0.0075001140,0.0093007496,0.0553939786,0.0328197866,0.0000000000,0.7121719922,0.7046718782,0.0045113631,0.6000547358,0.0551268156,0.0653420013,0.0645122754,0.2652451275,0.1498285161,0.0013770844,0.0021785735,0.0083645929,0.0002128616,0.0000000000,0.2007654330,0.0853553377,0.1147584781,0.0000000000,0.5571777278309835,7.2,3.548653303494383
0.0141895108,0.1329067846,0.9405748607,0.9405748607,0.0039271414,0.0000000000,0.0532789180,0.0000000000,0.0000000000,0.0095203427,0.9467210820,0.0204127349,0.0038501386,0.0072732618,0.0493377762,0.0142595133,0.0000000000,0.5775417915,0.5736916529,0.0000000000,0.4935317671,0.0809229132,0.0293380562,0.0314941338,0.0794038585,0.2723728054,0.0011690421,0.0010850391,0.0055652003,0.0001610058,0.0000000000,0.2512670456,0.1030927113,0.1390810069,0.0000000000,0.4855868658929746,8.88,2.527671118035756
0.0117309982,0.0308843603,0.8683031918,0.8683031918,0.0034626069,0.0000261658,0.1113616244,0.0018446886,0.0029218471,0.0119621294,0.8886383756,0.0574731692,0.0103834597,0.0338803438,0.0317434705,0.0381322855,0.0000000000,0.7057133014,0.6953298417,0.0066286681,0.5717357080,0.2019127196,0.0148272839,0.0100869140,0.0667620265,0.2781467639,0.0020889027,0.0011076853,0.0071781498,0.0002529360,0.0000000000,0.1902863846,0.0659465258,0.1118544135,0.0000000000,0.8301290036069019,7.51,3.707993160474391
0.0085594159,0.0931289831,0.7254850714,0.7254850714,0.0062829654,-0.0007367215,0.0999034118,0.0076408814,0.0069344621,0.0105593591,0.9000965882,0.0017196481,0.0093093946,0.0001713966,0.0099438463,0.0006855866,0.0000000000,0.8078795110,0.7985701164,0.0217332841,0.7737658968,0.0317860288,0.0830876017,0.3221433103,0.2499000975,0.0868488585,0.0020823272,0.0002594623,0.0031627889,0.0000937473,0.0000000000,0.0726579737,0.0282113198,0.0434987642,0.0000000000,0.8264109515423097,8.38,1.7679134090418631
0.0107754679,0.0535572761,0.8241632628,0.8241632628,0.0014174236,0.0000000000,0.1669664086,0.0268243614,0.0000000000,0.0100743766,0.8330335914,0.0242638542,0.0047399866,0.0254374200,0.0196153143,0.0338352740,0.0000000000,0.6569377553,0.6521977687,0.0083216485,0.5709016643,0.0448545998,0.0000000000,0.0000000000,0.1670426142,0.3590044504,0.0042370298,0.0001981345,0.0046180577,0.0001066878,0.0000000000,0.2180546242,0.0000000000,0.2180546242,0.0000000000,1.6818161194210437,10.23,3.7209607022658227
0.0082056180,0.0094342899,0.7657013850,0.7657013850,0.0054964616,0.0003907437,0.0907784483,0.0000000000,0.0112794686,0.0139625754,0.9092215517,0.1082794252,0.0091303782,0.0044501368,0.1116485043,0.0080102462,0.0000000000,0.8136673469,0.8045369687,0.0093952156,0.5762297573,0.2513914818,0.0593018712,0.0013676030,0.1560196240,0.1081491773,0.0032127817,0.0002995702,0.0051621586,0.0001128815,0.0024095862,0.1416706465,0.0419441671,0.0997264794,0.0000000000,1.3082728367642347,14.03,3.6707091527720914
0.0138144237,0.0297135365,0.8538234057,0.8538234057,0.0037416924,0.0000992119,0.1212539981,0.0000000000,0.0421349432,0.0104620552,0.8787460019,0.0011232435,0.0090999592,0.0008945602,0.0524883614,0.0055117145,0.0000000000,0.6682917844,0.6591918252,0.0181689146,0.5905848448,0.0039282933,0.0747574539,0.0377949207,0.3071929668,0.1669112101,0.0022557468,0.0013081083,0.0050103639,0.0001151684,0.0000765585,0.2161255804,0.0425170742,0.1716726349,0.0000000000,0.9015794244665769,7.42,3.0063696034341074
0.0151936304,0.2251256297,0.8063015410,0.8063015410,0.0045146162,0.0000000000,0.0763200014,0.0040243730,0.0001243201,0.0116383897,0.9236799986,0.0000000000,0.0104905794,0.0027905551,0.0507992059,0.0028194849,0.0000000000,0.5534455029,0.5429549234,0.0000000000,0.4709829963,0.0000000000,0.0184181329,0.0113522190,0.1981169031,0.2430957413,0.0025012569,0.0018491630,0.0058829187,0.0001423035,0.0000000000,0.1799544473,0.0472369282,0.1327175190,0.0000000000,1.0535133922414948,13.21,3.1997597809581633
0.0196345730,0.0256230134,0.8783532832,0.8783532832,0.0048895164,0.0000000000,0.0536803522,0.0608581345,0.0000000000,0.0118377766,0.9463196478,0.0215681229,0.0080054529,0.0054250680,0.0709223311,0.0167829347,0.0000000000,0.5981624321,0.5901569792,0.0000000000,0.4865520911,0.0578534814,0.0459391975,0.0296500831,0.1392086356,0.2139006934,0.0013701774,0.0015092817,0.0068717528,0.0002225669,0.0000000000,0.2539418683,0.1943078517,0.0596340166,0.0000000000,0.5717229320389758,10.01,3.185320106336762
0.0142722013,0.0871748776,0.8359036535,0.8359036535,0.0033968989,0.0002612999,0.0958813907,0.0000000000,0.0000000000,0.0118159821,0.9041186093,0.0067310858,0.0054298122,0.0460776270,0.0474625165,0.0734618581,0.0000000000,0.5564277166,0.5509979044,0.0000000000,0.4279465485,0.0550402141,0.0338749210,0.0000000000,0.1575795266,0.1814518868,0.0015364435,0.0006532498,0.0067519898,0.0001933619,0.0000000000,0.3311349301,0.0226494766,0.3084854534,0.0000000000,0.6146994715466277,6.4,3.5337762435256606
0.0122564224,0.0224265268,0.8758390475,0.8758390475,0.0041837629,0.0000000000,0.1070253279,0.0009597062,0.0074467641,0.0114524945,0.8929746721,0.0176085233,0.0093550496,0.0019611389,0.0466194695,0.0150520884,0.0000000000,0.6248021475,0.6154470979,0.0170104455,0.5229369793,0.1131062492,0.0456569815,0.0323045468,0.1798211330,0.1520480688,0.0026510146,0.0021141355,0.0060781396,0.0001363061,0.0000000000,0.3061852372,0.0759781354,0.2226880120,0.0000000000,1.0506804478897502,9.96,3.0983118172790465
0.0209454799,0.0310075590,0.9003036401,0.9003036401,0.0057065855,0.0001599977,0.0957781934,0.0000000000,0.0024675205,0.0125971542,0.9042218066,0.0217988011,0.0101403002,0.0022470792,0.0481202045,0.0053403685,0.0000000000,0.7354739844,0.7253336841,0.0074807825,0.6418113165,0.0829605979,0.0635866512,0.0449629161,0.2622042709,0.1880968804,0.0011768722,0.0004871042,0.0058416947,0.0001706642,0.0000000000,0.2030797784,0.0611440193,0.1400655635,0.0000000000,0.4669584569209662,4.91,2.864094080613608
0.0426453129,0.0333560828,0.8701395030,0.8701395030,0.0060304286,0.0002304203,0.0903225665,0.0000000000,0.0003028381,0.0159933639,0.9096774335,0.0000329172,0.0092738688,0.0012947427,0.0620181747,0.0042419282,0.0000000000,0.8733105254,0.8640366566,0.0000482785,0.8068331691,0.1235513695,0.0911828023,0.0430293468,0.4303593021,0.1187103485,0.0018389735,0.0013122985,0.0086594146,0.0001733639,0.0005903149,0.0306327342,0.0038052268,0.0237376807,0.0000000000,0.7365163348644465,8.15,4.34221742410385
0.0031915141,0.1845507509,0.9361465079,0.9361465079,0.0009632570,0.0000000000,0.0450409674,0.0000000000,0.0000000000,0.0089826614,0.9549590326,0.0179769283,0.0035512847,0.0042244041,0.0203792679,0.0163753685,0.0000000000,0.2324350672,0.2288837825,0.0000000000,0.1773321264,0.0764106492,0.0035280737,0.0000000000,0.0286423879,0.0687510155,0.0041315600,0.0012650001,0.0051528445,0.0001276606,0.0000000000,0.5781166585,0.1713901075,0.4067265511,0.0000000000,1.642454685436479,37.24,3.2680086311371226
0.0328151302,0.0472209670,0.9112699281,0.9112699281,0.0016951929,0.0001321273,0.0551459610,0.0000000000,0.0012221773,0.0101368046,0.9448540390,0.0007927637,0.0062932221,0.0035819704,0.0742079630,0.0108595408,0.0000000000,0.6890041039,0.6827108817,0.0062601903,0.5968836461,0.0061677012,0.0569706387,0.0081139360,0.1597233783,0.3659079919,0.0016740526,0.0021021450,0.0082183165,0.0002140462,0.0000000000,0.2193762007,0.0000000000,0.2115965467,0.0000000000,0.6742728583222075,12.29,3.635773875237586
0.0125732101,0.0171492877,0.8158715604,0.8158715604,0.0067114027,0.0000820253,0.1000828589,0.0007669031,0.0232521694,0.0125625401,0.8999171411,0.0132014038,0.0080754899,0.0011336829,0.0759710911,0.0049925394,0.0000000000,0.8019035869,0.7938280970,0.0080101365,0.6882855547,0.0365312638,0.0543300851,0.1551461701,0.2772198094,0.1650582263,0.0009259522,0.0013744238,0.0062082475,0.0001230379,0.0000000000,0.1109892217,0.0505229112,0.0563607112,0.0000000000,0.3697401566835493,3.7,2.566422901828986
0.0175926957,0.0636992911,0.8692053595,0.8692053595,0.0022083658,0.0000000000,0.1265356493,0.0023568274,0.0000000000,0.0094922614,0.8734643507,0.0273726014,0.0063096166,0.0200330327,0.0476190476,0.0227331774,0.0000000000,0.4293322941,0.4230226775,0.0000000000,0.3315796311,0.0237260142,0.0232249564,0.0068013955,0.1407601232,0.1370671417,0.0025238466,0.0009000483,0.0059848569,0.0002598077,0.0000000000,0.4599524923,0.0444549605,0.4093549345,0.0000000000,0.995284291797595,7.96,3.075024727507761
0.0023001570,0.2518536559,0.8953022677,0.8953022677,0.0032202197,0.0000000000,0.1010986632,0.0000000000,0.0000000000,0.0106619040,0.8989013368,0.1837419495,0.0188071657,0.0140986091,0.0772582129,0.0346105970,0.0000000000,0.3979542133,0.3791470477,0.0000000000,0.1020457867,0.0760675434,0.0034096444,0.0000000000,0.0057098014,0.0168587974,0.0021377929,0.0001894247,0.0053850733,0.0002164854,0.0000000000,0.3572279050,0.0496833902,0.3075445148,0.0000000000,0.8637537755060203,8.39,3.2281257795190097
0.0035877234,0.2266998975,0.8614756899,0.8614756899,0.0026229574,0.0000000000,0.1372982534,0.0411130987,0.0000000000,0.0132353828,0.8627017466,0.0121600707,0.0076779290,0.0703374671,0.0194661628,0.0936124455,0.0000000000,0.5473639781,0.5396860491,0.0000000000,0.4221252990,0.0875324101,0.0017184893,0.0105521275,0.0039595602,0.3183627118,0.0055976524,0.0012763049,0.0062910779,0.0001808936,0.0000000000,0.1817679336,0.0053765602,0.1763913734,0.0000000000,2.1411856286849678,16.11,4.336533032185206
0.0065651108,0.4864624415,0.8781159564,0.8781159564,0.0012816623,0.0000000000,0.1041009786,0.0000000000,0.0000000000,0.0125200686,0.8958990214,0.0000034087,0.0033336856,0.0060708527,0.0314416315,0.0174012933,0.0000000000,0.3159502197,0.3126165341,0.0000000000,0.2677890302,0.0105123582,0.0334050292,0.0000000000,0.1101002492,0.1137713937,0.0041551766,0.0008998906,0.0067764488,0.0001124863,0.0000000000,0.1720870303,0.0296248070,0.1424622233,0.0000000000,1.6274381533449929,16.28,4.5528140934245185
0.0268545014,0.3067111796,0.9018636731,0.9018636731,0.0010149925,0.0000000000,0.0956294177,0.0000000000,0.0000000000,0.0093672806,0.9043705823,0.0161420500,0.0013696285,0.0211436398,0.0152371169,0.0495145156,0.0000000000,0.0940518991,0.0926822706,0.0000000000,0.0130848436,0.0000000000,0.0000000000,0.0000000000,0.0129870130,0.0000978306,0.0040966566,0.0029838335,0.0066647101,0.0002323477,0.0000000000,0.5366742485,0.0447452736,0.4919289750,0.0000000000,1.6193744863924202,17.07,3.7016963850197824
0.0081039205,0.0492792943,0.9094778259,0.9094778259,0.0032563552,0.0000000000,0.0825404071,0.0353602242,0.0021730465,0.0123600057,0.9174595929,0.1718571190,0.0064452045,0.0122057065,0.0705468619,0.0241703206,0.0000000000,0.5634973191,0.5570521145,0.0000000000,0.2922426097,0.1144096128,0.0141987373,0.0064452045,0.0391276954,0.1180613596,0.0035649535,0.0012858263,0.0057476437,0.0001768011,0.0000000000,0.3097491353,0.0510473056,0.2583450129,0.0000000000,1.4162298148940382,17.08,3.92024543061965
0.0113969928,0.1179161924,0.8743185766,0.8743185766,0.0032498652,0.0010932726,0.0928832445,0.0003594321,0.0000000000,0.0135011682,0.9071167555,0.0503803990,0.0079449470,0.0187204217,0.1638111783,0.0691607261,0.0000000000,0.6961301144,0.6881851674,0.0012505242,0.4115272869,0.0431917570,0.0299976038,0.0005840772,0.1348394537,0.2029143953,0.0023213323,0.0015949799,0.0082070329,0.0001797160,0.0000000000,0.1698466423,0.0058557479,0.1639908944,0.0000000000,0.9406552726003807,9.92,4.410153984923651
0.0162745192,0.1173990123,0.5465772187,0.5465772187,0.0057694657,-0.0004356592,0.1282877060,0.0000222939,0.0698926504,0.0115352157,0.8717122940,0.0091767109,0.0077285388,0.0003288345,0.0917378483,0.0008527402,0.0000000000,0.7090400217,0.7013114829,0.0000427299,0.6058895739,0.0140939008,0.1278566913,0.0267535632,0.1143507911,0.3228346274,0.0019730068,0.0099709297,0.0143962613,0.0003669198,0.0008271952,0.0471097169,0.0117897373,0.0334979209,0.0000000000,0.7965260737831966,6.21,2.7102037073726644
0.0073273371,0.0329735311,0.8725670670,0.8725670670,0.0064994765,0.0002313896,0.0928674415,0.0023108107,0.0009594955,0.0124415613,0.9071325585,0.0000359939,0.0128693749,0.0002211056,0.0378121446,0.0009080756,0.0000000000,0.7525951628,0.7397257879,0.0002601847,0.7110324501,0.0001717425,0.1278381219,0.0245221548,0.4887740054,0.0697264255,0.0024259913,0.0010623353,0.0037166310,0.0000915274,0.0000000000,0.1790502948,0.0192217905,0.1598285043,0.0000000000,0.9799462047335681,10.53,2.544018386674944
0.0185173348,0.0457979648,0.7782202393,0.7782202393,0.0064302516,0.0001534056,0.0696717120,0.0000000000,0.0013870423,0.0136147474,0.9303282880,0.0000191757,0.0074721313,0.0046277357,0.1030502148,0.0715509307,0.0000000000,0.5641043669,0.5566322356,0.0135380446,0.3248171917,0.0043656678,0.0530655553,0.0003707302,0.1267066373,0.1403086009,0.0005497034,0.0006775414,0.0085843219,0.0001534056,0.0000000000,0.3173194927,0.1902676928,0.0935965944,0.0000000000,0.22525398368873042,3.12,3.245155003789382
0.0178063622,0.0225356994,0.8176147425,0.8176147425,0.0046070267,0.0001528881,0.0668426578,0.0002650060,0.0000000000,0.0123737399,0.9331573422,0.0510442254,0.0118641131,0.0364077423,0.0344201975,0.0443681137,0.0000000000,0.7652454873,0.7533813742,0.0167361458,0.6185544944,0.1837204799,0.0276727380,0.0264802112,0.0707463995,0.3099346658,0.0019671596,0.0007746328,0.0064212983,0.0002038507,0.0000000000,0.1769934054,0.0652118519,0.1117815535,0.0000000000,0.7703014852250787,11.81,3.2550192225544636
0.0120472775,0.0218423934,0.8841030453,0.8841030453,0.0061800389,0.0000000000,0.1091225953,0.0000000000,0.0001474630,0.0123377349,0.8908774047,0.1462028286,0.0124807293,0.0119981232,0.1069866166,0.0227182340,0.0000000000,0.6833523248,0.6708715955,0.0000000000,0.4058672386,0.1514221239,0.0747950041,0.0090578010,0.0613401256,0.1092521840,0.0009830864,0.0007417834,0.0053935697,0.0001564001,0.0000000000,0.2724355967,0.2287642157,0.0436713810,0.0000000000,0.3909147850190793,3.59,2.575839355853235
0.0080890337,0.0224410226,0.7540173724,0.7540173724,0.0034498075,0.0000000000,0.0884118053,0.0000000000,0.0066923305,0.0097176982,0.9115881947,0.0000000000,0.0113512980,0.0152206100,0.0943934459,0.0280969302,0.0000000000,0.5708320995,0.5594808015,0.0004984700,0.4477889646,0.0000000000,0.0672589083,0.0000000000,0.2865413089,0.0939887474,0.0021764880,0.0021814234,0.0060655414,0.0001776725,0.0011598065,0.3484897838,0.1105567071,0.2332148850,0.0000000000,0.8808702838609483,9.98,2.784454194906312
0.0062659624,0.0227929209,0.8843756232,0.8843756232,0.0064814755,0.0000000000,0.1094323964,0.0324459770,0.0035028917,0.0143267950,0.8905676036,0.0680989173,0.0080801323,0.0104057436,0.1228360235,0.0130980488,0.0000000000,0.5313780614,0.5232979291,0.0067162883,0.3205419350,0.1004837786,0.0037570042,0.0116023237,0.0962153330,0.1084834956,0.0010132331,0.0010389661,0.0060214998,0.0001447476,0.0000000000,0.3818570151,0.1006799920,0.1250683530,0.0000000000,0.41377951463006146,3.68,3.4239748431204635
0.0096858669,0.0224493122,0.8674125470,0.8674125470,0.0051359681,0.0000586069,0.0996174826,0.0005803515,0.0113940444,0.0124875639,0.9003825174,0.0765063410,0.0120344323,0.0087510149,0.1291982572,0.0817580935,0.0000000000,0.7596129656,0.7475785333,0.0007175775,0.4713297769,0.1455838965,0.0575734445,0.0261572724,0.1297257196,0.1122894439,0.0019568996,0.0017324780,0.0070199664,0.0001629558,0.0000000000,0.1827950073,0.0941041431,0.0792665843,0.0000000000,0.7773997568141374,7.85,3.107355726675951
0.0086621424,0.0584688943,0.8598815108,0.8598815108,0.0066139846,0.0000453634,0.1126532149,0.0237999111,0.0000000000,0.0126631949,0.8873467851,0.0007507644,0.0099323178,0.0006872556,0.2538944484,0.0034725687,0.0000000000,0.8382159480,0.8282836302,0.0000000000,0.5799484672,0.0103496611,0.0556404859,0.0048085211,0.3460796944,0.1630701046,0.0005829198,0.0005783834,0.0058790974,0.0001066040,0.0000000000,0.0484027545,0.0000000000,0.0240970414,0.0000000000,0.2345297086173698,2.08,2.5533014848783666
0.0175415270,0.0807338977,0.8579202796,0.8579202796,0.0036401823,0.0000000000,0.0844473449,0.0000000000,0.0000000000,0.0111362714,0.9155526551,0.0113330014,0.0078203544,0.0112936554,0.0473820672,0.0229984085,0.0000000000,0.6590520873,0.6512317329,0.0026456785,0.5744704233,0.0323776781,0.0853197404,0.0034095334,0.1206510811,0.3327123903,0.0023159863,0.0017909208,0.0063591258,0.0001668813,0.0001004001,0.2289068192,0.0690942689,0.1568032606,0.0000000000,0.9367610813361879,11.25,3.2046518203799903
0.0148853638,0.1137847299,0.7941278501,0.7941278501,0.0017765724,0.0000000000,0.1900406825,0.0556098689,0.0000000000,0.0105227748,0.8099593175,0.0374551915,0.0052771558,0.0122993472,0.0217814080,0.0168301323,0.0000000000,0.5480988573,0.5428217015,0.0147697289,0.4590705057,0.2167313171,0.0000000000,0.0000000000,0.0778433042,0.1644958844,0.0023862836,0.0009461036,0.0068224584,0.0002207575,0.0000000000,0.1998906725,0.0077370252,0.1921536472,0.0000000000,0.9461388573393492,5.04,3.9150407914781984
0.0193979185,0.3285833302,0.8891396526,0.8891396526,0.0037801072,0.0000000000,0.1058554358,0.0172840427,0.0000000000,0.0139329280,0.8941445642,0.0187388866,0.0097486975,0.0042650551,0.0458462342,0.0155432039,0.0000000000,0.5765720396,0.5668233422,0.0193170938,0.4752925231,0.0743276010,0.0076472563,0.0125091705,0.2724474951,0.1083610002,0.0037738899,0.0009263750,0.0061115878,0.0001678666,0.0000000000,0.0593563870,0.0067084468,0.0526479402,0.0000000000,1.543150047190647,14.52,4.317407440455535
0.0035346213,0.0203932220,0.7810106044,0.7810106044,0.0072345785,0.0006585125,0.0984385665,0.0000000000,0.0033831578,0.0157926937,0.9015614335,0.0000000000,0.0092857064,0.0000056622,0.3038981621,0.0030666414,0.0000000000,0.8254887955,0.8162030891,0.0361318418,0.4675246581,0.0009467180,0.0571309180,0.1280189729,0.2736272519,0.0078007974,0.0028364734,0.0019817661,0.0064602742,0.0000956910,0.0000000000,0.0912306003,0.0111301644,0.0795613955,0.0000000000,1.1383231973259234,11.66,3.7271093603104584
0.0306832100,0.0619095798,0.8476383194,0.8476383194,0.0034613132,0.0069652271,0.1150646999,0.0468608552,0.0000000000,0.0097236275,0.8849353001,0.0257947708,0.0188295436,0.0046328345,0.0294264870,0.0111720539,0.0000000000,0.3347782097,0.3159486661,0.0000000000,0.2589275254,0.1238404601,0.0005964109,0.0000000000,0.0886415677,0.0458490867,-0.0061132116,0.0008733159,0.0065285691,0.0001810533,0.0000000000,0.5237765589,0.2692795144,0.2530273177,0.0000000000,-2.4576915254600142,-20.38,2.7266878046801186
0.0046397301,0.1533424371,0.9117294562,0.9117294562,0.0018378986,0.0000963933,0.0870688409,0.0067314644,0.0000000000,0.0113069323,0.9129311591,0.0000000000,0.0044019600,0.0043634027,0.0496393285,0.0076568399,0.0053498273,0.5098658527,0.5054638927,0.0381460358,0.4090256245,0.0013623584,0.0415744236,0.0087910676,0.1526998152,0.2045979597,0.0052116636,0.0009382280,0.0049899590,0.0001638686,0.0000000000,0.2996963612,0.0308233593,0.2403373765,0.0000000000,2.0468426631669274,24.13,3.938115330520394
0.0069329423,0.0786408544,0.8547065039,0.8547065039,0.0050034618,0.0001161770,0.1128031789,0.0035653786,0.0000000000,0.0114340169,0.8871968211,0.0000000000,0.0079565561,0.0019200608,0.0233986803,0.0057727420,0.0000000000,0.6290232181,0.6210666621,0.0152568690,0.5845855071,0.0005180867,0.0371970566,0.0330131139,0.1677564804,0.3461007694,0.0017850442,0.0002621833,0.0041792329,0.0001098972,0.0002260742,0.2769675913,0.0200342565,0.2549049468,0.0000000000,0.7306646188350173,6.33,2.7260369472512513
0.0075962154,0.0295947352,0.9133811410,0.9133811410,0.0037455993,0.0003100496,0.0824031845,0.0904544727,0.0000000000,0.0130520883,0.9175968155,0.0075962154,0.0068761002,0.0056459033,0.0186529845,0.0111967915,0.0045007201,0.7439890382,0.7371129381,0.0025204033,0.6975466075,0.1452232357,0.1047117539,0.0572391583,0.0815980557,0.3087744039,0.0020003201,0.0008351336,0.0070261242,0.0002050328,0.0000000000,0.1200292047,0.0387862058,0.0812429989,0.0000000000,0.8095220025550538,9.82,3.9352928737576653
0.0382682644,0.0770805595,0.8546579049,0.8546579049,0.0050108090,0.0002147490,0.0844536071,0.0055262065,0.0007874128,0.0176666810,0.9155463929,0.1543042850,0.0080172944,0.0156050910,0.1146759438,0.0211169809,0.0000000000,0.8401551919,0.8321378975,0.0000000000,0.5500150324,0.3200188979,0.0262852725,0.0000000000,0.0754484674,0.1282623946,0.0042090796,0.0002576988,0.0083465762,0.0003292817,0.0000000000,0.0224913743,0.0204870506,0.0020043236,0.0000000000,1.6797000535618638,20.27,5.502517059203411
0.0282335047,0.0162873417,0.9074568457,0.9074568457,0.0077396560,0.0000000000,0.0721681335,0.0033667900,0.0000000000,0.0153525623,0.9278318665,0.0542013578,0.0076049844,0.0338501026,0.1903543447,0.0709481673,0.0000000000,0.6796083433,0.6720033589,0.0000316874,0.3635974745,0.0477925740,0.0384527025,0.0000000000,0.1510143940,0.1263378039,0.0022973390,0.0005545301,0.0051095989,0.0001425935,0.0000554530,0.2481918357,0.0907607361,0.1574310996,0.0000000000,0.9189792991990621,12.72,3.2617319253467287
0.0072549760,0.0535223043,0.8524596796,0.8524596796,0.0051917579,0.0000000000,0.1026215006,0.0259722747,0.0000000000,0.0122849129,0.8973784994,0.0711473111,0.0066481471,0.0097766870,0.0528615351,0.0165731701,0.0000000000,0.6570877609,0.6504396138,0.0000000000,0.5164113490,0.2179189816,0.0416689142,0.0015507848,0.0360321484,0.2192405200,0.0013619936,0.0011057770,0.0066076919,0.0001753061,0.0000000000,0.2151005987,0.0310426668,0.1828712444,0.0000000000,0.5499367028299961,5.31,3.0637504732504297
0.0110612676,0.0331238907,0.7480996637,0.7480996637,0.0052947300,0.0000599121,0.0648323585,0.0000000000,0.0000000000,0.0110537786,0.9351676415,0.2121411828,0.0080806417,0.0050176366,0.0385309558,0.0081255757,0.0000000000,0.4852803511,0.4771997094,0.0000000000,0.2264377027,0.0995514083,0.0023964832,0.0000000000,0.0339252147,0.0905645965,0.0014453789,0.0004867856,0.0051149937,0.0001198242,0.0000000000,0.4509132848,0.3028855155,0.1475110276,0.0000000000,0.5809468982929041,8.94,2.442714144474312
0.0076375743,0.1193216848,0.8805405053,0.8805405053,0.0043881599,0.0001087974,0.1149480311,0.0024225544,0.0000000000,0.0118153926,0.8850519689,0.1186398880,0.0064117907,0.0017770234,0.0607306830,0.0061724366,0.0000000000,0.4990897288,0.4926779381,0.0000000000,0.3115593562,0.2415518855,0.0032929332,0.0000000000,0.0370998977,0.0296146398,0.0013853530,0.0003699110,0.0057735129,0.0001595695,0.0000000000,0.3546213489,0.1173488261,0.2372725229,0.0000000000,0.5480965482113328,4.82,3.0722726641989477
0.0197493167,0.0482803655,0.8404634130,0.8404634130,0.0049220006,0.0003111698,0.0829811597,0.0000000000,0.0029154921,0.0131350431,0.9170188403,0.0169871102,0.0081333339,0.0085349422,0.1219065050,0.0145759277,0.0000000000,0.8021788015,0.7940454676,0.0008185451,0.6463072732,0.0834333522,0.0734038754,0.0499465800,0.2155992624,0.2239242033,0.0024065839,0.0009810278,0.0057558743,0.0001394899,0.0000000000,0.1120333795,0.0157853511,0.0875873920,0.0000000000,0.9779006901362833,11.76,3.544025822838395
0.0088193143,0.0798942708,0.8344455753,0.8344455753,0.0070810890,0.0002281741,0.0917465062,0.0012203470,0.0009229515,0.0132520452,0.9082534938,0.0298702997,0.0065119356,0.0004255832,0.1363942849,0.0029713911,0.0000000000,0.6570389152,0.6505269797,0.0001179327,0.4800706571,0.0171412603,0.0384101648,0.0031329076,0.3657067117,0.0556796128,0.0004307107,0.0002717579,0.0057171718,0.0001153689,0.0000000000,0.2461486003,0.0025047878,0.1263161673,0.0000000000,0.17790155584441028,1.88,2.619023007578519
0.0267264704,0.0186511467,0.8523470555,0.8523470555,0.0036790209,0.0000435817,0.0729666418,0.0238246563,0.0053314932,0.0100437633,0.9270333582,0.0312117525,0.0071818991,0.0045942363,0.0381503205,0.0211280394,0.0000000000,0.6279885235,0.6208066244,0.0039277997,0.5310374258,0.0680655178,0.0491728559,0.0558481178,0.1854201093,0.1725308250,0.0015380704,0.0010822786,0.0063011858,0.0001597995,0.0000000000,0.2652109172,0.1354936534,0.1039296156,0.0000000000,0.6165049736193009,8.41,2.794855233675414
0.0065428167,0.0389157618,0.8613234939,0.8613234939,0.0036668533,0.0011473258,0.0797835073,0.0000000000,0.0181002120,0.0108644106,0.9202164927,0.0834855452,0.0052440438,0.0100566932,0.0889835305,0.0138367493,0.0000000000,0.7045054720,0.6992614281,0.0005262401,0.5176718771,0.1333253785,0.0211291522,0.0315912338,0.1099459380,0.2216801745,0.0023191279,0.0016077859,0.0046153093,0.0000902563,0.0004696387,0.2259237503,0.1010901125,0.0985048050,0.0000000000,0.9186236400158759,11.52,2.993776222385715
0.0103663547,0.0491902725,0.8611906718,0.8611906718,0.0075904752,0.0002879543,0.0732133396,0.0005144783,0.0015472744,0.0156455167,0.9267866604,0.0235700190,0.0107541331,0.0116410323,0.1229411268,0.0238848490,0.0000000000,0.9027098419,0.8919557088,0.0000000000,0.7322485775,0.0793218100,0.1253253884,0.0202911794,0.1908177134,0.3164924863,0.0026530189,0.0007870751,0.0058973040,0.0001574150,0.0001689332,0.0214237996,0.0000000000,0.0211243271,0.0000000000,1.076892207531622,14.38,3.468764789888005
0.0029841491,0.4711230822,0.9016221197,0.9016221197,0.0055807464,0.0000000000,0.0950901489,0.0000000000,0.0000000000,0.0112928299,0.9049098511,0.0386948977,0.0054989299,0.0240605098,0.0700306166,0.0436060406,0.0000000000,0.4130333682,0.4075344383,0.0000000000,0.2603573228,0.0693394825,0.0072256887,0.0069673208,0.0868374478,0.0899873830,0.0019162285,0.0005339603,0.0036128443,0.0001055002,0.0000000000,0.1124740017,0.0016944627,0.1104544261,0.0000000000,0.7623403849818944,8.2,2.3594281521666627
0.0057584409,0.0282821382,0.8378796936,0.8378796936,0.0039743628,0.0012763198,0.1278904719,0.0000000000,0.0000000000,0.0119946362,0.8721095281,0.1333627218,0.0080133494,0.0085280317,0.1060291684,0.0227337246,0.0000000000,0.6370866674,0.6290733180,0.0000000000,0.3731631266,0.1308816300,0.0211250539,0.0128070495,0.0927166686,0.1156327246,0.0027095830,0.0017309943,0.0057653649,0.0001592515,0.0000000000,0.2873473552,0.0560218982,0.2308315466,0.0000000000,1.0803237750598422,8.49,3.4357678261353173
0.0024209276,0.0407490785,0.9076460963,0.9076460963,0.0029621138,0.0000000000,0.0878835137,0.0150667516,0.0000000000,0.0119092985,0.9121164863,0.1825014330,0.0101224234,0.0188038184,0.0836308790,0.0480118613,0.0000000000,0.6373796341,0.6272572107,0.0067568217,0.3161167809,0.2193981625,0.0069841839,0.0000000000,0.0617592714,0.0279751631,0.0031062166,0.0007397279,0.0057192813,0.0001729234,0.0000000000,0.2917730092,0.1213281798,0.1704448294,0.0000000000,1.2299304201733947,14.14,3.7107685667090005
0.0166326806,0.1213102795,0.8505065777,0.8505065777,0.0045689318,0.0000377973,0.0477696787,0.0000000000,0.0100446197,0.0116948477,0.9522303213,0.0061662437,0.0055633775,0.0046517078,0.0408580732,0.0129281720,0.0034395499,0.4547844706,0.4492210931,0.0012125358,0.3890996506,0.0117284872,0.0730953492,0.0122943121,0.1924201391,0.0995613629,0.0018044408,0.0021056849,0.0069694353,0.0002052391,0.0012238750,0.3438412213,0.2771880357,0.0664933033,0.0000000000,0.7362841248567609,14.78,3.2392455047586566
0.0089853217,0.0290936943,0.7960812108,0.7960812108,0.0052528694,0.0004458366,0.1638678037,0.0000000000,0.0918251863,0.0146668801,0.8361321963,0.0250297224,0.0057272852,0.0075906534,0.0705222004,0.0101456399,0.0000000000,0.4920721112,0.4863448260,0.0016633134,0.3838710046,0.0830684988,0.0291337052,0.0297281540,0.0817824318,0.1601582148,0.0014804061,0.0010402853,0.0081393754,0.0001714756,0.0000000000,0.3682381453,0.1443996067,0.0492992364,0.0000000000,0.5944013815815896,3.62,4.333341007232101
0.0314230836,0.0533626697,0.8426339021,0.8426339021,0.0052083863,0.0000000000,0.1116678015,0.0000000000,0.0011212851,0.0109994343,0.8883321985,0.1754472437,0.0082809107,0.0020748856,0.0642452328,0.0044512647,0.0000000000,0.7881719665,0.7798910558,0.0000643638,0.5438978038,0.2496502336,0.0237062030,0.0113449662,0.1170184656,0.1421779354,0.0018411434,0.0034434632,0.0070156540,0.0002168044,0.0000000000,0.1096962368,0.0568586402,0.0528511469,0.0000000000,0.7175829272036216,6.48,2.44713763986136
0.0039068523,0.1014978077,0.7947328074,0.7947328074,0.0055681875,0.0002388848,0.0942574266,0.0000000000,0.0000000000,0.0144090967,0.9057425734,0.0200728381,0.0075205278,0.0022802640,0.1321423840,0.0060850473,0.0000000000,0.7350702430,0.7275497152,0.0000000000,0.5714493575,0.0511626089,0.0816703694,0.0161833593,0.2120276325,0.2104053875,0.0022042552,0.0006341306,0.0061958030,0.0001346442,0.0007383712,0.1558093526,0.0091319144,0.1465123905,0.0000000000,0.9210683031131428,9.23,3.79622894869356
0.0072093264,0.0762847610,0.9178345939,0.9178345939,0.0043514313,0.0003432427,0.0798180691,0.0096710776,0.0073914049,0.0113147055,0.9201819309,0.0652357917,0.0066864657,0.0024322250,0.0861563710,0.0056136785,0.0000000000,0.6436710480,0.6369845824,0.0547564330,0.4195372744,0.0837352184,0.0258034831,0.0508478955,0.1722795250,0.0868711524,0.0027213362,0.0010826292,0.0049591800,0.0001328681,0.0015538190,0.2525466392,0.0123788809,0.2401677583,0.0000000000,1.143994192109052,13.75,3.0303577870089473
0.0019314963,0.0067510393,0.8121665870,0.8121665870,0.0039917589,0.0000367904,0.0016555682,0.1041352415,0.0000000000,0.0085905596,0.9983444318,0.0041941062,0.0013060594,0.0027224900,0.0000000000,0.0030536036,0.0000000000,0.1316912549,0.1303851955,0.0052426327,0.1202494389,0.0093815533,0.0039181781,0.0000000000,0.0194253339,0.0875243736,0.0012324786,0.0002943232,0.0036238549,0.0001655568,0.0000000000,0.7149847320,0.3006511902,0.4143335418,0.0000000000,0.4957500531821419,95.71,1.9496027684359312
0.0122823472,0.0391195969,0.8270564791,0.8270564791,0.0038984299,0.0002522513,0.1205325714,0.0048661577,0.0162082954,0.0126240331,0.8794674286,0.1083281928,0.0079252786,0.0051207023,0.0629573489,0.0103262527,0.0000000000,0.7621499153,0.7542246367,0.0047400321,0.5757980889,0.2951845219,0.0521426458,0.0431212205,0.1185260266,0.0668236740,0.0032769743,0.0006145760,0.0048157075,0.0001490576,0.0000000000,0.1474133918,0.0083518127,0.1388093278,0.0000000000,1.291992292348291,10.79,3.7060439928362805
0.0186598665,0.0987762421,0.8772404747,0.8772404747,0.0017267964,0.0000000000,0.1198919967,0.0000000000,0.0000000000,0.0138946061,0.8801080033,0.0206378332,0.0132317954,0.0184540463,0.0739975860,0.0504712933,0.0000000000,0.6348261692,0.6215943738,0.0114247640,0.4778621214,0.0286857510,0.1162360723,0.0210738929,0.0894934033,0.2223730020,0.0075141807,0.0017372618,0.0063908909,0.0001604700,0.0002058202,0.2535948761,0.0177423969,0.2207752793,0.0000000000,3.0748257563050703,24.88,5.344539295886061
0.0443596349,0.1324483123,0.8555898579,0.8555898579,0.0052404918,0.0002077070,0.0476231747,0.0000000000,0.0008816339,0.0106737476,0.9523768253,0.0455819680,0.0060190194,0.0037626343,0.0532506889,0.0138117667,0.0000000000,0.4411501886,0.4351311692,0.0096157869,0.3192112514,0.0371810428,0.0567338900,0.0119424039,0.0953688816,0.1179850331,0.0008188735,0.0014898119,0.0058964872,0.0001434523,0.0011954358,0.3468063932,0.1851132377,0.1513929816,0.0000000000,0.33638721360281143,6.62,2.4890918254794765
0.0091844232,0.0414676708,0.7347691648,0.7347691648,0.0047452853,0.0000000000,0.1091874847,0.0000000000,0.0394164830,0.0116795249,0.8908125153,0.0011633603,0.0047146706,0.0000918442,0.0851396032,0.0037503061,0.0000000000,0.5064290963,0.5017144257,0.0000000000,0.4163605192,0.0222875337,0.1235151849,0.0000000000,0.1355314720,0.1350263287,0.0006735244,0.0003061474,0.0064137889,0.0001224590,0.0000000000,0.3881796473,0.0146797698,0.3734998775,0.0000000000,0.2664990952658556,2.45,2.9616311853879784
0.0162812551,0.0965503623,0.8775399030,0.8775399030,0.0052432315,0.0003064226,0.0677466362,0.0107179822,0.0018317263,0.0131829820,0.9322533638,0.0168260064,0.0073269053,0.0490208095,0.0816854606,0.0628370649,0.0000000000,0.5827204881,0.5753935828,0.0000000000,0.4149370812,0.0765239418,0.0969521164,0.0186849703,0.0808410960,0.1419349567,0.0010077899,0.0010145993,0.0075584246,0.0001974724,0.0137753990,0.2542354415,0.1248842403,0.1293512012,0.0000000000,0.40569341364966455,5.94,3.454303066212413
0.0084663891,0.3300310903,0.8133178760,0.8133178760,0.0011241679,0.0002986071,0.1224464703,0.0388891816,0.0000000000,0.0129279303,0.8775535297,0.0023537264,0.0047074529,0.0622156646,0.0543113594,0.0829952047,0.0000000000,0.3672340201,0.3625265672,0.0000000000,0.2275737296,0.0054100578,0.0015808610,0.0000000000,0.0169152132,0.2036675976,0.0066923117,0.0013525144,0.0061653581,0.0002107815,0.0000000000,0.2521824665,0.1358310938,0.1163513727,0.0000000000,2.6008823203147,22.27,4.766253224934172
0.0035252997,0.0690283674,0.9030917628,0.9030917628,0.0026102219,0.0001500128,0.0911027437,0.0000000000,0.0000000000,0.0115509818,0.9088972563,0.0300625553,0.0030977633,0.0375181890,0.1326337739,0.0611977018,0.0000000000,0.4473830276,0.4442852642,0.0000000000,0.2227689354,0.0446962992,0.0452738483,0.0000000000,0.1327987879,0.0000000000,0.0039903392,0.0011550982,0.0059555062,0.0001125096,0.0000000000,0.4467604746,0.1629363496,0.2838241251,0.0000000000,1.5641595766184604,17.53,3.725785907964961
0.0132038120,0.0200074060,0.8692412952,0.8692412952,0.0033860974,0.0001161773,0.0619605998,0.0000000000,0.0068611593,0.0096686728,0.9380394002,0.0098507886,0.0071096322,0.0010857868,0.0474486941,0.0050345591,0.0000000000,0.6633686268,0.6562589946,0.0087231361,0.5922201817,0.0299222491,0.0562907288,0.0214178613,0.2565469050,0.2280424376,0.0029446236,0.0013771720,0.0053194551,0.0001203639,0.0000000000,0.2749504363,0.0391691251,0.2236316773,0.0000000000,1.1801436860802694,19.13,2.6788531441692123
0.0066766433,0.0344576187,0.8021436885,0.8021436885,0.0034790172,0.0000000000,0.1432280675,0.0018546231,0.0000000000,0.0153486052,0.8567719325,0.1143598992,0.0109103002,0.0047069056,0.0346238952,0.0294053695,0.0000000000,0.8029622808,0.7920519806,0.0000000000,0.6244580024,0.0631211389,0.1533581469,0.0062801376,0.0772162746,0.3244823043,0.0044894670,0.0002302291,0.0059987465,0.0001790671,0.0000000000,0.1544965018,0.0220636200,0.1323561388,0.0000000000,1.7630328182782804,12.39,4.838657116228141
0.0015799125,0.0563267033,0.7421639159,0.7421639159,0.0067005219,0.0000000000,0.1156016363,0.0915502892,0.0000000000,0.0147270419,0.8843983637,0.3664268585,0.0132176612,0.0106503033,0.0161094654,0.0125123431,0.0000000000,0.6655945832,0.6523769220,0.0000000000,0.2705318098,0.1887572295,0.0000000000,0.0000000000,0.0428551277,0.0389194527,0.0040203132,0.0011708280,0.0051770348,0.0001410636,0.0000000000,0.1426435322,0.0768232473,0.0658202849,0.0000000000,1.635229147242344,13.59,3.5658890438215805
0.0145198646,0.0851018120,0.8411460790,0.8411460790,0.0014881420,0.0001309984,0.0706972260,0.0000000000,0.0013309439,0.0109567076,0.9293027740,0.0638329089,0.0051036983,0.0153163350,0.0559939636,0.0360350447,0.0000000000,0.6084824095,0.6033787112,0.0101340376,0.4424026158,0.0979763364,0.0511051027,0.0028138460,0.1720952411,0.1184120896,0.0034845579,0.0016872596,0.0075402689,0.0001886377,0.0000000000,0.2641452091,0.1133083912,0.1508368179,0.0000000000,1.4231448290621154,20.02,4.161988172767423
0.0273019915,0.1059793672,0.8251705293,0.8251705293,0.0033801080,0.0000752529,0.0932578698,0.0003145570,0.0205064067,0.0102007772,0.9067421302,0.0147179560,0.0065841243,0.0213045887,0.0285441655,0.0432322712,0.0000000000,0.5725885406,0.5660044163,0.0001502549,0.3399977274,0.0187362083,0.0259396638,0.0063571115,0.1713635745,0.1176011693,0.0024697991,0.0019926960,0.0062683131,0.0001903898,0.0000000000,0.2645707739,0.0218215760,0.2398276308,0.0000000000,0.9928300648223448,10.53,2.9585542896235437
0.0118090979,0.0091232269,0.8006341276,0.8006341276,0.0039873174,0.0000000000,0.1269128642,0.0000000000,0.0219149605,0.0118833415,0.8730871358,0.4295515687,0.0089354343,0.0027382782,0.0907780728,0.0055202292,0.0000000000,0.7742034100,0.7652679757,0.0020831878,0.2443967927,0.1438622388,0.0058215708,0.0029348054,0.0253738383,0.0664043393,0.0032972888,0.0008909231,0.0044589826,0.0001179163,0.0000000000,0.1488452938,0.0077257005,0.1275854238,0.0000000000,1.3101724915836601,10.52,3.434495499110745
0.0030436791,0.0618199989,0.8969237642,0.8969237642,0.0058299325,0.0002877110,0.0896068203,0.0000000000,0.0000000000,0.0131438479,0.9103931797,0.1683411949,0.0130681345,0.0216086071,0.0522498240,0.0388864072,0.0055195076,0.6668912831,0.6538231486,0.0000000000,0.4000015143,0.1746859786,0.0121217169,0.0003407103,0.0233348728,0.1895182356,0.0020745474,0.0005148512,0.0047699448,0.0001968549,0.0011205585,0.2537080642,0.0216691778,0.2179259069,0.0000000000,0.8192616180416955,9.03,3.072238146161889
0.0204247930,0.0586411580,0.7526943066,0.7526943066,0.0081349136,0.0004057229,0.1013147921,0.0000000000,0.0058051326,0.0150901625,0.8986852079,0.0004466361,0.0099328228,0.0001011466,0.0766100208,0.0028661990,0.0000000000,0.8221274652,0.8121946424,0.0001363774,0.7233708864,0.0079860350,0.1538757897,0.0822208155,0.2887973897,0.1904908565,0.0012296698,0.0005409638,0.0054960104,0.0001056925,0.0000000000,0.0751951050,0.0216521898,0.0238615042,0.0000000000,0.49160561825256244,4.9,2.952027740378325
0.0043650037,0.0576987003,0.9108362170,0.9108362170,0.0041742732,0.0000000000,0.0840467562,0.0122231002,0.0061524209,0.0107027056,0.9159532438,0.0811531021,0.0032805646,0.0053295551,0.0397155391,0.0116890548,0.0000000000,0.3118716111,0.3085910466,0.0000000000,0.1792866679,0.0574534754,0.0043922509,0.0000000000,0.0267949102,0.0906460314,0.0024631481,0.0004196071,0.0044576442,0.0001253372,0.0001198877,0.5953843220,0.4384458189,0.0912727174,0.0000000000,0.9749889450921602,11.8,2.698281759851797
0.0067288001,0.1553475154,0.9004889873,0.9004889873,0.0014418857,0.0000000000,0.0974004263,0.0065825218,0.0000000000,0.0091528399,0.9025995737,0.0154845990,0.0056630585,0.0159861245,0.0411459857,0.0591173152,0.0000000000,0.3032766331,0.2976135746,0.0000000000,0.1873824550,0.0061645839,0.0055794709,0.0000000000,0.0254733147,0.1501650855,0.0013374013,0.0011911230,0.0075646759,0.0002507627,0.0000000000,0.5094036026,0.2661219543,0.2432816483,0.0000000000,0.5673570249216006,5.44,3.461863214185196
0.0159947924,0.0750918306,0.8845108064,0.8845108064,0.0017810177,0.0002001371,0.1000179921,0.0000000000,0.0000000000,0.0115614532,0.8999820079,0.0000000000,0.0105061850,0.0091092688,0.0877793074,0.0186188117,0.0000000000,0.7785392420,0.7680330570,0.0013928731,0.6707482498,0.0012735995,0.0545484685,0.0180244652,0.2403908940,0.3565108226,0.0043544973,0.0014676718,0.0063053283,0.0001516190,0.0006064760,0.1222150119,0.0256236089,0.0745419590,0.0000000000,1.7295752142396876,17.74,4.037988642635293
0.0101632266,0.0103666193,0.8953440699,0.8953440699,0.0035041191,0.0000000000,0.0741198063,0.0370494933,0.0000000000,0.0097035912,0.9258801937,0.0621292488,0.0093400469,0.0273955491,0.1053605976,0.0435708703,0.0000000000,0.4762495035,0.4669094566,0.0032542825,0.2618896619,0.0451771918,0.0111897990,0.0306274103,0.1333070685,0.0415881923,0.0051152452,0.0042264032,0.0053266454,0.0001313244,0.0000000000,0.4574733187,0.1871260458,0.2688242303,0.0000000000,2.0561498208352544,26.96,2.6010873700947186
0.0015452718,0.1280484263,0.9364811953,0.9364811953,0.0054026421,0.0013942302,0.0600332292,0.0000000000,0.0000000000,0.0129895781,0.9399667708,0.0132684242,0.0059603342,0.0066574493,0.1697940025,0.0098990345,0.0000000000,0.5418094784,0.5358491443,0.0014523231,0.3473492198,0.0467415678,0.0381670520,0.0232371702,0.0758577420,0.1633456878,-0.0022888613,0.0006274036,0.0091089707,0.0001858974,0.0000000000,0.3269237472,0.1861878260,0.1407359212,0.0000000000,-0.9276754548611723,-15.28,3.5408307125040666
0.0210918060,0.1900942595,0.8580486593,0.8580486593,0.0041181315,0.0000000000,0.1058512330,0.0004357811,0.0013487426,0.0140757300,0.8941487670,0.0282124694,0.0111516388,0.0088507145,0.1342140470,0.0184531514,0.0000000000,0.6944520706,0.6833004319,0.0038370527,0.5094629869,0.0941897304,0.0720999856,0.0320582378,0.1304815817,0.1806334514,0.0049286844,0.0016995464,0.0067284604,0.0001852070,0.0000000000,0.0957106065,0.0019196158,0.0867727358,0.0000000000,2.0493353476373075,18.86,4.328389308783694
0.0119035181,0.0996377388,0.8940925299,0.8940925299,0.0030741102,-0.0001623930,0.0393774558,0.0000000000,0.0000000000,0.0100342956,0.9606225442,0.0000000000,0.0106225442,0.0009902564,0.0153398896,0.0060301165,0.0000000000,0.4281734766,0.4175509323,0.0000000000,0.4027356969,0.0025290150,0.0509414250,0.0076267914,0.1807887983,0.1608496673,0.0019600718,0.0014933339,0.0060074042,0.0001771560,0.0000000000,0.4231960753,0.1036555452,0.3195405301,0.0000000000,0.7723307799657128,19.66,2.9421948009944128
0.0003680831,0.0435156026,0.8335855384,0.8335855384,0.0042329557,0.0000000000,0.1601979469,0.0677886385,0.0000000000,0.0097951004,0.8398020531,0.0980123512,0.0077910924,0.0048668766,0.0854157294,0.0102858779,0.0000000000,0.3584515971,0.3506605047,0.0052349597,0.1582348370,0.1444726187,0.0000000000,0.0022902949,0.0000000000,0.0114719234,0.0020040080,0.0007361662,0.0040693632,0.0001431434,0.0000000000,0.4992638338,0.2573514376,0.2419123962,0.0000000000,0.7999183756759515,5,2.3898694138449876
0.0034948548,0.0716999972,0.8601225973,0.8601225973,0.0040911991,0.0000000000,0.0576096303,0.0000000000,0.0000000000,0.0102210634,0.9423903697,0.0901034588,0.0047707542,0.0198180457,0.0271960724,0.0513965551,0.0000000000,0.3807311458,0.3759603916,0.0000000000,0.1511524700,0.0401076193,0.0226749508,0.0009430561,0.0531578509,0.0342689929,0.0011788201,0.0004021857,0.0053809669,0.0001525532,0.0000000000,0.5372784512,0.3138019028,0.2224364131,0.0000000000,0.4690496226909653,7.94,2.5086198334208323
0.0098038226,0.0389829995,0.8371916196,0.8371916196,0.0041913325,0.0002524899,0.0879371863,0.0000000000,0.0179570825,0.0118626974,0.9120628137,0.2249180129,0.0083913218,0.0062098090,0.0827661929,0.0206695455,0.0000000000,0.6654018124,0.6570104906,0.0047468103,0.3321742844,0.1441096989,0.0151248671,0.0367466603,0.0815614553,0.0546316028,0.0028581858,0.0008223957,0.0053455721,0.0001356232,0.0000000000,0.2476839461,0.0835265482,0.1415444014,0.0000000000,1.1480472403184223,12.98,3.3306919156959722
0.0088173459,0.1845538141,0.9016060735,0.9016060735,0.0045350906,0.0000000000,0.0790417770,0.0000000000,0.0000000000,0.0132772692,0.9209582230,0.0398021963,0.0095940741,0.0056443769,0.0940706709,0.0137054947,0.0000000000,0.5469601682,0.5373660941,0.0000000000,0.3936736511,0.0742060175,0.0148489480,0.0320964145,0.1855902109,0.0869320602,0.0036626950,0.0011047308,0.0051500953,0.0001002230,0.0000000000,0.2394031265,0.0390915241,0.1843488125,0.0000000000,1.4547329710071177,18.74,3.6305460599517803
0.0184026465,0.1041176554,0.9039208458,0.9039208458,0.0043586048,0.0000000000,0.0857118448,0.0000000000,0.0142386364,0.0117263081,0.9142881552,0.1498869610,0.0089481919,0.0070829306,0.0843923978,0.0181637538,0.0000000000,0.6665785981,0.6576304061,0.0017371136,0.4059118818,0.1287046163,0.0326871629,0.0495583650,0.1289688221,0.0659929155,0.0026642071,0.0007245884,0.0054391591,0.0001139091,0.0000000000,0.1895573841,0.0891370279,0.0920069042,0.0000000000,1.064061695358631,12.42,3.107743332565907
0.0279507964,0.0736097938,0.9105838524,0.9105838524,0.0040334803,0.0002200080,0.0806402722,0.0000000000,0.0000000000,0.0145547527,0.9193597278,0.0468519297,0.0063313419,0.0094554557,0.0528214806,0.0156743490,0.0000000000,0.6441248081,0.6377934663,0.0000000000,0.5282734749,0.0463679121,0.1125316567,0.0184415610,0.1641504268,0.1867819183,0.0032512296,0.0014813873,0.0085314220,0.0002248971,0.0000000000,0.2415639148,0.0442607242,0.1862783444,0.0000000000,1.3194444444444444,16.31,4.541605442751132
0.0179742846,0.0642388576,0.9144903168,0.9144903168,0.0056077357,0.0001084785,0.0526391915,0.0000000000,0.0008708413,0.0125684394,0.9473608085,0.0540946113,0.0052732604,0.0114022955,0.0885696809,0.0275640852,0.0000000000,0.6473891335,0.6421158731,0.0000000000,0.4770115982,0.0940493517,0.0550001055,0.0717419538,0.1660383954,0.0901817919,0.0024919922,0.0017657889,0.0061275285,0.0001536779,0.0000000000,0.2434784836,0.0800300124,0.1560071475,0.0000000000,1.0149231751018606,18.85,3.024344500332629
0.0109836537,0.1269722632,0.8025686640,0.8025686640,0.0045087220,0.0003390017,0.1717366248,0.0000000000,0.0016820939,0.0166643528,0.8282633752,0.1719061256,0.0085799705,0.0060019436,0.0696373974,0.0179816164,0.0000000000,0.6792027327,0.6706227622,0.0083717266,0.4109103647,0.1407034446,0.0217057918,0.0039937624,0.1258632435,0.1186441225,0.0049009954,0.0007490322,0.0061536872,0.0001678865,0.0049639528,0.1567059370,0.0033044590,0.1534014780,0.0000000000,1.996302960015584,11.58,5.238365636877955
0.0085942885,0.0516093569,0.8900716336,0.8900716336,0.0017712087,0.0001308775,0.0756646395,0.0000000000,0.0000000000,0.0096762091,0.9243353605,0.0245002661,0.0032108611,0.0929230179,0.0850965440,0.1778625088,0.0000000000,0.3825549031,0.3793440420,0.0000000000,0.0911256337,0.0012215232,0.0181657956,0.0041793545,0.0166039909,0.0509549694,0.0010470199,0.0020329637,0.0085942885,0.0002006788,0.0000000000,0.5080053398,0.1581261834,0.3498791565,0.0000000000,0.41938978785866565,5.43,3.458064762377324
0.0337746722,0.1352104704,0.8812999003,0.8812999003,0.0047304995,0.0009013873,0.0961939576,0.0063073326,0.0033914994,0.0153283404,0.9038060424,0.0198138719,0.0109331856,0.0211267103,0.0644384880,0.0444866730,0.0000000000,0.7168859091,0.7059527235,0.0000000000,0.5748424951,0.0726722684,0.0680012272,0.0000071350,0.2463712622,0.1877906023,0.0025519487,0.0024782204,0.0096227254,0.0002306981,0.0019050428,0.0857174115,0.0113565284,0.0743608831,0.0000000000,1.0200686383557216,10.77,4.6752088551981
0.0347749163,0.0639776440,0.8864004088,0.8864004088,0.0046091288,0.0000000000,0.0506219831,0.0000000000,0.0072630055,0.0110244849,0.9493780169,0.0087857492,0.0072938189,0.0036886477,0.0627092512,0.0124615112,0.0000000000,0.4959247839,0.4886309649,0.0077341709,0.3982949529,0.0390277298,0.0602777915,0.0081722818,0.2119689445,0.0788482052,0.0007143113,0.0017513233,0.0073683314,0.0001518262,0.0000000000,0.3762274950,0.1028098486,0.2625595540,0.0000000000,0.28820300341435795,5.54,2.8212667983142863
0.0056198234,0.1112315393,0.9013522567,0.9013522567,0.0057649062,0.0000000000,0.0959679794,0.0000000000,0.0000000000,0.0151654157,0.9040320206,0.0589377382,0.0102368689,0.0072498709,0.1386735168,0.0213570359,0.0000000000,0.7423671533,0.7321302843,0.0005717968,0.5228270656,0.1279800639,0.0614596179,0.0004523168,0.0915941608,0.2413409061,0.0054918092,0.0007040781,0.0046127784,0.0000938771,0.0000000000,0.1232734085,0.0000000000,0.1232734085,0.0000000000,2.2155514670281784,23.2,3.9499222297427528
0.0089985058,0.0351469930,0.8370085560,0.8370085560,0.0026695726,0.0000000000,0.0941012439,0.0000000000,0.0000000000,0.0099740181,0.9058987561,0.0061671409,0.0034261894,0.0084560258,0.0432603999,0.0270621378,0.0000000000,0.3281432909,0.3247171014,0.0005615144,0.2355029361,0.0130718643,0.0330912794,0.0000000000,0.0434126750,0.1459271173,0.0049679746,0.0008184786,0.0031549494,0.0000713789,0.0000000000,0.6071207637,0.1998229802,0.3906284202,0.0000000000,1.9527341083168892,21.19,3.0137483863684333
0.0107397045,0.3232808128,0.8340156089,0.8340156089,0.0015608894,-0.0002061552,0.1608894125,0.0000000000,0.0045059638,0.0159819369,0.8391105875,0.0129877779,0.0087566878,0.0111225642,0.1354243361,0.0325038041,0.0000000000,0.6460118785,0.6372551907,0.0000000000,0.4651057773,0.1454179551,0.0190938988,0.0009522407,0.1168212831,0.1828203995,0.0058214303,0.0014823541,0.0084130958,0.0002257890,0.0002356059,0.0000000000,0.0000000000,0.0000000000,0.0000000000,2.3127023127023127,14.74,6.121120260845561
0.0092896788,0.0392513547,0.8381199616,0.8381199616,0.0054600114,0.0000109419,0.0968003129,0.0000000000,0.0020434011,0.0124901865,0.9031996871,0.1177458578,0.0111005643,0.0042454598,0.1205716052,0.0089614216,0.0000000000,0.8790700474,0.8679694830,0.0005990694,0.6304753985,0.1654936031,0.0252101530,0.0472280047,0.2739853433,0.1185582944,0.0028093345,0.0006647208,0.0048773549,0.0001176255,0.0000000000,0.0628393701,0.0005334180,0.0619038371,0.0000000000,1.1224565075427,11.79,2.9379612892162816
0.0092593592,0.0110992019,0.7946524270,0.7946524270,0.0072282839,0.0002459806,0.0968269268,0.0000000000,0.0117307322,0.0138497128,0.9031730732,0.0497274164,0.0101654008,0.0017164668,0.1211674442,0.0087450360,0.0000000000,0.8940093303,0.8838439295,0.0002074257,0.7133546671,0.1225585072,0.1260670085,0.0427181247,0.2090704399,0.2129405868,0.0022469831,0.0003092108,0.0043489995,0.0000963874,0.0000000000,0.0700913753,0.0213848942,0.0375694953,0.0000000000,0.9000629719761193,9.37,2.759661285080772
0.0148970616,0.1135414568,0.9241041961,0.9241041961,0.0016606333,0.0000000000,0.0686487726,0.0000000000,0.0000000000,0.0097553519,0.9313512274,0.0121941899,0.0074207378,0.0230890558,0.0317604797,0.0463726628,0.0000000000,0.4847034137,0.4772826759,0.0000000000,0.3943760813,0.1054397899,0.0028140438,0.0000000000,0.0696284767,0.2164937709,0.0025569583,0.0009241181,0.0057740010,0.0001737064,0.0000000000,0.3756991683,0.0456917337,0.3300074346,0.0000000000,1.0236617465533127,14.71,3.410134539320827
0.0081288104,0.1918086603,0.8446481610,0.8446481610,0.0032827888,0.0000000000,0.1175327721,0.0000000000,0.0000000000,0.0151856897,0.8824672279,0.2271823846,0.0225440497,0.0056834677,0.0330065432,0.0125616919,0.0000000000,0.5481364032,0.5255923536,0.0000000000,0.2748833158,0.1407244467,0.0263181402,0.0000000000,0.0677549744,0.0400857545,0.0050916724,0.0005136336,0.0054043190,0.0001786552,0.0000000000,0.2327430269,0.1102972375,0.1224457893,0.0000000000,2.080849680286117,17.48,5.305396225006532
0.0211542890,0.0315422866,0.8281295117,0.8281295117,0.0065538913,0.0000000000,0.0913304970,0.0000000000,0.0068334996,0.0124823189,0.9086695030,0.0387115904,0.0089090889,0.0047574535,0.1374905427,0.0098059372,0.0000000000,0.8748478602,0.8659387713,0.0000000000,0.6816851062,0.0490114109,0.0755856241,0.0630914264,0.3048580577,0.1891385870,0.0013052957,0.0015890160,0.0058068985,0.0001315804,0.0000000000,0.0575307843,0.0176431942,0.0391680099,0.0000000000,0.5284946873057684,5.72,2.549755704086074
0.0201790305,0.0638543531,0.8295332000,0.8295332000,0.0045275344,0.0000800988,0.0689025296,0.0000000000,0.0000000000,0.0103981886,0.9310974704,0.0410799269,0.0050042198,0.0021235944,0.0983769253,0.0117803809,0.0000000000,0.4631272125,0.4581229926,0.0079668977,0.3034727703,0.0422081474,0.0459073433,0.0132563473,0.1425279564,0.0595729758,0.0021011276,0.0013821923,0.0045470707,0.0001240554,0.0000000000,0.4254397618,0.0923499809,0.3321432479,0.0000000000,0.8357934063244032,12.26,2.486850673616883
0.0093070039,0.0099739197,0.8781601473,0.8781601473,0.0034021651,0.0000596348,0.0927639138,0.0000000000,0.0198563994,0.0114518688,0.9072360862,0.0006132445,0.0087553820,0.0018486787,0.1048320088,0.0409233852,0.0037559983,0.6600607877,0.6513054057,0.0062795441,0.4997843208,0.0155169741,0.0431537266,0.0580962188,0.2658290628,0.1171883386,0.0028674398,0.0014918638,0.0053909856,0.0001620079,0.0020603822,0.2787698137,0.0904540593,0.1883157543,0.0000000000,1.1400942701865349,12.1,3.436337176000374
0.0230877340,0.0176820241,0.9271121239,0.9271121239,0.0050864381,0.0003067513,0.0593031736,0.0003286622,0.0016620915,0.0130181515,0.9406968264,0.0632220786,0.0084607030,0.0189591113,0.0397368199,0.0427699021,0.0000000000,0.6950829011,0.6866221982,0.0036340644,0.5457169061,0.2295752120,0.0178009685,0.0177039349,0.1190445635,0.1615922273,0.0016902625,0.0018373780,0.0077595570,0.0001971973,0.0000000000,0.2329463467,0.1163526639,0.1055756752,0.0000000000,0.6689760794594921,11.37,3.3770963168793173
0.0092299354,0.1000715911,0.9098857561,0.9098857561,0.0051407599,0.0000100630,0.0780637909,0.0099731605,0.0000000000,0.0125291648,0.9219362091,0.0089402645,0.0087627243,0.0056367225,0.0327162792,0.0162488841,0.0000000000,0.6561893973,0.6474266730,0.0121316759,0.5865116867,0.0373546075,0.1142920601,0.0101571698,0.2222178296,0.2024900197,0.0025056892,0.0009854561,0.0050918825,0.0001301003,0.0000000000,0.1994495534,0.0167915678,0.1782769829,0.0000000000,1.0240953237093051,12.96,3.201581012279242
0.0191451907,0.0179424660,0.8396549273,0.8396549273,0.0034441662,0.0000000000,0.0798062520,0.0237046108,0.0048765020,0.0134923846,0.9201937480,0.2597229360,0.0135033184,0.0029412086,0.1152319619,0.0065493828,0.0000000000,0.7426934473,0.7291901289,0.0000000000,0.3612001006,0.2055784559,0.0253118884,0.0248417324,0.0445226823,0.0609453416,0.0042642058,0.0002624127,0.0056309385,0.0001530741,0.0000000000,0.1923922195,0.0723384249,0.1200537946,0.0000000000,1.7240712395077555,21.65,4.290833537603157
0.0041356026,0.0232640475,0.9549701631,0.9549701631,0.0045050361,0.0000000000,0.0422180376,0.0000000000,0.0000000000,0.0101594208,0.9577819624,0.0000000000,0.0036019765,0.0005336261,0.0181432889,0.0025655103,0.0000000000,0.2523333316,0.2487313552,0.0000000000,0.2313731124,0.0132893434,0.0504174085,0.0114062588,0.1063301401,0.0499299616,0.0013084103,0.0003950886,0.0046948839,0.0001385376,0.0000000000,0.6943758883,0.2130091897,0.4618277722,0.0000000000,0.520628633554005,12.05,2.354386433435706
0.0379656747,0.0886338754,0.9075194544,0.9075194544,0.0032659584,0.0002456018,0.0889264144,0.0000000000,0.0004082448,0.0127199910,0.9110735856,0.0313082281,0.0079051038,0.0054065147,0.0457648968,0.0081910935,0.0000000000,0.7268394757,0.7189343719,0.0018720316,0.6394925539,0.1162111390,0.0675350419,0.0235974226,0.2618486503,0.1703003001,0.0036010684,0.0026786972,0.0071115371,0.0002128549,0.0000000000,0.1422394738,0.0069237881,0.1337787641,0.0000000000,1.4406884211054958,16.4,4.04167672885977
0.0147976139,0.0305962628,0.9074621377,0.9074621377,0.0021178361,0.0001021464,0.0871445304,0.1035083896,0.0000000000,0.0128976901,0.9128554696,0.1307338200,0.0103167902,0.0141166376,0.0788774788,0.0236026367,0.0000000000,0.7770892351,0.7667724450,0.0000000000,0.5438752996,0.2247834496,0.0083487688,0.0087845936,0.1136140771,0.1883444105,0.0027443343,0.0005992591,0.0078039878,0.0002247222,0.0000000000,0.0696842994,0.0105551318,0.0591291676,0.0000000000,1.1040982455659702,12.73,4.576053767909086
0.0109733459,0.0552517590,0.9038434213,0.9038434213,0.0038411294,0.0006187977,0.0911420255,0.0004767034,0.0000000000,0.0138152316,0.9088579745,0.0080535375,0.0066875988,0.0193981619,0.1307634130,0.0358719318,0.0000000000,0.6960007334,0.6893131346,0.0091444549,0.5126578507,0.0263745330,0.0277817248,0.0143790250,0.1962092911,0.2479132766,0.0038319620,0.0015355350,0.0070588775,0.0002154333,0.0000000000,0.2325945958,0.0663855339,0.1662090619,0.0000000000,1.4986241697962694,16.94,4.067955039375599
0.0038742876,0.2116348297,0.8512363315,0.8512363315,0.0028870174,0.0000000000,0.1381280759,0.0540754813,0.0000000000,0.0096632810,0.8618719241,0.2244693423,0.0038144530,0.0062527113,0.0306203348,0.0101718748,0.0000000000,0.3909739570,0.3871595040,0.0000000000,0.1257124052,0.1124889680,0.0000000000,0.0000000000,0.0132234372,0.0000000000,0.0026177619,0.0002393382,0.0043679227,0.0001047105,0.0000000000,0.2948198232,0.1074778238,0.1873419994,0.0000000000,1.0162896715932517,7.38,2.8410605371674063
0.0074251052,0.0655812756,0.8830295574,0.8830295574,0.0020458382,-0.0004435034,0.1136942402,0.0163810123,0.0000000000,0.0123465621,0.8863057598,0.1940684998,0.0074537183,0.0035337206,0.0735786432,0.0129617443,0.0000000000,0.7384617586,0.7310080403,0.0000000000,0.4572519958,0.2422959169,0.0004291968,0.0000000000,0.0451228934,0.1694039887,0.0026467138,0.0007725543,0.0084694841,0.0001716787,0.0034908009,0.1268705828,0.0361240665,0.0907465164,0.0000000000,1.040677846921914,8.71,4.39215207826571
0.0372579291,0.0644673763,0.8874895046,0.8874895046,0.0049781967,0.0000000000,0.1064868232,0.0000000000,0.0000000000,0.0126377942,0.8935131768,0.3221852063,0.0083042171,0.0106010130,0.0433899407,0.0147612470,0.0000000000,0.7017090545,0.6934048374,0.0004550256,0.2921264321,0.1839711817,0.0096476260,0.0026055632,0.0623330896,0.0335689716,0.0021180358,0.0004387747,0.0056011484,0.0001570922,0.0000000000,0.1611928171,0.0641856938,0.0965845996,0.0000000000,0.8359858780390679,7.82,3.3216757548795925
0.0042049525,0.0278188756,0.9653383429,0.9653383429,0.0038837409,0.0000000000,0.0320335618,0.0237209936,0.0000000000,0.0117972278,0.9679664382,0.0647290142,0.0028909048,0.0140749105,0.0411053574,0.0250447750,0.0000000000,0.4700007787,0.4671098739,0.0000000000,0.3391216321,0.1366414889,0.0069303847,0.0000000000,0.0162747236,0.1792750350,0.0021316773,0.0009441676,0.0065799720,0.0001460053,0.0000000000,0.4675284224,0.2469533562,0.2205750662,0.0000000000,0.851771363563438,24.35,3.286408699079361
0.0077375063,0.0644821122,0.8853607943,0.8853607943,0.0031071534,0.0000000000,0.0918346092,0.0000000000,0.0000000000,0.0112439029,0.9081653908,0.1448818761,0.0061448732,0.0276519294,0.0388611155,0.0371686716,0.0000000000,0.6258614105,0.6197165373,0.0057629884,0.3989654394,0.1684328838,0.0364786752,0.0008418823,0.0503480359,0.1428639622,0.0028467774,0.0008201843,0.0053073305,0.0001388672,0.0000000000,0.2891909250,0.1200506865,0.1686108073,0.0000000000,1.1198791349957962,12.47,3.341791779637794
0.0242068764,0.0373699335,0.7752701561,0.7752701561,0.0065884715,0.0000000000,0.0839974571,0.0000000000,0.0000000000,0.0112526124,0.9160025429,0.0004544470,0.0071633469,0.0000224699,0.1197013374,0.0016264153,0.0000000000,0.7523958193,0.7452324724,0.0224971458,0.6012116567,0.0025534871,0.1149076791,0.0979610983,0.3549640002,0.0308253919,0.0018311689,0.0005768952,0.0029523906,0.0000451922,0.0000000000,0.1529302490,0.0478060562,0.0928834106,0.0000000000,0.7453027137193167,8.68,2.042600052740079
0.0098826165,0.0625130396,0.8160845074,0.8160845074,0.0040079500,0.0000000000,0.0785777817,0.0018227937,0.0000000000,0.0130999572,0.9214222183,0.1441544324,0.0087516059,0.0014055277,0.1424963489,0.0029428236,0.0000000000,0.7735123917,0.7647607858,0.0000000000,0.4837540766,0.2214474739,0.0361374343,0.0213903743,0.1108170728,0.0939617213,0.0018996585,0.0005490342,0.0063248745,0.0001317682,0.0000000000,0.1447364087,0.0000000000,0.1447364087,0.0000000000,0.750696998296829,9.67,3.791143696021703
0.0168276213,0.1126924194,0.8231919837,0.8231919837,0.0051463114,0.0000000000,0.1455035579,0.0000000000,0.0669701205,0.0191057944,0.8544964421,0.0282593305,0.0037077040,0.0090400813,0.0785288992,0.0118446849,0.0000000000,0.6525922161,0.6488845121,0.0028681383,0.5308188716,0.2077448809,0.0282910979,0.0278145876,0.1371759730,0.1297923323,0.0033628013,0.0008849477,0.0103153137,0.0001588368,0.0000000000,0.1227218269,0.0182435376,0.1000308597,0.0000000000,1.3548785226155922,9.29,6.477306527055021
0.0126342796,0.1255814168,0.8231500794,0.8231500794,0.0034469711,0.0004152977,0.1135793126,0.0000000000,0.0010036362,0.0130449629,0.8864206874,0.0077533778,0.0095587692,0.0021145576,0.0284836557,0.0149495644,0.0000000000,0.6426847613,0.6331259921,0.0005837240,0.5894032172,0.0099602237,0.0739160729,0.0392479420,0.3029020082,0.1633769704,0.0040572280,0.0016600373,0.0055719111,0.0001268965,0.0000000000,0.2108039702,0.0398685813,0.1628601554,0.0000000000,1.6167968505330617,14.55,3.96043845671424
0.0044771237,0.0527929538,0.8769401276,0.8769401276,0.0041988292,0.0001757649,0.0743095123,0.0214823820,0.0000000000,0.0094376010,0.9256904877,0.0756619259,0.0075285984,0.0020261792,0.0399962894,0.0038472993,0.0000000000,0.5260010058,0.5184724073,0.0033785928,0.3874298771,0.0523535414,0.0180110244,0.0070745390,0.1927555549,0.1172352174,0.0012205899,0.0008397658,0.0039547112,0.0001074119,0.0000000000,0.3859651692,0.1130656824,0.2115282274,0.0000000000,0.4919528807530815,6.57,2.2143971933083106
0.0249466209,0.0509041944,0.8834635826,0.8834635826,0.0079208772,0.0003146118,0.1142848454,0.0057699810,0.0021771139,0.0143567866,0.8857151546,0.0022368901,0.0093806761,0.0065114162,0.0812097035,0.0098326685,0.0000000000,0.8432079500,0.8338272739,0.0000000000,0.7499098113,0.0026731519,0.2057771122,0.0158469980,0.3553614051,0.1702511441,0.0016947091,0.0003754368,0.0045744560,0.0000922861,0.0000000000,0.0657108759,0.0081075469,0.0576033290,0.0000000000,0.7008367974013526,5.95,2.8111079301460062
0.0109855314,0.0750804855,0.8759783489,0.8759783489,0.0058927110,0.0000000000,0.0856633134,0.0213609393,0.0098546516,0.0107119136,0.9143366866,0.0020598561,0.0056212998,0.0035128986,0.0463539334,0.0160331166,0.0000000000,0.4767623520,0.4711410521,0.0052417655,0.4014545872,0.0460439068,0.0388459951,0.0133697569,0.1704406790,0.1327542493,0.0003806376,0.0010139302,0.0054524953,0.0001820441,0.0032547271,0.3626703767,0.0467246413,0.2465174420,0.0000000000,0.15371077868989408,1.76,2.2397343904729246
0.0138667946,0.0619184439,0.8707691103,0.8707691103,0.0017131585,0.0001468422,0.0847817681,0.0000000000,0.0000000000,0.0101712669,0.9152182319,0.0012677373,0.0086930558,0.0210865341,0.0456679116,0.0415465416,0.0000000000,0.6764333018,0.6677402460,0.0074742659,0.5802957401,0.0007195266,0.0103181091,0.0104845302,0.1540031620,0.4047704123,0.0023250009,0.0016446322,0.0072295290,0.0002447369,0.0019138428,0.2057209705,0.1174541485,0.0882668220,0.0000000000,0.9310256963092182,11.03,3.7002735589972002
0.0088956767,0.0532988722,0.8649671053,0.8649671053,0.0030944549,0.0005404135,0.0698214286,0.0000000000,0.0050681391,0.0115272556,0.9301785714,0.0087077068,0.0072227444,0.0258270677,0.0334116541,0.0385737782,0.0000000000,0.4504370301,0.4432142857,0.0031813910,0.3662570489,0.0416893797,0.0479417293,0.0465812970,0.1087617481,0.1212828947,0.0033693609,0.0018092105,0.0063322368,0.0001809211,0.0000000000,0.4558646617,0.2256931391,0.1863181391,0.0000000000,1.334682908100939,19.41,3.568747358739156
0.0109685527,0.1189863009,0.8886751374,0.8886751374,0.0027253311,0.0000517141,0.1036737670,0.0005817832,0.0000000000,0.0105238117,0.8963262330,0.0075838673,0.0043620812,0.0100195996,0.0606528383,0.0243366379,0.0000000000,0.4907509399,0.4863888587,0.0105444974,0.3871935295,0.0303199549,0.0380175931,0.0034027853,0.1934674796,0.1219857166,0.0028959875,0.0017220783,0.0058230034,0.0001499708,0.0009308531,0.3445837277,0.0916657617,0.2530472511,0.0000000000,1.165516326334165,11.2,3.3663813911437157
0.0133945943,0.0223552638,0.8598458479,0.8598458479,0.0025489713,0.0000000000,0.1071281947,0.0181141182,0.0000000000,0.0097532067,0.8928718053,0.0209701085,0.0029773698,0.0388771674,0.0046945340,0.0772009867,0.0000000000,0.3291493076,0.3261719378,0.0000000000,0.2253697615,0.0378061711,0.0122843281,0.0055977409,0.0657556058,0.1039259156,0.0015993545,0.0014672650,0.0067936868,0.0002213392,0.0000000000,0.5782130783,0.3240799249,0.1984020734,0.0000000000,0.6434297101514321,5.97,3.128360846657223
0.0019768875,0.0813454798,0.8758807766,0.8758807766,0.0055568183,0.0000000000,0.1173421780,0.0133836179,0.0025720472,0.0119660011,0.8826578220,0.0044083693,0.0097677980,0.0153455516,0.1315542343,0.0195176514,0.0000000000,0.5194548456,0.5096870476,0.0038042373,0.3588245146,0.0348661937,0.0245510880,0.0170413083,0.0850958835,0.1972700410,0.0019260447,0.0009839576,0.0049586678,0.0001286024,0.0000000000,0.3751480423,0.1555400701,0.2196079722,0.0000000000,0.7716675778295352,6.56,2.6683185421990907
0.0045661685,0.2128016553,0.7622588729,0.7622588729,0.0063440919,0.0003974539,0.1288691072,0.0000000000,0.0000000000,0.0174151542,0.8711308928,0.0611047397,0.0146633171,0.0235256282,0.0216566848,0.0568935491,0.0000000000,0.7761272823,0.7614639652,0.0010710016,0.6353557971,0.0461167847,0.0200001214,0.0294601302,0.1209503698,0.4188283909,0.0085649792,0.0003762159,0.0024848452,0.0000667480,0.0000000000,0.0000000000,0.0000000000,0.0000000000,0.0000000000,3.435450674722878,27.5,4.593953204373634
0.0164313218,0.0562660472,0.9059721501,0.9059721501,0.0044167589,0.0000786522,0.0795156422,0.0000000000,0.0061960468,0.0118694933,0.9204843578,0.0266648489,0.0099818401,0.0228108904,0.1131543209,0.0293460156,0.0000000000,0.7533501474,0.7433683074,0.0080242738,0.5755646792,0.0568900215,0.0555441947,0.0178190964,0.2803444617,0.1649669049,0.0031862886,0.0019628097,0.0060090293,0.0001485653,0.0000000000,0.1481737829,0.0294159286,0.1178979234,0.0000000000,1.269135144966318,16.24,3.1994717570082236
0.0187113594,0.0936249002,0.8964852354,0.8964852354,0.0032881085,0.0006959298,0.0930034584,0.0574620910,0.0000000000,0.0153849428,0.9069965416,0.0150763501,0.0112157489,0.0021282256,0.0651002926,0.0172897047,0.0000000000,0.7491439213,0.7379281724,0.0015812716,0.6355158287,0.0919116786,0.0854205906,0.0029582336,0.2936887470,0.1615365789,0.0033136472,0.0013492950,0.0083511572,0.0002277201,0.0000000000,0.0744772546,0.0030774142,0.0713998404,0.0000000000,1.365190705830776,14.51,5.228421493190818
0.0187062621,0.0310582307,0.8248864147,0.8248864147,0.0054835886,0.0002547275,0.0681650820,0.0000000000,0.0000000000,0.0122732346,0.9318349180,0.0132736190,0.0080354951,0.0194982331,0.0162932979,0.0469949101,0.0000000000,0.6048759477,0.5968404526,0.0000000000,0.5283141207,0.1598669859,0.0214804763,0.0016950958,0.1138678288,0.2314037338,0.0007178684,0.0014311055,0.0071370017,0.0002223076,0.0000000000,0.3292329923,0.1194903597,0.1964829078,0.0000000000,0.28265715966026433,4.17,2.817835398816932
0.0104516150,0.0648571879,0.8051837266,0.8051837266,0.0020057038,0.0001440813,0.0953635538,0.0018021603,0.0000000000,0.0104424669,0.9046364462,0.0013470462,0.0061200266,0.0023853467,0.0414748441,0.0080639813,0.0000000000,0.6284622404,0.6223422138,0.0000000000,0.5751567170,0.0149387197,0.0649761122,0.0114235923,0.2506923909,0.2331259019,0.0024562439,0.0020125648,0.0075128129,0.0001921085,0.0000000000,0.2735670196,0.0561619932,0.2174050264,0.0000000000,0.9858162700989718,10.34,3.5988005624040453
0.0097142872,0.0929205288,0.7278313802,0.7278313802,0.0044831119,0.0001843818,0.0693723380,0.0063084918,0.0000000000,0.0122587562,0.9306276620,0.0116502962,0.0070144108,0.0328173277,0.0698991432,0.0465537723,0.0000000000,0.4816289869,0.4746145762,0.0045779369,0.3485184922,0.0708500265,0.0068563692,0.0013565233,0.0958258593,0.1736297139,0.0030106915,0.0011616054,0.0047833909,0.0001343353,0.0002818408,0.4013438800,0.0309366332,0.3658398460,0.0000000000,1.209928719531801,17.56,3.260630946447285
0.0064487628,0.0849324184,0.9130096676,0.9130096676,0.0042873208,0.0000007903,0.0671801441,0.0000000000,0.0009862814,0.0107724369,0.9328198559,0.1179285879,0.0075298789,0.0081455144,0.0616441658,0.0144820561,0.0000000000,0.5250328168,0.5175029379,0.0015331617,0.3269649167,0.1737167081,0.0153229242,0.0048120731,0.0983128108,0.0348004005,0.0028995724,0.0010866481,0.0046563861,0.0001367201,0.0000000000,0.3687664924,0.2320139976,0.1360025100,0.0000000000,1.1554126904086812,17.51,2.6917240392425548
0.0118975385,0.0370275085,0.8664912698,0.8664912698,0.0053517079,0.0005460926,0.1141479256,0.0000000000,0.0000000000,0.0145867414,0.8858520744,0.0536529957,0.0139557010,0.0003446451,0.1148008097,0.0028154110,0.0000000000,0.8687872860,0.8548315850,0.0001116456,0.6974064240,0.0447698887,0.1135945517,0.0620482600,0.3151682693,0.1618254542,0.0019076836,0.0006504570,0.0068176633,0.0001626143,0.0000000000,0.0688804858,0.0157347495,0.0506482726,0.0000000000,0.7385456710864302,7.03,3.789383005289451
0.0618705036,0.2133828421,0.8841803976,0.8841803976,0.0062350120,0.0001856579,0.1084629071,0.0000000000,0.0000000000,0.0169335499,0.8915370929,0.0056393595,0.0095149687,0.0016322426,0.0828730564,0.0109228746,0.0000000000,0.7029241123,0.6934091437,0.0000000000,0.6034192001,0.0073876383,0.1421830278,0.0057321884,0.0890229752,0.3590933705,0.0031716562,0.0007890462,0.0073489595,0.0001392434,0.0019648797,0.0063046337,0.0000000000,0.0000000000,0.0000000000,1.270205169115426,11.87,4.803813873921595
0.0218237276,0.0534140069,0.8794222603,0.8794222603,0.0051593868,0.0000000000,0.0976316262,0.0008791691,0.0081776679,0.0105659776,0.9023683738,0.1370128187,0.0094874504,0.0047427284,0.0584159008,0.0088794083,0.0000000000,0.7474412392,0.7379537888,0.0125595582,0.5305277008,0.3034130101,0.0317218556,0.0094515660,0.1039233668,0.0820179024,0.0005322860,0.0003448895,0.0052251749,0.0001355635,0.0000000000,0.1598971312,0.0913598214,0.0683419390,0.0000000000,0.21312834696815947,2.18,2.3329659399446223
0.0041254966,0.0245346993,0.8093831400,0.8093831400,0.0050641016,0.0002910403,0.0962470350,0.0103319315,0.0000000000,0.0116852690,0.9037529650,0.2249523421,0.0071741440,0.0048530974,0.0298534612,0.0108630801,0.0000000000,0.7484902283,0.7413160843,0.0000000000,0.4828213449,0.3307673278,0.0000000000,0.0000000000,0.1348608100,0.0171932071,0.0034633799,0.0002983163,0.0031868915,0.0000654841,0.0000000000,0.1890670702,0.0825244838,0.1065425865,0.0000000000,1.3771653828071317,14.09,2.7774704416864737
0.0049393266,0.3720731499,0.8324218082,0.8324218082,0.0022218424,0.0000000000,0.1624850453,0.0217911468,0.0000000000,0.0117757648,0.8375149547,0.0694923945,0.0029567595,0.0077080841,0.1401469834,0.0251239104,0.0000000000,0.2732695266,0.2703127670,0.0000000000,0.0385062382,0.0315843446,0.0000000000,0.0000000000,0.0069218937,0.0000000000,0.0044436848,0.0001709110,0.0037771321,0.0001367288,0.0000000000,0.3103059306,0.0032985814,0.3070073492,0.0000000000,1.7673098654975232,11.1,3.9322236584100523
0.0193029615,0.2377531631,0.8304444547,0.8304444547,0.0003475923,0.0026417018,0.1651990545,0.0000000000,0.0528572091,0.0054224406,0.8348009455,0.0209250591,0.0026417018,0.0096630672,0.0136951383,0.0227325393,0.0000000000,0.2702646336,0.2676229318,0.0000000000,0.2128887241,0.0352458637,0.0017611345,0.0004866293,0.0286416091,0.1467534875,-0.0024099736,0.0007183575,0.0055614775,0.0002085554,0.0000000000,0.4158131344,0.0457431524,0.3700699819,0.0000000000,-1.0611974184332031,-8.41,2.4059654760433404
0.0164951384,0.0138075395,0.8307458733,0.8307458733,0.0054410957,-0.0008308299,0.0937868657,0.0008741157,0.0063371774,0.0122679846,0.9062131343,0.0390212230,0.0096940918,0.0022973802,0.0520160222,0.0058319605,0.0000000000,0.8336686371,0.8239745453,0.0008637788,0.7358891365,0.1177155409,0.0262279937,0.1218884259,0.2176250929,0.2524320832,0.0018302807,0.0019465711,0.0071428110,0.0002080305,0.0001078916,0.1092799690,0.0380973609,0.0686662144,0.0000000000,0.7314025476457254,7.84,2.9209044935822748
0.0048400870,0.0367905105,0.8165358430,0.8165358430,0.0035328249,0.0001316036,0.1573452342,0.0000000000,0.0017049974,0.0105253615,0.8426547658,0.0900402414,0.0090163071,0.0357172102,0.0848726077,0.0412621075,0.0000000000,0.6637704132,0.6547541060,0.0015266015,0.4438345187,0.1668557859,0.0070305554,0.0000000000,0.0957635347,0.1741846427,0.0021933929,0.0010031117,0.0050418792,0.0001520752,0.0000000000,0.2648185625,0.1024723925,0.1609336250,0.0000000000,0.8769429767829348,5.63,2.983021666206613
0.0107635569,0.0737604152,0.8798251605,0.8798251605,0.0021035378,0.0002731867,0.1192186860,0.0916541456,0.0000000000,0.0140964349,0.8807813140,0.1014342303,0.0106816009,0.0222100806,0.2181669171,0.0551563994,0.0000000000,0.6807813140,0.6700997132,0.0000000000,0.3059144926,0.1012976369,0.0053817784,0.0000000000,0.0201065428,0.1791285344,0.0050539544,0.0009561535,0.0076219096,0.0002731867,0.0019123071,0.1367299549,0.1094386013,0.0272913536,0.0000000000,2.0920206375008834,17.12,5.351945261425458
0.0078220498,0.0490786280,0.9088269221,0.9088269221,0.0018766033,0.0002410316,0.0851587652,0.0112883140,0.0052740013,0.0105537414,0.9148412348,0.0683324629,0.0069382672,0.0109095500,0.0529753057,0.0241605500,0.0000000000,0.5318477369,0.5249094697,0.0009985595,0.3852259098,0.2139614694,0.0077589225,0.0068005349,0.0419968895,0.1147080935,0.0024963989,0.0010215149,0.0069440061,0.0002410316,0.0000000000,0.3695473771,0.0987311407,0.2708162363,0.0000000000,0.985369527730507,11.71,3.6453169310144267
0.0004067061,0.3203262687,0.8964029102,0.8964029102,0.0030728908,0.0000000000,0.1015409643,0.0000000000,0.0000000000,0.0104387907,0.8984590357,0.0387726513,0.0067558408,0.0117040987,0.1047494238,0.0155678070,0.0000000000,0.3819422477,0.3751864070,0.0704957296,0.1523566361,0.0798951602,0.0004067061,0.0035699760,0.0368294998,0.0316552940,0.0040896561,0.0005874644,0.0036377604,0.0001355687,0.0000000000,0.2849654300,0.1079578833,0.1770075467,0.0000000000,1.5315944236424022,16.33,2.8728794888742013
0.0155999371,0.1824804735,0.8867527383,0.8867527383,0.0021817979,0.0001751331,0.0985999175,0.0532208117,0.0000654703,0.0129434795,0.9014000825,0.0101118888,0.0070266006,0.0040133298,0.0495561113,0.0130318644,0.0000000000,0.4784848207,0.4714582201,0.0000802011,0.4057063919,0.1041108805,0.1127316830,0.0062769656,0.0957617797,0.0868250830,0.0062442304,0.0011260893,0.0052278039,0.0001522185,0.0000000000,0.2450488081,0.0302996576,0.1616003562,0.0000000000,2.438048251307495,24.35,4.596066081993469
0.0114274404,0.0595446797,0.8230423086,0.8230423086,0.0049765311,0.0000000000,0.0868671282,0.0000000000,0.0081151388,0.0112860617,0.9131328718,0.1556458584,0.0089997657,0.0169290925,0.0736906310,0.0272578182,0.0000000000,0.7075641657,0.6985644000,0.0087735598,0.4420710771,0.1981160275,0.0026659988,0.0020439324,0.0418117482,0.1974333702,0.0019187113,0.0006826573,0.0049926887,0.0001373393,0.0000000000,0.1948562380,0.0734401887,0.1214160493,0.0000000000,0.7776240719670615,8.94,2.7458908323811198
0.0034291513,0.1401228196,0.8515842329,0.8515842329,0.0052487009,0.0000000000,0.1416274472,0.0082054691,0.0004198961,0.0115996291,0.8583725528,0.1156988645,0.0108473153,0.0223944574,0.0490228668,0.0437916616,0.0000000000,0.3026925836,0.2918452683,0.0000000000,0.0936718162,0.0612698357,0.0000000000,0.0000000000,0.0256836433,0.0067183372,0.0009972532,0.0002274437,0.0055811187,0.0001399654,0.0003849047,0.5398113967,0.1757964904,0.3472365590,0.0000000000,0.39265325101392373,2.83,2.5544267053701013
0.0026809348,0.0210221488,0.8405352820,0.8405352820,0.0071593403,0.0001674170,0.0749643673,0.0000000000,0.0010825547,0.0141784123,0.9250356327,0.0036390579,0.0086457320,0.0021718966,0.1686647361,0.0081683672,0.0000000000,0.7916517726,0.7830060406,0.0000000000,0.6111298387,0.0440182349,0.0602045203,0.1108493021,0.2437603222,0.1522974593,0.0035134952,0.0006775865,0.0033155358,0.0000667406,0.0000000000,0.1631840909,0.1329573992,0.0280208593,0.0000000000,1.4399045008605353,19.09,2.989444802768308
0.0180215011,0.0301563942,0.9229877030,0.9229877030,0.0055872889,0.0001496595,0.0738943903,0.0000000000,0.0000000000,0.0146292185,0.9261056097,0.0882991195,0.0102267342,0.0172482602,0.0320146666,0.0323264573,0.0000000000,0.8451896934,0.8349629593,0.0000000000,0.6898181637,0.0836596742,0.0162380584,0.0000000000,0.0333491307,0.5565713003,0.0022573645,0.0007607692,0.0067845651,0.0001746028,0.0000000000,0.0968546557,0.0507345788,0.0461200768,0.0000000000,0.892328929205285,12.29,3.794172674106734
0.0057148419,0.0770182708,0.8623432242,0.8623432242,0.0045329403,0.0000695236,0.0805778804,0.0000000000,0.0000000000,0.0123473956,0.9194221196,0.1039934370,0.0088851192,0.0246669818,0.0417141745,0.0492505353,0.0000000000,0.6114324648,0.6025473456,0.0000000000,0.4163769849,0.1340832615,0.0394894185,0.0000000000,0.0578575600,0.1849467449,0.0026697072,0.0010428544,0.0054645569,0.0001807614,0.0000000000,0.2969771128,0.1595567174,0.1374203955,0.0000000000,1.0790078185918106,13.3,3.296139352795414
0.0116452599,0.0521077186,0.9044342247,0.9044342247,0.0043666375,0.0005722491,0.0612685277,0.0000000000,0.0033754299,0.0113849518,0.9387314723,0.0000577073,0.0062120202,0.0143878748,0.0768684343,0.0391864666,0.0000000000,0.6030733510,0.5968613308,0.0255827320,0.4531817889,0.0002637027,0.0964004765,0.0210317170,0.1866930917,0.1487928010,0.0023786838,0.0020201125,0.0060874939,0.0001170225,0.0002013502,0.2963408754,0.0670321104,0.1770325696,0.0000000000,0.9696706622914714,15.41,3.066787907957328
0.0162316814,0.0358683635,0.8590950239,0.8590950239,0.0041610129,0.0001472751,0.0638525992,0.0310593401,0.0008051040,0.0113951666,0.9361474008,0.0179440001,0.0079548199,0.0105547166,0.0443239189,0.0155070879,0.0000000000,0.6799024450,0.6719476250,0.0197682479,0.5744691714,0.1015864475,0.0381501460,0.0456356492,0.2049892882,0.1841076404,0.0010505625,0.0014158048,0.0074246295,0.0001904758,0.0000000000,0.2047163383,0.0308551186,0.1666172477,0.0000000000,0.4290292411495177,6.54,3.1874302425181043
0.0169758594,0.1212668574,0.8188308325,0.8188308325,0.0037718032,0.0000000000,0.1103211248,0.0000000000,0.0001738580,0.0134254964,0.8896788752,0.0032374186,0.0132388278,0.0244169810,0.0533798907,0.0608191822,0.0000000000,0.5423362487,0.5290974209,0.0054975724,0.4159122145,0.0145985802,0.0924155828,0.0077778571,0.1255876857,0.1755325087,0.0038944188,0.0025401566,0.0072727539,0.0002251003,0.0000000000,0.2829602707,0.1643452051,0.1186150656,0.0000000000,1.6269859473676163,14.25,4.444720630349859
0.0112972260,0.1251347662,0.8305392962,0.8305392962,0.0026652477,0.0000347037,0.1397589246,0.0000000000,0.0000000000,0.0099137034,0.8602410754,0.0022534299,0.0049672628,0.0008652801,0.0588737478,0.0041413137,0.0000000000,0.6106586771,0.6056914143,0.0000000000,0.5448811975,0.0029590727,0.0727830090,0.0375841566,0.2944797909,0.1370751683,0.0023552275,0.0037480045,0.0084977905,0.0002035953,0.0000000000,0.2499618259,0.1618490156,0.0662054924,0.0000000000,0.934179570327869,6.74,2.955674319218487
0.0136380652,0.0330508456,0.8911908410,0.8911908410,0.0042135135,0.0005988393,0.0985288135,0.0000000000,0.0000000000,0.0147978769,0.9014711865,0.0014378635,0.0069004466,0.0038819069,0.0964845373,0.0123024425,0.0000000000,0.7302918571,0.7233914105,0.0002050227,0.6197002449,0.0861349493,0.2019056831,0.0148925443,0.2065865834,0.1101804849,0.0042135135,0.0012371685,0.0070475869,0.0001649919,0.0001265839,0.1952638139,0.1261890233,0.0659069468,0.0000000000,1.6820505511366366,17.16,4.501046845359331
0.0108832004,0.1192545914,0.8534810561,0.8534810561,0.0061839707,0.0034447951,0.1117132833,0.0034300947,0.0012495345,0.0151806190,0.8882867167,0.0186891158,0.0123238401,0.0003087085,0.0666957408,0.0022442619,0.0000000000,0.8475518924,0.8352280523,0.0000000000,0.7526656736,0.1093808189,0.1530165233,0.0625159254,0.3035241773,0.1242282287,-0.0024794684,0.0006860189,0.0081293244,0.0001421039,0.0001960054,0.0007154197,0.0000000000,0.0007154197,0.0000000000,-0.9518323006924768,-8.8,3.6557683883557006
0.0261730287,0.0222335962,0.7908353304,0.7908353304,0.0031272910,0.0003376739,0.1149413065,0.0000000000,0.0041592798,0.0121206234,0.8850586935,0.0004796406,0.0087976253,0.0203762463,0.1003882818,0.0265733518,0.0000000000,0.7910773060,0.7822796807,0.0231147094,0.6326605625,0.0093117517,0.1047237267,0.0413427752,0.2614811266,0.2158011822,0.0023007803,0.0033270215,0.0092059951,0.0001442658,0.0000000000,0.1474407627,0.0024401606,0.1199940569,0.0000000000,0.9253636590469511,8.08,3.8622462620126314
0.0218399076,0.1377001992,0.7627566817,0.7627566817,0.0033136412,0.0006694225,0.2179639516,0.0920455877,0.0000000000,0.0172710994,0.7820360484,0.0009371914,0.0107609660,0.0118153063,0.0136562181,0.5800043512,0.0000000000,0.6193161850,0.6085552190,0.0000000000,0.0244841263,0.0086188141,0.0000000000,0.0000000000,0.0158485766,0.0000167356,0.0018409118,0.0013723160,0.0128529112,0.0002510334,0.0000000000,0.1298344853,0.0033303767,0.0471775476,0.0000000000,0.7917300200631585,3.39,6.470759383183008
0.0069177493,0.0236383755,0.8684480144,0.8684480144,0.0036637843,0.0002458916,0.1265849760,0.0118273841,0.0025408795,0.0136715708,0.8734150240,0.1630916766,0.0113519938,0.0044178517,0.3407729191,0.0872177370,0.0000000000,0.9215360026,0.9101840089,0.0000000000,0.3304536699,0.1527724274,0.0189008647,0.0865702225,0.0061390927,0.0660710627,0.0045981722,0.0001885169,0.0051719192,0.0001639277,0.0000000000,0.0339904102,0.0052129011,0.0287775091,0.0000000000,1.8260455616270033,14.78,4.142511206578484
0.0165138371,0.0471621996,0.9076603238,0.9076603238,0.0037574280,0.0002650224,0.0840003062,0.0829402168,0.0000000000,0.0132864538,0.9159996938,0.0002002391,0.0113193990,0.0017609263,0.0467204957,0.0154949734,0.0000000000,0.6117893720,0.6004699730,0.0000000000,0.5466645465,0.0436639045,0.1046838283,0.0524803147,0.2326189509,0.1132175480,0.0008892972,0.0013427799,0.0095938091,0.0002002391,0.0000000000,0.2173948892,0.0911559097,0.1091185357,0.0000000000,0.36230036739896526,4.24,4.215682442907206
0.0422278242,0.4346871704,0.8631596952,0.8631596952,0.0048707183,0.0000000000,0.0962211208,0.0000000000,0.0000000000,0.0137895084,0.9037788792,0.0000000000,0.0066952014,0.0000447976,0.0442722227,0.0046222953,0.0000000000,0.4642128455,0.4575176441,0.0000000000,0.4152490949,0.0000000000,0.0516068076,0.0637958208,0.2638495779,0.0359968886,0.0072857149,0.0126614240,0.0139116836,0.0003909607,0.0000000000,0.0317329739,0.0154429462,0.0162900277,0.0000000000,2.9013300465648064,31.35,3.9021782707470267
0.0049933667,0.0635410525,0.7738152270,0.7738152270,0.0022663620,0.0000000000,0.2233564269,0.0000000000,0.0000000000,0.0135336822,0.7766435731,0.1680424528,0.0170990566,0.0034732459,0.1114478921,0.0096366450,0.0000000000,0.6699218750,0.6528228184,0.0019899764,0.3401293485,0.0519697081,0.0000000000,0.0104658019,0.2493274617,0.0283663768,0.0050117925,0.0003869399,0.0050947081,0.0001289800,0.0000000000,0.2475217423,0.0064121462,0.2411095961,0.0000000000,1.9997886252831731,9.07,4.68035437515547
0.0073298599,0.2661564351,0.9076728908,0.9076728908,0.0039157309,-0.0012135530,0.0826510469,0.0000000000,0.0000000000,0.0083654251,0.9173489531,0.0986052231,0.0110837837,0.0145302741,0.0333807967,0.0248859260,0.0000000000,0.2911070839,0.2800233002,0.0160188991,0.1181838775,0.0704022524,0.0010032038,0.0000000000,0.0178311382,0.0289472833,0.0001132649,0.0003559755,0.0059059577,0.0001294456,0.0000000000,0.4054723148,0.0456295913,0.3598427235,0.0000000000,0.04678206242063757,0.54,2.016480142253508
0.0042850965,0.2443291269,0.8831623226,0.8831623226,0.0041278453,0.0000000000,0.0915202264,0.0000000000,0.0000000000,0.0101033927,0.9084797736,0.1454180918,0.0077053112,0.0296025475,0.0218972363,0.0382120533,0.0000000000,0.4835869010,0.4758815898,0.0000000000,0.2778236427,0.2050556276,0.0000000000,0.0000000000,0.0014152612,0.0713527539,0.0009435075,0.0003931281,0.0054251681,0.0001965641,0.0020835790,0.2516019971,0.0000000000,0.2516019971,0.0000000000,0.3541651294916255,4.15,2.5431349994771515
0.0049185044,0.0410483815,0.9041060286,0.9041060286,0.0040415464,0.0000000000,0.0802773727,0.0223128280,0.0010336994,0.0091247284,0.9197226273,0.0010674285,0.0060256143,0.0162415801,0.0307193238,0.0424491335,0.0140134718,0.4042895549,0.3982639406,0.0000000000,0.3042369771,0.0223465571,0.0107278553,0.0015396367,0.0940408520,0.1755820759,0.0027221412,0.0029641975,0.0048411258,0.0001607095,0.0000000000,0.4878803210,0.3169568366,0.1671061377,0.0000000000,1.0933784657437635,13.63,2.2031365888789756
0.0092228826,0.0876005955,0.7528401777,0.7528401777,0.0067044984,0.0000000000,0.0947024389,0.0000000000,0.0000000000,0.0129668804,0.9052975611,0.1704946107,0.0082211253,0.0033298636,0.1566099191,0.0065086241,0.0000000000,0.6156330099,0.6074118845,0.0017348869,0.2797700995,0.1527819751,0.0010353357,0.0000000000,0.0780643139,0.0478884748,0.0025295770,0.0004700984,0.0039790470,0.0000559641,0.0000000000,0.2492696686,0.2034406725,0.0226934399,0.0000000000,1.0122415158988542,10.52,2.716250166883109
0.0136577585,0.0130851790,0.8191289109,0.8191289109,0.0029488758,0.0000036587,0.0717681730,0.0539523533,0.0000000000,0.0103942384,0.9282318270,0.0730798007,0.0062361771,0.0055666433,0.1169635360,0.0072349899,0.0000000000,0.4587660455,0.4525298683,0.0006585579,0.2603004853,0.0723974616,0.0409586407,0.0025939863,0.0272478318,0.1171025649,0.0019848202,0.0014122408,0.0064977710,0.0002122020,0.0000000000,0.4135761704,0.0670960708,0.3460465491,0.0000000000,0.7937981320137507,11.06,3.238483045208467
0.0079583255,0.1101453599,0.8879156877,0.8879156877,0.0041926254,0.0000136835,0.1082023024,0.0000000000,0.0000000000,0.0113942532,0.8917976976,0.0003270357,0.0034810832,0.0050245824,0.0145113553,0.0277994053,0.0000000000,0.2865681363,0.2830870531,0.1015616982,0.1412780666,0.0121495826,0.0176763496,0.0004843960,0.0476787989,0.0632889395,0.0022673565,0.0013970857,0.0060221098,0.0001765172,0.0000000000,0.5526725934,0.2114593867,0.1943426924,0.0211492227,0.928618413909101,8.39,3.1127346065500205
0.0227058687,0.2203629965,0.7791041570,0.7791041570,0.0044114731,0.0000000000,0.1002577490,0.0413017976,0.0000000000,0.0120902452,0.8997422510,0.0071872315,0.0074887648,0.0013465733,0.0710296742,0.0016398454,0.0000000000,0.4533408235,0.4458520587,0.0000000000,0.3262590047,0.0815668165,0.0026807547,0.0104917058,0.1608246316,0.0706950962,0.0035853546,0.0005163241,0.0044445179,0.0000950036,0.0000000000,0.2516522371,0.1258963386,0.1123521248,0.0000000000,1.4968259271633813,14.43,3.3803457171756204
0.0044468244,0.1242433414,0.8859890110,0.8859890110,0.0049241013,0.0005238406,0.1097271373,0.0000000000,0.0000000000,0.0156570125,0.8902728627,0.0817074874,0.0158316260,0.0108726020,0.1118108586,0.1157920469,0.0000000000,0.7225856770,0.7067540510,0.0000000000,0.4124138573,0.0354232632,0.0550963867,0.0046330788,0.1125093127,0.2047518160,0.0045981561,0.0007682995,0.0063792140,0.0001396908,0.0000000000,0.1517275098,0.0662949339,0.0854325759,0.0000000000,1.8251231669352368,15.97,4.371921547242951
0.0081681579,0.0862879404,0.9126846183,0.9126846183,0.0042467571,0.0000000000,0.0836337172,0.0000000000,0.0014726658,0.0118926324,0.9163662828,0.1823793827,0.0163106297,0.0101631063,0.0617149707,0.0136992166,0.0000000000,0.5480285971,0.5317179674,0.0066013100,0.2835909071,0.2136992166,0.0054796866,0.0020634445,0.0050515861,0.0572969733,0.0003681664,0.0009931932,0.0082709020,0.0002140503,0.0069523524,0.3282674772,0.0832227407,0.2209854874,0.0000000000,0.14619199598821964,1.74,3.361597605849857
0.0039303082,0.0140932632,0.8078416497,0.8078416497,0.0041831966,0.0000000000,0.0775840722,0.0245459862,0.0041463170,0.0105264822,0.9224159278,0.0637858456,0.0071862471,0.0140879946,0.0405675239,0.0231287571,0.0000000000,0.5853788322,0.5781925851,0.0244300790,0.4331030995,0.1610846808,0.0116223322,0.0088089480,0.0971881964,0.1543989421,0.0011854147,0.0004688974,0.0053791483,0.0001264442,0.0000000000,0.3469313566,0.0806714189,0.2662599377,0.0000000000,0.46725939386073073,6.02,2.6234937790076915
0.0129516845,0.0381818020,0.7236540363,0.7236540363,0.0052971762,0.0000133254,0.1231003329,0.0006897497,0.0011351998,0.0119782935,0.8768996671,0.0000000000,0.0124929090,0.0000184018,0.0510059431,0.0004111847,0.0000000000,0.8416113873,0.8291184783,0.0000000000,0.7846439001,0.0000000000,0.0547776747,0.0525935731,0.1833179562,0.4939546961,0.0021625271,0.0010552472,0.0051943800,0.0001237361,0.0000000000,0.0721102533,0.0005342863,0.0697300775,0.0000000000,0.8686177431995871,7.07,2.8752008803920255
0.0090903899,0.0490860290,0.8605344173,0.8605344173,0.0019001043,0.0003893656,0.1134403829,0.0000000000,0.0000000000,0.0119613126,0.8865596171,0.0157355636,0.0082026363,0.0000986393,0.1422586322,0.0238862845,0.0000000000,0.5306898002,0.5224871639,0.0043868529,0.3252241448,0.0037223356,0.0128542578,0.0060637210,0.2683559944,0.0342278360,0.0032966291,0.0015782287,0.0069670493,0.0001349801,0.0000000000,0.3669900997,0.0685127790,0.2984773207,0.0000000000,1.3046951045682307,11.73,4.287895214284134
0.0082639297,0.0470463439,0.8704433709,0.8704433709,0.0056263528,0.0005375496,0.0972391451,0.0422872379,0.0000000000,0.0153954215,0.9027608549,0.0813420106,0.0105718095,0.0474333797,0.0215736586,0.0657244019,0.0000000000,0.8193403191,0.8087685096,0.0013832944,0.6493169536,0.4186794914,0.0173521022,0.0000000000,0.0867461762,0.1265391838,0.0029887760,0.0009102507,0.0071099898,0.0001791832,0.0000716733,0.0689281977,0.0183913648,0.0505368329,0.0000000000,1.1942093732548649,12.29,4.057815686449635
0.0133032519,0.0610315855,0.8554146569,0.8554146569,0.0035008558,0.0000000000,0.1377781235,0.0000000000,0.0761241637,0.0090244282,0.8622218765,0.0453555314,0.0032285670,0.0189824179,0.0499066438,0.0259063327,0.0000000000,0.3076085265,0.3043799595,0.0000000000,0.1862844251,0.0754628909,0.0000000000,0.0155593590,0.0216664073,0.0735957679,-0.0031896686,0.0001166952,0.0085576474,0.0001555936,0.0000000000,0.5355531352,0.1334215030,0.0815699393,0.0000000000,-1.2730448282553852,-9.24,2.4893174098827653
0.0286073282,0.1682626189,0.8934956627,0.8934956627,0.0030014347,0.0000399372,0.0979628953,0.0000000000,0.0194678521,0.0118234612,0.9020371047,0.0027597634,0.0063612802,0.0300972932,0.0468995927,0.0412633265,0.0000000000,0.5616727750,0.5553114948,0.0000000000,0.4691003786,0.0176727259,0.0575259617,0.0057560779,0.1465367786,0.2416088345,0.0026809130,0.0018657844,0.0071047266,0.0001935418,0.0008192247,0.2073918649,0.0370023338,0.1703895311,0.0000000000,1.0826603752712596,11.02,3.8812643956501907
0.0134042914,0.1362646609,0.9384406439,0.9384406439,0.0029377247,0.0000885746,0.0592490349,0.0000000000,0.0000000000,0.0091084227,0.9407509651,0.0052701895,0.0012548070,0.0000000000,0.0157958060,0.0160762923,0.0000000000,0.3788779073,0.3776231003,0.0021922217,0.3395138730,0.1922807225,0.0008857461,0.0000000000,0.0481550646,0.0981923398,0.0027679567,0.0001992929,0.0035134597,0.0000811934,0.0000000000,0.4684711284,0.2369592335,0.1845821124,0.0000000000,1.1738834412001784,18.82,2.7009345039536705
0.0110830915,0.0645160267,0.9036525987,0.9036525987,0.0032830566,-0.0002537628,0.0670155906,0.0000000000,0.0000000000,0.0125802921,0.9329844094,0.0000000000,0.0090815372,0.0005677943,0.0382991547,0.0010911802,0.0000000000,0.7266593710,0.7175778338,0.0011324166,0.6803825475,0.0000000000,0.0452363959,0.1608443958,0.3003092734,0.1739924823,0.0020554789,0.0005487621,0.0080062172,0.0001554297,0.0000000000,0.1838828885,0.0754627207,0.0816069531,0.0000000000,0.8275333631313454,12.24,3.9512530500545977
0.0028352790,0.0608514821,0.8492704375,0.8492704375,0.0072956247,0.0005364041,0.0979452815,0.0000000000,0.0000000000,0.0131141563,0.9020547185,0.2308149644,0.0190410257,0.0069732538,0.1023025742,0.0136426333,0.0000000000,0.6855007055,0.6664596798,0.0013898945,0.3373479968,0.2508389572,0.0071714326,0.0057392600,0.0302711615,0.0433271854,0.0021429742,0.0005707551,0.0035936435,0.0000766292,0.0000000000,0.2516475270,0.1193406721,0.1309935896,0.0000000000,0.8514770922739741,8.6,2.3794344250780717
0.0196010661,0.0256511627,0.8339312805,0.8339312805,0.0057214328,0.0001917534,0.1020033498,0.0022106881,0.0155482037,0.0139478912,0.8979966502,0.0281175220,0.0083854638,0.0059084516,0.0906247966,0.0168423420,0.0000000000,0.6630126987,0.6546272349,0.0052972868,0.5227178483,0.0476953093,0.0967534094,0.0333599658,0.2189520242,0.1259571396,0.0021258589,0.0016385843,0.0069670409,0.0001661074,0.0001278356,0.2555998114,0.0776830190,0.1479318447,0.0000000000,0.8511481930675181,8.42,3.578543670032529
0.0070969742,0.0559314244,0.6279154776,0.6279154776,0.0012248693,0.0000106882,0.2502068169,0.0011928047,0.0000000000,0.0091106337,0.7497931831,0.0000000000,0.0018469234,0.0015220017,0.0027511463,0.0060858691,0.0000000000,0.5043639978,0.5025170744,0.0000000000,0.4952854288,0.0000000000,0.0050982781,0.0044954629,0.0314062483,0.4542854394,0.0063316980,0.0073342525,0.0073684548,0.0001539103,0.0000000000,0.2587424247,0.1945319097,0.0502517074,0.0609698485,2.5475378781770313,10.22,3.6562763268744733
0.0190238785,0.0467813814,0.8282721950,0.8282721950,0.0056418855,0.0000233136,0.0701684854,0.0000000000,0.0022757637,0.0105987106,0.9298315146,0.0000000000,0.0083534338,0.0003299768,0.0597885638,0.0016014634,0.0000000000,0.8053226689,0.7969692350,0.0000000000,0.7439326417,0.0001972687,0.0497601392,0.0313477937,0.1240031204,0.5386243196,0.0008321153,0.0007908683,0.0056472656,0.0001165679,0.0000000000,0.1088134286,0.0066694763,0.0960483488,0.0000000000,0.3309519415342012,4.74,2.084576565671421
0.0100736568,0.0267898552,0.8400114726,0.8400114726,0.0041786682,0.0000572107,0.0798279713,0.0000000000,0.0054220470,0.0106060976,0.9201720287,0.0026393195,0.0087623880,0.0110645459,0.0377903251,0.0197796397,0.0000000000,0.7806717907,0.7719094027,0.0000000000,0.7192191276,0.0044303952,0.0541815669,0.0767912283,0.1585292736,0.4252866637,0.0004393780,0.0028597713,0.0087067030,0.0001845998,0.0001136586,0.1317699307,0.0017582750,0.1247658176,0.0000000000,0.17533912977302563,2.19,2.790443905280226
0.0129842003,0.0112538855,0.8768125276,0.8768125276,0.0029089351,0.0003453790,0.0755000872,0.0000000000,0.0008343811,0.0108765903,0.9244999128,0.0000000000,0.0080964599,0.0019685466,0.0801153999,0.0027995080,0.0000000000,0.7085844361,0.7004879761,0.0000000000,0.6256273531,0.0015274189,0.0377534632,0.0376565747,0.2138956363,0.3347942601,0.0015536358,0.0016790209,0.0073897437,0.0001618608,0.0000000000,0.2302424379,0.0560140978,0.1629003633,0.0000000000,0.6219097717515851,8.28,3.40851115964352
0.0205800311,0.0719078609,0.8412352583,0.8412352583,0.0006845884,-0.0001010583,0.1518786518,0.0000000000,0.0136613417,0.0093506081,0.8481213482,0.0000195597,0.0065405358,0.0070773400,0.0562242668,0.0196629000,0.0000000000,0.5725104074,0.5659698716,0.0000000000,0.4961918412,0.0000000000,0.0105730874,0.0266337485,0.2442404926,0.2147445127,0.0036815643,0.0012833316,0.0057135965,0.0001303978,0.0001869035,0.2784307930,0.0024145324,0.2608075318,0.0000000000,1.4926597860249287,9.84,3.8834124117025843
0.0122614914,0.0212728529,0.8381742263,0.8381742263,0.0056132266,-0.0000413617,0.1397361524,0.0575470339,0.0507657141,0.0124443798,0.8602638476,0.0000000000,0.0073065632,0.0000089700,0.0371836393,0.0000328900,0.0000000000,0.6711991744,0.6638926112,0.0054527632,0.6284132718,0.0000000000,0.0319421694,0.1028744364,0.3672322916,0.1263643743,0.0012672616,0.0003463417,0.0055314999,0.0000782383,0.0000000000,0.1449178223,0.0094882665,0.1297879243,0.0070813165,0.5071098576831979,3.63,3.0833327007192963
0.0202681729,0.0479406197,0.7941715308,0.7941715308,0.0034358509,0.0000091298,0.1207477921,0.0003043269,0.0000000000,0.0132869133,0.8792522079,0.0000000000,0.0033871586,0.0074833990,0.0011320961,0.0184117787,0.0000000000,0.8325562853,0.8291691266,0.0000000000,0.8129241556,0.0000000000,0.0270546632,0.0000000000,0.0055965721,0.7802729204,0.0020268173,0.0020785529,0.0093428364,0.0002343317,0.0000000000,0.0101127836,0.0000000000,0.0101127836,0.0000000000,0.8152323595835705,6.77,4.503683503885244
0.0159129378,0.0236199007,0.8112594970,0.8112594970,0.0051718588,0.0000639167,0.0848089354,0.0000000000,0.0033413781,0.0120386642,0.9151910646,0.0005005521,0.0061398496,0.2636654587,0.0953936881,0.2644932949,0.0000000000,0.7710951927,0.7649553430,0.0000000000,0.4106845551,0.0012044055,0.0177526595,0.0681482497,0.2445890313,0.0789902092,0.0010673312,0.0011273975,0.0066149891,0.0001270632,0.0000000000,0.1406513031,0.0022186011,0.1281205576,0.0000000000,0.42456764019577287,5.05,2.970323414489529
0.0111336102,0.0191540798,0.8355579891,0.8355579891,0.0048522291,0.0001136434,0.0916826801,0.0000000000,0.0006784167,0.0114814279,0.9083173199,0.0125937558,0.0072972843,0.0001205309,0.0281801214,0.0008299412,0.0000000000,0.8066960073,0.7993987231,0.0003305990,0.7659875612,0.0135442279,0.0229353059,0.1713708150,0.1225558058,0.4355814066,0.0003099366,0.0005096735,0.0066050926,0.0001446371,0.0000000000,0.1449814382,0.0442933791,0.0588879476,0.0056580642,0.12397654776971356,1.35,2.766544926713506
0.0341589429,0.0290924806,0.8484114504,0.8484114504,0.0063092715,0.0005493754,0.0850091318,0.0000000000,0.0015699929,0.0109704167,0.9149908682,0.0003540419,0.0074470890,0.0542392249,0.0376114622,0.2776470129,0.0000000000,0.8114592388,0.8040121497,0.0000000000,0.4958467218,0.0035990194,0.0000000000,0.0019093848,0.0345105431,0.4558277745,-0.0013893094,0.0008350506,0.0067683052,0.0001904501,0.0000000000,0.0716434383,0.0388713631,0.0019606598,0.0000000000,-0.5467440980584098,-6.45,2.044734594199445
0.0118181759,0.0590419952,0.8733704360,0.8733704360,0.0066692730,0.0025163385,0.0859264776,0.0000000000,0.0161614589,0.0123102043,0.9140735224,0.0000000000,0.0049961759,0.0000000000,0.1988181647,0.0056324989,0.0012221104,0.6829122139,0.6779160379,0.0000000000,0.3942058111,0.0000000000,0.0000883340,0.2502964023,0.1412494833,0.0025715915,-0.0007233596,0.0006824359,0.0049049525,0.0000785453,0.0000106142,0.1931366635,0.0000000000,0.1278039694,0.0091409139,-0.28915213655278593,-3.36,2.4109924834642165
0.0061478345,0.0548808633,0.8850633486,0.8850633486,0.0033564391,0.0000000000,0.1031085361,0.0061279386,0.0000000000,0.0131889952,0.8968914639,0.0093868878,0.0116530313,0.0004655642,0.1426934280,0.0067626180,0.0000000000,0.6795008515,0.6678478202,0.0000000000,0.5203734063,0.0106025276,0.1023803460,0.0115177392,0.2267755105,0.1690972830,0.0044188804,0.0008853678,0.0062990434,0.0001412609,0.0000000000,0.2327383131,0.0921757365,0.1210387254,0.0000000000,1.7770150188172766,17.29,4.177731095544888
0.0107632094,0.0642317111,0.8605167196,0.8605167196,0.0028017495,0.0001336713,0.1344358538,0.0000000000,0.0272582422,0.0113727503,0.8655641462,0.4262081208,0.0082555367,0.0087100189,0.0868595810,0.0142119278,0.0000000000,0.7141787773,0.7059232406,0.0009570862,0.1859420615,0.0832451103,0.0107418220,0.0029781955,0.0461540107,0.0428229230,0.0039352817,0.0010693700,0.0045715569,0.0001122839,0.0000000000,0.1575770214,0.0161314470,0.1268272860,0.0000000000,1.556469605489939,11.87,3.725372856835757
0.0122598222,0.0325673932,0.7964403499,0.7964403499,0.0045705477,0.0000000000,0.0628943218,0.0021687697,0.0000000000,0.0117400344,0.9371056782,0.0566389447,0.0060940637,0.0126899914,0.0414396329,0.0197340120,0.0000000000,0.5699024950,0.5638084313,0.0126720677,0.4394178377,0.1620303986,0.0083882994,0.0089439346,0.0709599943,0.1890952108,0.0008244910,0.0004301692,0.0065959277,0.0001613134,0.0000000000,0.3656079725,0.0388765414,0.0934721824,0.0000000000,0.3307746238337498,5.18,3.0137502354492374
0.0109601690,0.0401822680,0.8482337768,0.8482337768,0.0028571381,0.0000501839,0.0756991039,0.0000000000,0.0000267648,0.0098695051,0.9243008961,0.0000000000,0.0069839294,0.0239477686,0.0899078456,0.0248661344,0.0000000000,0.7527320965,0.7457481670,0.0000000000,0.6368841805,0.0000000000,0.0532970002,0.0315472875,0.1847755357,0.3672643572,0.0005252584,0.0012529253,0.0075727541,0.0001288054,0.0000000000,0.1649093929,0.0006272991,0.1642820939,0.0000000000,0.21212919613843798,2.77,3.006701781911913
0.0318139631,0.0693900175,0.9207486852,0.9207486852,0.0061874807,0.0002062494,0.0553779519,0.0042281118,0.0000000000,0.0123878519,0.9446220481,0.0470893060,0.0078245849,0.0191554089,0.0462643085,0.0350108281,0.0000000000,0.6329406002,0.6251160153,0.0000000000,0.5030937403,0.1498014850,0.0209085284,0.0048597504,0.1525213984,0.1750025781,-0.0008378880,0.0006316387,0.0078632567,0.0002449211,0.0000000000,0.2332035681,0.1133984738,0.1050711560,0.0000000000,-0.3347237241876513,-5.91,2.7439067870334717
0.0147353966,0.0258617654,0.8698637372,0.8698637372,0.0044716735,0.0000000000,0.0808070138,0.0228865181,0.0000000000,0.0116193092,0.9191929862,0.1785324460,0.0068483504,0.0059328897,0.0558607091,0.0118833844,0.0000000000,0.6058061336,0.5989577832,0.0057216295,0.3537023344,0.2661878103,0.0000000000,0.0000000000,0.0479208479,0.0395936763,0.0017781064,0.0010210908,0.0063730150,0.0001408401,0.0000000000,0.2944086476,0.0991514383,0.1952572093,0.0000000000,0.7145067869301852,8.81,3.1346812720166
0.0122066632,0.0292222843,0.8474873356,0.8474873356,0.0055023724,0.0000000000,0.0696008372,0.0000000000,0.0034131402,0.0139941317,0.9303991628,0.0000000000,0.0116416588,0.0004597081,0.1650544780,0.0009746326,0.0000000000,0.7041791064,0.6925374476,0.0000000000,0.5380793703,0.0009720644,0.0219311594,0.0143999075,0.3636008758,0.1371753632,0.0012635553,0.0005560157,0.0077842197,0.0001476716,0.0000000000,0.2474834833,0.1082522745,0.0790826383,0.0000000000,0.5037793047308026,7.33,3.5274201173095223
0.0095803945,0.0299987242,0.9211151409,0.9211151409,0.0029889373,0.0000000000,0.0711634378,0.1740509213,0.0000000000,0.0129581367,0.9288365622,0.0076971210,0.0096472203,0.0082742532,0.0873717400,0.0183163535,0.0000000000,0.5007198965,0.4910726761,0.0000000000,0.3873346820,0.0484487294,0.0666010558,0.0098355477,0.1556495167,0.1067998323,0.0050544631,0.0013729671,0.0062877034,0.0002612283,0.0015369942,0.2715923381,0.0871894877,0.1844028504,0.0000000000,2.023943100926526,27.17,4.235057293279653
0.0200569617,0.0810704617,0.8650748587,0.8650748587,0.0060050511,0.0004542399,0.0889242691,0.0000000000,0.0043675164,0.0145606592,0.9110757309,0.1674282755,0.0097956829,0.0068340389,0.0897328161,0.0101545324,0.0000000000,0.7729890801,0.7631933972,0.0068181405,0.4926435852,0.1309777968,0.0958991224,0.0115104384,0.1977374312,0.0565187964,0.0024097425,0.0006313934,0.0062503407,0.0001294584,0.0124052910,0.0871050384,0.0279153115,0.0590239294,0.0000000000,0.9723641462486998,10.93,3.7802213240809737
0.0105752998,0.0744994446,0.8704110284,0.8704110284,0.0044260560,0.0000000000,0.0900868592,0.0000000000,0.0000000000,0.0122372576,0.9099131408,0.2330502174,0.0101554368,0.0162696920,0.1180952214,0.0346037105,0.0000000000,0.6210648776,0.6109094408,0.0000000000,0.2340561392,0.1372602189,0.0025629138,0.0010671518,0.0153250002,0.0778408544,0.0026591325,0.0007260131,0.0058255994,0.0001749429,0.0000000000,0.2884808831,0.1195122591,0.1689686240,0.0000000000,1.0725373976855772,11.46,3.32642655926245
0.0293101359,0.0355690792,0.8629320565,0.8629320565,0.0049185080,0.0000000000,0.1023607918,0.0233241875,0.0094275237,0.0125669643,0.8976392082,0.1185487718,0.0093109641,0.0010352332,0.0289619908,0.0014155856,0.0000000000,0.6890558213,0.6797448572,0.0000000000,0.5317433174,0.1040892478,0.0376656181,0.0370736181,0.2682066847,0.0847081486,0.0032606012,0.0010459690,0.0055396479,0.0001180933,0.0000000000,0.1692061832,0.0718988631,0.0459367480,0.0000000000,1.3132921410955118,12.86,3.447790125195848
0.0151862369,0.0122000198,0.8086931048,0.8086931048,0.0073993924,0.0000000000,0.0488378796,0.0000000000,0.0000000000,0.0144018825,0.9511621204,0.0000850505,0.0097524558,0.0216264488,0.0448405067,0.0216264488,0.0000094501,0.7111590964,0.7014066406,0.0000000000,0.6433738583,0.0622238812,0.0635752390,0.0052778552,0.1822584684,0.3300384145,0.0020695618,0.0003449270,0.0048998531,0.0001653759,0.0143829823,0.2029540869,0.0027783159,0.1615581249,0.0000000000,0.8288959172618049,16.6,3.0904778041341916
0.0066716762,0.0729962156,0.8358507455,0.8358507455,0.0026950776,0.0004951331,0.0682215789,0.0335719681,0.0003359139,0.0101939174,0.9317784211,0.0001048517,0.0121608581,0.0250110191,0.0721787605,0.0384126226,0.0000000000,0.5264643805,0.5143035224,0.0066153670,0.4044130925,0.0000000000,0.0573480669,0.0016446187,0.2486713928,0.0967490141,0.0002524208,0.0011145350,0.0077687359,0.0002077617,0.0019416986,0.3475446251,0.1090244324,0.2385201927,0.0000000000,0.10167320862071492,1.48,3.2038392978431944
0.0100992216,0.0368735632,0.7030659646,0.7030659646,0.0040606364,0.0001828130,0.0902942964,0.0000000000,0.0003685035,0.0114124830,0.9097057036,0.0169212365,0.0036063853,0.0004841764,0.0834408215,0.0035411634,0.0000000000,0.4561636194,0.4525572341,0.0019136862,0.3498830610,0.0000805682,0.0781566997,0.0263104990,0.2163717999,0.0289634942,0.0025850877,0.0012184978,0.0048141407,0.0001173994,0.0000000000,0.4803465429,0.0265807861,0.4309031923,0.0000000000,0.9851047317977257,11.52,2.8987927086192378
0.0076034063,0.1179080956,0.9151874585,0.9151874585,0.0036358107,0.0000000000,0.0767252820,0.0000000000,0.0000000000,0.0115018801,0.9232747180,0.1053693873,0.0087093563,0.0085987613,0.0699236894,0.0215245521,0.0000000000,0.6563398584,0.6476305021,0.0042855563,0.4552366733,0.1522754921,0.0276211015,0.0000000000,0.0682924132,0.2070476664,0.0016174519,0.0016865738,0.0078522451,0.0001797169,0.0000000000,0.1878179606,0.0913652953,0.0855590577,0.0000000000,0.6381934216985763,8.41,3.3167205852350556
0.0208018738,0.1481055666,0.8845322260,0.8845322260,0.0022865330,0.0000986684,0.1021518292,0.0000000000,0.0000000000,0.0136720091,0.8978481708,0.0000000000,0.0112610680,0.0139894639,0.0233029034,0.0187898964,0.0000000000,0.7161824765,0.7049214085,0.0000000000,0.6739609788,0.0138907955,0.1495984625,0.0181807262,0.3338767246,0.1584142700,0.0024323907,0.0010295834,0.0089745350,0.0001887569,0.0000000000,0.0956354245,0.0041826824,0.0914527421,0.0000000000,1.0030782294873155,9.64,4.987725665691768
0.0010599536,0.1539980126,0.8664988407,0.8664988407,0.0028088771,0.0000000000,0.1314077509,0.0000000000,0.0077244121,0.0124279563,0.8685922491,0.2521894667,0.0087446174,0.0052600199,0.0305134150,0.0096588274,0.0000000000,0.6020669096,0.5933222921,0.0088373634,0.2949320967,0.2494203379,0.0383968201,0.0000000000,0.0055117589,0.0016031799,0.0052202716,0.0009009606,0.0052997681,0.0001059954,0.0000000000,0.2184696920,0.0386618085,0.1798078834,0.0000000000,1.948397146636666,15.62,3.762315949032538
0.0184761665,0.0454911245,0.8164481198,0.8164481198,0.0035818202,0.0002457062,0.1016386660,0.0000000000,0.0000000000,0.0120114832,0.8983613340,0.0022361270,0.0062765540,0.0005925067,0.0590598626,0.0050259297,0.0000000000,0.6981335704,0.6918570164,0.0001245268,0.6306996132,0.0001841123,0.0526641377,0.1060513345,0.1782226674,0.2935773613,0.0029009396,0.0031145098,0.0078726398,0.0002015192,0.0000000000,0.2008852117,0.0857099435,0.0701246741,0.0000000000,1.1636170282045541,11.5,3.669148633521888
0.0061632715,0.0193515166,0.7113298060,0.7113298060,0.0051071611,0.0005254281,0.1306844752,0.0002574598,0.0077027758,0.0157050457,0.8693155248,0.5337561278,0.0116487408,0.0045186816,0.0562733487,0.0075188760,0.0000000000,0.7883050215,0.7766562807,0.0004781396,0.1900893753,0.1471356288,0.0000000000,0.0000000000,0.0410254255,0.0019283211,0.0058217433,0.0013713673,0.0052805523,0.0000998313,0.0000000000,0.1355551936,0.0538301081,0.0817250855,0.0000000000,2.344409150178132,17.5,4.728816887292037
0.0125889537,0.1350443047,0.8948028098,0.8948028098,0.0041641798,0.0000000000,0.0697488637,0.0000000000,0.0000000000,0.0134199532,0.9302511363,0.0618796199,0.0077223268,0.0022588495,0.1182360773,0.0083513154,0.0000000000,0.6828658005,0.6751434737,0.0007208117,0.4858225059,0.1195124191,0.0331894771,0.0555392314,0.1212937882,0.1562875901,0.0045865663,0.0021532528,0.0068224599,0.0002066021,0.0000000000,0.1505073229,0.0374592535,0.0943941968,0.0000000000,1.8718468795525554,26.88,4.033391520074426
0.0138360288,0.0392837100,0.8992908525,0.8992908525,0.0026121116,0.0000000000,0.0717718484,0.0231620836,0.0000000000,0.0119687771,0.9282281516,0.0469771950,0.0083465129,0.0105198714,0.0555073721,0.0142747819,0.0000000000,0.6963726340,0.6880261211,0.0000000000,0.5796132850,0.0835773685,0.0042344778,0.0391204530,0.1042395796,0.3484414061,0.0012142238,0.0010407632,0.0089587266,0.0002244783,0.0000000000,0.1995612469,0.0481608081,0.1514004388,0.0000000000,0.4783895558313777,6.81,4.06246538930114
0.0124558361,0.0347946636,0.8533500515,0.8533500515,0.0053664400,0.0000827814,0.0795550998,0.0509557936,0.0077549583,0.0122074920,0.9204449002,0.0129999857,0.0064735028,0.0033333297,0.0637273027,0.0117825477,0.0000000000,0.5890931688,0.5826196660,0.0032660008,0.4973173319,0.0668409858,0.1016864220,0.0287107851,0.1533574466,0.1467216924,0.0025253835,0.0015938172,0.0051346522,0.0001644590,0.0005827808,0.2617094242,0.0559546844,0.2057547398,0.0000000000,0.9881229820109145,12.68,2.8861836414668876
0.0167264038,0.1485415392,0.8795057843,0.8795057843,0.0031398432,0.0000801352,0.1186948160,0.0072850191,0.0000000000,0.0123626774,0.8813051840,0.0069936183,0.0072923041,0.0066220823,0.0574132354,0.0613981409,0.0000000000,0.6743815019,0.6670891978,0.0000000000,0.5480738410,0.0197642568,0.0804338957,0.0000000000,0.1357927558,0.3120829327,0.0035623743,0.0007285019,0.0063088265,0.0001748405,0.0000000000,0.1178861789,0.0149051491,0.1029810298,0.0000000000,1.4277372262773722,12.02,3.92339159538862
0.0112490542,0.1724108646,0.9031824709,0.9031824709,0.0029184231,0.0000000000,0.0952965519,0.0148855021,0.0000000000,0.0099056531,0.9047034481,0.0417921280,0.0077052547,0.0161748583,0.0529176511,0.0230617192,0.0000000000,0.4467889625,0.4390837078,0.0011581044,0.3276586217,0.1590463396,0.0094887355,0.0027485678,0.0504007041,0.1059742746,0.0009033214,0.0005481694,0.0056515495,0.0001621346,0.0000000000,0.3527045598,0.0297478421,0.3229567178,0.0000000000,0.36232024309520583,3.83,2.992440368185895
0.0088335385,0.0530193324,0.8555137209,0.8555137209,0.0031225110,0.0000090508,0.1220132503,0.0000000000,0.0000000000,0.0115940193,0.8779867497,0.0018373036,0.0057924843,0.0281659547,0.0395608573,0.0517160235,0.0000000000,0.3656053146,0.3598128304,0.0004887409,0.2720023894,0.0470186808,0.0203732532,0.0020726233,0.0273604373,0.1751773948,0.0055028600,0.0034030845,0.0060459054,0.0002172182,0.0000000000,0.5697632322,0.0067337629,0.5630294693,0.0000000000,2.189994642077253,18.14,3.4736622364484027
0.0263913095,0.0125154763,0.8196289285,0.8196289285,0.0049790443,0.0002727452,0.0901766314,0.0000654589,0.0034983586,0.0125337663,0.9098233686,0.0323517553,0.0115993732,0.0020330750,0.0327254163,0.0079503629,0.0000000000,0.6582823179,0.6466829447,0.0058051415,0.5792317665,0.0699087731,0.1211752496,0.0272913688,0.2244646693,0.1363917058,0.0035485758,0.0010292121,0.0047685492,0.0001253024,0.0000120329,0.2868344435,0.0207490129,0.2338658764,0.0000000000,1.4082417606905846,15.89,3.2058785333010396
0.0023740563,0.0353259579,0.8908408907,0.8908408907,0.0030981435,0.0000000000,0.1059778738,0.0843264802,0.0000000000,0.0093537819,0.8940221262,0.0837685770,0.0017568017,0.0098998148,0.0121907792,0.0156094203,0.0000000000,0.3877783581,0.3860215564,0.0000000000,0.2761977114,0.1603318931,0.0000000000,0.0000000000,0.0124163145,0.1034495038,0.0027776459,0.0007359575,0.0039765443,0.0001305731,0.0000000000,0.4638906035,0.3550163810,0.1088742225,0.0000000000,1.1241487815716464,10.4,2.6255153258852393
0.0057728304,0.0501954646,0.8631913731,0.8631913731,0.0035862777,0.0003023075,0.0825547881,0.0000000000,0.0000000000,0.0111315410,0.9174452119,0.0642879624,0.0100879591,0.0029029800,0.0579974822,0.0075825341,0.0000000000,0.5466920108,0.5366040517,0.0004845202,0.4163436532,0.1699589193,0.0004141198,0.0101293710,0.1378315029,0.0980097401,0.0035987013,0.0007661217,0.0044145174,0.0001159536,0.0000000000,0.3827212642,0.1888220776,0.1877577896,0.0000000000,1.4694288208425543,17.33,3.2261277392538026
0.0162779022,0.0237986538,0.7909039362,0.7909039362,0.0046661478,0.0001630119,0.1037925449,0.0281880605,0.0283359085,0.0111183862,0.8962074551,0.0639596944,0.0079290936,0.0028047794,0.0957242684,0.0158435649,0.0000000000,0.6628599869,0.6549308932,0.0005161141,0.4712202767,0.0519092701,0.0714371205,0.0143315077,0.1910331542,0.1425092243,0.0018277912,0.0018272496,0.0062978915,0.0001505558,0.0008161426,0.1999094499,0.0702207593,0.1231757967,0.0000000000,0.739640310177752,7.1,2.9375134259514666
0.0121426089,0.0132951537,0.8209939485,0.8209939485,0.0068641582,0.0002555532,0.0527615076,0.0131264886,0.0004638290,0.0118640559,0.9472384924,0.0805171374,0.0059633332,0.0022450346,0.1324442639,0.0070366565,0.0000000000,0.6020794361,0.5961161029,0.0000000000,0.3820801006,0.0681394196,0.0337662404,0.0294767804,0.1565608165,0.0941368436,0.0005852168,0.0011014342,0.0050407863,0.0001022213,0.0000447218,0.3469019289,0.1735333804,0.1566221493,0.0000000000,0.23003862438911687,4.36,2.060440193327528
0.0374638871,0.0192879263,0.8099681999,0.8099681999,0.0035749174,0.0001454908,0.1150624571,0.0000000000,0.0000000000,0.0124186810,0.8849375429,0.0060482614,0.0087502338,0.0207947956,0.0433043044,0.0294826762,0.0000000000,0.7269760772,0.7182258433,0.0043127637,0.6431214017,0.0199842039,0.0381601646,0.0515453204,0.1178267828,0.4156049301,0.0010080436,0.0012054954,0.0088957246,0.0002701972,0.0000000000,0.1742980068,0.1133165672,0.0609814395,0.0000000000,0.40491322542604596,3.49,3.9368530619325734
0.0055825161,0.2681415041,0.8488369758,0.8488369758,0.0028581947,0.0000000000,0.1434519228,0.0984236420,0.0000000000,0.0140566953,0.8565480772,0.0037551458,0.0098530741,0.0040362797,0.0708591318,0.0304762542,0.0000000000,0.5906623381,0.5808092640,0.0000000000,0.4855718063,0.0635965059,0.0905853610,0.0089293484,0.1859433047,0.1365172864,0.0053013822,0.0004618628,0.0063589812,0.0001606479,0.0000000000,0.0417283042,0.0000000000,0.0383814719,0.0000000000,2.2436022280216568,14.65,4.923484402589759
0.0104698969,0.0202843613,0.9069030385,0.9069030385,0.0050391699,0.0006043599,0.0858105942,0.0141868522,0.0037737027,0.0141017311,0.9141894058,0.3201319945,0.0100159176,0.0212405551,0.0728920466,0.0472280310,0.0000000000,0.7774735486,0.7674576310,0.0044206231,0.3312176008,0.1925524701,0.0042078204,0.0000567474,0.0519749517,0.0824256112,0.0035949483,0.0004029066,0.0051526647,0.0001475433,0.0000000000,0.1526817407,0.0903560616,0.0623256791,0.0000000000,1.4230858330232852,16.84,3.8836427085185705
0.0106547854,0.0599835845,0.8970398017,0.8970398017,0.0010042144,0.0002351790,0.0917727324,0.0005526707,0.0009254294,0.0147574834,0.9082272676,0.1943813381,0.0072776147,0.0003739346,0.0856486708,0.0043037760,0.0000000000,0.6326832985,0.6254056838,0.0083488551,0.3399912513,0.1748991082,0.0247220184,0.0079290606,0.1003861639,0.0320549002,0.0043649226,0.0010665368,0.0087980471,0.0001834396,0.0000000000,0.2698796824,0.0044578183,0.2586310700,0.0000000000,1.735441077637846,19.31,5.871644377954476
0.0208031689,0.1822529872,0.8990329445,0.8990329445,0.0021307523,0.0000850034,0.0938579366,0.0000000000,0.0000000000,0.0134503736,0.9061420634,0.0156094603,0.0097527251,0.0039639926,0.0399147699,0.0070099482,0.0000000000,0.6396365254,0.6298838003,0.0181057272,0.5589966197,0.0211290153,0.0659116475,0.0410141474,0.1721120798,0.2588297297,0.0040858308,0.0015753966,0.0076474738,0.0001870075,0.0000000000,0.1314946150,0.0385830498,0.0929115653,0.0000000000,1.6460506057825803,17.7,4.912237558021579
0.0080061677,0.0977938560,0.7983187048,0.7983187048,0.0056191436,0.0001482624,0.1547117780,0.0000000000,0.0000000000,0.0116534219,0.8452882220,0.0813515597,0.0031135097,0.0020904993,0.0027428538,0.0037955165,0.0000000000,0.7186425098,0.7155290001,0.0000000000,0.6307377535,0.0936276835,0.0000000000,0.0000000000,0.0070869411,0.5300231289,-0.0014974499,0.0990985648,0.1064820306,0.0026983750,0.0000000000,0.1330358202,0.1330358202,0.0000000000,0.0000000000,-0.5948261900204656,-3.99,2.648489482503376
0.0222017736,0.0727541471,0.8185987039,0.8185987039,0.0035591971,0.0000949626,0.0796436815,0.0000000000,0.0168843446,0.0092023477,0.9203563185,0.0000000000,0.0068149887,0.0000000000,0.0085376097,0.0001153795,0.0000000000,0.6817291544,0.6749141657,0.0000213666,0.6727680117,0.0000000000,0.0136404233,0.3819921532,0.1345159022,0.1426195329,0.0010160995,0.0020616374,0.0063805350,0.0001500409,0.0000000000,0.1745739623,0.0134015924,0.1494046084,0.0000000000,0.40776215271740607,5.11,2.494865557236934
0.0169912902,0.0132463994,0.8519375307,0.8519375307,0.0060529835,0.0002827518,0.1124305033,0.0000000000,0.0083945875,0.0145554356,0.8875694967,0.3267972282,0.0104754315,0.0073766809,0.1480718944,0.0148675098,0.0000000000,0.8524904676,0.8420150361,0.0281359010,0.3343603159,0.1141594783,0.0141292134,0.0166676964,0.1180918231,0.0713121046,0.0040255482,0.0014608844,0.0055063300,0.0001329981,0.0000000000,0.1006051936,0.0479159620,0.0494606247,0.0000000000,1.6200303861058374,14.29,3.6225987427543287
0.0140068767,0.0948977417,0.8744506966,0.8744506966,0.0050855560,0.0000345564,0.1143069418,0.0023613567,0.0000000000,0.0167425948,0.8856930582,0.0018372507,0.0108680002,0.0109889477,0.0587286686,0.0469161258,0.0000000000,0.8131187762,0.8022507761,0.0024304696,0.7031774646,0.0149514194,0.1382084790,0.0275817980,0.1504356991,0.3720000691,0.0043195549,0.0008466328,0.0065542047,0.0001670228,0.0000000000,0.0745843148,0.0000000000,0.0745843148,0.0000000000,1.7600779127822725,15.39,4.94181344288012
0.0213026076,0.0419017794,0.9240948759,0.9240948759,0.0047059182,0.0000118367,0.0719195513,0.0023588774,0.0004886850,0.0103875154,0.9280804487,0.0167928398,0.0081081127,0.0039399171,0.0360341775,0.0157968694,0.0000000000,0.6550999944,0.6469918817,0.0018769562,0.5774971550,0.0663495569,0.0222715229,0.0328957714,0.3709609509,0.0850193529,0.0011464652,0.0008725310,0.0049274328,0.0001707861,0.0003077532,0.2687598392,0.0449522560,0.2034366899,0.0000000000,0.4714504751010872,6.38,2.4632031537797525
0.0147629270,0.1878507137,0.8575678831,0.8575678831,0.0028245396,0.0000000000,0.1262380899,0.0000000000,0.0381501149,0.0126915979,0.8737619101,0.0132941664,0.0068918766,0.0192445298,0.0674123451,0.0575452868,0.0000000000,0.5186607916,0.5117689150,0.0000000000,0.3804089933,0.1514706436,0.0000000000,0.0000000000,0.0911008172,0.1378375325,-0.0005272474,0.0027868791,0.0131811848,0.0004142658,0.0000000000,0.1808835160,0.1585131624,0.0223703536,0.0000000000,-0.21851526680323868,-1.65,4.814406468210216
0.0018825076,0.0708330843,0.9150182275,0.9150182275,0.0014492321,0.0000000000,0.0835474810,0.1497788801,0.0000000000,0.0110858782,0.9164525190,0.0295225004,0.0055279986,0.0117133807,0.0556086775,0.0405934381,0.0000000000,0.4156756111,0.4101476125,0.0000000000,0.2899509950,0.0000000000,0.0000000000,0.0000000000,0.2120659774,0.0778850176,0.0052291878,0.0001643459,0.0045718042,0.0001195243,0.0000000000,0.3625769438,0.0516643758,0.2582770573,0.0000000000,2.1687773517679405,25.16,4.226217289815308
0.0206996337,0.1015820186,0.9120656618,0.9120656618,0.0058136251,0.0003258758,0.0600306758,0.0020595353,0.0000000000,0.0127960582,0.9399693242,0.0000000000,0.0123659021,0.0010167326,0.0424594502,0.0036107044,0.0000000000,0.7515305302,0.7391646281,0.0000000000,0.7068681593,0.0013339185,0.0687511134,0.0109798435,0.3668449570,0.2589583270,0.0017119344,0.0007169269,0.0056615497,0.0001042803,0.0000000000,0.1208477986,0.0509191871,0.0641062964,0.0000000000,0.7068310557167653,11.36,3.038661627442499
0.0514324046,0.0163544445,0.8891477561,0.8891477561,0.0074867885,0.0000163610,0.0730779928,0.0275682662,0.0000000000,0.0139035683,0.9269220072,0.0000523552,0.0071988351,0.0024639649,0.0585003518,0.0242568021,0.0000000000,0.5980497701,0.5908509350,0.0000000000,0.5152140835,0.0057132573,0.0644361185,0.0093846632,0.2949984457,0.1406815988,0.0002683202,0.0005628180,0.0067701772,0.0001996041,0.0008147772,0.2831105512,0.0178891052,0.1087776705,0.0000000000,0.10931001386370907,1.49,2.8747500994105
0.0110325607,0.0143983823,0.8282540423,0.8282540423,0.0045903520,0.0001964487,0.0803409826,0.0020705696,0.0150990495,0.0112473447,0.9196590174,0.0958316199,0.0081316678,0.0085298039,0.1186786073,0.0168422045,0.0000000000,0.7082435126,0.7001118448,0.0029283957,0.4739770915,0.1200367228,0.0534942991,0.0426843802,0.1217157046,0.1360459847,0.0020954531,0.0016645756,0.0060257374,0.0001440624,0.0000000000,0.2256344639,0.0630037273,0.1496323789,0.0000000000,0.8317251148495421,10.4,2.845823468525811
0.0026111066,0.0436081725,0.8256615252,0.8256615252,0.0048318932,0.0002153490,0.0194352472,0.0000000000,0.0000000000,0.0085870414,0.9805647528,0.0034725026,0.0043608172,0.0348327007,0.0084120703,0.0742281084,0.0000000000,0.4090823441,0.4047215268,0.0008075587,0.3221486446,0.0109693397,0.0096637864,0.0020188969,0.0402702630,0.2592263587,-0.0009421519,0.0005922097,0.0050741608,0.0001345931,0.0000000000,0.5334598509,0.2109343455,0.3225255054,0.0000000000,-0.3767162452153673,-17.55,1.5478394740674475
0.0026334270,0.0285914928,0.8545595907,0.8545595907,0.0047903291,0.0000000000,0.1169492376,0.1254012841,0.0000000000,0.0126655297,0.8830507624,0.0127156902,0.0097060594,0.0023324639,0.5832162921,0.0073485152,0.0000000000,0.6851675361,0.6754614767,0.0000000000,0.0818870385,0.0352879213,0.0031350321,0.0000000000,0.0231741573,0.0202899278,0.0014546549,0.0009530498,0.0069472311,0.0001504815,0.0000000000,0.1533908507,0.0000000000,0.1533908507,0.0000000000,0.6038050126226479,4.97,3.4237426741174866
0.0203815435,0.2314730101,0.9224508131,0.9224508131,0.0018257049,0.0000927277,0.0669143526,0.0000000000,0.0044509285,0.0113766557,0.9330856474,0.0515401037,0.0043499584,0.0058253588,0.0242843484,0.0108965324,0.0000000000,0.3784319544,0.3740819960,0.0013970970,0.2902067209,0.0307938313,0.0101567716,0.0311647421,0.0896738458,0.1284175301,0.0048609909,0.0020132209,0.0066104531,0.0001936978,0.0001236369,0.3632328577,0.0302106773,0.3330386654,0.0000000000,1.9500561602121171,29.37,4.0754687118749136
0.0049889108,0.0298169924,0.8630427503,0.8630427503,0.0042949281,0.0000242651,0.1189719350,0.0000000000,0.0246242545,0.0124140408,0.8810280650,0.3611233785,0.0082841156,0.0154180639,0.0931004528,0.0291715399,0.0000000000,0.7197911258,0.7115070102,0.0041444843,0.2317708207,0.1196028283,0.0004513314,0.0010628127,0.0521069413,0.0585469069,0.0032709396,0.0007036888,0.0048190549,0.0001067666,0.0000000000,0.1946839952,0.0722469996,0.1130075659,0.0000000000,1.2705653921739581,11.06,3.4753796976959768
0.0134343429,0.1881725946,0.8448408992,0.8448408992,0.0015119035,0.0003239793,0.1521730914,0.0000000000,0.0000000000,0.0159775806,0.8478269086,0.0172249011,0.0145196736,0.0059234221,0.1633287796,0.0147896564,0.0000000000,0.5655437183,0.5510240447,0.0000000000,0.3702003812,0.0248384153,0.1295269362,0.0116848545,0.1406556262,0.0634945490,0.0063229966,0.0016468949,0.0077215074,0.0001943876,0.0000000000,0.2164721891,0.0154862120,0.2009859771,0.0000000000,2.500200165470122,16.88,6.085334378220908
0.0224231252,0.0134231523,0.8496751516,0.8496751516,0.0053584176,0.0000677709,0.0550886895,0.0650600450,0.0012063217,0.0126415282,0.9449113105,0.1304905708,0.0082409390,0.0147017629,0.0840494456,0.0204803600,0.0000000000,0.6363414568,0.6281005178,0.0004472878,0.4005665646,0.1646199861,0.0105496670,0.0032484842,0.0523959265,0.1697525007,0.0007725880,0.0008719853,0.0072153397,0.0001626501,0.0000000000,0.2298562354,0.0903340653,0.1380673552,0.0000000000,0.3120850842492848,5.57,3.195226981035773
0.0114835009,0.2535601315,0.9208586163,0.9208586163,0.0049724913,0.0004800177,0.0756581781,0.0000000000,0.0000000000,0.0114711928,0.9243418219,0.0045540143,0.0094772730,0.2321439561,0.0108434773,0.2492892045,0.0000000000,0.4530628823,0.4435856093,0.0018831465,0.1864930397,0.0139943629,0.0070771844,0.0034093567,0.0236439499,0.1383681859,0.0006892562,0.0001353896,0.0054402009,0.0001230815,0.0000000000,0.2854997723,0.0966189521,0.1273770108,0.0000000000,0.28174683034815856,3.64,2.726251791038996
0.0141442808,0.1707112450,0.7885174395,0.7885174395,0.0052303689,0.0013403640,0.2072812241,0.0000000000,0.0184963673,0.0133938081,0.7927187759,0.0057809341,0.0037097604,0.0055285917,0.1439957266,0.0129186180,0.0000000000,0.3266686548,0.3229588944,0.0000000000,0.1637538056,0.0114045638,0.0516351457,0.0000000000,0.0245591382,0.0761549579,-0.0008160162,0.0003637663,0.0089597924,0.0001507500,0.0000000000,0.4620585238,0.0105066183,0.2576841526,0.0000000000,-0.3830209430929326,-2.27,4.027811464144231
0.0103797417,0.0806976415,0.8985226653,0.8985226653,0.0053515491,0.0000000000,0.0668903215,0.0000000000,0.0000000000,0.0130999778,0.9331096785,0.0022554112,0.0075786666,0.0038641095,0.1009478386,0.0139568723,0.0000000000,0.6839554577,0.6763767911,0.0000000000,0.5667993775,0.0219276086,0.0753097148,0.0121824539,0.1990905600,0.2582890402,0.0021179847,0.0004648249,0.0055536469,0.0001212587,0.0000000000,0.2036983893,0.0714092278,0.1165255351,0.0000000000,0.8483906482740755,12.73,3.2497859752324603
0.0149711305,0.0472324180,0.9031004491,0.9031004491,0.0039965083,0.0000420685,0.0758863309,0.0132831316,0.0014881735,0.0107169526,0.9241136691,0.0283489162,0.0056214045,0.0077458641,0.0497092014,0.0094075702,0.0000000000,0.6114237035,0.6058022990,0.0004732707,0.5234584521,0.1813468233,0.0527328755,0.0024557492,0.1279250760,0.1589979281,0.0007099061,0.0008992144,0.0067414785,0.0001945669,0.0000000000,0.2756170924,0.1466245280,0.1159881367,0.0000000000,0.28736014474436916,3.73,2.9514415124405686
0.0358283442,0.0750644780,0.9130548133,0.9130548133,0.0049533989,0.0000000000,0.0800551205,0.0005772758,0.0000000000,0.0131842348,0.9199448795,0.0098974870,0.0069179989,0.0093388330,0.0593756110,0.0260425881,0.0046554501,0.6201804452,0.6132624463,0.0110147950,0.5078816771,0.0592452584,0.0723270733,0.0117410452,0.2603420825,0.1042262176,0.0010055772,0.0015921639,0.0086032719,0.0002420834,0.0007914265,0.2560870011,0.0455675459,0.1899796091,0.0000000000,0.3988882835800223,5.02,3.537078809036756
0.0145401807,0.1058933072,0.9150823982,0.9150823982,0.0043230077,0.0001930872,0.0683578721,0.0176910777,0.0000000000,0.0105683057,0.9316421279,0.0004183556,0.0075840358,0.0116131219,0.0407828756,0.0313630812,0.0000000000,0.5579511876,0.5503671517,0.0243697491,0.4609162917,0.0002488679,0.0693154415,0.0048457734,0.2473117972,0.1391944116,0.0026560216,0.0024121596,0.0056867754,0.0001094161,0.0000000000,0.2851275663,0.1194451675,0.1243216918,0.0000000000,1.081471430110564,15.59,2.6970935134484066
0.0061938615,0.0726022732,0.8862330254,0.8862330254,0.0009152441,0.0010003831,0.1079136691,0.0000000000,0.0000000000,0.0118768890,0.8920863309,0.2209143927,0.0067898344,0.0407815759,0.0332467754,0.0675152186,0.0000000000,0.6791537184,0.6723638840,0.0095142821,0.3478140564,0.3146098506,0.0000000000,0.0000000000,0.0254991273,0.0077050785,-0.0041930952,0.0041079562,0.0182623132,0.0001702780,0.0000000000,0.2327061428,0.0994210549,0.1332850879,0.0000000000,-1.664062170038434,-14.47,4.509039968480497
0.0228744134,0.0748906387,0.8595720989,0.8595720989,0.0070786606,0.0000000000,0.1218961266,0.0023860654,0.0000000000,0.0164002227,0.8781038734,0.0000000000,0.0130756383,0.0190726159,0.0312733636,0.0509345423,0.0000000000,0.8264216973,0.8133460590,0.0004135847,0.7438002068,0.0277101726,0.0588085580,0.0000000000,0.0425037779,0.6147776982,0.0024337867,0.0006203770,0.0075081524,0.0002226994,0.0000000000,0.0527161378,0.0410085103,0.0117076275,0.0000000000,0.9685230024213075,8.06,4.002322166444695
0.0229700587,0.1358187928,0.9402906136,0.9402906136,0.0029954999,0.0006839041,0.0490723981,0.0000000000,0.0000000000,0.0131172804,0.9509276019,0.0105138855,0.0101126618,0.0025760387,0.0757309795,0.0175672164,0.0000000000,0.6597896311,0.6496769693,0.0000000000,0.5585991821,0.1259796926,0.0875625202,0.0174121981,0.1823425083,0.1453022628,0.0025486826,0.0024848515,0.0087767691,0.0002142899,0.0000000000,0.1534726370,0.0441072544,0.1093653826,0.0000000000,1.0152998789904215,21,4.455181029357536
0.0053370020,0.0460534063,0.8408943378,0.8408943378,0.0046788087,0.0001509618,0.0941941107,0.0181154133,0.0000000000,0.0120246088,0.9058058893,0.0122208591,0.0165464172,0.0024063307,0.0785011307,0.0057295027,0.0000000000,0.6664197603,0.6498733431,0.0007044883,0.5675116165,0.1202943956,0.0420740538,0.0485301858,0.1686192734,0.1879937079,0.0042098208,0.0016635988,0.0044282121,0.0001207694,0.0000000000,0.2567849771,0.0956896387,0.1368277295,0.0000000000,1.6871034192782723,17.96,3.0713556843644474
0.0149584180,0.0300076154,0.8777555312,0.8777555312,0.0056484923,0.0003227710,0.0806473576,0.0000000000,0.0000000000,0.0138438494,0.9193526424,0.0003126844,0.0111355991,0.0044179279,0.0651190470,0.0083315262,0.0000000000,0.8904948987,0.8793592996,0.0000000000,0.8167316411,0.0055930160,0.1169691804,0.0479617516,0.4174235814,0.2287841116,0.0020223620,0.0008775336,0.0060822158,0.0001260824,0.0000000000,0.0548105486,0.0174195468,0.0298260567,0.0000000000,0.8207416352407219,10.15,3.5228347438221674
0.0049056025,0.0190917560,0.8642822608,0.8642822608,0.0035494864,0.0000000000,0.0902583696,0.0069574651,0.0000000000,0.0092097971,0.9097416304,0.0917795781,0.0056838952,0.0080541503,0.0424051603,0.0185139326,0.0000000000,0.4519168406,0.4462329454,0.0000000000,0.2991356234,0.1539840332,0.0000000000,0.0000235846,0.0660723341,0.0790556715,-0.0000353769,0.0002712232,0.0060376647,0.0002122616,0.0001650924,0.4949587859,0.2039480667,0.2910107192,0.0000000000,-0.01404436850082218,-0.15,2.3572744014732963
0.0439855645,0.0788080036,0.8106344359,0.8106344359,0.0007580773,0.0007815670,0.1412308612,0.0000000000,0.0000000000,0.0086911956,0.8587691388,0.0000000000,0.0060688889,0.0033654359,0.0131051272,0.0110657926,0.0000000000,0.3315616392,0.3254927502,0.0000000000,0.2702193085,0.0544278118,0.0001366674,0.0128552820,0.1452347904,0.0575647569,0.0087958316,0.0226633069,0.0227060155,0.0013346431,0.0065194644,0.5037327297,0.3696683679,0.0249503513,0.0000000000,3.5002517478951964,25.03,3.685397048210251
0.0131645709,0.0557743216,0.8439223472,0.8439223472,0.0052559012,0.0000000000,0.0848389587,0.0000000000,0.0000000000,0.0135120229,0.9151610413,0.0000000000,0.0063864990,0.0003143614,0.1523604677,0.0034965806,0.0000000000,0.7907621884,0.7843756894,0.0000000000,0.6348996250,0.0040646371,0.1052614163,0.0220163247,0.2889642621,0.2145929848,0.0012905361,0.0001213325,0.0069380101,0.0001875138,0.0000000000,0.1303110523,0.0084987867,0.1181998676,0.0000000000,0.5174544117687708,6.12,3.4507797102451505
0.0071880587,0.0942643993,0.8540335401,0.8540335401,0.0048505478,0.0001159863,0.1000273728,0.0000000000,0.0077594846,0.0141286799,0.8999726272,0.0000966553,0.0101534422,0.0009016003,0.0285859876,0.0034672176,0.0000000000,0.8264883364,0.8163348943,0.0000000000,0.7943384759,0.0006031288,0.1659246120,0.0238251359,0.2375995163,0.3663860829,0.0027844448,0.0073071380,0.0129146897,0.0002350656,0.0000000000,0.0357175996,0.0115104821,0.0230472544,0.0000000000,1.1325288321523708,11.3,4.008117113581133
0.0074133261,0.0717824684,0.9140665009,0.9140665009,0.0036310798,0.0000000000,0.0481017813,0.0000000000,0.0041709600,0.0101435773,0.9518982187,0.1202359431,0.0045874390,0.0062533550,0.0393063619,0.0117015172,0.0000000000,0.4281465759,0.4235591369,0.0000000000,0.2520469171,0.1065630919,0.0126733015,0.0174304172,0.0575666521,0.0578134544,0.0026592955,0.0007249820,0.0056178389,0.0001480814,0.0000000000,0.4568342660,0.0985049947,0.3580886391,0.0000000000,1.0713447893897095,22.2,2.798741825678556
0.0050501099,0.2474252867,0.8858879827,0.8858879827,0.0020465284,0.0000000000,0.1102958437,0.0000000000,0.0000000000,0.0113823096,0.8897041563,0.0032202727,0.0054654347,0.0064646221,0.0154934240,0.0176061637,0.0000000000,0.2935504259,0.2880849911,0.0057483372,0.2512354411,0.0116832696,0.0153008096,0.0052066091,0.1408192133,0.0782255395,0.0038643272,0.0011195714,0.0047732266,0.0001324224,0.0000000000,0.4175218948,0.1326993108,0.2788635748,0.0000000000,1.5488026633615892,14.15,3.978517034068136
0.0104200988,0.0211182043,0.9173702636,0.9173702636,0.0041906919,0.0003088962,0.0789744646,0.0102965404,0.0000000000,0.0134472817,0.9210255354,0.3914126853,0.0071663921,0.0076297364,0.0755354201,0.0299217463,0.0000000000,0.6242586491,0.6170922570,0.0000000000,0.1149196870,0.0988570840,0.0000000000,0.0000000000,0.0000000000,0.0160626030,0.0036243822,0.0006383855,0.0058896211,0.0001441516,0.0000000000,0.3049320428,0.1342154036,0.1706445634,0.0000000000,1.4233220619974019,18.9,3.855411352878425
0.0111408333,0.0497761814,0.8464354580,0.8464354580,0.0038946655,0.0003677316,0.1248401506,0.0000000000,0.0298585397,0.0106109962,0.8751598494,0.0022806106,0.0077225320,0.0156398099,0.1107610070,0.0230399864,0.0000772574,0.6405702066,0.6328476746,0.0170638421,0.4731865477,0.0099443561,0.0375755895,0.0590560060,0.2219441463,0.1446664497,0.0026631864,0.0035527426,0.0057621684,0.0001187537,0.0000054822,0.2327460930,0.0127294169,0.1604061207,0.0000000000,1.047676479785793,8.54,2.9135034456352833
0.0088957764,0.1024876882,0.9331326693,0.9331326693,0.0045149418,0.0000000000,0.0469598647,0.0000000000,0.0000000000,0.0120472951,0.9530401353,0.0000000000,0.0057368072,0.0635221016,0.0202054820,0.1674477168,0.0000000000,0.5255958457,0.5198590385,0.0000000000,0.3398797506,0.0000000000,0.0233346496,0.0004097719,0.0489938236,0.2671415054,0.0007599407,0.0024362805,0.0091639907,0.0002682144,0.0016763398,0.3199424829,0.1269324472,0.1930100357,0.0000000000,0.3060857039971192,6.26,3.2718446601941746
0.0293897248,0.1300430025,0.8978075862,0.8978075862,0.0036006455,0.0002332024,0.0872705677,0.0000000000,0.0000000000,0.0120145891,0.9127294323,0.0905229642,0.0043220184,0.0109294205,0.0553933503,0.0552534289,0.0000000000,0.4877599818,0.4834379635,0.0029352412,0.2835430601,0.0674483612,0.0218712785,0.0144243476,0.0847861845,0.0950128883,0.0017288073,0.0028419603,0.0086751304,0.0002456399,0.0000000000,0.3008964301,0.1281618363,0.1217161211,0.0000000000,0.6856779934052822,7.92,3.79999473393191
0.0491498120,0.0598429693,0.8897144167,0.8897144167,0.0052405326,-0.0003390731,0.0564378244,0.0000000000,0.0006901579,0.0106886959,0.9435621756,0.0000137277,0.0052141068,0.0019881077,0.0528353443,0.0085983171,0.0000000000,0.6190716261,0.6138575193,0.0000000000,0.5573335539,0.0122354595,0.1055097319,0.0077609301,0.2220287004,0.2097987320,0.0009612791,0.0024514161,0.0072646754,0.0001369334,0.0000326032,0.2535734804,0.0135344389,0.2223543890,0.0000000000,0.3856775389477,6.8,2.3912336996000425
0.0100664440,0.0314937859,0.8560746377,0.8560746377,0.0073673701,0.0000688539,0.1034048267,0.0168347850,0.0046751816,0.0175784074,0.8965951733,0.0008606741,0.0090405205,0.0010259235,0.2697283713,0.0014321617,0.0000000000,0.9315316556,0.9224911351,0.0001308225,0.6589871587,0.0075395049,0.0740730540,0.0032636761,0.5050504355,0.0690604882,0.0011842875,0.0005026337,0.0091024891,0.0001927910,0.0029882604,0.0000000000,0.0000000000,0.0000000000,0.0000000000,0.48790173885910415,4.62,4.423333606746851
0.0058007566,0.0403326403,0.7912886405,0.7912886405,0.0049282574,0.0002044920,0.1133226543,0.0150642446,0.0000000000,0.0125830749,0.8866773457,0.1164036672,0.0165979346,0.0174363519,0.1245697147,0.0274223782,0.0000000000,0.6061824750,0.5895845404,0.0000000000,0.2946866160,0.0821171739,0.0000000000,0.0000000000,0.0658532429,0.1467161992,0.0003612692,0.0014518933,0.0079138407,0.0002249412,0.0000000000,0.2941208548,0.1650591323,0.1114413278,0.0000000000,0.14588393969212984,1.27,3.3373204852933527
0.0063861758,0.0190768628,0.9002547937,0.9002547937,0.0027275994,0.0003266586,0.0956783066,0.0734981870,0.0000000000,0.0122986966,0.9043216934,0.2340182276,0.0056021951,0.0208571522,0.0549929768,0.0389540391,0.0000000000,0.5869728547,0.5813706595,0.0171005782,0.2362395061,0.1011825042,0.0127396858,0.0028745958,0.0285989612,0.0908437592,0.0041322314,0.0002776598,0.0053898670,0.0001633293,0.0000000000,0.3033351844,0.0192075262,0.2841276582,0.0000000000,1.6041339737188327,17.64,3.8874883906063418
0.0100230636,0.0191998313,0.8698633038,0.8698633038,0.0047677373,0.0014366301,0.0594669327,0.0009319169,0.0024487603,0.0101249075,0.9405330673,0.0258863800,0.0073012174,0.0398516143,0.0471492266,0.0416397411,0.0000000000,0.5466197283,0.5393185110,0.0070290327,0.4205784194,0.0805927857,0.0211411746,0.0360347207,0.2122048667,0.0706048717,0.0007759966,0.0028984959,0.0054806447,0.0001442038,0.0000000000,0.3813324609,0.0541917784,0.3271433863,0.0000000000,0.30511019713892745,5.23,2.2598558600516587
0.0004441730,0.5126866915,0.8414302371,0.8414302371,0.0018322136,0.0000000000,0.1522402976,0.0000000000,0.0000000000,0.0121592360,0.8477597024,0.2688912331,0.0078285492,0.0132141469,0.0518016768,0.0157681417,0.0000000000,0.4765421132,0.4687135639,0.0000000000,0.1391371939,0.1382488479,0.0000000000,0.0000000000,0.0000000000,0.0008883460,0.0046082949,0.0003886514,0.0061073788,0.0002776081,0.0000000000,0.0000000000,0.0000000000,0.0000000000,0.0000000000,1.8794225870365129,12.29,4.460565364669205
0.0223910072,0.0279354629,0.8173419995,0.8173419995,0.0026805088,0.0002065744,0.0925519204,0.0010328718,0.0000000000,0.0110575120,0.9074480796,0.0000000000,0.0071474726,0.0018459484,0.0446729432,0.0068500055,0.0000000000,0.7110735421,0.7039260695,0.0000000000,0.6595505934,0.0000000000,0.0484061549,0.0386409721,0.3182368796,0.2542665867,0.0017616661,0.0012691928,0.0072119238,0.0001883958,0.0000000000,0.2237282870,0.0398969442,0.1664840549,0.0000000000,0.7129171083386557,7.66,3.6054811279487025
0.0187920943,0.0368108726,0.8647480738,0.8647480738,0.0023698948,-0.0005907514,0.0853532409,0.0000000000,0.0035996221,0.0118580853,0.9146467591,0.0032904680,0.0079777271,0.0112957520,0.0697637770,0.0281278606,0.0000000000,0.6004557225,0.5924779954,0.0000000000,0.4967401030,0.0105766887,0.0753931382,0.0118865034,0.2412633813,0.1576203914,0.0033610826,0.0023130586,0.0083437174,0.0002161496,0.0012417835,0.3103821541,0.1123159607,0.1478833275,0.0000000000,1.3311028919003258,15.74,4.0848577478319585
0.0087493567,0.0112307919,0.7470774208,0.7470774208,0.0042215033,0.0001838100,0.0944906012,0.0013295591,0.0163039482,0.0128544470,0.9055093988,0.2826446585,0.0069235105,0.0059125554,0.0429441463,0.0159792172,0.0000000000,0.8138984879,0.8069749773,0.0075239566,0.4648065093,0.3401343039,0.0066049065,0.0071624635,0.0596095875,0.0512952479,0.0018258461,0.0004043820,0.0069786535,0.0001531750,0.0000000000,0.1189740950,0.0275408671,0.0813420582,0.0000000000,0.7254712215547725,7.77,3.696283058156121
0.0227358683,0.0154659406,0.8256739688,0.8256739688,0.0068378074,0.0002616508,0.0945582185,0.0000000000,0.0000911813,0.0125037365,0.9054417815,0.1221005326,0.0087716447,0.0066491017,0.1275048108,0.0179452801,0.0000000000,0.7152430617,0.7064714170,0.0034466546,0.4436550872,0.1404501821,0.0670706132,0.0192995212,0.1380659883,0.0787687824,0.0017562318,0.0009752439,0.0041626263,0.0000872169,0.0000000000,0.2237574164,0.0312046323,0.1463682473,0.0000000000,0.707057527429403,7.49,2.457325208731654
0.0014535399,0.2131385826,0.8313893714,0.8313893714,0.0036515758,0.0000000000,0.1120289290,0.0835962704,0.0000000000,0.0118764846,0.8879710710,0.0794483639,0.0094302833,0.0327578261,0.0936646932,0.0676427837,0.0000000000,0.5098025313,0.5003722480,0.0000000000,0.2684440033,0.1615556422,0.0000000000,0.0000000000,0.0499875917,0.0569007693,0.0028361754,0.0003899741,0.0057078030,0.0001418088,0.0000000000,0.1685751764,0.0125855284,0.0895167866,0.0000000000,1.1435105774728416,10.25,3.5142862552780567
0.0187433015,0.0111039107,0.8389870641,0.8389870641,0.0043618055,0.0007477381,0.1541337454,0.1956581341,0.0000000000,0.0171979761,0.8458662546,0.0206251090,0.0071035119,0.0013833155,0.0926073627,0.0047107500,0.0000000000,0.7218663543,0.7147628424,0.0000000000,0.6038732833,0.0385458987,0.0171107400,0.0000000000,0.2609730565,0.2872435881,0.0033897460,0.0005981905,0.0084369781,0.0001993968,0.0000000000,0.0543605593,0.0187433015,0.0356172578,0.0000000000,1.3699492564751508,8.87,5.397544903119309
0.0110632548,0.1069166456,0.9041466092,0.9041466092,0.0027024745,0.0016890465,0.0939109872,0.0000000000,0.0000000000,0.0109788025,0.9060890128,0.0367367621,0.0095431129,0.0149480618,0.1511696647,0.0276159108,0.0000000000,0.5961489739,0.5866058610,0.0000000000,0.1759986488,0.0000000000,0.0000000000,0.0092897559,0.0187484165,0.1479604763,-0.0004222616,0.0007600709,0.0077696141,0.0002533570,0.0000000000,0.2514990288,0.0000000000,0.2514990288,0.0000000000,-0.17472589874634167,-1.81,3.7513756639073637
0.0383615799,0.1781788011,0.8013226448,0.8013226448,0.0011713459,0.0027453421,0.1808631355,0.0000000000,0.0000000000,0.0131898435,0.8191368645,0.0000000000,0.0117012580,0.0016228022,0.1438559244,0.0276120405,0.0000000000,0.5295703845,0.5178691265,0.0000000000,0.3575899557,0.0000000000,0.0181192577,0.0000000000,0.1976646290,0.1418060690,0.0017570189,0.0016594068,0.0091755433,0.0002074258,0.0004026502,0.2082921532,0.0000000000,0.2082921532,0.0000000000,0.7030263085626407,3.9,5.397112407879236
0.0289502944,0.2423917967,0.7438537248,0.7438537248,0.0045299180,0.0000000000,0.2301610180,0.0000000000,0.0000000000,0.0119425112,0.7698389820,0.0024708644,0.0257793518,0.0436107565,0.0321624182,0.0826915949,0.0000000000,0.6288349874,0.6030556356,0.0025532265,0.5089568834,0.0452579994,0.0181608533,0.0000000000,0.0632541284,0.3822839023,-0.0055594449,0.0380101305,0.0509821686,0.0005765350,0.0013589754,0.0656838117,0.0000000000,0.0656838117,0.0000000000,-2.1717709988135696,-9.53,3.2010670223407804
0.0146536007,0.1224896276,0.8775211972,0.8775211972,0.0044582451,0.0004639173,0.0825030503,0.0003247421,0.0000000000,0.0145716420,0.9174969497,0.0180247330,0.0098041187,0.0041566989,0.0743319204,0.0144371060,0.0000000000,0.7561929092,0.7463887905,0.0023226792,0.6469140995,0.1863029968,0.0755906827,0.0065675224,0.2146034976,0.1638494001,0.0045092760,0.0014025766,0.0062644298,0.0001731958,0.0001314432,0.1060607701,0.0284319441,0.0776288260,0.0000000000,1.8111534068985007,21.9,4.240609182312964
0.0113425372,0.2104593940,0.8785412178,0.8785412178,0.0005107334,0.0000478813,0.1185220653,0.0000000000,0.0000000000,0.0092623627,0.8814779347,0.0004841327,0.0062777645,0.0020429335,0.0195940734,0.0056393478,0.0000000000,0.0606655494,0.0543877850,0.0000000000,0.0352618839,0.0019258905,0.0020748544,0.0004309313,0.0025855877,0.0282446200,0.0034474503,0.0007022584,0.0056340276,0.0001489639,0.0000478813,0.7166866172,0.0166839571,0.6952251749,0.0000000000,1.337416443720928,11.81,3.680748232345834
0.0173865970,0.0400793980,0.8711538555,0.8711538555,0.0032237141,0.0002194662,0.0849138961,0.0000000000,0.0002194662,0.0155869744,0.9150861039,0.0934340602,0.0074374643,0.0189667533,0.0809342431,0.0190545398,0.0000000000,0.8106250884,0.8031876241,0.0000000000,0.6166462644,0.2785757134,0.0468389557,0.0000000000,0.1956565208,0.0955750745,0.0069107456,0.0007169228,0.0059499715,0.0001902040,0.0000000000,0.1192969280,0.0759596768,0.0433372512,0.0000000000,2.7249868991014465,30.11,5.222725551952985
0.0395615552,0.0307577608,0.8843213147,0.8843213147,0.0059247157,0.0007376152,0.1084135721,0.0078758268,0.0000000000,0.0156961343,0.8915864279,0.1178518742,0.0083755017,0.0119763329,0.1350311702,0.0217556828,0.0000000000,0.8670864993,0.8587109976,0.0000000000,0.5907266699,0.1208181977,0.0219539665,0.0000000000,0.3151599753,0.1327945305,0.0015386812,0.0013324662,0.0083199822,0.0002062150,0.0004758808,0.0361034882,0.0000000000,0.0361034882,0.0000000000,0.6058689652210915,5.7,4.223463016845002
0.0361378691,0.1497120822,0.8590184463,0.8590184463,0.0041857185,0.0006850362,0.0806077671,0.0000000000,0.0087522581,0.0145835367,0.9193922329,0.0007358615,0.0086741787,0.0018735372,0.1494214943,0.0081040518,0.0000000000,0.6670366844,0.6583625057,0.0002714364,0.5084235512,0.0047749969,0.1015591939,0.0559722450,0.2129129323,0.1332041831,0.0020116493,0.0020473743,0.0091235036,0.0002408676,0.0001859910,0.1156864081,0.0051668671,0.1002926136,0.0000000000,0.811025612565997,10.06,4.616820232930126
0.0099053424,0.1173255575,0.8201506315,0.8201506315,0.0071652551,0.0006886851,0.0944524221,0.0000000000,0.0108431263,0.0142425930,0.9055475779,0.1648741318,0.0064033057,0.0259209331,0.1389385458,0.0385956686,0.0000000000,0.7064296809,0.7000263752,0.0000000000,0.3626879231,0.1667203939,0.0678867626,0.0000000000,0.0936904727,0.0343902939,-0.0015385517,0.0003077103,0.0087624183,0.0002051402,0.0000000000,0.1471588078,0.0061835126,0.1409752953,0.0000000000,-0.6496871447023428,-6.44,3.134862362991749
0.0106724028,0.0369258357,0.8556042358,0.8556042358,0.0018157777,0.0000000000,0.1200861929,0.0000000000,0.0000000000,0.0134563441,0.8799138071,0.0002448663,0.0077905150,0.0221283777,0.0340364135,0.0481670817,0.0000000000,0.6003556212,0.5925651062,0.0016952281,0.5095441343,0.0082802476,0.1320469691,0.0133320274,0.1123069794,0.2435779108,0.0075343472,0.0020983157,0.0062045349,0.0002524006,0.0064230310,0.3455703689,0.1332034914,0.2040979314,0.0000000000,3.0042096487703396,24.42,4.878241307179224
0.0082244254,0.1199736777,0.9254527019,0.9254527019,0.0029599738,0.0003200664,0.0665021099,0.0000000000,0.0180952722,0.0094381171,0.9334978901,0.0008270515,0.0032288295,0.0064653407,0.0306649187,0.0189376869,0.0000000000,0.4054498341,0.4022210045,0.0586771273,0.2963404892,0.0133710926,0.0105929165,0.0270110410,0.0778606252,0.1675048138,0.0027807366,0.0009704412,0.0043144947,0.0001869188,0.0000000000,0.4289042976,0.1282134663,0.2982788111,0.0000000000,1.1520896211152778,16.48,2.8532440143902744
0.0130682608,0.0353695320,0.8854260483,0.8854260483,0.0040347197,0.0000151113,0.0748191176,0.0000000000,0.0008522779,0.0114664620,0.9251808824,0.0449289466,0.0077218794,0.0088370940,0.1054467205,0.0187319798,0.0000000000,0.6588380007,0.6511161213,0.0000000000,0.4847315325,0.0334987518,0.0443365833,0.0245558786,0.1683823041,0.2139580147,0.0028499930,0.0023120304,0.0068091562,0.0001813357,0.0000000000,0.2682771293,0.0217209969,0.2462901734,0.0000000000,1.1327038198724657,15.37,3.107117529342454
0.0283118520,0.1070559935,0.7440127468,0.7440127468,0.0077980756,0.0016599205,0.1481057378,0.0000000000,0.0196705013,0.0146907400,0.8518942622,0.0000000000,0.0140294347,0.0000000000,0.1531964565,0.0009675472,0.0000000000,0.7883024428,0.7742730081,0.0000000000,0.6368102897,0.0000000000,0.1560769067,0.0055789305,0.0866931189,0.3884613336,0.0084238744,0.1134027482,0.1101938645,0.0027739313,0.0018108223,0.0078247053,0.0000000000,0.0078247053,0.0000000000,3.3767960912428805,23.79,3.147938409460031
0.0129522817,0.0435427852,0.8049029732,0.8049029732,0.0037026433,0.0001340372,0.1870730245,0.0000000000,0.0000000000,0.0097707750,0.8129269755,0.0000000000,0.0059533958,0.0000000000,0.0051706186,0.0007162947,0.0000000000,0.7170292641,0.7110758683,0.0000000000,0.7111080372,0.0000000000,0.0149907193,0.0232667115,0.1440889063,0.5287617001,-0.0000450365,0.0013028415,0.0068123061,0.0001361818,0.0000000000,0.1732511096,0.0000000000,0.1496648534,0.0000000000,-0.018164341883188145,-0.1,2.659701341718043
0.0097396545,0.1002858208,0.9299583696,0.9299583696,0.0012737666,0.0000000000,0.0643096806,0.0955946315,0.0000000000,0.0114794333,0.9356903194,0.0065397042,0.0079688083,0.0000000000,0.0473468373,0.0210326830,0.0000000000,0.3750621350,0.3670933267,0.0000000000,0.2995992295,0.0492885547,0.0000000000,0.0000000000,0.1517335653,0.0985771095,-0.0016465764,0.0010252268,0.0067261091,0.0001398037,0.0000000000,0.3997607804,0.0000000000,0.3574158071,0.0000000000,-0.6661220385848049,-10.65,4.597218577801102
0.0222581412,0.0375469456,0.9321701925,0.9321701925,0.0017399572,0.0000000000,0.0499928690,0.0000000000,0.0000000000,0.0105823627,0.9500071310,0.0044687426,0.0109912051,0.0097932018,0.1273211314,0.0151176610,0.0000000000,0.4323365819,0.4213453768,0.0000000000,0.2853149513,0.0010648918,0.0118374138,0.0000000000,0.1634894224,0.1089232232,0.0029664844,0.0004468743,0.0063227953,0.0001806513,0.0064749227,0.4550986451,0.0634846684,0.3916139767,0.0000000000,1.1557321257414326,22.81,3.7934990439770555
0.0048942597,0.0225271145,0.9245188889,0.9245188889,0.0032096609,0.0000000000,0.0688833246,0.0000000000,0.0000000000,0.0115988546,0.9311166754,0.0000000000,0.0068654836,0.0003447614,0.1192847350,0.0006760027,0.0000000000,0.6914250408,0.6845595572,0.0108457876,0.5606185154,0.0000000000,0.0103631216,0.0462101936,0.4017430054,0.1023021948,0.0031542287,0.0004258817,0.0059515279,0.0000946404,0.0000000000,0.2804802864,0.0923744190,0.1259568818,0.0000000000,1.2547159410235105,17.83,3.4220959579421373
0.0066929208,0.0665326684,0.8027182910,0.8027182910,0.0052378924,0.0000734333,0.1005228451,0.0000000000,0.0004416489,0.0133092612,0.8994771549,0.0000000000,0.0119528432,0.0008025211,0.1797752102,0.0075741204,0.0000000000,0.7563934179,0.7444405746,0.0066142423,0.5624298450,0.0198846887,0.0441785226,0.0138547657,0.2785975498,0.2059143180,0.0032478500,0.0023162961,0.0069939974,0.0001542099,0.0000314714,0.1525356519,0.0558156027,0.0459524614,0.0000000000,1.292888798408945,12.96,3.3872133137646263
0.0184551048,0.0517325459,0.9138797405,0.9138797405,0.0039186869,0.0000000000,0.0797231667,0.0000000000,0.0000000000,0.0122276927,0.9202768333,0.0000000000,0.0100565825,0.0003032874,0.2470095462,0.0008083210,0.0000000000,0.6975382950,0.6874817126,0.0031531201,0.4466127341,0.0021604217,0.0322994395,0.0562604798,0.2395796731,0.1163127200,0.0021844709,0.0012345267,0.0065200110,0.0001349428,0.0000000000,0.2225969150,0.0543980012,0.1473963378,0.0000000000,0.8825851377521069,11,3.5151158033959953
0.0039988171,0.0366836820,0.9429750685,0.9429750685,0.0042945495,0.0003857380,0.0561248762,0.0297661142,0.0000000000,0.0090519846,0.9438751238,0.0008100498,0.0038702377,0.0336492099,0.0329163077,0.0427269104,0.0000000000,0.3997145539,0.3958443162,0.0000000000,0.3231712805,0.0209327144,0.0148766281,0.0000000000,0.0472914765,0.2400704615,0.0007586180,0.0004114538,0.0038959536,0.0001157214,0.0000000000,0.5179689610,0.1374770164,0.3733172181,0.0000000000,0.3014472020334913,5.3,1.9681112780755061
0.0290652129,0.0764834909,0.8515062891,0.8515062891,0.0040735488,0.0000000000,0.1395391346,0.0002008653,0.0000000000,0.0139239845,0.8604608654,0.0077373324,0.0090148359,0.0027779675,0.0592994621,0.0296778522,0.0000000000,0.6550881196,0.6460732837,0.0001807788,0.5581926941,0.0609545924,0.0748745596,0.0241339691,0.2578066310,0.1404229420,0.0031194385,0.0024987647,0.0085769495,0.0002109086,0.0109150219,0.1978322614,0.0508711529,0.1330592191,0.0000000000,1.2185851896388873,9.69,4.249516091121098
0.0081767571,0.0879958246,0.9120012758,0.9120012758,0.0044363257,0.0000000000,0.0838262584,0.0043174437,0.0024530271,0.0122245419,0.9161737416,0.1358907446,0.0029807469,0.0052771979,0.0535809557,0.0111662027,0.0000000000,0.4802134076,0.4772326606,0.0294015310,0.2500608907,0.0537056367,0.0235067270,0.0070517281,0.1012903039,0.0645064950,0.0044798191,0.0012816052,0.0045900023,0.0001159824,0.0000000000,0.4059440965,0.0525110183,0.3436006727,0.0000000000,1.7659867522417745,20.97,3.236734404914148
0.0134177155,0.0209780517,0.9044878852,0.9044878852,0.0026138407,0.0000000000,0.0479204125,0.0640747400,0.0000000000,0.0102335823,0.9520795875,0.0053266905,0.0048197638,0.0024712676,0.0849617033,0.0074415252,0.0000000000,0.4514538499,0.4466340861,0.0111999113,0.3424883763,0.0152988887,0.0363917910,0.0090375522,0.1570878647,0.1246722798,0.0020277067,0.0006257376,0.0061385652,0.0001227713,0.0000000000,0.4395371126,0.0951121179,0.3268132530,0.0000000000,0.8130291090622178,17.09,3.1804675650991627
0.0114395117,0.0101242595,0.8648472345,0.8648472345,0.0042162317,0.0000000000,0.1266778746,0.0012463075,0.0020259126,0.0140116782,0.8733221254,0.1332329216,0.0060883446,0.0042109283,0.0103894313,0.0078702992,0.0000000000,0.6486473586,0.6425590140,0.0003659371,0.4961894812,0.1392523216,0.2732595449,0.0049215887,0.0699470187,0.0088090074,0.0051072090,0.0004879161,0.0043488176,0.0001060687,0.0000000000,0.2942346346,0.0083263947,0.0302879235,0.0000000000,1.9966773878359219,16.58,4.115590836292737
0.0043339039,0.0516398517,0.9280717629,0.9280717629,0.0003697966,0.0002101117,0.0662860377,0.3062868221,0.0000000000,0.0115785552,0.9337139623,0.0000000000,0.0051043135,0.0017061070,0.2903827675,0.0129148655,0.0000000000,0.3909926517,0.3858883382,0.0000000000,0.0877090261,0.0050482837,0.0137917317,0.0000000000,0.0630307071,0.0058383036,0.0075107927,0.0003922085,0.0038800626,0.0000616328,0.0000000000,0.2317728104,0.1401136844,0.0860561474,0.0000000000,3.1067443642457877,46.58,4.830171367864451
0.0126263327,0.0365428269,0.8561583203,0.8561583203,0.0033966222,0.0005550036,0.1271124826,0.0000000000,0.0000000000,0.0130744981,0.8728875174,0.0009934565,0.0105533941,0.0043817537,0.1260829508,0.0125902575,0.0000000000,0.7889404426,0.7783870484,0.0009143685,0.6480624823,0.0040015762,0.0622478202,0.0106616198,0.3476140394,0.2235374267,0.0035145605,0.0011002947,0.0055458738,0.0001373634,0.0000000000,0.1424430705,0.0044136664,0.1376825268,0.0000000000,1.3772367183379641,11.2,4.013054653776947
0.0079304170,0.0197627903,0.9195910255,0.9195910255,0.0045035548,0.0002108406,0.0733134862,0.0007646485,0.0000000000,0.0126082666,0.9266865138,0.0000000000,0.0084870361,0.0004582269,0.1948054504,0.0082227826,0.0000000000,0.7170912996,0.7086042635,0.0009501882,0.5134221113,0.0010289020,0.0443636691,0.0494800671,0.3574787965,0.0610706766,0.0008208727,0.0005987872,0.0072922728,0.0001546164,0.0000000000,0.2559323511,0.0778423418,0.0514844582,0.0000000000,0.33003859869227853,4.31,3.343888096315112
0.0033020328,0.0450933856,0.6938912393,0.6938912393,0.0026829017,0.0000000000,0.2472913012,0.0330719224,0.0000000000,0.0179032092,0.7527086988,0.4075946755,0.0076359509,0.0352388814,0.1817149933,0.0353936642,0.0000000000,0.8501702611,0.8425343102,0.0257971314,0.1996697967,0.0342069962,0.0000000000,0.0000000000,0.0163037870,0.1491590135,0.0085130533,0.0016510164,0.0080487050,0.0002579713,0.0123310288,0.0244040863,0.0206377051,0.0037663812,0.0000000000,3.5200938691698442,14.01,6.794104099493321
0.0304868193,0.0722339811,0.8476659611,0.8476659611,0.0037175293,0.0001231480,0.0965018280,0.0000000000,0.0156474889,0.0131306523,0.9034981720,0.0607504329,0.0079815278,0.0124379450,0.0825399269,0.0275774485,0.0000000000,0.7487550510,0.7407735232,0.0000000000,0.5778795459,0.1012969021,0.0242370598,0.0000000000,0.3057610160,0.1465845680,0.0016778911,0.0013931114,0.0083124880,0.0002155089,0.0000000000,0.1102713104,0.0064190879,0.1038522224,0.0000000000,0.656836713556673,6.94,4.049853263186652
0.0203019187,0.1021369451,0.8822667419,0.8822667419,0.0039785553,0.0004025583,0.1058032355,0.0000000000,0.0027680587,0.0132044771,0.8941967645,0.0316149360,0.0059988713,0.0059095184,0.0809800602,0.0205154251,0.0000000000,0.6360741159,0.6300752445,0.0014522197,0.5024191121,0.0599106471,0.0352069225,0.0027313770,0.1987481189,0.2058220467,0.0031790820,0.0013788563,0.0061042137,0.0001288563,0.0000968774,0.2137067344,0.0909621896,0.1214070730,0.0000000000,1.2767418153247734,12.2,4.016246780738066
0.0036417096,0.0714838943,0.7572826884,0.7572826884,0.0029373340,0.0000438408,0.0866323539,0.0000000000,0.0000642998,0.0085811070,0.9133676461,0.0005874668,0.0047669569,0.0350960260,0.0296714570,0.0519367406,0.0000000000,0.5756326959,0.5708657390,0.0023761716,0.4910579371,0.0027356662,0.0041765674,0.0000409181,0.0153501273,0.4687546581,0.0007569846,0.0004647125,0.0050972243,0.0001928995,0.0000000000,0.3150517175,0.0053456555,0.3097060620,0.0000000000,0.29995946493717063,3.49,2.3567282241393777
0.0023674242,0.1961647727,0.8601325758,0.8601325758,0.0035037879,0.0000710227,0.1262547348,0.0144176136,0.0000000000,0.0102746212,0.8737452652,0.0757812500,0.0058001894,0.0540719697,0.0483901515,0.0687263258,0.0000000000,0.5766571970,0.5708570076,0.0000000000,0.3835937500,0.1678030303,0.0121212121,0.0000000000,0.0304687500,0.1732007576,0.0013967803,0.0004261364,0.0049952652,0.0001420455,0.0000000000,0.1818655303,0.0501420455,0.1313683712,0.0000000000,0.5677580773209517,4.45,2.9413277112150973
0.0218749003,0.1326233935,0.9182993335,0.9182993335,0.0044674654,0.0003162572,0.0721039875,0.0026576237,0.0000000000,0.0147790452,0.9278960125,0.0025274001,0.0097933432,0.0010763376,0.0702994610,0.0242720769,0.0000000000,0.5974151952,0.5876218520,0.0000000000,0.5003162572,0.0306796075,0.0932852481,0.0018869128,0.2392977495,0.1351667393,0.0032502737,0.0009567445,0.0074891835,0.0001621150,0.0000000000,0.2361059435,0.0342966333,0.0440022749,0.0000000000,1.3429119667950467,18.14,4.481106879596238
0.0069074492,0.0753649360,0.9068623025,0.9068623025,0.0026787058,0.0002257336,0.0747328819,0.0025884123,0.0000000000,0.0140707299,0.9252671181,0.1389014296,0.0077050414,0.0312716328,0.1079909707,0.0436117381,0.0000000000,0.7047404063,0.6970353649,0.0000000000,0.4142362679,0.0537095561,0.0077200903,0.0041234011,0.0754251317,0.2732580888,0.0040933032,0.0021369451,0.0090443943,0.0001805869,0.0000000000,0.1792927013,0.0826185102,0.0966741911,0.0000000000,1.618277010947168,21.87,4.96686569122761
0.0025326424,0.0484926521,0.8959488364,0.8959488364,0.0055335043,0.0017026167,0.0976344269,0.1026571462,0.0000000000,0.0169623190,0.9023655731,0.0042033350,0.0108328988,0.0137592713,0.1958647697,0.1328360274,0.0000000000,0.7705511157,0.7597182169,0.0000000000,0.4375299288,0.0091622062,0.0031817650,0.0254647612,0.1105955966,0.2891255999,0.0052887532,0.0027348281,0.0064273781,0.0001809030,0.0000000000,0.0627095017,0.0415012823,0.0212082194,0.0000000000,2.270793235594798,22.27,5.130072902921491
0.0028679863,0.0514443641,0.8376078438,0.8376078438,0.0052583486,0.0000000000,0.0774625385,0.0000000000,0.0158434380,0.0109057477,0.9225374615,0.0483207481,0.0015326573,0.0006884064,0.0369497093,0.0131750223,0.0000000000,0.2708778303,0.2693451730,0.0052034106,0.1638721179,0.1167622475,0.0009036736,0.0018824664,0.0216859230,0.0226378074,0.0021055818,0.0003890505,0.0037133583,0.0000683922,0.0000000000,0.5834064905,0.2594664290,0.1060997965,0.0000000000,0.8571262310064729,10.83,2.61605260151032
0.0238391475,0.1982996716,0.8577897787,0.8577897787,0.0020297825,0.0003598905,0.1342700084,0.0241332294,0.0000000000,0.0115679093,0.8657299916,0.0004503773,0.0129334367,0.0011475366,0.0858863281,0.0050425802,0.0000000000,0.5587721770,0.5458387403,0.0000000000,0.4673270829,0.0021079301,0.0741868017,0.0271953835,0.3137607736,0.0500761940,0.0017788874,0.0006621985,0.0075803224,0.0002056517,0.0000000000,0.1897692382,0.0110784582,0.1786907800,0.0000000000,0.7172783226467155,5.33,4.091638408733768
0.0072578006,0.1146402602,0.8362776460,0.8362776460,0.0022525141,0.0005191869,0.0487711224,0.0006273509,0.0000000000,0.0092074557,0.9512288776,0.0000000000,0.0055028407,0.0532274769,0.0518835399,0.0597227217,0.0000000000,0.4811943463,0.4756915056,0.0000000000,0.3694609920,0.0008707197,0.0163814293,0.0138720258,0.1055977545,0.2327390626,0.0001379090,0.0006192386,0.0075092818,0.0002271443,0.0000000000,0.3480905008,0.0895462252,0.2509160134,0.0000000000,0.05654007971042611,1.09,3.0938654974453352
0.0187736240,0.1434707697,0.8685605909,0.8685605909,0.0019847471,0.0002457560,0.1172897383,0.0411240667,0.0000000000,0.0153196832,0.8827102617,0.0036542854,0.0169598376,0.0025777671,0.1008534680,0.0068517851,0.0000000000,0.7504160489,0.7334562114,0.0006037050,0.6383753389,0.0122530753,0.1519546954,0.0396041191,0.2295788757,0.2049845735,0.0064858223,0.0013302881,0.0077333013,0.0001736320,0.0000000000,0.0441452632,0.0111204605,0.0283714656,0.0000000000,2.5118681372682143,22.43,5.412555567602732
0.0104890268,0.0281158465,0.7031106778,0.7031106778,0.0037014753,0.0000000000,0.1827971178,0.0000064496,0.0890870202,0.0098650369,0.8172028822,0.0057323385,0.0085191772,0.0003097634,0.0567997775,0.0031490248,0.0000000000,0.5486129116,0.5400937345,0.0039683357,0.4483885209,0.0152442704,0.0742118499,0.0142022146,0.1310814125,0.2136487735,0.0029436940,0.0009671625,0.0033926148,0.0001006402,0.0000568600,0.3173517399,0.0028817000,0.3137516788,0.0000068108,1.1805999928710604,6.45,2.818201380825606
0.0052131638,0.0512041885,0.8719147345,0.8719147345,0.0032984293,0.0000598355,0.0836125654,0.0026776365,0.0000000000,0.0099102468,0.9163874346,0.0007105460,0.0096634256,0.0112266268,0.0264921466,0.0279730740,0.0000000000,0.7105833957,0.7009199701,0.0013537771,0.6540538519,0.0219371728,0.0658040389,0.0615033657,0.1156843680,0.3891249065,0.0017352281,0.0010919970,0.0060059835,0.0001720269,0.0000000000,0.1917202693,0.0294614809,0.1602767390,0.0000000000,0.6902322467877796,8.3,2.8156116749146998
0.0183502089,0.0150143711,0.7958679912,0.7958679912,0.0058831243,0.0009028469,0.0683479053,0.0000000000,0.0252123772,0.0125237894,0.9316520947,0.0015088796,0.0104567218,0.0004146539,0.2185908500,0.0708553212,0.0004589546,0.6967045644,0.6862478426,0.0006148928,0.4046756662,0.0039542747,0.1188018982,0.0038142847,0.1574169895,0.1206882192,0.0004589546,0.0082523222,0.0135311859,0.0002285913,0.0004040218,0.2089678661,0.0810320630,0.0817984640,0.0000000000,0.191764669950976,2.62,3.1024598222139437
0.0165462902,0.0561880230,0.8273448154,0.8273448154,0.0067074095,0.0001010152,0.1152785494,0.0041483577,0.0000000000,0.0141522299,0.8847214506,0.0240988602,0.0152128895,0.0199774399,0.1190060104,0.0392881795,0.0007508797,0.6929003148,0.6776874253,0.0008720979,0.5087192956,0.1428691685,0.0295132751,0.0000000000,0.1055709884,0.2307658636,0.0024243649,0.0006936377,0.0056130781,0.0001851945,0.0000000000,0.2177012307,0.1294476152,0.0882536155,0.0000000000,0.9649550441517191,8.36,3.171478212224392
0.0197906196,0.0753230196,0.9343369211,0.9343369211,0.0013827935,0.0000000000,0.0627847108,0.1125750852,0.0000000000,0.0102924952,0.9372152892,0.0005982298,0.0053938755,0.0009807046,0.0602446858,0.0042268370,0.0000000000,0.4316032069,0.4262093314,0.0000000000,0.3674847378,0.0078309265,0.0966876701,0.0122931326,0.1539019786,0.0967710300,0.0038394587,0.0006913968,0.0057616397,0.0001716233,0.0000000000,0.3455757962,0.0285434084,0.3030916714,0.0000000000,1.5547359381282608,24.89,3.8171366748159836
0.0096548455,0.1156324808,0.8238381923,0.8238381923,0.0024857202,0.0001485535,0.1032310960,0.0000000000,0.0000000000,0.0108943036,0.8967689040,0.0004785465,0.0070398498,0.0005987501,0.0230847651,0.0043715562,0.0000000000,0.6507211650,0.6436813153,0.0000000000,0.6236798864,0.0023008787,0.0919682436,0.0455991300,0.3050042128,0.1788074213,0.0035278629,0.0016465628,0.0053547311,0.0001168016,0.0000000000,0.2035058633,0.0153985374,0.1720238547,0.0000000000,1.4504857390466122,13.85,3.629659679632971
0.0226937449,0.0097906710,0.8275075160,0.8275075160,0.0027354988,0.0000000000,0.0807045750,0.0000000000,0.0010983219,0.0108065452,0.9192954250,0.0000000000,0.0099555665,0.0660288744,0.0491741974,0.0670388594,0.0000000000,0.6457749942,0.6358194276,0.0000000000,0.5229513941,0.0000000000,0.0068784985,0.0405672406,0.3272528113,0.1482528437,0.0007596972,0.0007420298,0.0078560933,0.0001796183,0.0000000000,0.3068322689,0.0319337827,0.2459357673,0.0000000000,0.30167191133418203,3.64,3.373761648847539
0.0239566678,0.0754479250,0.8544350821,0.8544350821,0.0056972839,0.0001711924,0.1033488662,0.0290718974,0.0213511191,0.0168624537,0.8966511338,0.0145650514,0.0085801643,0.0040298697,0.2828372748,0.0061834703,0.0000000000,0.6659145613,0.6573343970,0.0000000000,0.3623047978,0.0420071969,0.0894754322,0.0054096806,0.1785605456,0.0468519425,0.0067826438,0.0009244391,0.0051357727,0.0001301062,0.0000000000,0.1846823867,0.1246246606,0.0600577261,0.0000000000,2.7607832206814855,26.6,4.891310461719608
0.0075533488,0.0800496514,0.8084724276,0.8084724276,0.0027466723,0.0000000000,0.0544580604,0.0000000000,0.0000000000,0.0101151490,0.9455419396,0.1021286710,0.0066818086,0.0264895415,0.0905081344,0.1031322628,0.0000000000,0.5526357490,0.5459539404,0.0000000000,0.2557574477,0.2268117473,0.0000000000,0.0000000000,0.0000000000,0.0289457004,0.0001056412,0.0005546165,0.0075269385,0.0001320516,0.0000000000,0.3274350306,0.0022184661,0.3252165645,0.0000000000,0.04123817624165571,0.77,3.136990344478644
0.0151444881,0.0351227007,0.8694061399,0.8694061399,0.0049325917,0.0004725040,0.1177368351,0.0000000000,0.0370007384,0.0123277063,0.8822631649,0.0001343261,0.0077267355,0.0018235673,0.1398222859,0.0169638795,0.0000000000,0.6744870800,0.6667603445,0.0014312853,0.5128034155,0.0019389185,0.0803448038,0.0123819569,0.2428182339,0.1753195025,0.0024381266,0.0013346892,0.0051453083,0.0001112119,0.0000691594,0.2140710955,0.0166854468,0.1726452155,0.0009870971,0.9762847326744168,8.37,3.276621136714749
0.0225376478,0.0316584554,0.8175680433,0.8175680433,0.0049842599,0.0000416672,0.0850815600,0.0000000000,0.0126007377,0.0115705519,0.9149184400,0.0123205616,0.0055805319,0.0030330852,0.0284658853,0.0069986537,0.0000000000,0.6746653333,0.6690848014,0.0062716328,0.6205942318,0.1713499169,0.0540236871,0.0022054883,0.2031132586,0.1899018809,0.0021753155,0.0008189761,0.0051882855,0.0001379328,0.0000000000,0.2339125075,0.0237287551,0.2101837524,0.0000000000,0.8771987001352155,10.25,2.880204328631691
0.0145140783,0.0799632918,0.8263950126,0.8263950126,0.0027838730,0.0000000000,0.1684678957,0.0000000000,0.0000000000,0.0159137051,0.8315321043,0.0902784898,0.0103305785,0.0138578430,0.1092119025,0.0460595123,0.0000000000,0.6242079035,0.6138773250,0.0000000000,0.3782375982,0.0743955458,0.0715091360,0.0018354080,0.0962358756,0.1342616328,0.0080029941,0.0015739393,0.0062188545,0.0001076636,0.0000000000,0.2460574616,0.0955027377,0.1505547239,0.0000000000,3.160054961878421,19.21,5.640720673098102
0.0150697901,0.0416197793,0.8663465700,0.8663465700,0.0030621078,0.0001785328,0.1126325471,0.0000000000,0.0000000000,0.0137307942,0.8873674529,0.0000000000,0.0120996538,0.0086344947,0.0489098680,0.0257222463,0.0000000000,0.6094757628,0.5973761091,0.0116262714,0.5232173772,0.0709721922,0.1210587535,0.0134575849,0.1307725601,0.1869562865,0.0034759792,0.0011198875,0.0072305778,0.0001812378,0.0019314001,0.2933888769,0.1233336940,0.1616587319,0.0000000000,1.3897262996239086,12.19,4.642082110358323
0.0182272920,0.0509256696,0.8533418240,0.8533418240,0.0045222142,0.0002768703,0.0582904184,0.0000000000,0.0000000000,0.0110378943,0.9417095816,0.0140465511,0.0130498182,0.0049467486,0.1548350776,0.0499012496,0.0314893774,0.5373221109,0.5242722927,0.0000000000,0.2870590841,0.0442807834,0.0073093748,0.0604223194,0.1114310501,0.0636155564,0.0018458017,0.0017904277,0.0064603060,0.0001476641,0.0008582978,0.3676006423,0.1737360873,0.1894900050,0.0000000000,0.6973105603326172,12.32,2.7004283965728275
0.0007659223,0.2310434219,0.8701761621,0.8701761621,0.0031520650,0.0000000000,0.1265539386,0.0000000000,0.0000000000,0.0101926589,0.8734460614,0.1306192188,0.0060684617,0.0000000000,0.0491074059,0.0570906734,0.0000000000,0.2899310670,0.2838626053,0.0029753137,0.0363223944,0.0260119013,0.0000000000,0.0000000000,0.0096624050,0.0006480881,0.0034171920,0.0008248395,0.0044482413,0.0001767513,0.0000000000,0.4733400106,0.3027455370,0.1003947446,0.0000000000,1.4017703392646748,10.95,3.0248378421135897
0.0167193767,0.0183199630,0.8241476396,0.8241476396,0.0029697624,-0.0014463129,0.0829219377,0.1141815798,0.0000000000,0.0129396791,0.9170780623,0.0901535020,0.0079836470,0.0027190682,0.0347693613,0.0051681580,0.0000000000,0.6238236655,0.6158400185,0.0000000000,0.4937326442,0.2235421166,0.1325208269,0.0205183585,0.0928147177,0.0243366245,0.0007713669,0.0003663993,0.0108377044,0.0002121259,0.0000000000,0.2171012033,0.0502159827,0.1465211355,0.0000000000,0.31922428498748046,3.7,4.311117596781255
0.0384838382,0.2585592115,0.8288737498,0.8288737498,0.0002898971,0.0021742281,0.1697057545,0.0363675895,0.0556457458,0.0020872590,0.8302942455,0.0009856501,0.0021742281,0.0047108277,0.0352949703,0.0186548775,0.0000000000,0.1493839687,0.1472097405,0.0000000000,0.0915350051,0.0218437455,0.0000000000,0.0007247427,0.0109726047,0.0579939122,-0.0034352805,0.0003623714,0.0034207856,0.0003188868,0.0000000000,0.4530511668,0.3544426729,0.0986084940,0.0000000000,-1.4866507233308504,-11.38,0.8972828249936683
0.0311976737,0.0373607072,0.8601120197,0.8601120197,0.0055580492,0.0006830468,0.1065006538,0.0989442048,0.0104720829,0.0180792725,0.8934993462,0.0220097188,0.0109053297,0.0002888312,0.1687476825,0.0474151558,0.0000000000,0.7239476201,0.7130422904,0.0050194180,0.4769657111,0.0551160204,0.0287387053,0.0515017271,0.1874202299,0.1541890283,0.0009913936,0.0011709373,0.0120177202,0.0003122500,0.0000000000,0.0718916493,0.0089732831,0.0578833356,0.0000000000,0.40600455156677395,3.73,5.737780053255113
0.0665493187,0.1027576765,0.9493317687,0.9493317687,0.0027641958,-0.0000782320,0.0450876850,0.0000000000,0.0000000000,0.0135862833,0.9549123150,0.0010430928,0.0070930308,0.0090357911,0.0827042180,0.0332485820,0.0000000000,0.6820392464,0.6749462155,0.0337179738,0.5313253798,0.0539018189,0.0680096486,0.0117608710,0.2513332029,0.1463198383,0.0020079536,0.0019818763,0.0108742421,0.0002868505,0.0000000000,0.0736553882,0.0000000000,0.0736553882,0.0000000000,0.8071173071631662,18.03,5.163618265521961
0.0205624489,0.0916858608,0.9446095549,0.9446095549,0.0018574931,0.0000000000,0.0491864180,0.0000000000,0.0000000000,0.0091945910,0.9508135820,0.0000000000,0.0035849617,0.0029348391,0.0039564604,0.0122780296,0.0000000000,0.1670072071,0.1634222453,0.0081915447,0.1425811724,0.0059625529,0.0073742477,0.0000000000,0.0531428784,0.0761014934,-0.0009101716,0.0008915967,0.0094174902,0.0002786240,0.0000000000,0.6977858682,0.0693773683,0.3459580950,0.0000000000,-0.3606189398539125,-7.2,3.101536045541542
0.0041099975,0.0234542131,0.9354458116,0.9354458116,0.0022040996,0.0000000000,0.0609368720,0.0279531694,0.0000000000,0.0112668387,0.9390631280,0.0483994347,0.0181773393,0.0194090420,0.0831723476,0.0499941656,0.0000000000,0.5157333817,0.4975560425,0.0050046027,0.3234581027,0.0789067666,0.0120706868,0.0051342556,0.0437448949,0.1836014988,0.0022040996,0.0011668763,0.0079606892,0.0001815141,0.0000000000,0.4379934914,0.1701305605,0.2678629309,0.0000000000,0.885220719372014,13.88,3.7822117010483596
0.0053132468,0.1558339024,0.8974265961,0.8974265961,0.0042036531,0.0000000000,0.0980283373,0.0000000000,0.0000000000,0.0133151246,0.9019716627,0.1542335268,0.0133364630,0.0424206214,0.0542634005,0.0632895186,0.0000000000,0.6348796518,0.6215431888,0.0079592011,0.3548139297,0.2292377945,0.0000000000,0.0000000000,0.0314740526,0.0941020826,-0.0001493684,0.0006188119,0.0100290201,0.0002560601,0.0000000000,0.1847046774,0.0194178901,0.1652867873,0.0000000000,-0.06101281269066504,-0.61,4.04231652190377
0.0092156001,0.0273556754,0.8224543785,0.8224543785,0.0051752663,0.0001462123,0.0896028094,0.0000000000,0.0141546523,0.0120124794,0.9103971906,0.1247762951,0.0106101408,0.0019550212,0.0532060138,0.0044961913,0.0000000000,0.7416542007,0.7310440599,0.0024706633,0.5243869155,0.1092459473,0.0727864429,0.0915454837,0.1924410829,0.0583679586,0.0018585211,0.0014861670,0.0056174774,0.0001244429,0.0025814598,0.1887766773,0.0282511447,0.1489058770,0.0000000000,0.7395045222737759,8.39,2.8896065720938333
0.0318446984,0.1545150648,0.8721077585,0.8721077585,0.0030588390,0.0007865586,0.1209880050,0.0000000000,0.0327186524,0.0157967183,0.8790119950,0.0808953659,0.0088815574,0.0149336887,0.0445716533,0.0197732089,0.0000000000,0.7685005134,0.7596189561,0.0000000000,0.6232493609,0.0786449343,0.1610806441,0.0013546287,0.0435884551,0.3385806987,0.0026437108,0.0008302563,0.0092857611,0.0002512618,0.0064672595,0.0000000000,0.0000000000,0.0000000000,0.0000000000,1.1041846087159861,8.84,6.0511702734962896
0.0147791603,0.0778860518,0.9028015293,0.9028015293,0.0017813618,0.0000000000,0.0905054645,0.0000000000,0.0000000000,0.0108896489,0.9094945355,0.0003906711,0.0062679365,0.0038698549,0.0156415851,0.0109707316,0.0000000000,0.5318654912,0.5255975547,0.0005651217,0.5041671581,0.0114940834,0.0751808389,0.0150027519,0.2044118803,0.1980776035,0.0036438063,0.0021056925,0.0074227503,0.0001941070,0.0000000000,0.3519454928,0.1898833392,0.0918396430,0.0000000000,1.4649101902876849,16.32,3.8993346832513742
0.0161644236,0.0661002211,0.8435529224,0.8435529224,0.0050264937,0.0006095182,0.1037847019,0.0010158637,0.0024726123,0.0154106528,0.8962152981,0.0574227131,0.0156747773,0.0154411287,0.0613358202,0.0337612151,0.0000000000,0.7614386256,0.7457638483,0.0000000000,0.6087563390,0.2157592972,0.0392346889,0.0119587478,0.1076429523,0.2341606528,0.0035697451,0.0013348449,0.0063430531,0.0002031727,0.0000000000,0.1306624244,0.0070886971,0.0999934985,0.0000000000,1.4394353677544358,13.98,4.520303667827108
0.0220429068,0.0676684706,0.8239692050,0.8239692050,0.0039009148,0.0002126015,0.1153781729,0.0250225486,0.0000000000,0.0127657518,0.8846218271,0.0523837134,0.0150818194,0.0109264270,0.0614289396,0.0284402783,0.0000000000,0.6374758407,0.6223940214,0.0000000000,0.4746134519,0.3126723360,0.0270776962,0.0030344028,0.0533822961,0.0784467208,0.0026510759,0.0006055921,0.0057080273,0.0001352918,0.0000000000,0.2359489756,0.0887901044,0.1471588713,0.0000000000,1.0601947125526152,9.24,3.810380934249468
0.0115538808,0.0240007843,0.8588299484,0.8588299484,0.0034804441,0.0003196979,0.0789781604,0.0228797105,0.0058952286,0.0113215670,0.9210218396,0.0029604022,0.0067925140,0.0240924310,0.0348832996,0.0586475075,0.0000000000,0.7534404818,0.7466479679,0.0117052045,0.6452440680,0.0486558836,0.0196464994,0.0034868380,0.1077083418,0.4657465052,0.0010592656,0.0017775201,0.0080606488,0.0002280511,0.0002131319,0.1515154744,0.0684558380,0.0823690891,0.0000000000,0.4276229819389518,5.36,3.4163033536231477
0.0113816425,0.0159687397,0.8071566428,0.8071566428,0.0051463544,0.0000660280,0.0711369823,0.0000000000,0.0048246659,0.0103209687,0.9288630177,0.0230852375,0.0077099575,0.0021974118,0.0248595419,0.0047995753,0.0000000000,0.5975988258,0.5898888683,0.0086211439,0.5378837630,0.0329366151,0.0527554475,0.0330665582,0.2505444339,0.1685807083,0.0016278543,0.0008112200,0.0039548131,0.0000896660,0.0000000000,0.3634608972,0.0092742929,0.3541767002,0.0000000000,0.6703284497927281,9.23,2.2240498196240828
0.0097803641,0.0870187730,0.8693927990,0.8693927990,0.0041733890,0.0001987328,0.0941008876,0.0013839030,0.0232842584,0.0117685955,0.9058991124,0.0507455190,0.0072528441,0.0095870513,0.0909419393,0.0229662859,0.0000000000,0.7022034048,0.6949505607,0.0001878928,0.5381314057,0.1244302240,0.0098589539,0.0876782046,0.1347724600,0.1813915633,0.0023893103,0.0009602408,0.0051751830,0.0001291763,0.0008500344,0.1476069860,0.0603587669,0.0872482191,0.0000000000,0.9974540409851792,10.24,3.4467951220961988
0.0048332038,0.0104268767,0.5947122047,0.5947122047,0.0069287187,0.0012843479,0.1938097813,0.0319397032,0.0000000000,0.0210987934,0.8061902187,0.0000000000,0.0105958698,0.0064555379,0.1726180417,0.0363419745,0.0000000000,0.9123601582,0.9017642884,0.0000000000,0.7034001420,0.0000000000,0.0631020381,0.0832798188,0.2761770372,0.2808412478,0.0050359955,0.0009886099,0.0088383412,0.0002281407,0.0000000000,0.0043093250,0.0000000000,0.0043093250,0.0000000000,2.005915093585531,10.45,5.988269847079513
0.0061327406,0.1774911576,0.8321257195,0.8321257195,0.0042998537,0.0000000000,0.1582425421,0.0077113352,0.0000000000,0.0157562227,0.8417574579,0.0037400801,0.0169153999,0.0240504490,0.0618409450,0.0524981754,0.0000000000,0.6849696665,0.6680542667,0.0000000000,0.5653366402,0.0885664182,0.0420193460,0.0222803095,0.2760030515,0.1364675150,0.0085419137,0.0038308988,0.0062499794,0.0001238437,0.0011476184,0.0913636349,0.0000000000,0.0913636349,0.0000000000,3.482006882567248,22.17,5.244622759266486
0.0099364128,0.0565358974,0.8661626037,0.8661626037,0.0025966878,-0.0000579383,0.0429072369,0.0016538742,0.0000000000,0.0127846053,0.9570927631,0.0060835180,0.0064429986,0.0084853225,0.0784431461,0.0280658231,0.0000000000,0.6246508890,0.6182078904,0.0031207657,0.5089376360,0.0416720984,0.0771645539,0.0117219648,0.1626959202,0.2156830987,0.0059281381,0.0011113613,0.0054290790,0.0001790819,0.0000000000,0.2953297807,0.1164993699,0.1788304107,0.0000000000,2.4027501936356743,53.62,4.2883212943114755
0.0032849917,0.0277171174,0.7863822162,0.7863822162,0.0069619426,0.0000000000,0.0829087108,0.0419956325,0.0000000000,0.0116281240,0.9170912892,0.0687235194,0.0055060940,0.0019971256,0.0426488978,0.0833753290,0.0000000000,0.5267372193,0.5212311253,0.0000000000,0.3319894731,0.1696810198,0.0000000000,0.0203258861,0.1419825671,0.0000000000,0.0008772421,0.0001306531,0.0039195924,0.0001119884,0.0000000000,0.3894208336,0.3032457958,0.0858017433,0.0000000000,0.3480836882058878,4.12,1.9408807716941947
0.0104843338,0.0909193490,0.8495715022,0.8495715022,0.0032159220,0.0000486377,0.1053511153,0.0000000000,0.0022937520,0.0110018385,0.8946488847,0.0211846188,0.0059260124,0.0132858630,0.0224647620,0.0254861334,0.0000000000,0.6250892501,0.6191632377,0.0000000000,0.5451795216,0.1764710460,0.0148986878,0.0054513088,0.1651170708,0.1832414082,0.0030349899,0.0016283888,0.0063306777,0.0001789866,0.0000875478,0.2450443089,0.0150679468,0.2187624634,0.0000000000,1.2254601121570947,11.73,3.3376596975715023
0.0063639655,0.2044376274,0.8740354019,0.8740354019,0.0025722615,0.0000285807,0.1236971972,0.0000000000,0.0000000000,0.0095840558,0.8763028028,0.0112512623,0.0024103043,0.0190728426,0.0285616295,0.0429758207,0.0000000000,0.3421774670,0.3397671627,0.0006097212,0.2578835051,0.1195434712,0.0119086180,0.0016767334,0.0372120496,0.0875426329,0.0015624107,0.0015909914,0.0070117943,0.0002476993,0.0000000000,0.4223272298,0.0708610407,0.3514757159,0.0000000000,0.6151710944606469,5.06,2.904943040816226
0.0233939053,0.0562795273,0.8838161559,0.8838161559,0.0047850958,0.0000000000,0.0942996449,0.0051681276,0.0070711421,0.0133379173,0.9057003551,0.0000000000,0.0097495625,0.0015993916,0.0358246910,0.2938256196,0.0000000000,0.7688113026,0.7590617401,0.0058332952,0.4215714210,0.0028278963,0.0927264115,0.0580573558,0.1984899202,0.0694698372,0.0022841779,0.0005661398,0.0061425234,0.0001438705,0.0005343762,0.1180513580,0.0014928901,0.1008541611,0.0000681984,0.9126407746061904,9.76,3.69748662791138
0.0180620715,0.0561180035,0.8542166022,0.8542166022,0.0045395490,0.0003720942,0.1103879392,0.0217923156,0.0021798517,0.0147039216,0.8896120608,0.0000000000,0.0118449980,0.0024744263,0.0907258627,0.0055783119,0.0000000000,0.8431281957,0.8312831978,0.0004465130,0.7463651050,0.0116372454,0.1273337282,0.0172434643,0.2426829230,0.3474677441,0.0048031157,0.0005798468,0.0055690095,0.0001240314,0.0000434110,0.0542482302,0.0422698985,0.0119783317,0.0000000000,1.900097672871015,17.64,4.242891974844232
0.0043903473,0.0416326036,0.8980833863,0.8980833863,0.0043146516,0.0000756956,0.0659687528,0.0832652073,0.0000000000,0.0109607291,0.9340312472,0.1187891725,0.0060102341,0.0131710419,0.0321630787,0.0190904412,0.0000000000,0.3529233657,0.3469131317,0.0077209556,0.1750310352,0.0877615284,0.0019756563,0.0080615860,0.0149347504,0.0622975142,0.0037166561,0.0001362522,0.0030051170,0.0000832652,0.0000000000,0.5094241075,0.2485239350,0.2522632997,0.0000000000,1.5194887585684003,22.6,2.8305688540709575
0.0070705171,0.0333037243,0.8885072488,0.8885072488,0.0042128093,0.0009725608,0.1081973909,0.0000000000,0.0000000000,0.0114178640,0.8918026091,0.0000697002,0.0099638856,0.0081468178,0.1105347788,0.0182371363,0.0000000000,0.6129499715,0.6029860859,0.0096267312,0.4726062036,0.0029111987,0.0994783832,0.0071402173,0.1144833757,0.2485930287,0.0017489885,0.0027474843,0.0071159033,0.0001750609,0.0000000000,0.3274450179,0.2044290420,0.1230159759,0.0000000000,0.6933778877357581,6.38,3.008485689388235
0.0172605569,0.0163909071,0.7440905029,0.7440905029,0.0054753669,0.0000815007,0.0816016745,0.0000000000,0.0004482540,0.0116397853,0.9183983255,0.0002204224,0.0083241877,0.0005427207,0.0401233625,0.0062681466,0.0000000000,0.8299728177,0.8216486300,0.0005167887,0.7828163131,0.0000000000,0.0478205502,0.0254782379,0.1940309981,0.5154865269,0.0013438358,0.0006529319,0.0056689311,0.0001389217,0.0000000000,0.1124274713,0.0000000000,0.0907603184,0.0000000000,0.5345768723660875,6.61,2.59385352969745
0.0224706669,0.0215167729,0.9190797427,0.9190797427,0.0040811287,0.0003214588,0.0769707403,0.0131611743,0.0045120698,0.0122002921,0.9230292597,0.0066236813,0.0076649281,0.0093164808,0.0419224166,0.0283477718,0.0000000000,0.5697239415,0.5620590133,0.0001386000,0.4917620367,0.0371459586,0.1016578421,0.0120057863,0.1687344075,0.1722180422,0.0016864938,0.0021418938,0.0074657635,0.0002492470,0.0000000000,0.3376388620,0.1416025884,0.1961294500,0.0000000000,0.6720407494321824,8.75,3.559936037585898
0.0094882510,0.1203329451,0.9034733164,0.9034733164,0.0017469343,0.0001370145,0.0901897650,0.0829622525,0.0000000000,0.0098307871,0.9098102350,0.0012331301,0.0049325204,0.0046584915,0.0635747071,0.0127080907,0.0000000000,0.3851476331,0.3802151127,0.0053435637,0.2767349455,0.0116804823,0.0199013496,0.0186682195,0.1365691580,0.0899157361,-0.0000342536,0.0003767898,0.0083236281,0.0002397753,0.0000000000,0.3733301363,0.0510721381,0.3222579982,0.0000000000,-0.013268538636325943,-0.15,3.406650908500388
0.0319824430,0.0435587843,0.8995155418,0.8995155418,0.0042282122,0.0000204969,0.0806259160,0.0000000000,0.0000000000,0.0115207070,0.9193740840,0.0002210734,0.0070406760,0.0000775953,0.0528101946,0.0007935218,0.0000000000,0.7177873332,0.7107466572,0.0000000000,0.6639039809,0.0059806949,0.0790330161,0.0249607997,0.3265356916,0.2273937786,0.0010555890,0.0010102031,0.0068942698,0.0001800797,0.0000000000,0.1896604986,0.0098355712,0.1798249274,0.0000000000,0.4254553286657166,5.24,3.1405062892090414
0.0043949535,0.0150447195,0.8853225138,0.8853225138,0.0042350293,0.0001421548,0.1042350293,0.1132500148,0.0000000000,0.0143694841,0.8957649707,0.1064621217,0.0089439081,0.0281881182,0.0505360422,0.0458330865,0.0000000000,0.7405970503,0.7316531422,0.0000000000,0.5359414796,0.1118758514,0.0209026832,0.0000000000,0.0683409347,0.3348220103,0.0029674821,0.0012142392,0.0071314340,0.0001895398,0.0000000000,0.0977136765,0.0000000000,0.0977136765,0.0000000000,1.1836381516580678,11.53,4.344210786896276
0.0213355785,0.0267145121,0.7002724395,0.7002724395,0.0046399276,0.0000000000,0.2006529724,0.0000000000,0.0000000000,0.0118093879,0.7993470276,0.0004044311,0.0076621309,0.0055039395,0.0605727480,0.0068275322,0.0000000000,0.8293925813,0.8217304504,0.0047906701,0.7570913316,0.0026177722,0.1459518286,0.1532977679,0.2479971469,0.2072268160,0.0029597003,0.0005735568,0.0039965145,0.0001250060,0.0000000000,0.1209543103,0.0360752536,0.0848790567,0.0000000000,1.2004511011901988,5.94,3.059453416879946
0.0068062488,0.1906397874,0.8840993064,0.8840993064,0.0005185713,0.0000000000,0.1155117651,0.0003241071,0.0000000000,0.0171776755,0.8844882349,0.1225124781,0.0053801776,0.0490698127,0.4844104492,0.0649510598,0.0000000000,0.6984507681,0.6930705905,0.0000000000,0.0261878525,0.0000000000,0.0000000000,0.0000000000,0.0022687496,0.0239191029,0.0071303559,0.0018798211,0.0114085694,0.0003241071,0.0000000000,0.0811564141,0.0000000000,0.0649510598,0.0000000000,2.739129081457964,24.77,7.1284931696831
0.0071011762,0.0150278296,0.7438533897,0.7438533897,0.0023969924,0.0000000000,0.1880654648,0.0000000000,0.0000000000,0.0117466441,0.8119345352,0.0779782371,0.0034694219,0.0034849644,0.0321849760,0.0061686288,0.0000000000,0.3150387094,0.3115692874,0.0003816537,0.1978071319,0.0972975120,0.0138794147,0.0005198089,0.0453390760,0.0407713204,0.0054623104,0.0014506294,0.0037474592,0.0001260666,0.0000000000,0.6530439903,0.0000000000,0.6530439903,0.0000000000,2.197639951468495,11.79,3.9108430362487976
0.0137751578,0.0480039650,0.7475655799,0.7475655799,0.0050566530,0.0000329088,0.1259712251,0.0001648764,0.0029774153,0.0127948745,0.8740287749,0.0011102564,0.0105736968,0.0021407340,0.0601203864,0.0025751966,0.0000000000,0.7915480232,0.7809743265,0.2263985741,0.5023790735,0.0020546392,0.1239594670,0.0229663526,0.2745119027,0.0788867120,0.0031389675,0.0019033917,0.0057171559,0.0001323000,0.0000000000,0.1135247185,0.0002150706,0.1090461302,0.0000000000,1.2759371070966994,10.04,3.3617000997867077
0.0022126707,0.1871105572,0.8992344668,0.8992344668,0.0017548768,0.0000000000,0.0789694550,0.0468221471,0.0000000000,0.0069686411,0.9210305450,0.0150563341,0.0062056512,0.0077316310,0.0306976271,0.0089778479,0.0000000000,0.0997482133,0.0935425621,0.0000000000,0.0345888756,0.0203209644,0.0058241563,0.0000000000,0.0066125792,0.0018311758,0.0008392889,0.0008647219,0.0051883313,0.0001271650,0.0000000000,0.6347821664,0.6347313004,0.0000508660,0.0000000000,0.3229831901930559,4.12,2.1983619522526507
0.0090829608,0.0998872460,0.8421564002,0.8421564002,0.0050992528,0.0001999184,0.0814214467,0.0000000000,0.0000000000,0.0104717275,0.9185785533,0.0060761876,0.0083899102,0.0026255954,0.0630369476,0.0068172186,0.0000000000,0.4426740557,0.4342841454,0.0204876410,0.3462387346,0.0085271876,0.0690198399,0.0505567062,0.1407092573,0.0774257436,0.0012274992,0.0005011289,0.0042502659,0.0001279478,0.0000000000,0.4300552041,0.1281010681,0.2623916109,0.0000000000,0.4933648851158885,6.07,2.2602671556155527
0.0155096695,0.0311545771,0.8788836454,0.8788836454,0.0027403501,0.0000000000,0.0777405280,0.0000000000,0.0000000000,0.0120931292,0.9222594720,0.0000000000,0.0105841572,0.0162143310,0.2118895603,0.0467923669,0.0000000000,0.6224438228,0.6118596656,0.0000000000,0.3590997416,0.0004840099,0.0550845950,0.0009893731,0.1593531350,0.1431886286,0.0018435082,0.0006833081,0.0080573409,0.0002206516,0.0000000000,0.3114390041,0.0560454969,0.2553935071,0.0000000000,0.7370360621216109,9.35,3.9821952836442844
0.0066941560,0.0259366728,0.9459885970,0.9459885970,0.0029525555,0.0000000000,0.0487426186,0.2027336591,0.0000000000,0.0112502545,0.9512573814,0.1200366524,0.0059814702,0.0118356750,0.0990378742,0.0253003462,0.0000000000,0.5695632254,0.5635817552,0.0000000000,0.1917888414,0.1044084708,0.0119629403,0.0053196905,0.0163917736,0.0537059662,0.0022907758,0.0002036245,0.0054978619,0.0001781715,0.0000000000,0.1839747506,0.0395795154,0.1443952352,0.0000000000,0.9795651818998121,18.92,3.7539763649187456
0.0155218651,0.0156068751,0.7142584112,0.7142584112,0.0048311014,0.0003315994,0.0829257676,0.0001151554,0.0003533041,0.0111308865,0.9170742324,0.0000000000,0.0088446596,0.0009996214,0.0325648669,0.1104020914,0.0000000000,0.8974658573,0.8886211978,0.0022657281,0.7387599872,0.0004395199,0.0419328505,0.0183446801,0.1289632154,0.5490797213,0.0009616382,0.0007711193,0.0055208281,0.0001278165,0.0000283367,0.0570308713,0.0000000000,0.0570308713,0.0000000000,0.3872072314288463,4.65,2.6536148804584463
0.0040666411,0.1392420083,0.7705314140,0.7705314140,0.0054042101,0.0004206870,0.1986991063,0.0256996618,0.0000000000,0.0125235288,0.8013008937,0.0509408827,0.0059597327,0.0043255255,0.0205813032,0.0093468025,0.0000000000,0.5817184525,0.5757587198,0.0000000000,0.5008009234,0.1175658402,0.0738952921,0.0807449396,0.0770558381,0.1515390133,0.0016935349,0.0006795713,0.0052424074,0.0001294422,0.0000000000,0.2168803361,0.0567442061,0.1030629251,0.0000000000,0.7050812443336674,3.38,3.20689969327948
0.0058308880,0.0265183361,0.7724814632,0.7724814632,0.0017357062,0.0000000000,0.1501060408,0.0000000000,0.0000000000,0.0069645211,0.8498939592,0.0000000000,0.0029018838,0.0003145967,0.0175848733,0.0021642087,0.0000000000,0.2954226173,0.2925207336,0.0000000000,0.2758145615,0.0000542408,0.0128008331,0.0045182602,0.1411183372,0.1173228902,0.0005207119,0.0006346176,0.0051908463,0.0001681465,0.0000000000,0.6694239083,0.0000000000,0.6694239083,0.0000000000,0.20784619381657576,1.38,2.1551832548520964
0.0043423800,0.1402296451,0.8413778706,0.8413778706,0.0035073069,0.0000000000,0.1291858038,0.0104384134,0.0000000000,0.0118371608,0.8708141962,0.1631941545,0.0058663883,0.0169937370,0.1578079332,0.0213361169,0.0000000000,0.4226513570,0.4167849687,0.0011064718,0.0786221294,0.0267640919,0.0088726514,0.0000000000,0.0206471816,0.0223382046,0.0027766180,0.0007515658,0.0057620042,0.0001670146,0.0000000000,0.3773903967,0.1540292276,0.1954488518,0.0000000000,1.0780687978114392,8.57,3.5340227187174778
0.0100465116,0.0139042408,0.8668618331,0.8668618331,0.0033980848,0.0000000000,0.1269110807,0.0383036936,0.0000000000,0.0123720930,0.8730889193,0.0197537620,0.0085417237,0.0072175103,0.0995348837,0.0109274966,0.0000000000,0.7060300958,0.6974883721,0.0190369357,0.5567222982,0.0891928865,0.0376306430,0.0010670315,0.2386757866,0.1901559508,0.0025335157,0.0005198358,0.0063529412,0.0001313269,0.0000000000,0.2315348837,0.0287332421,0.1960547196,0.0000000000,1.0155401774453572,8.06,3.738722565128433
0.0309246063,0.0132854041,0.9133509920,0.9133509920,0.0065531683,0.0004213353,0.0806365534,0.0000000000,0.0090011264,0.0137888998,0.9193634466,0.0074021589,0.0121913368,0.0029570716,0.0961227322,0.0120270160,0.0000000000,0.8652962970,0.8531049602,0.0072912073,0.7403219283,0.1304868389,0.1061350632,0.0466572662,0.3180484592,0.1389943007,0.0018630042,0.0011165385,0.0057231378,0.0001369340,0.0000000000,0.0675941193,0.0497372272,0.0178568921,0.0000000000,0.7500953346289654,9.13,3.1608246703224436
0.0048011171,0.0090546964,0.8827910558,0.8827910558,0.0044568139,0.0000789028,0.0810977534,0.0626440574,0.0000000000,0.0110057480,0.9189022466,0.0096261441,0.0066876118,0.0067091307,0.0261072696,0.0180974378,0.0000000000,0.5757801815,0.5690925697,0.0000000000,0.5211937758,0.0368834821,0.1066622672,0.0010089997,0.0437623734,0.3328766534,0.0028405015,0.0005618837,0.0037419065,0.0000836848,0.0000000000,0.3356023872,0.1841280999,0.1514742872,0.0000000000,1.1606578037872812,14.08,2.7696006249044127
0.0011058477,0.1247959764,0.9199509812,0.9199509812,0.0051012542,0.0000000000,0.0765241293,0.0000000000,0.0000000000,0.0126906657,0.9234758707,0.0000000000,0.0054494899,0.0000000000,0.1416229378,0.1096862689,0.0000000000,0.5753491661,0.5698996762,0.0000000000,0.3012026094,0.0000000000,0.0173745687,0.0509221600,0.2183570718,0.0145488088,0.0024801825,0.0003057031,0.0049337821,0.0000877235,0.0000000000,0.2867255743,0.0562945595,0.2059481847,0.0000000000,0.9593670028649908,13.11,3.0145408038687487
0.0080673157,0.0094677471,0.7249220417,0.7249220417,0.0077676471,0.0000000000,0.1037713736,0.0000000000,0.0000000000,0.0164610030,0.8962286264,0.4134981412,0.0097288444,0.0007239518,0.1051688380,0.0043941502,0.0000000000,0.8294974766,0.8197686321,0.0000000000,0.3064363471,0.2012408060,0.0005014257,0.0000000000,0.1002940313,0.0044000843,0.0040232733,0.0006141722,0.0043288759,0.0001097796,0.0000000000,0.1346787760,0.1050857616,0.0291420281,0.0000000000,1.6086411075422846,15.62,3.6722141540042643
0.0039771869,0.1308477562,0.8295455027,0.8295455027,0.0047971818,0.0000776243,0.1632170898,0.0000000000,0.0015694222,0.0119188586,0.8367829102,0.0000000000,0.0071442584,0.0000014114,0.0312289621,0.0001086740,0.0000000000,0.8111076141,0.8039633557,0.0000000000,0.7786775924,0.0000000000,0.0309509259,0.4352648612,0.2606708716,0.0517909338,0.0016414011,0.0002667453,0.0049637212,0.0000889151,0.0000000000,0.0491446508,0.0278628901,0.0208583554,0.0000000000,0.6412699681777361,4.03,2.8603455825771738
0.0100125156,0.1113585233,0.9082442010,0.9082442010,0.0033477430,0.0002303493,0.0770979061,0.0000000000,0.0000000000,0.0129072383,0.9229020939,0.0147961025,0.0096669917,0.0237566897,0.0396431122,0.0381381635,0.0000000000,0.6885293734,0.6788623817,0.0036395187,0.5921896235,0.0259450079,0.0344909665,0.0213917704,0.1112817402,0.3990801385,0.0025799120,0.0004990901,0.0065572764,0.0001842794,0.0009905019,0.1815613075,0.0057894454,0.1757718621,0.0000000000,1.0437537859372816,13.61,4.025071832983766
0.0070743232,0.1058779400,0.8791376565,0.8791376565,0.0034417405,0.0000000000,0.1055752247,0.0123718396,0.0175179984,0.0105687098,0.8944247753,0.0678411140,0.0088313876,0.0119769936,0.0507903500,0.0260795746,0.0000000000,0.5487963779,0.5399649903,0.0052514511,0.3988338883,0.0795548770,0.0112070441,0.0067058003,0.1358270048,0.1655391621,0.0023690757,0.0015596415,0.0062714697,0.0001513576,0.0000000000,0.2781097408,0.1110306795,0.1667697653,0.0000000000,0.9434734893777333,8.8,3.115683785426339
0.0072979929,0.0263077687,0.7551814056,0.7551814056,0.0050798095,0.0000000000,0.0978597070,0.0000000000,0.0000000000,0.0104813402,0.9021402930,0.1813943513,0.0056216558,0.0062707426,0.0658851286,0.0105716479,0.0000000000,0.6189578489,0.6133361931,0.0349039352,0.3262027860,0.1555211884,0.0206014494,0.0000000000,0.0178809293,0.1321992188,0.0015295871,0.0002596347,0.0040920687,0.0001015962,0.0000000000,0.3296175468,0.0305522317,0.2990653151,0.0000000000,0.6086946756061677,6.47,2.2699510193432086
0.0216322790,0.1463167917,0.8554469675,0.8554469675,0.0016113356,0.0000890787,0.1251417837,0.0000000000,0.0272877897,0.0097947032,0.8748582163,0.0004275780,0.0058890950,0.0000000000,0.0529939367,0.0007601386,0.0000000000,0.6567677084,0.6508786134,0.0000000000,0.6025365668,0.0000000000,0.0287486811,0.0202802615,0.1644690610,0.3890385632,0.0018666946,0.0106340229,0.0162004549,0.0002612977,0.0000000000,0.1386876919,0.0000000000,0.1357322570,0.0000000000,0.7463572542284345,6,3.5359815417315748
0.0084933674,0.0422011795,0.7996673304,0.7996673304,0.0048063517,0.0003281654,0.1019283184,0.0000000383,0.0329004401,0.0131316722,0.8980716816,0.0140028732,0.0079349538,0.0005171440,0.1226721604,0.0038095224,0.0000000000,0.7217803265,0.7138453726,0.0217576387,0.5396860202,0.0108312970,0.0457042724,0.1149694272,0.2111714737,0.1570095498,0.0025265826,0.0009524381,0.0054893402,0.0000968448,0.0000337434,0.1662522627,0.0201451163,0.1287328792,0.0002816293,1.011119317810215,9.87,3.6479205145233764
0.0105609066,0.0637519257,0.8308299192,0.8308299192,0.0049783763,0.0004188797,0.1143206164,0.0000000000,0.0064244552,0.0127776418,0.8856793836,0.0000000000,0.0081517671,0.0000015472,0.1146206214,0.0054152706,0.0000149202,0.6853491466,0.6771973795,0.0173159105,0.4198621059,0.0007217735,0.0388314479,0.0217058104,0.1097958721,0.2488072019,0.0017731328,0.0017209825,0.0067426479,0.0000804651,0.0000000000,0.2058819208,0.0035873258,0.1803749899,0.0035887973,0.7056335570560827,6.28,3.280206390330524
0.0084419561,0.0127829255,0.7603919640,0.7603919640,0.0047689190,0.0002364362,0.1005598810,0.0000000000,0.0048516717,0.0115380887,0.8994401190,0.1063738483,0.0083367420,0.0066166683,0.0994320801,0.0124720119,0.0000000000,0.7608033631,0.7524666211,0.0097707278,0.5325572708,0.1161753127,0.0721603416,0.0292400703,0.1950658120,0.1199157341,0.0014883662,0.0016574181,0.0066261257,0.0001536836,0.0000000000,0.1868177337,0.0698976468,0.1143370210,0.0000000000,0.5995159587195882,5.93,2.906060552232708
0.0175454560,0.0423039554,0.8983022821,0.8983022821,0.0030391915,0.0005321762,0.0785683323,0.0000000000,0.0011626483,0.0100596995,0.9214316677,0.0000770682,0.0085899952,0.0346113315,0.0706684355,0.0784731463,0.0000000000,0.7304135210,0.7218235257,0.0000000000,0.5740479440,0.0000018929,0.0227917728,0.0379374331,0.1543609923,0.3589558529,0.0020159420,0.0015677296,0.0054085656,0.0000970789,0.0000000000,0.1738470799,0.0223101641,0.1428311830,0.0005661133,0.7938840577858143,10.28,2.9881042530375987
0.0074408669,0.1033524707,0.8928153231,0.8928153231,0.0035909191,0.0002661254,0.0908729624,0.0000000000,0.0000000000,0.0145801250,0.9091270376,0.1596113859,0.0131785311,0.0330208429,0.1257424899,0.0568869712,0.0000000000,0.8278381390,0.8146596078,0.0012632087,0.4820134695,0.1860748983,0.0269247965,0.0007735379,0.0473596809,0.2208805558,0.0034738239,0.0006670877,0.0068163593,0.0001987070,0.0001596753,0.0542931354,0.0015470758,0.0527460596,0.0000000000,1.4143106860634778,15.52,4.703148846992004
0.0121310493,0.0119559173,0.7860230235,0.7860230235,0.0045010725,-0.0003141543,0.1001700766,0.0025583713,0.0038492926,0.0150396845,0.8998299234,0.0842529267,0.0066640427,0.0007763583,0.2417344927,0.0153935595,0.0000000000,0.6650970989,0.6584330563,0.0062036442,0.3149089675,0.1260516946,0.0073392938,0.0158774293,0.1165042934,0.0491362563,0.0047953664,0.0012367568,0.0052774307,0.0001155510,0.0000000000,0.2734875458,0.0601515162,0.1445272159,0.0000000000,1.8910947309586663,19.56,4.4490897640256
0.0122997712,0.0351830664,0.8952065147,0.8952065147,0.0028498178,0.0000000000,0.0805364861,0.0000000000,0.0000000000,0.0091568495,0.9194635139,0.0039374806,0.0070168376,0.0057914513,0.0341413114,0.0196061813,0.0000000000,0.5943017770,0.5872849394,0.0164526655,0.5197262480,0.0120949515,0.0289996327,0.0000000000,0.0435877334,0.4350439303,0.0009181569,0.0006038647,0.0057879199,0.0001730373,0.0000000000,0.3455695398,0.1431759754,0.2023935644,0.0000000000,0.36756065192536397,4.5,2.6346943216141563
0.0116620455,0.0364364736,0.8390366943,0.8390366943,0.0075595575,0.0000927326,0.1147787865,0.0000222558,0.0149540510,0.0138616616,0.8852212135,0.0305794857,0.0078952493,0.0009328895,0.1481866150,0.0017192615,0.0000000000,0.9176015653,0.9097063160,0.0019510929,0.7351651103,0.0254736315,0.1785787809,0.0188191437,0.2945853464,0.2177082078,0.0004766453,0.0005230116,0.0061055111,0.0001205523,0.0000000000,0.0180717194,0.0112651502,0.0067490750,0.0000000000,0.1985215167970832,1.66,2.759239503897182
0.0017432768,0.2441484862,0.9233983644,0.9233983644,0.0043069193,0.0000000000,0.0744866306,0.0000000000,0.0000000000,0.0122798472,0.9255133694,0.0187274079,0.0041915554,0.0052554670,0.0952008614,0.0230727818,0.0000000000,0.2691824544,0.2649908991,0.0000769093,0.1298356705,0.0120747558,0.0636552414,0.0000000000,0.0366088138,0.0174968595,0.0022816418,0.0011151845,0.0068064706,0.0002307278,0.0000000000,0.4830671418,0.0571051350,0.4259620068,0.0000000000,0.9368544322951619,12.27,3.3780710508272063
0.0175417873,0.1097234229,0.8858897880,0.8858897880,0.0045425014,0.0000000000,0.0681858452,0.0000000000,0.0015517528,0.0123656982,0.9318141548,0.0028296669,0.0086715600,0.0088219028,0.0575974141,0.0114314249,0.0000000000,0.6744272206,0.6657556607,0.0005261999,0.6020425148,0.0096219415,0.0800199741,0.0319478525,0.2313185604,0.2491341863,0.0033343893,0.0041129504,0.0077641336,0.0002308836,0.0000000000,0.1703062161,0.0450545261,0.1252516900,0.0000000000,1.330277194636048,19.83,3.3522959315735887
0.0154826488,0.0167087883,0.6767844667,0.6767844667,0.0069864163,0.0002461657,0.1013686812,0.0574949243,0.0148895068,0.0151122281,0.8986313188,0.0004008984,0.0106789015,0.0021732913,0.0158624473,0.0048107806,0.0000000000,0.7902832546,0.7796043531,0.0000000000,0.7568727112,0.0678713937,0.1312907053,0.0340013410,0.0739364471,0.4497728242,0.0036479409,0.0019036812,0.0049584801,0.0001195662,0.0000000000,0.0729681954,0.0024030459,0.0611147320,0.0000000000,1.4910659420558934,14.57,3.598571369242909
0.0050609515,0.0262949434,0.9258240549,0.9258240549,0.0030365709,0.0000000000,0.0686529067,0.1753509660,0.0000000000,0.0107600229,0.9313470933,0.0772345201,0.0053029970,0.0165691150,0.0324781059,0.0271751089,0.0000000000,0.3122387009,0.3069357039,0.0000000000,0.1690577829,0.0995907231,0.0000000000,0.0000000000,0.0178893632,0.0515776966,0.0034546495,0.0003520662,0.0045328522,0.0001320248,0.0000000000,0.4721427628,0.2153104784,0.2466003609,0.0000000000,1.2853838753914486,19.54,3.0091947617720813
0.0161936090,0.1109874023,0.7196708806,0.7196708806,0.0044204474,0.0000000000,0.1629215960,0.0000000000,0.0027228192,0.0132789798,0.8370784040,0.0000000000,0.0119407197,0.0021054999,0.1796487453,0.0105539559,0.0000000000,0.7218932302,0.7099525105,0.0000000000,0.5294858171,0.0001896052,0.0642475098,0.0362498732,0.3141361718,0.1146626570,0.0022620344,0.0008311764,0.0068632682,0.0002072429,0.0011376313,0.0899015376,0.0172386424,0.0633391685,0.0000000000,0.9160489362984392,5.58,3.986081452766969
0.0173666020,0.0202827105,0.8688807624,0.8688807624,0.0036012400,0.0001474106,0.1028876582,0.0000000000,0.0305012107,0.0111760136,0.8971123418,0.0089910615,0.0071664463,0.0046250883,0.0815393332,0.0112449690,0.0000000000,0.6522483305,0.6450818841,0.0039928607,0.5354318482,0.0582723777,0.0538723362,0.0515801020,0.2184205220,0.1532865103,0.0033711158,0.0025875467,0.0059368785,0.0001367642,0.0000000000,0.2514617805,0.1128116648,0.1382239353,0.0000000000,1.3441503630257425,12.86,3.3310137769763224
0.0092948817,0.0443938321,0.9065402727,0.9065402727,0.0053922625,0.0003077775,0.0563971561,0.0223138715,0.0000000000,0.0131975008,0.9436028439,0.1270074790,0.0080022160,0.0155550768,0.1015481210,0.0255763134,0.0000000000,0.6290357330,0.6210335170,0.0029177311,0.3719860885,0.0846757564,0.0998368779,0.0111230802,0.1384075590,0.0379428149,0.0024437537,0.0004801330,0.0053861069,0.0001231110,0.0000000000,0.2621095072,0.1434058662,0.1098396479,0.0000000000,0.960471284146478,17.2,3.298840332745803
0.0053839307,0.1008401537,0.7891800360,0.7891800360,0.0056878623,0.0001736752,0.1316240801,0.0000000000,0.0000000000,0.0159129887,0.8683759199,0.2830905499,0.0108981178,0.0134381174,0.0702516119,0.0169333304,0.0000000000,0.6234287823,0.6125306645,0.0000000000,0.2531315807,0.2391507284,0.0000000000,0.0000000000,0.0068384604,0.0071423919,0.0032781191,0.0003690598,0.0064911100,0.0001736752,0.0000000000,0.2513079912,0.2513079912,0.0000000000,0.0000000000,1.2604998173944801,10.06,4.138158255999121
0.0038784868,0.0098108521,0.8611291555,0.8611291555,0.0033148643,0.0005731754,0.0701089033,0.0000000000,0.0000000000,0.0114826137,0.9298910967,0.2226404280,0.0062762705,0.0122372946,0.0495796714,0.0238823080,0.0000000000,0.6306839893,0.6244077188,0.0000000000,0.3308941536,0.1751241880,0.0117978601,0.0055980130,0.0211788307,0.1171952618,0.0035632404,0.0005922812,0.0045280856,0.0001241880,0.0000000000,0.3462074895,0.2020729843,0.1441345052,0.0000000000,1.406472412590379,20.39,3.3418508186068783
0.0328951000,0.0387989241,0.7576598853,0.7576598853,0.0055027541,0.0000000000,0.0886088758,0.0000000000,0.0052433465,0.0116899030,0.9113911242,0.0040934898,0.0070555206,0.0066618097,0.0696481990,0.0232436629,0.0000000000,0.6585495984,0.6514940778,0.0012749611,0.5540175073,0.0713849426,0.0639301917,0.0036206687,0.2012414773,0.2138402270,0.0004157882,0.0006899140,0.0063545680,0.0000956681,0.0000000000,0.2402133398,0.1008157543,0.0971730084,0.0000000000,0.16625684843959487,1.88,2.6688649288887962
0.0348205280,0.0333639664,0.7705326562,0.7705326562,0.0076283899,0.0005542102,0.0773756803,0.0002636658,0.0025265842,0.0141061217,0.9226243197,0.0694669855,0.0123526159,0.0025457831,0.0989271617,0.0080904451,0.0000000000,0.7902730349,0.7779204190,0.0000000000,0.6101150402,0.1248150499,0.0563528105,0.0476659175,0.2518303016,0.1294509607,0.0021963619,0.0027339330,0.0059388807,0.0001599914,0.0061500694,0.0999946243,0.0411792262,0.0578746487,0.0008434747,0.8977624604760207,11.38,2.9416636878035174
0.0117379938,0.0410287179,0.8997634395,0.8997634395,0.0052351596,0.0000000000,0.0899285421,0.0000000000,0.0034443293,0.0123763927,0.9100714579,0.0905998333,0.0092122483,0.0111478529,0.1488391535,0.0303451988,0.0000000000,0.7650859870,0.7558737387,0.0000000000,0.4949808012,0.1487109455,0.0680311454,0.0433467856,0.1878175038,0.0470744209,0.0012141345,0.0014904779,0.0070972967,0.0001466949,0.0000271302,0.1482754225,0.0113127946,0.1342361673,0.0000000000,0.4863701310840598,5.39,3.0766243036925256
0.0024150650,0.0429623993,0.5831085445,0.5831085445,0.0083722138,0.0003267096,0.0852505182,0.0000000000,0.0000000000,0.0199306652,0.9147494818,0.0000000000,0.0101495485,0.0000000000,0.0002392997,0.0003317094,0.0000000000,0.9207290434,0.9105794949,0.0000000000,0.9193220371,0.0019602576,0.0146683130,0.0106728011,0.0116660328,0.8803546325,0.0069396913,0.0006544536,0.0030800354,0.0000627558,0.0005934219,0.0160373901,0.0000000000,0.0000000000,0.0000000000,2.8212378187938896,33.95,4.850624714548636
0.0029029197,0.1433037459,0.7720649807,0.7720649807,0.0008373807,0.0007815553,0.0855244794,0.0959079998,0.0000000000,0.0098810919,0.9144755206,0.1267236086,0.0033495227,0.0094344889,0.0108859488,0.0104393457,0.0000000000,0.5897392955,0.5863897728,0.0000000000,0.4401272819,0.1383352872,0.0023446659,0.0000000000,0.0168592642,0.2825880645,0.0018422375,0.0011723329,0.0074247753,0.0003349523,0.0044660303,0.0868642885,0.0561045051,0.0307597834,0.0000000000,0.7510882244160574,8.64,4.1836141778036025
0.0207952601,0.0498114284,0.8833969666,0.8833969666,0.0048772538,-0.0001775134,0.1131604372,0.0000000000,0.0005005296,0.0076330769,0.8868395628,0.0000000000,0.0048190527,0.0000000000,0.0000000000,0.0021097906,0.0000000000,0.5836582896,0.5788392369,0.0000000000,0.5786384430,0.0000000000,0.0060994774,0.0000000000,0.0000000000,0.5725389656,-0.0012716945,0.0020079386,0.0060732869,0.0001076721,0.0000000000,0.2897630050,0.0505127519,0.2008084136,0.0000000000,-0.5031671030038903,-4.42,1.188457405504616
0.0186592412,0.0192651314,0.9217149958,0.9217149958,0.0037314854,0.0000000000,0.0369484177,0.0000000000,0.0000000000,0.0102457121,0.9630515823,0.0084824627,0.0035047301,0.0001850323,0.0200052607,0.0016798034,0.0000000000,0.2557165014,0.2522117713,0.0198401829,0.2070058321,0.0542797798,0.0036788782,0.0160161813,0.1112552267,0.0217757662,0.0016979438,0.0011265204,0.0059246628,0.0001469374,0.0000000000,0.7019219780,0.1541319353,0.4501746016,0.0000000000,0.6724814277298004,18.1,2.681794546980414
0.0327722952,0.2325579108,0.8497489834,0.8497489834,0.0030092490,0.0010178342,0.1438194844,0.0000000000,0.0386432811,0.0142054255,0.8561805156,0.0237937189,0.0033190246,0.0097063032,0.1449602455,0.0129958254,0.0000000000,0.3979190945,0.3946000698,0.0000000000,0.2067826113,0.0589802973,0.0412493300,0.0019864977,0.0523914187,0.0521750675,0.0034272003,0.0012341855,0.0079164884,0.0002114342,0.0000000000,0.2853082759,0.0821642991,0.0570233020,0.0000000000,1.4720557564877637,9.54,5.404828028199103
0.0019578817,0.0864810659,0.8327921303,0.8327921303,0.0026980564,0.0000000000,0.0922353278,0.0260016236,0.0000000000,0.0116040304,0.9077646722,0.1418031613,0.0042261592,0.0456043169,0.0653263932,0.0565636789,0.0000000000,0.7109975646,0.7067714054,0.0031994652,0.4440332362,0.1933049998,0.0000000000,0.0015758560,0.1034095793,0.1457428012,0.0025070436,0.0005730385,0.0069719689,0.0001671362,0.0000000000,0.1448116136,0.0228499117,0.0000000000,0.0000000000,0.9872364431281292,11,3.7378494839162237
0.0140771730,0.0617999136,0.9154659550,0.9154659550,0.0048344053,0.0001775179,0.0817647651,0.0000000000,0.0000000000,0.0135268673,0.9182352349,0.1235406546,0.0082605017,0.0370539122,0.0799422475,0.0584625763,0.0000000000,0.7220779067,0.7138174050,0.0000000000,0.4587063676,0.1270969307,0.0733030764,0.0112309686,0.0765339030,0.1705414889,0.0020651254,0.0012544601,0.0076214371,0.0001538489,0.0000000000,0.1655414001,0.0010651077,0.1639555732,0.0000000000,0.833151802526312,10.27,3.8464559713021393
0.0092325395,0.0737993755,0.8138615352,0.8138615352,0.0050383748,0.0000000000,0.0611362243,0.0000000000,0.0007133665,0.0106843658,0.9388637757,0.0570621489,0.0056011815,0.0128119186,0.0747009417,0.0207718697,0.0000000000,0.5923092641,0.5867080825,0.0137941418,0.4251735918,0.1468746303,0.0125430619,0.0024197104,0.1131797146,0.1501564746,0.0018192638,0.0013030589,0.0050150739,0.0001129198,0.0000000000,0.2992841242,0.0942271086,0.1964733169,0.0000000000,0.7320360428583664,11.79,2.413892526224739
0.0020109506,0.0519398068,0.7995942489,0.7995942489,0.0088775864,-0.0001398966,0.1000606897,0.0000000000,0.0000000000,0.0121883039,0.8999393103,0.0000000000,0.0045769093,0.0000000000,0.2629136044,0.0012595785,0.0000000000,0.6599921556,0.6554152463,0.0000000000,0.3958113420,0.0000000000,0.0689802349,0.1858432740,0.1082525282,0.0327353049,-0.0000503628,0.0004201986,0.0040178315,0.0000712201,0.0000000000,0.2562031442,0.0950976657,0.1328895982,0.0000000000,-0.01992273901438286,-0.2,1.3743048494504786
0.0139509108,0.0138396156,0.7634472139,0.7634472139,0.0042269229,0.0001721060,0.0984434735,0.0158348976,0.0120416818,0.0115425744,0.9015565265,0.1371787929,0.0085926779,0.0075382419,0.0616678676,0.0139577950,0.0057368660,0.7212376485,0.7126449706,0.0113371946,0.4908623198,0.2750494518,0.0126589686,0.0105466545,0.1132686827,0.0793385623,0.0023349045,0.0006918660,0.0048625676,0.0001239163,0.0011542574,0.1923903914,0.0074659574,0.1849244340,0.0000000000,0.9319653821802266,9.5,3.1701362820506445
0.0132179423,0.0050731203,0.8460393253,0.8460393253,0.0079617335,-0.0000167395,0.1250107238,0.1637689863,0.0000000000,0.0178903603,0.8749892762,0.0366093268,0.0110125107,0.0028237475,0.0553680497,0.0090790963,0.0000000000,0.8074107941,0.7963982834,0.0000000000,0.7074350664,0.0413487030,0.2067445612,0.0727656405,0.2484615336,0.1381146280,0.0051547255,0.0003211895,0.0048764310,0.0001182228,0.0000000000,0.0125201136,0.0091983654,0.0033217482,0.0000000000,2.082156872792238,16.84,4.141645136512814
0.0092626676,0.0907307421,0.8546609100,0.8546609100,0.0047362169,0.0000000000,0.0838100627,0.0000000000,0.0000000000,0.0112582600,0.9161899373,0.0000000000,0.0075564078,0.0006509988,0.0318274098,0.0112847822,0.0000000000,0.6476087449,0.6400523371,0.0099618884,0.5815982743,0.0649278838,0.0133310080,0.0219274064,0.3587003171,0.1227116590,0.0082604509,0.0008350466,0.0058742592,0.0001398442,0.0000000000,0.2428410229,0.0149207309,0.1649880007,0.0000000000,3.396101570796104,41.34,2.765095903083644
0.0191473559,0.0364497920,0.8290522876,0.8290522876,0.0048247178,0.0003178847,0.0814022579,0.0000000000,0.0179560309,0.0126708259,0.9185977421,0.0098930481,0.0067528223,0.0088413547,0.0642424242,0.0186304219,0.0000000000,0.7234610814,0.7167082591,0.0012774807,0.6294177065,0.0381521093,0.0493196673,0.0465329768,0.1384016637,0.3570112894,0.0034432561,0.0016904337,0.0057011289,0.0001693405,0.0000000000,0.1781372549,0.1057219251,0.0724153298,0.0000000000,1.3831766220475847,16.94,3.422818900673774
0.0089696575,0.0493331162,0.9001208976,0.9001208976,0.0065380769,0.0005331047,0.0603475856,0.0000000000,0.0035104444,0.0119638696,0.9396524144,0.0165518799,0.0068859091,0.0005285621,0.2034711186,0.2447414718,0.0000000000,0.7399892795,0.7331033704,0.0054335800,0.2692457947,0.0131063296,0.0676072845,0.0054608355,0.1355036720,0.0475676732,-0.0000619738,0.0009416129,0.0058252156,0.0001437404,0.0000000000,0.1746675639,0.1271073536,0.0447022758,0.0000000000,-0.024793257012938254,-0.41,2.294028163304432
0.0069827898,0.0306558294,0.9578334266,0.9578334266,0.0017308895,0.0000723946,0.0366843266,0.0396590872,0.0000000000,0.0118398105,0.9633156734,0.0001711145,0.0063575636,0.0195004771,0.0163677647,0.0446806410,0.0000000000,0.5484023824,0.5420448188,0.0003093225,0.4866629372,0.0185527658,0.0684589819,0.0022244891,0.0616999572,0.3357267432,0.0054493402,0.0012241272,0.0058113133,0.0001974399,0.0000000000,0.3734640824,0.1715291717,0.1414722432,0.0000000000,2.167950723632103,52.27,4.154748138680948
0.0003099677,0.0201478989,0.8534959926,0.8534959926,0.0026568658,0.0000000000,0.1438471417,0.1045476686,0.0000000000,0.0088783598,0.8561528583,0.2172209184,0.0109374308,0.0083912678,0.0580746579,0.0222512509,0.0000000000,0.3596510650,0.3487136341,0.0000000000,0.0620820972,0.0412257007,0.0000000000,0.0000000000,0.0152769783,0.0055794181,0.0010406058,0.0001549838,0.0052694505,0.0001107027,0.0000000000,0.4790993225,0.0861710136,0.3929283089,0.0000000000,0.4148324672602301,2.89,2.6512247762144567
0.0023406326,0.0775879968,0.8385369019,0.8385369019,0.0022189781,0.0000000000,0.1179351176,0.0117712895,0.0030381184,0.0086731549,0.8820648824,0.0005109489,0.0066455799,0.0042043796,0.0450851582,0.0237875101,0.0000000000,0.3316090835,0.3249635036,0.0060324412,0.2561930251,0.0280421736,0.0509699919,0.0007510138,0.0890689376,0.0873609084,0.0017112733,0.0014176805,0.0058199513,0.0001459854,0.0000000000,0.5519091646,0.2695214923,0.2723536091,0.0000000000,0.6876396768093519,5.8,2.7529116503200286
0.0061028771,0.0924149956,0.8404533566,0.8404533566,0.0024909702,0.0000000000,0.1568480923,0.0083032341,0.0000000000,0.0081786856,0.8431519077,0.0628139660,0.0054801345,0.0230414747,0.0276912858,0.0552165068,0.0000000000,0.4781832524,0.4727031179,0.0000000000,0.3324199776,0.0661767759,0.0083032341,0.0000000000,0.0065180388,0.2514219288,0.0005812264,0.0004981940,0.0052310375,0.0001660647,0.0075974592,0.3888404534,0.0869763773,0.3018640761,0.0000000000,0.229156010230179,1.48,2.3862399303287614
0.0001587944,0.0357902070,0.8612495582,0.8612495582,0.0027097495,0.0000563464,0.0836590326,0.0490162431,0.0001075704,0.0084826940,0.9163409674,0.0421317379,0.0045845478,0.0057063533,0.0347093807,0.0196392806,0.0000000000,0.3154476209,0.3108630731,0.0003329560,0.2186086538,0.0759754330,0.0059214941,0.0090871371,0.0434942962,0.0841302934,0.0024638743,0.0007222584,0.0039032686,0.0001126928,0.0000000000,0.5737395055,0.3793854145,0.1930734911,0.0000000000,0.9889742733043768,11.7,2.4187274317385543
0.0187543222,0.3004390115,0.8841694392,0.8841694392,0.0043264649,0.0001324604,0.1125156114,0.0000000000,0.0000000000,0.0131841061,0.8874843886,0.0000000000,0.0081867381,0.0000172026,0.0179612803,0.0049492006,0.0000000000,0.4358152161,0.4276284779,0.0000000000,0.4127671141,0.0009358238,0.1383643038,0.0260017960,0.0996755581,0.1477896323,0.0047272865,0.0024909428,0.0064888372,0.0001341806,0.0000000000,0.2468132103,0.0000000000,0.2468132103,0.0000000000,1.9017169431353416,17.17,3.6840674279499726
0.0161799787,0.1189973316,0.8155991589,0.8155991589,0.0060344909,0.0002121501,0.1003092677,0.0117861150,0.0000000000,0.0154539540,0.8996907323,0.0277303714,0.0096410421,0.0460507086,0.0820549327,0.1428429995,0.0000000000,0.8308126762,0.8211716341,0.0000000000,0.5741676646,0.0316857916,0.0439150645,0.0000000000,0.1355544660,0.3630123424,0.0039035613,0.0009428892,0.0053226095,0.0001225756,0.0027108065,0.0153125206,0.0012964727,0.0140160480,0.0000000000,1.5764484691266942,15.88,4.099333960817302
0.0151742738,0.0551570431,0.9199670369,0.9199670369,0.0019078656,0.0007154496,0.0724289701,0.0001872905,0.0021163823,0.0137383802,0.9275710299,0.0767478883,0.0096554480,0.0005144245,0.0580525537,0.0041528540,0.0000000000,0.6968616360,0.6872061881,0.0008078462,0.5560466728,0.1501470230,0.1383402319,0.0111862354,0.1426853707,0.1136878118,0.0054514012,0.0019128600,0.0073230573,0.0001985279,0.0001773016,0.2138807209,0.0433115452,0.1705691757,0.0000000000,2.171963709401603,29.98,4.99672707784413
0.0014800966,0.1712238062,0.8337617823,0.8337617823,0.0028822934,0.0000000000,0.1646802212,0.1057100569,0.0000000000,0.0139440679,0.8353197788,0.3710368466,0.0091921789,0.0038170912,0.0606839604,0.0044402898,0.0000000000,0.4606216406,0.4514294617,0.0000000000,0.0244605437,0.0244605437,0.0000000000,0.0000000000,0.0000000000,0.0000000000,0.0029601932,0.0000000000,0.0081015814,0.0003115993,0.0000000000,0.2477214302,0.0000000000,0.2477214302,0.0000000000,1.2261030894571268,7.26,4.931197638581413
0.0090890540,0.0163281828,0.8834179125,0.8834179125,0.0015220904,0.0005285501,0.0965206017,0.0979456798,0.0012845774,0.0143678642,0.9034793983,0.0023216060,0.0109456697,0.0136385989,0.2755184307,0.0286253349,0.0000000000,0.6460086107,0.6350629409,0.0024788329,0.3370342989,0.0007961704,0.0238382771,0.0011708388,0.2249214702,0.0863075425,0.0073160696,0.0046565930,0.0096577471,0.0001973700,0.0050747497,0.1760305890,0.0346200294,0.1414105596,0.0000000000,2.8931824345329833,31.47,5.689173347556267
0.0155716562,0.1211213110,0.9268264927,0.9268264927,0.0020863364,0.0000569001,0.0702147030,0.0123283514,0.0000000000,0.0106972157,0.9297852970,0.0386351567,0.0063348760,0.0289621425,0.0289621425,0.0297397770,0.0000000000,0.6298649571,0.6235300812,0.0000000000,0.4929633563,0.2361353463,0.0007017677,0.0044951066,0.0166337911,0.2349973447,0.0027312040,0.0010621349,0.0068280100,0.0001707003,0.0015173356,0.1926067825,0.1112775965,0.0813291859,0.0000000000,1.093529004148196,15.55,3.7134356436655866
0.0067048037,0.0295566956,0.8968505176,0.8968505176,0.0035515499,0.0000000000,0.0910469851,0.0000000000,0.0008582222,0.0163595740,0.9089530149,0.0000000000,0.0088223038,0.0001508558,0.1044961463,0.0285908506,0.0000000000,0.7942262708,0.7854039670,0.0236126097,0.5861777467,0.0009308906,0.0806112603,0.0135788603,0.2357517171,0.2553050184,0.0048356638,0.0014322101,0.0094045704,0.0001407374,0.0017477195,0.1469997636,0.1065143023,0.0347676591,0.0000000000,1.9150207275403075,21.45,5.307681824982584
0.0031201217,0.0078497359,0.7360066594,0.7360066594,0.0047879434,0.0001512607,0.1976887768,0.0000000000,0.0006880877,0.0121937837,0.8023112232,0.0211102532,0.0046070238,0.0017073670,0.0186386739,0.0020444904,0.0000000000,0.4211828188,0.4165757949,0.0063816178,0.3369009757,0.0608769757,0.0766535607,0.0199426791,0.0888137309,0.0906140293,0.0037360393,0.0013267438,0.0047335687,0.0001186358,0.0013208120,0.5263346775,0.3440408740,0.1124262110,0.0000000000,1.5141240447826525,7.61,3.180537201267375
0.0382476696,0.0973577043,0.8956340563,0.8956340563,0.0029764723,0.0002435296,0.1008753535,0.0608823888,0.0000000000,0.0158700093,0.8991246465,0.0620729777,0.0096870645,0.0168982452,0.0447553204,0.0792959290,0.0000000000,0.7887651699,0.7790781053,0.0000000000,0.5995562350,0.0495041468,0.0283576637,0.0000000000,0.0767929863,0.4449014382,0.0044647085,0.0013935302,0.0096058880,0.0002300001,0.0042752966,0.0022188248,0.0022188248,0.0000000000,0.0000000000,1.8838707835903437,17.83,6.072964792098136
0.0113650215,0.1694320357,0.8750851480,0.8750851480,0.0038218022,0.0000000000,0.1153495909,0.0018463679,0.0000000000,0.0133834781,0.8846504091,0.0001649183,0.0190373074,0.0147601873,0.1048127460,0.0213963560,0.0000000000,0.6105239382,0.5914866309,0.0045997863,0.4794138947,0.0000000000,0.0840868187,0.0040082316,0.1254060217,0.2659128228,0.0036604691,0.0009644135,0.0056825108,0.0001505776,0.0000000000,0.1874834185,0.0263582456,0.1611251730,0.0000000000,1.4782372635960546,12.79,4.119555143651529
0.0076372870,0.0719920913,0.8390936052,0.8390936052,0.0030045165,0.0000000000,0.1547229060,0.0355695982,0.0000000000,0.0136850879,0.8452770940,0.1766074163,0.0075403671,0.0119017620,0.0552249511,0.0515419954,0.0000000000,0.6267421350,0.6192017678,0.0000000000,0.3433677722,0.2712206090,0.0000000000,0.0000000000,0.0414041753,0.0307429878,0.0022679253,0.0013956464,0.0098082925,0.0003682956,0.0000000000,0.2125840780,0.0597995697,0.1527845083,0.0000000000,0.9257519261772182,5.9,5.016901312270239
0.0006898534,0.4888186260,0.8822650187,0.8822650187,0.0028169014,0.0000000000,0.1141707387,0.0000000000,0.0000000000,0.0106352400,0.8858292613,0.1657372808,0.0071859730,0.0175337741,0.0454728370,0.0210405289,0.0000000000,0.3998275366,0.3926415637,0.0000000000,0.1675768899,0.0614544409,0.0084507042,0.0000000000,0.0000000000,0.0976717448,0.0014946824,0.0001724634,0.0064961196,0.0002874389,0.0000000000,0.0999137683,0.0286289164,0.0712848520,0.0000000000,0.6016255459462587,5.27,3.2094395280235983
0.0212484684,0.0147490995,0.8644621323,0.8644621323,0.0044588158,0.0000000000,0.0159213811,0.0875180794,0.0044426941,0.0115178399,0.9840786189,0.1001391077,0.0056840689,0.0038116427,0.0497102691,0.0060802034,0.0000000000,0.4624155911,0.4567315222,0.0036343034,0.2912993210,0.1530230587,0.0041156528,0.0090489088,0.0542750279,0.0708366728,0.0011008853,0.0009212429,0.0068724723,0.0001635206,0.0000000000,0.3726312541,0.1352637979,0.2321440087,0.0000000000,0.42999338817698096,26.04,3.01195569526182
0.0149828887,0.0498172525,0.8947827692,0.8947827692,0.0041624708,0.0006078210,0.0997749257,0.0000000000,0.0185917007,0.0130671492,0.9002250743,0.0282706990,0.0119598317,0.0054623652,0.1294799218,0.0129467886,0.0000000000,0.7603961469,0.7484363152,0.0069167225,0.5642504945,0.0584972578,0.0835463047,0.0298694890,0.1786973773,0.2136400656,0.0035807279,0.0021103225,0.0067682778,0.0001604808,0.0000000000,0.1416323305,0.0913055514,0.0420198916,0.0000000000,1.4285657120219608,14.54,3.8672300387681315
0.0107687765,0.0479574761,0.9159847317,0.9159847317,0.0023274382,0.0000000000,0.0258446260,0.0000000000,0.0000000000,0.0105697192,0.9741553740,0.0000043749,0.0071616848,0.0412354672,0.0226443985,0.1053953254,0.0000000000,0.4596384159,0.4524767311,0.0000000000,0.3311174547,0.0069298159,0.0394527020,0.0012971530,0.2365018429,0.0469359408,0.0032636633,0.0009624744,0.0059476545,0.0002012447,0.0000000000,0.4599993438,0.1580995505,0.2942437467,0.0000000000,1.276924426528704,46.14,3.4027028369402768
0.0068139192,0.0286035481,0.7299898479,0.7299898479,0.0055578179,0.0001433906,0.0939494921,0.0002007468,0.0019501116,0.0126183689,0.9060505079,0.3174035985,0.0063722763,0.0054144274,0.0687299612,0.0069974591,0.0000000000,0.5641271243,0.5577548480,0.0000000000,0.1548159152,0.1176777613,0.0022999845,0.0021565940,0.0101405801,0.0225409954,0.0024777888,0.0007054815,0.0052136806,0.0001261837,0.0000000000,0.3671085008,0.0830747524,0.2836494617,0.0000000000,0.9711029436557981,10.58,2.9490857474830356
0.0240743321,0.0135482419,0.8055690112,0.8055690112,0.0038870015,-0.0000257204,0.1115297232,0.0000267921,0.0035413831,0.0110131710,0.8884702768,0.0000567993,0.0048161524,0.0005385217,0.0531159242,0.0421863446,0.0000000000,0.7040445392,0.6992283868,0.0017034433,0.6014242694,0.0004672547,0.0299107286,0.0385972715,0.2239928840,0.3084561306,0.0023952160,0.0012201134,0.0067146424,0.0001602169,0.0000000000,0.2353216663,0.0021406908,0.2047384553,0.0000000000,0.9582548186068647,8.58,3.0378090039548735
0.0020703737,0.0053088941,0.7768365070,0.7768365070,0.0055463222,0.0000000000,0.1298067335,0.0000000000,0.0000000000,0.0117859348,0.8701932665,0.1224939456,0.0104848283,0.0032955031,0.1106320338,0.0043781756,0.0000000000,0.5943871979,0.5839023695,0.0000000000,0.3508808585,0.2356807066,0.0000094971,0.0000000000,0.1095493613,0.0056412935,0.0032480175,0.0005603305,0.0036848853,0.0000759770,0.0000000000,0.3496937177,0.2349684221,0.1139940168,0.0000000000,1.3081457894057404,9.96,2.6998566856896296
0.0315793027,0.1429911905,0.8970601141,0.8970601141,0.0042731292,0.0000000000,0.1007526918,0.0000000000,0.0000000000,0.0128058865,0.8992473082,0.0000000000,0.0065750835,0.0000270024,0.0769163263,0.0052587167,0.0000000000,0.7352955075,0.7287204239,0.0000000000,0.6531204644,0.0018699160,0.1066324636,0.0512370473,0.1704323759,0.3229486617,0.0037398319,0.0004050359,0.0049481892,0.0000742566,0.0000000000,0.0642454518,0.0428595538,0.0209133561,0.0000000000,1.5199736611062336,15.03,3.7243152261586006
0.0085649911,0.0373000431,0.8643459586,0.8643459586,0.0014339993,0.0000000000,0.1048012592,0.0012504474,0.0080441626,0.0108157965,0.8951987408,0.1288672094,0.0078445499,0.0063348354,0.0301002193,0.0090743477,0.0000000000,0.5160906196,0.5082460697,0.0000000000,0.3462431512,0.2031896734,0.0010049467,0.0117840328,0.0664457925,0.0638187058,0.0047195786,0.0012022650,0.0066262241,0.0002019071,0.0000000000,0.3780458146,0.1769325722,0.1660961261,0.0000000000,1.879358350330852,18.16,4.109145083773198
0.0179658586,0.0176743206,0.8349908569,0.8349908569,0.0052736899,0.0004215667,0.0884865756,0.0284461709,0.0014015724,0.0139664499,0.9115134244,0.0314381994,0.0091663382,0.0018888378,0.0711845477,0.0037051333,0.0000000000,0.7631233165,0.7539569783,0.0000479053,0.6567119440,0.0431791056,0.1688579922,0.0079084817,0.2455379629,0.1912284016,0.0028004073,0.0008417647,0.0054461490,0.0001491908,0.0000684362,0.1522252699,0.0979636139,0.0405785319,0.0000000000,1.1407448294318856,12.77,3.775926609922732
0.0296369814,0.2435890558,0.8681169528,0.8681169528,0.0071709585,0.0010282546,0.1068919886,0.0000053648,0.0103916309,0.0170886981,0.8931080114,0.0610300429,0.0111963519,0.0016434192,0.1740736767,0.0025679542,0.0000000000,0.7055740343,0.6943776824,0.0005096567,0.4643079399,0.1058530043,0.0767936338,0.0253844778,0.1424839056,0.1137929185,0.0022192418,0.0007385551,0.0073032904,0.0001537911,0.0001609442,0.0064628040,0.0036444921,0.0012714592,0.0000000000,0.8531357119962328,8.39,4.498975846194407
0.0164566737,0.2454524851,0.8186911887,0.8186911887,0.0004742678,0.0003273707,0.1776699600,0.0083941208,0.0504234834,0.0130570548,0.8223300400,0.0015571094,0.0070636526,0.0028833805,0.0947444410,0.0102744038,0.0000000000,0.3790365228,0.3719728702,0.0000000000,0.2723052774,0.0087382797,0.0243009796,0.0017207948,0.1266798734,0.1108653499,0.0019474360,0.0017333859,0.0113866248,0.0001552912,0.0041550898,0.2862940796,0.0649830858,0.2171139334,0.0000000000,0.7768453215578762,4.39,5.7877425535663
0.0113876825,0.0500094204,0.8117441488,0.8117441488,0.0030298044,-0.0000286191,0.0983586175,0.0000000000,0.0257304419,0.0116301495,0.9016413825,0.0002977972,0.0035471734,0.0079732698,0.0639095383,0.0102464180,0.0000000000,0.6504690743,0.6469219010,0.0023822187,0.5727848650,0.0044008163,0.0042303739,0.0298528583,0.1935607118,0.3407401048,0.0047482199,0.0028719226,0.0055910511,0.0001518400,0.0000634389,0.2124135168,0.0331678993,0.1748619727,0.0000000000,1.9217917503369604,19.62,3.914301034729544
0.0183887690,0.0491164342,0.8382025328,0.8382025328,0.0054595361,-0.0010427843,0.0533565159,0.0091566805,0.0028245666,0.0102490186,0.9466434841,0.0040763387,0.0061101990,0.0065023204,0.0424999246,0.0070409487,0.0000000000,0.5541709218,0.5480607228,0.0090252552,0.4907269758,0.0197030219,0.0133989167,0.0494977830,0.1370421121,0.2710851420,0.0001594340,0.0024561449,0.0083078024,0.0002348419,0.0000000000,0.3221040113,0.1096410150,0.1961533324,0.0000000000,0.06444554514726133,1.16,2.1164827161052147
0.0076379581,0.1388441781,0.8427589804,0.8427589804,0.0058852426,0.0004548570,0.1479910484,0.0000000000,0.0104859692,0.0177661065,0.8520089516,0.0035891247,0.0114672473,0.0004803290,0.1163087448,0.0024732089,0.0000000000,0.7723738075,0.7609065603,0.0000000000,0.6258953101,0.0047778175,0.1743169565,0.0036097449,0.4181591029,0.0250316884,0.0045825323,0.0010018983,0.0066967074,0.0000982491,0.0000000000,0.0692838126,0.0063728493,0.0616980114,0.0000000000,1.840933233279083,12.35,4.950957968666678
0.0241391205,0.0204620855,0.7415654850,0.7415654850,0.0045619795,0.0000975245,0.1267430247,0.0000000000,0.0002736104,0.0114500991,0.8732569753,0.0020155064,0.0080349354,0.0023396851,0.0508734764,0.0037754625,0.0000000000,0.8374401985,0.8294052631,0.0012091232,0.7796045562,0.0021455391,0.0388671265,0.0660394396,0.2925410009,0.3800114501,0.0013969482,0.0005165187,0.0061711338,0.0001426747,0.0000000000,0.0949563578,0.0095745584,0.0723685993,0.0000000000,0.5645802531031158,4.43,2.983927357720198
0.0175359167,0.0294508689,0.7022381254,0.7022381254,0.0062157793,-0.0000215253,0.0875798498,0.0026468902,0.0032912132,0.0105387702,0.9124201502,0.0000000000,0.0033622465,0.0008811009,0.0111522403,0.0069490734,0.0000000000,0.7889928400,0.7856305934,0.0079363656,0.7626050164,0.0000000000,0.0235845164,0.0345028489,0.1597024060,0.5448152451,-0.0000911236,0.0017048011,0.0064095067,0.0001542644,0.0000000000,0.1335312701,0.0023950446,0.1278242046,0.0000000000,-0.0366187223309691,-0.42,1.8348358430994565
0.0150681217,0.0411076987,0.8184317773,0.8184317773,0.0056006215,0.0000844987,0.0681922631,0.0000000000,0.0009367804,0.0110930361,0.9318077369,0.0000000000,0.0059282819,0.0005781169,0.1070057313,0.0019562358,0.0000000000,0.7691356088,0.7632073269,0.0017854147,0.6397121938,0.0001355626,0.0335101119,0.0659588230,0.3217940955,0.2183136008,0.0004693021,0.0015720403,0.0064972802,0.0001167176,0.0000000000,0.1359650723,0.0000000000,0.1292811654,0.0034310114,0.18636899128990517,2.73,2.3432976435399486
0.0139086509,0.0271129069,0.7762705587,0.7762705587,0.0047744788,0.0001681363,0.1282013488,0.0000000000,0.0009547476,0.0106407327,0.8717986512,0.0021679956,0.0082757139,0.0030983005,0.0372684885,0.0081097997,0.0000000000,0.6019776386,0.5937019247,0.0080438784,0.5470607624,0.0000000000,0.0527229565,0.0273217811,0.1711346239,0.2958814009,0.0030190468,0.0021517004,0.0062365982,0.0001311019,0.0000000000,0.3204078232,0.0319696021,0.2605949952,0.0000000000,1.2053483637159388,9.44,2.5031635230288276
0.0121016258,0.0295530254,0.9277681102,0.9277681102,0.0043653359,0.0001491573,0.0672102620,0.0506239745,0.0000000000,0.0143389847,0.9327897380,0.0087903346,0.0075871327,0.0258937006,0.0970118829,0.0302391488,0.0000000000,0.8228310048,0.8152438721,0.0068115149,0.6761994730,0.0847909312,0.0524536370,0.0125192661,0.0621588028,0.4642768359,0.0026251678,0.0009247750,0.0081240988,0.0002088202,0.0000000000,0.0694277333,0.0115547159,0.0578730175,0.0000000000,1.028658263359894,15.83,4.2504502595613936
0.0095758521,0.0282553601,0.7245544360,0.7245544360,0.0062278967,0.0004645925,0.1355720457,0.0007330068,0.0131408962,0.0123455382,0.8644279543,0.0000000000,0.0051261053,0.0000353577,0.0684692247,0.0135952236,0.0000000000,0.7569135698,0.7517874645,0.0030730779,0.6715178944,0.0000095048,0.0990163718,0.0640852508,0.2839481390,0.2244586281,0.0028818422,0.0006307356,0.0050451248,0.0000958079,0.0000000000,0.1546431496,0.0355922718,0.0579493602,0.0044657148,1.1718601289084791,8.56,2.666162960532802
0.0190513839,0.0333656670,0.8722577302,0.8722577302,0.0029299600,0.0000000000,0.1221049205,0.0000000000,0.0000664390,0.0138326003,0.8778950795,0.0485137595,0.0075175731,0.0022024529,0.0275290006,0.0171645163,0.0000000000,0.7342639223,0.7267463492,0.0000000000,0.6408207874,0.0258049085,0.1192214678,0.0330235061,0.1623536681,0.3004172369,0.0029332820,0.0006776778,0.0078663779,0.0002557902,0.0028303015,0.1866072259,0.0049297740,0.1816774519,0.0000000000,1.170189327489013,9.7,4.664573861970825
0.0074360491,0.0228122368,0.8822237050,0.8822237050,0.0044144257,0.0000000000,0.0756367408,0.0005681934,0.0000000000,0.0110695731,0.9243632592,0.0917938303,0.0082956237,0.0113930063,0.1060948213,0.0157666386,0.0000000000,0.5711509267,0.5628553030,0.0000000000,0.3530549866,0.0733231738,0.0082548304,0.0402921971,0.1383769482,0.0928078370,0.0024621714,0.0006148144,0.0043182699,0.0000903282,0.0000000000,0.3706019645,0.1289711620,0.2364471303,0.0000000000,0.9732318062520066,12.66,2.786623232434147
0.0340923643,0.0956064681,0.9152551252,0.9152551252,0.0011292332,0.0004365592,0.0822186521,0.0000000000,0.0000000000,0.0117870988,0.9177813479,0.0005296918,0.0094646038,0.0119850056,0.0347151888,0.0197382973,0.0000000000,0.7099267745,0.7004621707,0.0000000000,0.6546816610,0.0103319014,0.0488771697,0.0128755864,0.1690706527,0.4135263507,0.0015599716,0.0010011758,0.0093423672,0.0002619355,0.0000000000,0.1603452892,0.1121200480,0.0105821954,0.0000000000,0.6295439330052501,7.64,4.688755373599183
0.0021901903,0.3059669492,0.8618728766,0.8618728766,0.0022363690,0.0000000000,0.1268925026,0.0000000000,0.0000000000,0.0133192598,0.8731074974,0.1235280536,0.0073160273,0.0123495069,0.0478939209,0.0326615430,0.0000000000,0.3511429231,0.3438268958,0.0022033842,0.1435564205,0.0581324010,0.0157403437,0.0000000000,0.0313817330,0.0383019428,0.0074215787,0.0007058746,0.0043671867,0.0000857605,0.0000000000,0.3149849919,0.1658475443,0.0960649141,0.0000000000,2.925269124759478,23.67,4.553724804586252
0.0234031574,0.1759107068,0.8322407400,0.8322407400,0.0033351172,0.0000000000,0.1478441191,0.0000000000,0.0000000000,0.0116776882,0.8521558809,0.0000000000,0.0106360613,0.0006784909,0.0267956118,0.0014621001,0.0000000000,0.6070199916,0.5963839303,0.0000000000,0.5787527235,0.0000000000,0.0285252857,0.0226386606,0.4650433852,0.0625453920,-0.0012136386,0.0005924850,0.0105882803,0.0002962425,0.0000000000,0.1745155002,0.0000000000,0.1745155002,0.0000000000,-0.4717375356356849,-3.26,3.47578546082525
0.0133365330,0.0301706212,0.7285425912,0.7285425912,0.0063946298,-0.0003279297,0.0778214173,0.0000000000,0.0000000000,0.0096044320,0.9221785827,0.0000000000,0.0067996556,0.0002497478,0.0297417065,0.0005222987,0.0000000000,0.7060413995,0.6992417439,0.0137154982,0.6620618962,0.0000000000,0.0194662129,0.0212383365,0.4414292524,0.1799280943,0.0026788167,0.0050166734,0.0051415473,0.0001107577,0.0000000000,0.1987232458,0.0016472497,0.1563247547,0.0000000000,1.0737092476309957,13.78,1.390770852152966
0.0095904906,0.0287078188,0.7251196946,0.7251196946,0.0068488084,0.0009114601,0.0923373221,0.0015873565,0.0054665384,0.0144004983,0.9076626779,0.0000000000,0.0113322969,0.0000000000,0.2205922364,0.0074901005,0.0000000000,0.8819422640,0.8706099671,0.0069567487,0.6178642372,0.0000000000,0.0272352281,0.1410093238,0.3360721054,0.1135475799,0.0014373513,0.0004604921,0.0051755759,0.0000858760,0.0000000000,0.0479121341,0.0000000000,0.0468101912,0.0147071756,0.5801202155798475,6.2,3.2237265842924816
0.0122054971,0.2422696693,0.6632319784,0.6632319784,0.0027439776,0.0003560051,0.0632739687,0.0000000000,0.0000000000,0.0093118148,0.9367260313,0.0317154880,0.0053510301,0.0000721138,0.0410893755,0.0015846790,0.0000000000,0.3657440962,0.3603930661,0.0083040466,0.2830505071,0.0565527755,0.0241846115,0.0191156469,0.1585756146,0.0246218587,0.0007110973,0.0006307680,0.0059754083,0.0001725255,0.0000000000,0.3407315448,0.0270271751,0.3137043697,0.0000000000,0.2946271208235944,4.43,2.9364021013946378
0.0098696204,0.0989929215,0.8153689478,0.8153689478,0.0037240530,0.0001936206,0.0700252713,0.0282887210,0.0000000000,0.0099802608,0.9299747287,0.0081898990,0.0046116902,0.0060173253,0.0282434590,0.0198347939,0.0000000000,0.5444887285,0.5398770384,0.0000000000,0.4881979456,0.0024164854,0.0497428870,0.0055445893,0.1183574940,0.3121364899,0.0018104781,0.0006412110,0.0044230987,0.0001131549,0.0000000000,0.3020204433,0.1130014962,0.1890189472,0.0000000000,0.7592043643706446,10.27,2.730480303337924
0.0034086945,0.1531217300,0.9006405175,0.9006405175,0.0036306561,0.0000000000,0.0956495545,0.0748327362,0.0000000000,0.0125249707,0.9043504455,0.1983701684,0.0052319498,0.0020452167,0.0203411865,0.0064368837,0.0000000000,0.4096775216,0.4044455719,0.0025684117,0.1819767258,0.1641246789,0.0000000000,0.0000000000,0.0028537908,0.0149982560,0.0043916669,0.0000475632,0.0045502109,0.0001268351,0.0000000000,0.3555664775,0.0166471129,0.3389193646,0.0000000000,1.7757263971024249,18.71,3.848891556965825
0.0000000000,0.7290232600,0.8578755568,0.8578755568,0.0053088586,0.0000000000,0.1370855266,0.0026994196,0.0000000000,0.0140369820,0.8629144734,0.1342961263,0.0093579880,0.0217303280,0.0040041391,0.0255545058,0.0000000000,0.2514959284,0.2421379403,0.0000000000,0.0876411572,0.0864714086,0.0000000000,0.0000000000,0.0011697485,0.0000000000,0.0039141585,0.0000899807,0.0028343906,0.0001799613,0.0000000000,0.0201106762,0.0201106762,0.0000000000,0.0000000000,1.5658042744656917,11.61,3.794249951105026
0.0081465937,0.1777622747,0.8169660690,0.8169660690,0.0035331912,0.0000000000,0.1795570008,0.0227294464,0.0000000000,0.0144140698,0.8204429992,0.1608052075,0.0092774399,0.0401253495,0.0885773279,0.0861018437,0.0000000000,0.6522282171,0.6429507772,0.0038482528,0.3064649522,0.1587854374,0.0006244972,0.0174859207,0.0345386316,0.0950304653,0.0055810918,0.0010464547,0.0047540550,0.0001294003,0.0000000000,0.1336817765,0.0258238018,0.0914466392,0.0000000000,2.2583564310228055,12.62,4.624775068301519
0.0048367109,0.0485074777,0.8380303437,0.8380303437,0.0041027821,0.0000000000,0.0955430872,0.0475289060,0.0000000000,0.0110731001,0.9044569128,0.0672206559,0.0089795984,0.0065452008,0.0848951043,0.0151678611,0.0000000000,0.5239008113,0.5149212129,0.0000000000,0.3530919256,0.0708140995,0.0246287243,0.0258920443,0.0828978556,0.1488592020,0.0035974541,0.0013114465,0.0046642577,0.0001604216,0.0000000000,0.3721419891,0.0705694565,0.3000445170,0.0000000000,1.4471739169891684,15.27,2.8945681047906935
0.0018113713,0.3018974969,0.9054600883,0.9054600883,0.0019890908,0.0004101218,0.0844372445,0.0000000000,0.0000000000,0.0118320141,0.9155627555,0.0366102066,0.0140193304,0.0231923881,0.0393306812,0.0479432391,0.0000000000,0.4591655388,0.4451462084,0.0000000000,0.3332786504,0.0296859834,0.0024265540,0.0322013971,0.1042666339,0.1646980820,0.0048052605,0.0016609933,0.0062885344,0.0001640487,0.0000000000,0.2339334782,0.0311009036,0.1995789416,0.0000000000,1.8183405379365198,22.98,3.9357838598696953
0.0121465177,0.0593642402,0.8756489315,0.8756489315,0.0055133762,-0.0001265762,0.0998882748,0.0000000000,0.0046172898,0.0116584910,0.9001117252,0.0003822419,0.0101692785,0.0027570308,0.0700891745,0.0078500095,0.0000000000,0.7889883271,0.7788190486,0.0045092202,0.7051978496,0.0051462138,0.1398454582,0.0265419335,0.3395536932,0.1941105508,0.0025913850,0.0025641963,0.0056536610,0.0001201789,0.0001053279,0.1173036984,0.0295105339,0.0838487392,0.0000000000,1.0342032733281306,10.39,2.6091592928563276
0.0285777963,0.0861753810,0.6919557408,0.6919557408,0.0046353002,0.0000000000,0.0346645541,0.0000000000,0.0000000000,0.0097631596,0.9653354459,0.0001779206,0.0063770494,0.0004925592,0.0505669113,0.0079970634,0.0000000000,0.5129844591,0.5066074097,0.0000000000,0.4556303446,0.0004195181,0.0474673469,0.0164548475,0.3136403307,0.0776483015,0.0005094148,0.0008558918,0.0054743364,0.0001067524,0.0017979346,0.3688462878,0.0350821993,0.3326047952,0.0000000000,0.2012211981353749,5.77,2.1355484383607055
0.0076849602,0.0189026157,0.7885829922,0.7885829922,0.0066302574,0.0000988156,0.0876671189,0.0000000000,0.0036104283,0.0122167117,0.9123328811,0.0000000000,0.0076901233,0.0003181032,0.1264638054,0.0008243720,0.0000000000,0.8281291860,0.8204390627,0.0000000000,0.6972629930,0.0000000000,0.0554907939,0.0579527234,0.3129933253,0.2708261504,0.0008668240,0.0004717049,0.0048142868,0.0000704187,0.0000000000,0.1027890680,0.0245184709,0.0632096010,0.0000000000,0.34932690704372854,3.97,2.40244055691202
0.0222370923,0.0171655984,0.7958230612,0.7958230612,0.0035711770,0.0000000000,0.0839825315,0.0650841727,0.0000000000,0.0120729732,0.9160174685,0.0406212580,0.0077551595,0.0114742551,0.0299429457,0.0239487216,0.0000000000,0.6134605903,0.6057054307,0.0065295485,0.5122983729,0.0378741988,0.0913009791,0.0201944073,0.2023244347,0.1606043530,0.0024019159,0.0008593365,0.0061632739,0.0001267873,0.0000000000,0.2522363880,0.0177924914,0.2344438966,0.0000000000,0.9885239901872326,11.24,3.7671807396252324
0.1154449013,0.0918538879,0.8775697962,0.8775697962,0.0010108812,0.0000795075,0.1166034393,0.1215329048,0.0000000000,0.0129710820,0.8833965607,0.0000000000,0.0201608323,0.0002385225,0.0102905431,0.0270211944,0.0000000000,0.5498512074,0.5296903750,0.0000000000,0.5122214398,0.0000000000,0.0447854433,0.0134481270,0.1165466482,0.3374412212,0.0003521047,0.0016582994,0.0130733059,0.0003748211,0.0001590150,0.1310397310,0.0046682265,0.0543263442,0.0000000000,0.1409835879186161,1.21,5.571244337158163
0.0428384623,0.1769024836,0.7830642952,0.7830642952,0.0059771516,0.0002650622,0.1470123077,0.0165398786,0.0089591009,0.0153426812,0.8529876923,0.0026196977,0.0072185261,0.0010558309,0.0916717470,0.0102048930,0.0000000000,0.6287539428,0.6215354167,0.0013208931,0.5229367120,0.0472694180,0.1407038284,0.0333978318,0.2014030624,0.1001625715,0.0023325470,0.0007112501,0.0068783630,0.0002032143,0.0000000000,0.1176301676,0.0004417703,0.1171883973,0.0000000000,0.9980459658764682,6.38,4.343583610142883
0.0137137553,0.0212214088,0.7549413836,0.7549413836,0.0055462994,-0.0002108106,0.1230848699,0.0000000000,0.0000000000,0.0111030812,0.8769151301,0.0000000000,0.0050699373,0.0000000000,0.0425307524,0.0018017903,0.0000000000,0.8336535287,0.8285835914,0.0047315921,0.7842982190,0.0000000000,0.0168613559,0.0231053104,0.1913601420,0.5529714107,0.0029921132,0.0008193662,0.0059015328,0.0001135582,0.0000000000,0.1212085389,0.0045050580,0.0750054886,0.0000000000,1.1991795026194125,9.81,2.2992009300896656
0.0059278835,0.0392114718,0.7827077751,0.7827077751,0.0050021860,0.0001099113,0.1346853239,0.0000000000,0.0009452373,0.0103951678,0.8653146761,0.1494696168,0.0056958485,0.0132406496,0.0638731281,0.0240412680,0.0000000000,0.4897477169,0.4840518684,0.0056592114,0.2460328122,0.1578741686,0.0083215077,0.0013580153,0.0318596262,0.0466194944,0.0019930585,0.0021811290,0.0051243097,0.0001318936,0.0009550072,0.4200834837,0.1900220067,0.2201010696,0.0000000000,0.805328392143607,5.92,2.329166133734538
0.0106816192,0.0237143787,0.8879021993,0.8879021993,0.0024314850,0.0000000000,0.0874488860,0.0000000000,0.0000000000,0.0118149027,0.9125511140,0.0000000000,0.0063599190,0.0021058774,0.0544694923,0.0256891674,0.0000000000,0.6831373345,0.6767774155,0.0000000000,0.6029786748,0.0016956965,0.0833386192,0.0068419873,0.1543591240,0.3567432479,0.0042286695,0.0009895087,0.0061442568,0.0002156621,0.0000000000,0.2639324089,0.1033190827,0.1477285702,0.0000000000,1.6200792623779117,19.76,3.795311447721466
0.0099014405,0.0470059480,0.8600200296,0.8600200296,0.0041983843,0.0000034992,0.1308623589,0.0026216282,0.0073952871,0.0138170865,0.8691376411,0.0009825857,0.0099630271,0.0039156460,0.0603128458,0.0100211144,0.0000000000,0.7422819083,0.7323188813,0.0012009381,0.6714797503,0.0272835495,0.1156749713,0.0323574428,0.3358812443,0.1602825424,0.0038351636,0.0011127573,0.0067864199,0.0001252727,0.0000160965,0.1676862276,0.0879288227,0.0496408733,0.0000000000,1.536710521104006,11.75,4.080033248233687
0.0139481252,0.0560425668,0.8380544866,0.8380544866,0.0021186146,0.0000000000,0.0834525778,0.0000000000,0.0021672386,0.0125102458,0.9165474222,0.0059321210,0.0153304344,0.0030494158,0.1271863408,0.0113918951,0.0000000000,0.6153082063,0.5999777719,0.0000000000,0.4705130521,0.0681151971,0.0129478612,0.0332518303,0.3038649088,0.0523332546,0.0021880774,0.0012572762,0.0094608299,0.0001736569,0.0000000000,0.3170906211,0.1950862033,0.1220044178,0.0000000000,0.881590501212187,10.21,4.388254964653428
0.0034858435,0.1151311835,0.8803557964,0.8803557964,0.0046113667,0.0000000000,0.0902931824,0.2359883295,0.0000000000,0.0118671664,0.9097068176,0.2365674822,0.0034202791,0.0011036683,0.0194398610,0.0030378198,0.0000000000,0.3840000874,0.3805798083,0.0068514856,0.1176117054,0.1113721548,0.0000000000,0.0000000000,0.0062395507,0.0000000000,0.0034639887,0.0005026608,0.0039666495,0.0000764919,0.0000000000,0.2375181668,0.1494213937,0.0880967731,0.0000000000,1.3769961285558372,15.11,3.149905123339659
0.0212282833,0.0330813507,0.7564637401,0.7564637401,0.0039036319,0.0002721575,0.0817244223,0.0050897510,0.0033715031,0.0122958311,0.9182755777,0.0974526873,0.0066617651,0.0098870343,0.0862211137,0.0177471048,0.0000000000,0.6110950886,0.6044333234,0.0000000000,0.4069688562,0.1002717513,0.0376836555,0.0003899570,0.1073884662,0.1612350263,0.0021569496,0.0007392934,0.0066617651,0.0002559093,0.0001015513,0.2810168128,0.1103375159,0.1589440290,0.0000000000,0.8699516488737525,10.48,3.7199001604724597
0.0184022340,0.0606081042,0.8764483876,0.8764483876,0.0041375366,0.0003746637,0.0794711746,0.0000374664,0.0000000000,0.0121216208,0.9205288254,0.0000986615,0.0111599839,0.1578520778,0.0993296017,0.1800696375,0.0000000000,0.7331007920,0.7219408081,0.0000000000,0.4533993241,0.0007530741,0.1016088061,0.0535781636,0.2561913183,0.0412679620,0.0025489623,0.0018158703,0.0061282499,0.0001573588,0.0000000000,0.1718607550,0.0498839791,0.1219767758,0.0000000000,1.0109478069094642,13.04,3.394375096235021
0.0262467487,0.1257739594,0.8441684526,0.8441684526,0.0056537041,0.0000537971,0.1107858261,0.0016727157,0.0000000000,0.0133516994,0.8892141739,0.0062679923,0.0079819942,0.0026598307,0.1736871934,0.0077330261,0.0000000000,0.8154570442,0.8074750500,0.0000000000,0.6188447627,0.0444814769,0.1023697015,0.0576104812,0.2218919328,0.1924911704,0.0028750192,0.0013048934,0.0051745342,0.0000988366,0.0005529846,0.0124271393,0.0000000000,0.0124271393,0.0000000000,1.1740415729755862,10.48,3.390820591809237
0.0082005346,0.0250638318,0.7985466357,0.7985466357,0.0039665537,0.0018420007,0.1354000285,0.0000000000,0.0087528611,0.0120759467,0.8645999715,0.0000000000,0.0106285021,0.0000000000,0.1258197210,0.0101006887,0.0000000000,0.7497846631,0.7391561610,0.0001760247,0.6096714753,0.0000000000,0.0623098770,0.1714382835,0.1679136170,0.2080096978,0.0028907168,0.0016170803,0.0065435554,0.0001057452,0.0000000000,0.1740849128,0.0045761208,0.1117756877,0.0000000000,1.156438570851619,8.62,3.4870253463077767
0.0048136770,0.1267537214,0.9103259444,0.9103259444,0.0039773558,0.0005961894,0.0821747663,0.0433203331,0.0000000000,0.0136129903,0.9178252337,0.0000000000,0.0090753269,0.0476647870,0.1300217223,0.0711038612,0.0000000000,0.7064705866,0.6973952597,0.0000000000,0.5049475436,0.0000000000,0.0114904458,0.0048882007,0.3190661908,0.1695027063,0.0045266229,0.0017250849,0.0062379072,0.0001352467,0.0003808988,0.0935879283,0.0422714814,0.0513164468,0.0000000000,1.822710809981009,22.62,4.089120812670301
0.0157770549,0.0271420212,0.8324513770,0.8324513770,0.0044712352,-0.0000666973,0.0775601377,0.0000000000,0.0012332706,0.0103116525,0.9224398623,0.0000000000,0.0062821295,0.0004643641,0.0343037999,0.0024917100,0.0000000000,0.7370692205,0.7307870909,0.0130865114,0.6849446601,0.0000000000,0.0500531691,0.0757618278,0.2843015976,0.2748280657,0.0013930924,0.0022526065,0.0064608279,0.0001484959,0.0000000000,0.1847376468,0.0173010250,0.1658761570,0.0000000000,0.5602644934275205,7.17,2.50658748853139
0.0145496706,0.0173200699,0.8357802657,0.8357802657,0.0026004206,0.0002536996,0.1269233599,0.0497124315,0.0031179678,0.0121395246,0.8730766401,0.0072152159,0.0088515781,0.0315145611,0.0211763034,0.0498671883,0.0000000000,0.6916281678,0.6827765896,0.0000761099,0.6132933503,0.0289877133,0.1040878612,0.0023137401,0.1117064594,0.3661975762,0.0033031685,0.0012405909,0.0057488323,0.0001369978,0.0000000000,0.1960818638,0.1200303425,0.0506942489,0.0000000000,1.3426919581568924,10.56,4.184385620069471
0.0128369884,0.0172052888,0.7383472736,0.7383472736,0.0046332689,0.0001766457,0.0836373111,0.0004158534,0.0022514963,0.0111029167,0.9163626889,0.0000000000,0.0084348310,0.0033879168,0.0813070602,0.1633133429,0.0000000000,0.8594342039,0.8509993729,0.0029220139,0.6118917869,0.0009413742,0.0478753941,0.0442651982,0.1632794858,0.3555303345,0.0009435823,0.0006366605,0.0057439285,0.0001361644,0.0000000000,0.0900017076,0.0000000000,0.0881616485,0.0000000000,0.3760996311979338,4.51,2.712007691735126
0.0189361382,0.0378021960,0.8252042122,0.8252042122,0.0050717603,0.0000000000,0.0870885095,0.0007844883,0.0029437893,0.0113035574,0.9129114905,0.0137287517,0.0076210381,0.0123456943,0.0590023436,0.0179273926,0.0000000000,0.6086520446,0.6010310065,0.0053904200,0.5119023326,0.0201328642,0.1268451244,0.0229121707,0.2601660906,0.0818460828,0.0021345667,0.0012874183,0.0047209460,0.0001133654,0.0011410739,0.3040846571,0.0403815672,0.2599133889,0.0000000000,0.8624474945737888,9.87,2.7198620367659068
0.0103818700,0.1020078062,0.9386933436,0.9386933436,0.0025756883,0.0002637224,0.0252646014,0.0000000000,0.0000000000,0.0092742361,0.9747353986,0.0036657407,0.0043777911,0.0205615528,0.2137205950,0.0428460916,0.0000000000,0.5034635536,0.4990857625,0.0194099652,0.2237420444,0.0075072963,0.0048437006,0.0038767186,0.1019902247,0.1055241042,-0.0000615352,0.0010460987,0.0075424593,0.0001846056,0.0000000000,0.3397183445,0.2430201484,0.0966981961,0.0000000000,-0.024464724924749125,-0.9,2.8663453626425297
0.0064393348,0.0985003941,0.9142838465,0.9142838465,0.0049611570,0.0005447830,0.0769778346,0.0000000000,0.0000000000,0.0117927355,0.9230221654,0.0116765151,0.0078267154,0.0107540160,0.0408405638,0.0202949818,0.0010278239,0.6500931579,0.6422664425,0.0099186821,0.5662401621,0.0250418575,0.1109032865,0.0071620802,0.0968006712,0.3263322668,0.0017469374,0.0005919975,0.0047577713,0.0001125885,0.0002723915,0.2386149438,0.0844449933,0.1541699505,0.0000000000,0.716148135465152,9.1,2.90253142094421
0.0165271670,0.1277486168,0.7859270819,0.7859270819,0.0014186409,0.0000000000,0.2106681799,0.4580082281,0.0607887644,0.0121293801,0.7893318201,0.0092211661,0.0018442332,0.0268832459,0.0275925663,0.0311391687,0.0000000000,0.1535678820,0.1517236487,0.0000000000,0.0856149808,0.0132642928,0.0070932047,0.0000000000,0.0212086821,0.0440488012,0.0009221166,0.0010639807,0.0106398071,0.0003546602,0.0030500780,0.1761242729,0.0120584480,0.1640658249,0.0000000000,0.37837444517208757,1.75,4.988231407688814
0.0115815937,0.0524858757,0.8518693984,0.7692372581,0.0037286437,0.0002594914,0.1030520097,0.0000000000,0.0412313236,0.0100884886,0.8969479903,0.0000120684,0.0065835017,0.0264159321,0.0798851153,0.0387744759,0.0000000000,0.5898365472,0.5832530455,0.0000000824,0.4399860122,0.0007142603,0.0395811233,0.0348152143,0.1346106075,0.2155665984,0.0023108735,0.0020952898,0.0052026370,0.0000850555,0.0000000000,0.2532126987,0.0022364036,0.2361127947,0.0001128581,0.9121769913418056,9.02,2.8442654771811364
0.0125894724,0.1167521801,0.8438535926,0.8438535926,0.0031566056,0.0000000000,0.0967832183,0.0098709909,0.0063871118,0.0105044235,0.9032167817,0.0199267330,0.0073108676,0.0084510462,0.1206477904,0.0104199658,0.0000000000,0.5882688288,0.5809579612,0.0028293322,0.4344502861,0.0479614028,0.0131173328,0.0000000000,0.2287113870,0.1446601634,0.0013935517,0.0005648107,0.0065718629,0.0001478009,0.0000000000,0.2559648234,0.1929382826,0.0630265408,0.0000000000,0.5787474720902319,5.75,3.243299917869021
0.0002179741,0.2126337816,0.8595592563,0.8595592563,0.0027028794,0.0000000000,0.1171393073,0.0222551605,0.0000000000,0.0108987074,0.8828606927,0.0715391155,0.0069315779,0.0207075441,0.0422433899,0.0486736273,0.0000000000,0.4708677551,0.4639361772,0.0000000000,0.3081282560,0.1352965538,0.0145606731,0.0000000000,0.0246310788,0.1336399503,0.0038363450,0.0006757199,0.0049262158,0.0001525819,0.0000000000,0.2683261765,0.0065392244,0.2598687796,0.0000000000,1.5147277147836564,13.33,3.502235469448584
0.0148162241,0.0317285083,0.8434300898,0.8434300898,0.0042010069,0.0001514786,0.1088767679,0.0000000000,0.0106673259,0.0105025172,0.8911232321,0.0000000000,0.0098513611,0.0001082567,0.0203865977,0.0126458386,0.0000000000,0.8066785507,0.7968271896,0.0092434269,0.7643647169,0.0006511561,0.0707962564,0.0563795319,0.4182578990,0.2182798735,0.0016820185,0.0016404124,0.0057363941,0.0001009857,0.0000000000,0.1128144040,0.0085858078,0.0439518225,0.0000000000,0.6673729322898553,6.22,2.6810987692725456
0.0108038188,0.0264952979,0.8533528636,0.8533528636,0.0043616889,-0.0000163092,0.0749033511,0.0000000000,0.0024888503,0.0102258619,0.9250966489,0.0000139308,0.0056817139,0.0011926095,0.0387132593,0.0095259258,0.0000000000,0.8110403700,0.8053586561,0.0253213760,0.7374322404,0.0000152899,0.0503141897,0.0720805022,0.1916693339,0.4233529247,0.0006547460,0.0013081329,0.0065726034,0.0001325122,0.0000084944,0.1254108727,0.0284894361,0.0916104170,0.0042060720,0.26241496323620156,3.5,2.466662045575865
0.0244664618,0.1045326571,0.8719250360,0.8719250360,0.0054804531,0.0001934278,0.0737002729,0.0000000000,0.0000000000,0.0155945754,0.9262997271,0.0250123579,0.0075651744,0.0122633197,0.0459326442,0.0340819704,0.0000000000,0.7542220980,0.7466569236,0.0000000000,0.6358872961,0.0386941477,0.0311590621,0.0000000000,0.4308667713,0.1351673150,0.0033269574,0.0012809216,0.0076855295,0.0001719358,0.0000000000,0.0984848159,0.0792452019,0.0192396140,0.0000000000,1.3425030570563798,18.36,4.366828435420862
0.0173229258,0.0566733035,0.8202614297,0.8202614297,0.0029324627,0.0000830655,0.1019993606,0.0003700189,0.0001686481,0.0103152209,0.8980006394,0.0000000000,0.0056862089,0.0003272276,0.0371680213,0.0165929566,0.0000000000,0.6733538564,0.6676676475,0.0143980145,0.6058518364,0.0000000000,0.0186091820,0.0183046086,0.0760250405,0.4929130053,0.0009892342,0.0011755022,0.0073147955,0.0001761995,0.0000000000,0.2038300732,0.0748872953,0.1031622772,0.0000000000,0.3979087012153681,3.87,3.217261104925711
0.0113744699,0.0124593182,0.8930826128,0.8930826128,0.0024931786,-0.0000157796,0.0649054867,0.0669568362,0.0000000000,0.0105302607,0.9350945133,0.0000000000,0.0078003879,0.0051165390,0.0484368322,0.1241737072,0.0000000000,0.7574502778,0.7496498899,0.0000788981,0.5847279661,0.0010572340,0.0245412407,0.0310713699,0.1532581610,0.3747999606,0.0016647490,0.0010572340,0.0069140997,0.0001328117,0.0000000000,0.1344002104,0.0081225550,0.1229902364,0.0000000000,0.6805514025285495,10.29,3.436227121569465
0.0099944467,0.0335899993,0.7949190293,0.7949190293,0.0034648410,-0.0002493014,0.0543267968,0.0000149282,0.0002672152,0.0096451262,0.9456732032,0.0003537989,0.0057488595,0.0114887620,0.0352768887,0.0153297943,0.0000000000,0.7116150548,0.7058661953,0.0084075764,0.6520171018,0.0018570712,0.0352858457,0.0406868775,0.1012895001,0.4728978073,0.0011569374,0.0014256455,0.0064564574,0.0001776459,0.0000000000,0.2053317649,0.0078343325,0.1974974323,0.0000000000,0.4578227133232317,8.38,2.612941476264598
0.0294612854,0.0974716271,0.9349202883,0.9349202883,0.0035012575,0.0004226870,0.0625013209,0.0000000000,0.0050722443,0.0142586422,0.9374986791,0.0164636595,0.0071222763,0.0342587831,0.1341185919,0.0912229040,0.0000000000,0.6607513966,0.6536291203,0.0001197613,0.3957759477,0.1052138444,0.0171892722,0.0000000000,0.1330970983,0.1402757328,0.0038182728,0.0012962402,0.0078126651,0.0003311048,0.0046495572,0.1825233006,0.1378452825,0.0422757469,0.0000000000,1.5216384283889444,24.14,4.831131851617496
0.0192324996,0.0137763356,0.7848318640,0.7848318640,0.0044606534,0.0000038289,0.1261771435,0.0000000000,0.0004345787,0.0102537595,0.8738228565,0.0000000000,0.0074356986,0.0027070231,0.0449855938,0.0071485321,0.0000000000,0.7976643789,0.7902286803,0.0004058620,0.7450382410,0.0003694876,0.0099378763,0.0176243670,0.0911906881,0.6259158219,0.0027950875,0.0015258115,0.0072212810,0.0001722999,0.0000000000,0.1349854981,0.0168605041,0.0822406647,0.0000000000,1.0870799431889044,8.82,2.403425636076801
0.0118851987,0.0381165457,0.8851999868,0.8302098597,0.0041223046,0.0000855090,0.0593801605,0.0000000000,0.0016165481,0.0090508738,0.9406198395,0.0000138952,0.0063133023,0.0353047525,0.0368012887,0.0495451689,0.0000000000,0.5924073373,0.5860940350,0.0011306431,0.4743459244,0.0001015847,0.0209367993,0.0355868467,0.1122776680,0.2930523404,0.0015914940,0.0018228386,0.0044960645,0.0000808488,0.0001142401,0.3105263662,0.0027128166,0.2790687930,0.0066596566,0.6323604121384863,10.8,2.116603117865678
0.0082425337,0.0943541383,0.8388943171,0.8388943171,0.0042828803,0.0001480429,0.1306873137,0.0154546890,0.0000000000,0.0150204299,0.8693126863,0.1024101380,0.0127055329,0.0020898719,0.0943057776,0.0046327550,0.0000000000,0.6620378595,0.6493323266,0.0031301198,0.4587567360,0.0509055289,0.1087897989,0.0290238053,0.2232155899,0.0468220130,0.0056641203,0.0007229427,0.0038673733,0.0001046170,0.0000000000,0.2001791319,0.1002314404,0.0999476915,0.0000000000,2.244830355473033,17.66,4.5389357834143915
0.0044716698,0.0141843290,0.8909681886,0.8909681886,0.0082509520,0.0001057814,0.1044062776,0.0290898950,0.0002596453,0.0175693349,0.8955937224,0.0007500865,0.0085586798,0.0033273070,0.1254952495,0.0053852368,0.0000000000,0.8079682271,0.7994095473,0.0238296727,0.6525079817,0.0164345886,0.0662672616,0.0000000000,0.1349001808,0.4349059507,0.0027503173,0.0004038928,0.0059237604,0.0001250144,0.0000000000,0.1305631419,0.0092703004,0.1212928415,0.0000000000,1.0986267166042447,10.66,3.8402663218749535
0.0019916576,0.0125762529,0.8805255972,0.8805255972,0.0035824784,0.0000000000,0.1158919244,0.0163340974,0.0000000000,0.0082672579,0.8841080756,0.1323262310,0.0021294452,0.0082797840,0.0084426240,0.0107223830,0.0000000000,0.4027657736,0.4006363283,0.0000000000,0.2512244310,0.1706061403,0.0000000000,0.0000000000,0.0009645134,0.0796537773,0.0012025102,0.0000876830,0.0034947954,0.0000876830,0.0000000000,0.5459145967,0.2314080643,0.3064647452,0.0000000000,0.4815409309791332,4.11,1.9555555555555555
0.0001228124,0.1624194044,0.8343874731,0.8343874731,0.0036229659,0.0003684372,0.1413877802,0.0856923549,0.0000000000,0.0094565551,0.8586122198,0.1230273258,0.0155357691,0.0190359226,0.0264660731,0.0268038072,0.0000000000,0.3669634633,0.3514276942,0.0091802272,0.1814860301,0.0771261897,0.0093644458,0.0000000000,0.0105925698,0.0844028247,0.0005219527,0.0008289837,0.0058028861,0.0002149217,0.0013202333,0.3621123733,0.2135093644,0.1463309794,0.0000000000,0.21259633271326067,1.47,2.6016705463508147
0.0304843822,0.0220024541,0.8179588575,0.8179588575,0.0041381195,0.0003556380,0.0471161523,0.0000000000,0.0001020595,0.0106291025,0.9528838477,0.0000000000,0.0067767496,0.0135016844,0.0894088165,0.0291670298,0.0000000000,0.6423710145,0.6355942649,0.0000620208,0.5229904684,0.0002645696,0.0454643589,0.0625687429,0.2518239207,0.1628688763,0.0013063614,0.0033828793,0.0082197137,0.0001876324,0.0020066464,0.2796335594,0.0014406088,0.2781929505,0.0000000000,0.5207581506357106,10.9,2.812267616107443
0.0015298229,0.1335813501,0.8893312240,0.8893312240,0.0018079725,0.0000000000,0.1070702154,0.2030665994,0.0000000000,0.0108304504,0.8929297846,0.2515515533,0.0097352363,0.0099090798,0.0517532118,0.0150200789,0.0000000000,0.4748013838,0.4650661475,0.0061366758,0.1480451298,0.1050362464,0.0000000000,0.0000000000,0.0243902439,0.0186186395,0.0035637919,0.0001390748,0.0048154651,0.0001390748,0.0000000000,0.1817012326,0.0930062758,0.0868174469,0.0000000000,1.375642735515908,13.5,3.611910954912007
0.0261997439,0.2040463558,0.5852516828,0.5852516828,0.0058544094,0.0000000000,0.1152839199,0.0000000000,0.0000189259,0.0147621962,0.8847160801,0.0007254925,0.0089140954,0.0010409241,0.0772050242,0.0140934813,0.0000000000,0.7196192110,0.7107051157,0.0000000000,0.6281062121,0.0230958975,0.0231148234,0.0706945172,0.3008586047,0.2103423694,0.0036653145,0.0003469747,0.0044160416,0.0000946295,0.0000000000,0.0387286847,0.0000000000,0.0387286847,0.0000000000,1.4918139597582543,12.71,3.8200104157507795
0.0207319204,0.0571390800,0.8622538350,0.8622538350,0.0037866090,0.0003918810,0.0874248698,0.0000000000,0.0124552052,0.0130595517,0.9125751302,0.0764049877,0.0075543322,0.0087889933,0.1120874036,0.0140935510,0.0000000000,0.6499440507,0.6423897186,0.0000000000,0.4302074136,0.0574624998,0.0708879645,0.0063338354,0.1428146497,0.1527084642,0.0019664871,0.0007318259,0.0071836978,0.0001746939,0.0019664871,0.2386319104,0.0847879357,0.1435370328,0.0000000000,0.7857934580100465,9,4.092737812891134
0.0060305556,0.0563187546,0.8117317410,0.8117317410,0.0048339228,0.0000000000,0.1829722701,0.0000000000,0.0036017464,0.0158464993,0.8170277299,0.2092152577,0.0118419260,0.0047095203,0.0473617800,0.0428832928,0.0000000000,0.7370132755,0.7251713495,0.0000000000,0.4374463144,0.2099675961,0.0062260451,0.0016586990,0.0447078616,0.1748861125,0.0035425071,0.0001658699,0.0068006658,0.0001303263,0.0000000000,0.1956139260,0.0000000000,0.1956139260,0.0000000000,1.4186542356496186,7.82,4.598269774229654
0.0177174603,0.0122563076,0.8066503881,0.8066503881,0.0051553281,0.0013047527,0.0958119438,0.0000000000,0.0002043767,0.0124866017,0.9041880562,0.0000407272,0.0053478569,0.0000151802,0.0945960506,0.0249717223,0.0000000000,0.8022203751,0.7968725182,0.0000000000,0.6775602162,0.0008589745,0.0680200452,0.0479711355,0.2435729638,0.3171370971,0.0006057251,0.0010774206,0.0066337270,0.0001210710,0.0000000000,0.1465347598,0.0021248512,0.0733390228,0.0000000000,0.2432835396416661,2.53,3.0975979575658332
0.0015087418,0.1580776854,0.9491514560,0.9491514560,0.0035351892,0.0000098611,0.0456172529,0.0000000000,0.0000000000,0.0086087034,0.9543827471,0.0000000000,0.0027315130,0.0006606909,0.0268615212,0.0039000483,0.0000000000,0.2193296453,0.2165981323,0.0000000000,0.1885286316,0.0000000000,0.0740565433,0.0045607392,0.0816742104,0.0282371387,0.0021940853,0.0007099962,0.0035795639,0.0001134022,0.0000000000,0.6166217989,0.0999122366,0.5141358262,0.0000000000,0.89094663079522,18.29,2.0924575446159634
0.0132639079,0.1527322554,0.8662208824,0.8662208824,0.0040120581,0.0000000000,0.0922554124,0.0000000000,0.0000000000,0.0142614415,0.9077445876,0.0064346396,0.0109947931,0.0030364483,0.0523869553,0.0230419293,0.0000000000,0.7417703480,0.7307755549,0.0002082762,0.6595121951,0.0341024938,0.0886379830,0.0218032338,0.1175664566,0.3974020280,0.0011181146,0.0009208002,0.0100520691,0.0002959715,0.0000000000,0.0622965196,0.0280624829,0.0342340367,0.0000000000,0.4480980543977858,4.84,4.5818172908473915
0.0146719980,0.0841359662,0.9098193073,0.9098193073,0.0034946342,0.0001571390,0.0812032746,0.0000000000,0.0027994650,0.0131057323,0.9187967254,0.0000290366,0.0080055477,0.0022750991,0.0353426057,0.0044443002,0.0000000000,0.6053898669,0.5973843192,0.0000000000,0.5674732565,0.0106085890,0.0523768124,0.0273370580,0.3312455484,0.1459052486,0.0024322381,0.0019847336,0.0083232417,0.0001605550,0.0000000000,0.2609890532,0.0527577037,0.1745882361,0.0000000000,0.9700231180895857,12.14,4.091549046144449
0.0113879536,0.1215263749,0.8943209877,0.8943209877,0.0018106996,0.0016460905,0.0999476244,0.0523756079,0.0000000000,0.0165806210,0.9000523756,0.1752487841,0.0134081556,0.0829629630,0.0367527123,0.1872951740,0.0000000000,0.4531836887,0.4397755331,0.0000000000,0.0514178825,0.0317246539,0.0000000000,0.0000000000,0.0000000000,0.0196932286,0.0022297045,0.0028731762,0.0132435466,0.0002992892,0.0000000000,0.3563935653,0.0065394688,0.3498540965,0.0000000000,0.8084151130221296,9,5.61920892697021
0.0109331556,0.1071210276,0.9103793745,0.9103793745,0.0021875503,0.0000000000,0.0690640870,0.0000000000,0.0000000000,0.0105976700,0.9309359130,0.0006893541,0.0050460718,0.0028217560,0.0506767159,0.0093384499,0.0000000000,0.4147154117,0.4096693398,0.0000000000,0.3539603392,0.0200969691,0.1102047382,0.0021094235,0.1170890875,0.1044601209,0.0028033732,0.0009053517,0.0061122728,0.0001792321,0.0000000000,0.4245088352,0.2121831844,0.2123256509,0.0000000000,1.1186656702595397,15.81,3.627911126089736
0.0123732322,0.1086184766,0.8321865930,0.8321865930,0.0038044798,0.0000000000,0.1569781560,0.0673126959,0.0000000000,0.0138533945,0.8430218440,0.2628328920,0.0093088336,0.0050186755,0.0553557593,0.0177735120,0.0000000000,0.5673531691,0.5580443355,0.0117834800,0.2196075257,0.1257212901,0.0001618928,0.0000000000,0.0665379234,0.0271864195,0.0043595407,0.0014570348,0.0056546827,0.0001503290,0.0000000000,0.2222903200,0.0156804700,0.2061704268,0.0000000000,1.665792162602524,10.91,4.12498368281771
0.0095652963,0.0176059534,0.7357382703,0.7357382703,0.0049369271,0.0000453762,0.1070968327,0.0057990743,0.0067156729,0.0131227879,0.8929031673,0.0281059987,0.0094563935,0.0101642617,0.1675288139,0.0135402487,0.0119339323,0.6574825302,0.6480261367,0.0096197477,0.4236500590,0.0912877757,0.0202831473,0.0014701879,0.0910336691,0.2195752791,0.0040657047,0.0004809874,0.0047100463,0.0001270533,0.0000000000,0.2770033578,0.1776023233,0.0720119793,0.0000000000,1.6307438903979943,15.18,3.4996847567777296
0.0061782225,0.1645537619,0.8641813642,0.8641813642,0.0039313379,0.0005425474,0.1320577316,0.0063060478,0.0000000000,0.0121462435,0.8679422684,0.0000000000,0.0137937695,0.0141658831,0.0474544303,0.0265706178,0.0000000000,0.7656252219,0.7518314524,0.0011135003,0.6904866735,0.0004800550,0.1121595941,0.0093738549,0.1139207426,0.4545524268,0.0044738853,0.0002613317,0.0034626452,0.0000937385,0.0002357667,0.0612908082,0.0051698230,0.0561039418,0.0000000000,1.8337835320417286,13.72,3.4572882343711475
0.0260318724,0.1107273464,0.8395988177,0.8395988177,0.0043348839,0.0002418120,0.1109627102,0.0000000000,0.0089623603,0.0133585033,0.8890372898,0.0114223949,0.0087447295,0.0040922658,0.0856788430,0.0069649929,0.0000000000,0.6893021546,0.6805574251,0.0000000000,0.5875557074,0.0300080685,0.1511155999,0.0011711763,0.3278374830,0.0774233798,0.0030645646,0.0015919293,0.0065555245,0.0001539537,0.0000000000,0.1347779722,0.0049764918,0.1298014804,0.0000000000,1.2305167838751165,10.94,4.0279817904280115
0.0125497262,0.0281079780,0.7376362135,0.7376362135,0.0043388688,0.0000828978,0.0834853402,0.0000000000,0.0062398803,0.0100538404,0.9165146598,0.0000000000,0.0070075135,0.0002831788,0.0104404756,0.0013810767,0.0000000000,0.6478536278,0.6408461142,0.0000000000,0.6359223188,0.0000000000,0.0239916068,0.0768458927,0.2942993199,0.2407854994,0.0009994154,0.0015687572,0.0060004715,0.0001193728,0.0000567021,0.2424726346,0.0035437135,0.2365480974,0.0000000000,0.4000400172744553,4.78,2.5384948905149805
0.0161854307,0.0274679063,0.8580585957,0.8580585957,0.0047758514,0.0003930297,0.1030521999,0.0000000000,0.0036481447,0.0105387842,0.8969478001,0.0000000000,0.0043656943,0.0001902047,0.0233383904,0.0017145469,0.0000000000,0.7405796827,0.7362139884,0.0000000000,0.7159035491,0.0000000000,0.0421226848,0.0603111245,0.1951428383,0.4183269015,0.0004101571,0.0013972385,0.0067022377,0.0001352166,0.0000000000,0.1766974870,0.0029504269,0.1354870638,0.0000000000,0.16331834154710928,1.59,2.449729157017082
0.0149337216,0.0166679848,0.8366452679,0.8366452679,0.0051418046,0.0000476446,0.0945883364,0.0000000000,0.0064539367,0.0124395271,0.9054116636,0.0000462153,0.0084307109,0.0521984645,0.0970977772,0.0817347778,0.0000000000,0.7330754490,0.7246447381,0.0000000000,0.5540051475,0.0000000000,0.0418924623,0.1012042648,0.2036906456,0.2072177749,0.0019057838,0.0028086488,0.0081748595,0.0001567507,0.0025618498,0.1796272668,0.0094055193,0.1498279554,0.0073544196,0.7423408977870818,8.14,3.0852303184256002
0.0170360890,0.0304841672,0.7980196323,0.7980196323,0.0049787665,0.0002104609,0.0730674278,0.0000000000,0.0033887958,0.0108989841,0.9269325722,0.0000000000,0.0102526067,0.0013034654,0.0499488575,0.0046317469,0.0000000000,0.7184461236,0.7081935169,0.0016071075,0.6621063229,0.0004905400,0.0201116032,0.0159195215,0.1072381422,0.5183465161,0.0006940391,0.0012504485,0.0060776617,0.0001301323,0.0000000000,0.2089036217,0.0205598368,0.1789078524,0.0000000000,0.27916805335211686,3.81,2.5369920637242838
0.0119546133,0.0319246729,0.7712523585,0.7712523585,0.0042297756,0.0000172468,0.0902912638,0.0000000000,0.0003578709,0.0097608215,0.9097087362,0.0002026498,0.0067633292,0.0000465663,0.0521318759,0.0004622140,0.0000000000,0.6925664605,0.6858031313,0.0219956952,0.5951859032,0.0007416120,0.0363924542,0.0832640587,0.1811844406,0.2936033376,0.0007502354,0.0011098310,0.0059441066,0.0001414237,0.0000000000,0.2338380319,0.0141604779,0.1931183578,0.0000000000,0.2975303696857592,3.32,2.3204638757064906
0.0112134096,0.0522002179,0.7414468864,0.7414468864,0.0058243272,0.0001219569,0.0708759778,0.0000132562,0.0004617572,0.0102346610,0.9291240222,0.0000000000,0.0074079998,0.0063373417,0.0405153299,0.0068459375,0.0000000000,0.7369503874,0.7295423875,0.0000000000,0.6895559796,0.0000000000,0.0549826918,0.0559199043,0.2381460956,0.3405072878,0.0006022728,0.0010255871,0.0045892924,0.0000835140,0.0000000000,0.1521156435,0.0318661090,0.1177679761,0.0000000000,0.2431828405334768,3.43,1.9143945698402296
0.0156622321,0.0172518379,0.7878519064,0.7878519064,0.0039781624,-0.0000228123,0.1012194237,0.0000000000,0.0067685273,0.0099358143,0.8987805763,0.0000000000,0.0094396458,0.0000000000,0.0903830401,0.0002685635,0.0000000000,0.7350827985,0.7256431527,0.0013754809,0.6429660200,0.0001653895,0.0632773048,0.0306323168,0.2982439677,0.2506470411,0.0002099773,0.0024004811,0.0081082342,0.0001373925,0.0000000000,0.1864012485,0.0000000000,0.1789908647,0.0000000000,0.08401557088580416,0.82,2.5847041119985965
0.0060506438,0.0614847654,0.8981085679,0.8981085679,0.0001674614,0.0002644127,0.0937298936,0.1409540010,0.0101314131,0.0122379009,0.9062701064,0.0108188861,0.0076591544,0.0111758433,0.1980407019,0.0186939776,0.0154549220,0.5337919425,0.5261327881,0.0074035555,0.2773865449,0.0353960461,0.0000000000,0.0000000000,0.2346045708,0.0073859280,0.0087785015,0.0010268026,0.0040543280,0.0000661032,0.0000000000,0.2346398258,0.1832864735,0.0459328921,0.0000000000,3.5518151344411955,39.17,5.188445810434194
0.0055608284,0.0203027511,0.8026136556,0.8026136556,0.0049727811,0.0005979696,0.1199731437,0.0000049283,0.0427439599,0.0125292642,0.8800268563,0.0000000000,0.0084299524,0.0000000000,0.1701543738,0.0005560198,0.0000000000,0.6746990547,0.6662691023,0.0548112761,0.4167022853,0.0000014194,0.0231739910,0.1046512299,0.1592999897,0.1295756554,0.0029286975,0.0013891294,0.0043488557,0.0000542115,0.0000013405,0.2139684102,0.0278321613,0.1664384591,0.0002212488,1.180909637900397,9.76,3.3813302514077783
0.0073606527,0.1468731089,0.4455521454,0.4455521454,0.0006630133,0.0000000000,0.4584531780,0.0000000000,0.0000000000,0.0070520502,0.5415468220,0.0000000000,0.0029003817,0.0016539167,0.0000000000,0.0034042717,0.0000000000,0.1589327174,0.1560323358,0.0000000000,0.1556827469,0.0000000000,0.0041589014,0.0000000000,0.0004990682,0.1510247774,0.0335364163,0.0004146847,0.0037514496,0.0000771506,0.0000000000,0.6737902419,0.0011331499,0.2014161963,0.0000000000,13.741647639358312,30.33,2.7120031725320133
0.0083213763,0.0421919028,0.8809741438,0.8809741438,0.0042807715,0.0000457460,0.0604252092,0.0000000000,0.0001909016,0.0098485895,0.9395747908,0.0002357679,0.0083943940,0.0098749814,0.0478239412,0.0101591346,0.0000000000,0.7674536448,0.7590592508,0.0000000000,0.7080313290,0.0021395060,0.0282367286,0.0271062742,0.1476479070,0.5029009132,0.0004319480,0.0007943972,0.0058484522,0.0001337191,0.0000000000,0.1490959444,0.0087929122,0.1394136240,0.0000000000,0.17584865555017842,2.82,2.408125759792404
0.0161928974,0.0510519795,0.8279329264,0.8279329264,0.0023139505,0.0008918103,0.1428846616,0.0000000000,0.0043116057,0.0125162607,0.8571153384,0.0000000000,0.0063401769,0.0003709931,0.1110458438,0.0024019425,0.0000000000,0.8181372817,0.8117971048,0.0066089091,0.6980116197,0.0022164459,0.0423526670,0.0645361516,0.2380562816,0.3508500736,0.0022021770,0.0016956287,0.0086850435,0.0001950092,0.0000000000,0.0739298871,0.0067801366,0.0554420644,0.0000000000,0.8814933983188799,6.21,4.398550733924847
0.0208658543,0.0210864846,0.7577632384,0.7577632384,0.0022241260,0.0001462675,0.1350362227,0.0000000000,0.0002568899,0.0095461038,0.8649637773,0.0000024583,0.0063405107,0.0015093820,0.0283881816,0.0019770692,0.0000000000,0.6999464096,0.6936058989,0.0038705570,0.6656442283,0.0000878834,0.0422602381,0.0158657191,0.0952238138,0.5122065739,0.0044058468,0.0016046402,0.0064560497,0.0001284450,0.0000000000,0.2126348058,0.0128248306,0.1335280698,0.0000000000,1.7583242328792406,13.21,3.199021551575127
0.0144894281,0.0250313357,0.8769351462,0.8769351462,0.0042042065,0.0002083491,0.0701080748,0.0000000000,0.0004522564,0.0105985786,0.9298919252,0.0000000000,0.0065460501,0.0106213581,0.0703147571,0.0229306214,0.0000000000,0.7006796069,0.6941335568,0.0000000000,0.6079887147,0.0008233955,0.0489609215,0.0203993191,0.2545859020,0.2832191766,0.0010067427,0.0012156474,0.0060332336,0.0001322322,0.0000000000,0.2214272856,0.0451078526,0.1684832854,0.0000000000,0.40430342168545663,5.75,2.755378737389411
0.0137472717,0.0603148687,0.8334827175,0.8334827175,0.0061607432,0.0004954000,0.1367836800,0.0000000000,0.0001787653,0.0164380463,0.8632163200,0.0000000000,0.0159259162,0.0000000000,0.3943529361,0.0000929456,0.0000000000,0.8689690321,0.8530431159,0.0056356006,0.4687636223,0.0000000000,0.1134983324,0.0417815190,0.2261883480,0.0872954229,0.0040223751,0.0005325782,0.0047293812,0.0000808627,0.0031415608,0.0366992544,0.0001335318,0.0361961090,0.0000000000,1.6376398586127616,11.84,4.414651447218352
0.0143832304,0.0076542378,0.8301539094,0.8301539094,0.0057101047,0.0001292828,0.1096785961,0.0000000000,0.0078107748,0.0134495993,0.8903214039,0.0054068144,0.0087423094,0.0006044842,0.1272603517,0.0009336311,0.0000000000,0.7778419144,0.7690996050,0.0285064977,0.6113411024,0.0083034469,0.1718146826,0.1700906796,0.1882217122,0.0729105811,0.0031090755,0.0009538971,0.0054690099,0.0001013297,0.0002578667,0.1740404424,0.1564628798,0.0044724844,0.0000000000,1.25385090968659,11.45,3.308147601630327
0.0083979490,0.1797023512,0.9646260630,0.9646260630,0.0029827414,0.0000000000,0.0316845923,0.0000000000,0.0000000000,0.0078101551,0.9683154077,0.0000000000,0.0017071036,0.0003126563,0.0003376688,0.0010067534,0.0000000000,0.1455102551,0.1438031516,0.0000000000,0.1440907954,0.0000000000,0.0423461731,0.0075475238,0.0802963982,0.0139007004,0.0015507754,0.0005190095,0.0037956478,0.0001250625,0.0000000000,0.6572973987,0.1309967484,0.5263006503,0.0000000000,0.618342070323944,18.09,1.9983110130362616
0.0032864802,0.0336240204,0.8038304135,0.8038304135,0.0060009464,0.0001924047,0.1107367020,0.0000000000,0.0000000000,0.0112010733,0.8892632980,0.0759166524,0.0109358668,0.0084554063,0.0852664805,0.0165988050,0.0052001269,0.7380748090,0.7271389422,0.0000000000,0.5544687290,0.1186044939,0.0293807169,0.0193548723,0.1817808355,0.2053478105,0.0004472109,0.0002756067,0.0046593137,0.0000988024,0.0000000000,0.2154984582,0.1343036770,0.0621155156,0.0000000000,0.18056700138049772,1.61,2.1747995106701103
0.0063574195,0.1421338262,0.8927177490,0.8927177490,0.0020906350,0.0002361218,0.1012260464,0.0000000000,0.0007581424,0.0121098566,0.8987739536,0.0000000000,0.0080370749,0.0000421190,0.1335326116,0.0030325695,0.0000000000,0.5833663053,0.5753292303,0.0000000000,0.4467602815,0.0024760879,0.0190390737,0.0167850679,0.1996556451,0.2088044069,0.0075763184,0.0083216974,0.0078060585,0.0001863448,0.0000000000,0.2442941490,0.0000000000,0.2378741892,0.0000000000,3.0039706713072345,30.79,4.207310537035052
0.0183733453,0.0483860131,0.7849594367,0.7849594367,0.0056624670,0.0000069465,0.1112827639,0.0078294124,0.0243723577,0.0123028320,0.8887172361,0.0027802726,0.0052166939,0.0026952380,0.0386518253,0.0069001398,0.0000000000,0.5483084639,0.5430917700,0.0511674833,0.4472189549,0.0033504836,0.0717960424,0.0660904593,0.2195982989,0.0863836707,0.0028569235,0.0011727591,0.0043123329,0.0000967718,0.0000142523,0.3254515428,0.1902503383,0.1153384360,0.0000000000,1.1476225344686075,10.34,2.9249479093888127
0.0276263627,0.1222358152,0.8173005451,0.8173005451,0.0057761397,0.0000000000,0.1802604683,0.1672447968,0.0204874876,0.0185672696,0.8197395317,0.0786902255,0.0157101710,0.0094462339,0.0517916873,0.0166238231,0.0000000000,0.5475253964,0.5318152255,0.0000000000,0.4017049678,0.0170109638,0.0807652998,0.0035616947,0.2702164891,0.0301505203,0.0039565783,0.0008362240,0.0096707755,0.0002787413,0.0000000000,0.1213221630,0.0000000000,0.1213221630,0.0000000000,1.5789331386703438,8.81,5.670788744239533
0.0040922304,0.2200208845,0.8776846443,0.8776846443,0.0030197838,0.0008466684,0.0935286315,0.0000000000,0.0000000000,0.0124178026,0.9064713685,0.0299156154,0.0075635707,0.0222109333,0.1354387153,0.1040837637,0.0000000000,0.5261197189,0.5185561482,0.0425309740,0.2132757599,0.0440831993,0.0118251348,0.0000000000,0.0686930263,0.0886743996,0.0003104451,0.0010442243,0.0091440183,0.0002822228,0.0000000000,0.2250162278,0.1209324641,0.1040837637,0.0000000000,0.1293413877742993,1.33,4.1596402473299605
0.2915972572,0.0030863002,0.0064566949,0.0064566949,0.0000129134,0.0000000000,0.5784165601,0.0000000000,0.3682511396,0.0022727566,0.4215834399,0.0000000000,0.0000774803,0.0000000000,0.0006456695,0.0000000000,0.0000000000,0.0006456695,0.0005681892,0.0000000000,0.0000000000,0.0000000000,0.0000000000,0.0000000000,0.0000000000,0.0000000000,0.1141672801,0.2846111133,0.1697852503,0.0011105515,0.0000000000,0.1166853911,0.0138948075,0.0192538643,0.0000000000,45.25607227867216,74.43,7.057163020465773
0.0144114183,0.1082136649,0.8479736955,0.8479736955,0.0062296850,0.0005648288,0.0940869204,0.0491099804,0.0000000000,0.0153512934,0.9059130796,0.0002500309,0.0120150380,0.0023527002,0.1412614208,0.0074692959,0.0000000000,0.7679261596,0.7559111216,0.0001837576,0.6188460021,0.0419133086,0.1246644917,0.0368373805,0.2912483168,0.1241825045,0.0026373739,0.0016131510,0.0068336752,0.0001355589,0.0000000000,0.0435339906,0.0042038324,0.0340584229,0.0000000000,1.0811311434922204,11.33,3.9486113273179386
0.0181503639,0.0952707252,0.8280169954,0.8280169954,0.0057191459,0.0002400481,0.0899280183,0.0000000000,0.0000000000,0.0102145921,0.9100719817,0.0000000000,0.0098648857,0.0021358825,0.0417858269,0.0051032043,0.0000000000,0.6546722634,0.6448073778,0.0102402336,0.5903852008,0.0014446531,0.0668479394,0.0305259345,0.3644895759,0.1270770980,0.0003900782,0.0007937954,0.0046116513,0.0000916547,0.0000000000,0.2167612493,0.0130837124,0.2036775368,0.0000000000,0.15870769760079464,1.74,1.9361220696768977
0.0037993265,0.0831585203,0.7817317411,0.7817317411,0.0045307476,0.0000000000,0.0955622038,0.0000000000,0.0100113269,0.0102348167,0.9044377962,0.1428506123,0.0066539007,0.0176658523,0.0637453842,0.0359259842,0.0000000000,0.5902467023,0.5835928016,0.0103008477,0.3373578427,0.1669214789,0.0068113594,0.0017574425,0.0302727083,0.1315948536,0.0022602945,0.0007415798,0.0040888474,0.0001117449,0.0000000000,0.3072984655,0.1144877258,0.1924145532,0.0000000000,0.9343047303113649,9.45,2.452366653928045
0.0123413662,0.0150619362,0.8077287475,0.8077287475,0.0065826501,0.0001852528,0.0723085853,0.0012861838,0.0039697032,0.0135463917,0.9276914147,0.0000035286,0.0087880408,0.0035392110,0.1405239655,0.0067361453,0.0014167430,0.8265451408,0.8177571000,0.0100089451,0.6675400014,0.0008168767,0.0115985907,0.1175314445,0.3809538932,0.1566391963,-0.0001217376,0.0010056582,0.0079058845,0.0001676097,0.0000000000,0.1390984010,0.0555105656,0.0704242995,0.0000000000,-0.04880727228357025,-0.67,2.9028195298638497
0.0062247059,0.0078574483,0.6722582955,0.6722582955,0.0079966589,0.0000000000,0.1116330407,0.0044746289,0.0000000000,0.0149273619,0.8883669593,0.2118130202,0.0084580429,0.0198912168,0.0870325256,0.0261417761,0.0000000000,0.7990096155,0.7905515726,0.0000000000,0.4359541400,0.2436564678,0.0511917428,0.0001034136,0.1117981047,0.0292044110,0.0030805334,0.0007139519,0.0035637933,0.0000676166,0.0000000000,0.1482056738,0.0147245120,0.0698320523,0.0000000000,1.2506017360273614,11.18,3.0348088658218257
0.0031902781,0.0373363996,0.8564825775,0.8564825775,0.0035510163,0.0000000000,0.1147711004,0.0489927514,0.0000000000,0.0133473119,0.8852288996,0.1646093318,0.0089282695,0.0040808504,0.1109157113,0.0064031023,0.0000000000,0.8328091357,0.8238808662,0.0000000000,0.5508809902,0.3168070164,0.0496465893,0.0056590799,0.0978051338,0.0809631709,0.0056703530,0.0006200187,0.0049601497,0.0001127307,0.0000000000,0.0742895149,0.0380015106,0.0362880043,0.0000000000,2.2892902858768314,19.62,4.0668289030325715
0.0120706096,0.0525540542,0.8976905365,0.8976905365,0.0042251010,-0.0001007822,0.0914559931,0.0000000000,0.0000000000,0.0116829856,0.9085440069,0.0247769224,0.0066361219,0.0152491259,0.0695552403,0.0477552697,0.0000000000,0.5620237071,0.5553875852,0.0000000000,0.4173469467,0.0373281857,0.0231411494,0.0018140801,0.0949601135,0.2601034181,0.0017132978,0.0009225450,0.0061864781,0.0001860595,0.0019613772,0.3593041375,0.0794318983,0.2798722391,0.0000000000,0.6867539610709943,7.48,3.14687602224403
0.0131870268,0.0420121653,0.8364505255,0.8364505255,0.0043688101,0.0000000000,0.0972445443,0.0000000000,0.0220455418,0.0098517497,0.9027554557,0.1284686171,0.0098707136,0.0031408971,0.0478246028,0.0048144619,0.0000000000,0.5794113603,0.5695406468,0.0105036340,0.3729678988,0.1672664002,0.0010690903,0.0216164834,0.0522787505,0.1307371745,0.0016166731,0.0012729523,0.0044209608,0.0001114130,0.0000000000,0.3133406344,0.1247588028,0.1838408549,0.0000000000,0.6298514492586316,6.54,2.3543422499083912
0.0104806230,0.0725654507,0.8761359812,0.8761359812,0.0048669708,0.0000000000,0.0989643179,0.0001895720,0.0055691609,0.0130514514,0.9010356821,0.0616553891,0.0075441916,0.0124633913,0.0704259953,0.0174386889,0.0000000000,0.7357327731,0.7281885816,0.0001179989,0.5853905763,0.2415127845,0.0118424463,0.0080277936,0.1578709131,0.1661366388,0.0033658701,0.0009072374,0.0057316512,0.0001837688,0.0000000000,0.1570739369,0.1252800056,0.0317881282,0.0000000000,1.3579017296663483,13.65,3.499854207207748
0.0106092095,0.0896735930,0.9088725008,0.9088725008,0.0007763454,0.0000949852,0.0862072678,0.0000000000,0.0000000000,0.0138437709,0.9137927322,0.0007294861,0.0068363988,0.0010916961,0.0864326992,0.0043997128,0.0000000000,0.5567802309,0.5499438321,0.0000000000,0.4421546688,0.0127280119,0.0177533603,0.0035271157,0.2445728644,0.1635733165,0.0086917757,0.0008054742,0.0050861389,0.0001228475,0.0000000000,0.3346542603,0.0273506612,0.2303478863,0.0000000000,3.4727783112015196,39.68,5.408773793290536
0.0144980189,0.0788856747,0.8103535734,0.8103535734,0.0026391193,0.0000000000,0.1266160321,0.0042431554,0.0000000000,0.0100286533,0.8733839679,0.0845135109,0.0056689653,0.0037564607,0.0297089428,0.0074580826,0.0000000000,0.6358769416,0.6302079763,0.0000000000,0.5085274400,0.1378854142,0.0459686596,0.0218464238,0.1453229322,0.1575040101,0.0023649251,0.0020084726,0.0064024348,0.0001576617,0.0000000000,0.2406191305,0.0902852991,0.1466664839,0.0000000000,0.95638403670297,7.46,3.204554153026379
0.0258275167,0.0657498021,0.7602612075,0.7602612075,0.0052079586,0.0001349212,0.0984978772,0.0017989494,0.0097341153,0.0126753976,0.9015021228,0.0513600058,0.0128570915,0.0034467871,0.0569277542,0.0049471109,0.0000000000,0.6838940059,0.6710369144,0.0022306973,0.5616985680,0.0741796791,0.1586223645,0.0906976326,0.1691929913,0.0690059006,0.0014517522,0.0006764050,0.0064528315,0.0000863496,0.0003885731,0.1893772037,0.1143897964,0.0301917680,0.0000000000,0.5860332375976268,5.91,3.297814234783559
0.0095069316,0.0114883101,0.6865601188,0.6865601188,0.0058389967,-0.0004606597,0.0825653866,0.0000000000,0.0002222005,0.0099226092,0.9174346134,0.0120589861,0.0054477070,0.0052981281,0.0817443285,0.0092966540,0.0000000000,0.5234795521,0.5180318451,0.0011082930,0.4174134773,0.0123126199,0.0453126524,0.0539714283,0.2370738898,0.0687428869,0.0016784270,0.0008161805,0.0035075169,0.0001154359,0.0004877573,0.4395565744,0.0714732438,0.3086408914,0.0000000000,0.6639979181724942,8.19,1.6784068833615804
0.0282111520,0.0117442431,0.7273199406,0.7273199406,0.0044710381,0.0000538211,0.0558910283,0.0000000000,0.0109628656,0.0090640061,0.9441089717,0.0019263250,0.0044475954,0.0011843424,0.0499182696,0.0048168528,0.0000000000,0.6714956338,0.6670480384,0.0024653686,0.6069750525,0.0011736614,0.0235833667,0.0414664095,0.1646034770,0.3761481380,-0.0000352334,0.0024759109,0.0069623463,0.0001463435,0.0006550088,0.2318803107,0.0148682270,0.1937542793,0.0000000000,-0.014043160742288858,-0.25,2.0264137285842776
0.0109284847,0.0498946373,0.8066423566,0.8066423566,0.0052106937,0.0006627806,0.1264231626,0.0000000000,0.0346041126,0.0112970863,0.8735768374,0.0002933597,0.0071286493,0.0764489060,0.0866614116,0.0953328826,0.0061459828,0.4994191978,0.4922905485,0.0163239753,0.2179219130,0.0000143541,0.0090390101,0.0173425797,0.0581157595,0.1334102096,0.0000938626,0.0009929407,0.0062203839,0.0000739577,0.0000575975,0.3808892549,0.0000000000,0.2489942971,0.0004017656,0.03768181201583177,0.3,2.6705884026729234
0.0092239021,0.0306484191,0.8407750846,0.8407750846,0.0048190831,0.0000000000,0.0702180300,0.0006673138,0.0183179930,0.0116348130,0.9297819700,0.0207862326,0.0081048963,0.0019468037,0.0929236799,0.0154853325,0.0000000000,0.6554091766,0.6473042803,0.0159315473,0.5064632677,0.0403015565,0.0492278604,0.1162780210,0.2003628508,0.1002929791,0.0033166684,0.0008697902,0.0043379964,0.0001016946,0.0001767332,0.2758646187,0.0538274876,0.2154194958,0.0000000000,1.3145852129425784,18.55,2.8567279862118546
0.0202529116,0.0615472665,0.9218554116,0.9218554116,0.0028943113,0.0002743509,0.0581333236,0.0000000000,0.0043605443,0.0116044986,0.9418666764,0.0507839895,0.0088646233,0.0258671124,0.0564672323,0.0306909646,0.0000000000,0.6005523356,0.5916877123,0.0000000000,0.4617235052,0.0863151583,0.0066843511,0.0121568342,0.1523247152,0.2042424463,0.0042460801,0.0048365704,0.0089409328,0.0002289286,0.0000000000,0.3124820582,0.1050800342,0.1892003852,0.0000000000,1.7055639737013275,28.89,3.6854278957448257
0.0079373818,0.0177842472,0.8248539017,0.8248539017,0.0060064133,0.0003021335,0.1060166187,0.0175693967,0.0173706600,0.0126520067,0.8939833813,0.1556578184,0.0091620295,0.0290665822,0.0904117609,0.0355228386,0.0000000000,0.7666361400,0.7574741105,0.0008594019,0.4839345565,0.2287096618,0.0122948178,0.0003880737,0.1548346726,0.0877073307,0.0019752815,0.0009829409,0.0051470114,0.0001342815,0.0000389416,0.1548776427,0.0956917111,0.0573583598,0.0000000000,0.7919043792958188,7.46,2.862389566072384
0.0044692145,0.1404799548,0.9326173169,0.9326173169,0.0046281984,0.0000000000,0.0657575142,0.0061385457,0.0034269866,0.0087617803,0.9342424858,0.0807461645,0.0055556046,0.0140170819,0.1236453245,0.0180093447,0.0000000000,0.4227647303,0.4172091257,0.0000000000,0.2003109019,0.0537188988,0.0036301328,0.0055202749,0.0382267994,0.0992147961,-0.0003091354,0.0006712654,0.0051669773,0.0001766488,0.0000000000,0.4188961217,0.1739637340,0.1780973158,0.0000000000,-0.1249821454077989,-1.88,1.736629713808618
0.0137299251,0.2468772376,0.8653035245,0.8653035245,0.0034665788,0.0000000000,0.1293545344,0.0000000000,0.0000000000,0.0125024152,0.8706454656,0.0004887308,0.0049100394,0.0037166271,0.0553856995,0.0628530512,0.0000000000,0.4341406863,0.4292306468,0.0120477820,0.3031949354,0.0596819840,0.0158894332,0.0038643829,0.0560562836,0.1677028517,0.0047736495,0.0014889240,0.0057511110,0.0002159508,0.0000000000,0.3038086903,0.0871986634,0.2166100269,0.0000000000,1.9011514414236004,14.84,3.8303100383031
0.0104042947,0.1840229940,0.9189985272,0.9189985272,0.0029930163,0.0000950164,0.0444201625,0.0000000000,0.0000000000,0.0091928358,0.9555798375,0.0263432942,0.0039906884,0.0086939997,0.0409758183,0.0141574422,0.0000000000,0.4799990498,0.4760083614,0.0162715568,0.3822509383,0.0308803269,0.0135873438,0.0000000000,0.0721649485,0.2656183192,-0.0014965081,0.0007363770,0.0084089505,0.0001900328,0.0008551475,0.3168796617,0.0569385719,0.2178963371,0.0000000000,-0.6021793156184286,-13.11,2.6030044256061835
0.0098949039,0.0836708007,0.9423219495,0.9423219495,0.0027754907,0.0001713726,0.0554539324,0.0000000000,0.0006668629,0.0105245119,0.9445460676,0.0252849069,0.0063631385,0.0097868647,0.0426084397,0.0121600024,0.0000000000,0.4172475328,0.4108843943,0.0000000000,0.3336028105,0.0611092277,0.0041800008,0.0061284326,0.0196966705,0.2424884789,0.0036733341,0.0007450982,0.0044854911,0.0001154902,0.0000000000,0.4845895068,0.1101106098,0.3167300621,0.0000000000,1.460908474676722,27.63,3.2192847538620777
0.0056154537,0.3568808026,0.8834606170,0.8834606170,0.0015348907,0.0000000000,0.1143306379,0.1703354298,0.0000000000,0.0107067984,0.8856693621,0.0870395328,0.0079365079,0.0199535789,0.0872641509,0.0412174304,0.0000000000,0.3394728961,0.3315363881,0.0155360886,0.1077792752,0.0405435759,0.0000000000,0.0000000000,0.0381850854,0.0290506140,0.0033318359,0.0007487272,0.0058026355,0.0001497454,0.0000000000,0.1250000000,0.0546945193,0.0703054807,0.0000000000,1.283808150018031,11.84,3.8642771238737406
0.0121713994,0.0754671035,0.8195377953,0.8195377953,0.0064756072,0.0004034757,0.1131124619,0.0000000000,0.0000000000,0.0167795923,0.8868875381,0.0850305499,0.0087822031,0.0041425890,0.0557110742,0.0079509716,0.0000000000,0.6041260215,0.5953438185,0.0029978605,0.4506459897,0.0608262898,0.0361785634,0.0209885941,0.2322256436,0.1004268988,0.0033056447,0.0011682944,0.0071483048,0.0001699597,0.0000307070,0.2914244622,0.0150735683,0.0014118081,0.0000000000,1.306957948790344,11.86,4.268770727753075
0.0051917476,0.0502842177,0.8496515423,0.8427055226,0.0069549996,0.0000812460,0.1220863955,0.0000000000,0.0162418021,0.0142303222,0.8779136045,0.0000000000,0.0066103883,0.0000000000,0.1219439585,0.0002151736,0.0000000000,0.8331518483,0.8265414600,0.0000000000,0.6988318151,0.0000169761,0.0191972750,0.1013250923,0.2615156903,0.3040985570,0.0034266141,0.0006331629,0.0039556111,0.0000537506,0.0008313176,0.0709612389,0.0000000000,0.0596499999,0.0000000000,1.3803636662423835,11.32,3.1169669135882985
0.0114031161,0.1364217661,0.8726580983,0.8726580983,0.0044227039,0.0003197135,0.1179742950,0.0009804548,0.0000000000,0.0124581708,0.8820257050,0.0000000000,0.0072361830,0.2295756336,0.2953726794,0.2442824563,0.0000000000,0.7161902935,0.7089541105,0.0000000000,0.1765031865,0.0006927127,0.0263550525,0.0315770403,0.0386533666,0.0792250144,0.0018117100,0.0004689132,0.0062770424,0.0001918281,0.0000000000,0.1349723981,0.0000000000,0.1349723981,0.0000000000,0.721110510185686,6.18,3.2929718634333818
0.0092148631,0.0947486751,0.8495874341,0.8495874341,0.0026268095,0.0000000000,0.1311607669,0.1152431424,0.0000000000,0.0112910750,0.8688392331,0.0437495698,0.0096813416,0.0100216415,0.2180328370,0.0126446275,0.0000000000,0.4243845924,0.4147032508,0.0000000000,0.1411327017,0.0235189306,0.0104384134,0.0009520751,0.0481811160,0.0580421666,0.0034603531,0.0009979582,0.0054103864,0.0001147078,0.0000000000,0.3442038129,0.2425956090,0.1016082039,0.0000000000,1.36993559032114,10.62,3.643203961542172
0.0190448709,0.0367812775,0.7739093229,0.7739093229,0.0055671919,0.0002388072,0.0734730024,0.0046169384,0.0038109642,0.0135921074,0.9265269976,0.1459410246,0.0054676889,0.0287613371,0.1730953885,0.0503833352,0.0000000000,0.8172677476,0.8118000587,0.0081443191,0.4382409863,0.0704481117,0.0030398161,0.0154179872,0.0608311484,0.2885039229,0.0022139414,0.0007960239,0.0062487873,0.0001393042,0.0000000000,0.1057069936,0.0384877537,0.0648759447,0.0000000000,0.9077742192121744,12.59,3.5296563344529908
0.0228084726,0.0199534261,0.8789802452,0.8789802452,0.0074863410,0.0001594998,0.0820989015,0.0235987217,0.0000000000,0.0158281810,0.9179010985,0.0141954830,0.0109503869,0.0000261000,0.0726347628,0.0072166413,0.0000000000,0.8543998747,0.8434494879,0.0016123981,0.7587405895,0.1170989595,0.2621408354,0.0397285023,0.1896945724,0.1500777199,0.0014717482,0.0016529980,0.0078676906,0.0001812498,0.0011628986,0.0544517847,0.0356685072,0.0072064914,0.0000000000,0.5991063576104215,7.15,3.6459649520290704
0.0087148877,0.0223105245,0.9070748118,0.9070748118,0.0013113741,0.0002484573,0.0899548571,0.0000463444,0.0032393859,0.0123979780,0.9100451429,0.0000000000,0.0088337524,0.0032565504,0.0482783924,0.1185398948,0.0000000000,0.6524468112,0.6436130588,0.0072546108,0.4732893348,0.0000000000,0.0574159579,0.0821771557,0.2430552099,0.0906410113,0.0009028570,0.0040881745,0.0136085102,0.0001398913,0.0000000000,0.2898630266,0.0376917069,0.2485882131,0.0000000000,0.3620143846518977,3.98,4.663154921391835
0.0063446102,0.1274400197,0.7470093688,0.7470093688,0.0048548845,0.0004192474,0.1144992509,0.0000000000,0.0000000000,0.0144193144,0.8855007491,0.0000000000,0.0138798828,0.0000000000,0.0038794356,0.0444961206,0.0000000000,0.8477461262,0.8338662433,0.0000000000,0.8013717774,0.0000000000,0.1229764327,0.3893494399,0.1177190707,0.1713268341,0.0034490083,0.0004667621,0.0046256960,0.0001062093,0.0000000000,0.0132314469,0.0132118820,0.0000195649,0.0000000000,1.4013690035119397,12.23,4.0072721098193975
0.0156706208,0.1599694405,0.8784845811,0.8784845811,0.0037725569,0.0004885965,0.0301064252,0.0000000000,0.0047971288,0.0085341514,0.9698935748,0.0016701115,0.0058098560,0.0028723549,0.0517971466,0.0383089233,0.0000000000,0.4541400406,0.4483301846,0.0119335983,0.3485795169,0.0051198986,0.0090997388,0.0366625013,0.1974936482,0.1002037299,0.0003138862,0.0026295373,0.0064850075,0.0001599043,0.0000000000,0.3471107663,0.1425546784,0.1983908890,0.0000000000,0.12653845694708066,3.98,2.207392637563083
0.0003868272,0.4989813549,0.7373700905,0.7373700905,0.0028883101,0.0000000000,0.2555638652,0.0000000000,0.0000000000,0.0148799546,0.7444361348,0.1232689481,0.0013925781,0.0045129845,0.1210511386,0.0872424375,0.0000000000,0.4761843361,0.4747917580,0.0062666013,0.1387420378,0.1173633855,0.0000000000,0.0000000000,0.0059313511,0.0154473012,0.0055961008,0.0002578848,0.0037909070,0.0000773654,0.0000000000,0.0151894164,0.0000000000,0.0151894164,0.0000000000,2.221198628384257,8.65,4.93728847302409
0.0093509409,0.0110149600,0.7937518905,0.7937518905,0.0053551799,0.0001374931,0.0814671289,0.0001664019,0.0031355477,0.0122453469,0.9185328711,0.0002284501,0.0088094296,0.0006303530,0.0827391164,0.0032420168,0.0000000000,0.7719017693,0.7630923397,0.0203362870,0.6643793456,0.0082897762,0.0555613138,0.0626862767,0.3213897661,0.2164522127,0.0014271079,0.0010780869,0.0058797690,0.0001389033,0.0000000000,0.1781558015,0.0614171096,0.0955386662,0.0000000000,0.5697448322891061,7.07,2.9238084160472857
0.0096888674,0.1196506844,0.7389431109,0.7389431109,0.0053841592,0.0000000000,0.1320222775,0.0003741598,0.0004807953,0.0176790495,0.8679777225,0.0181055916,0.0108899203,0.0005500149,0.3331350287,0.0013918744,0.0000000000,0.8540664620,0.8431765417,0.0000000000,0.5013553938,0.0466296623,0.1456080190,0.0208388288,0.2628285357,0.0254503481,0.0071464517,0.0001477931,0.0033880168,0.0000505116,0.0000000000,0.0139860925,0.0000000000,0.0139860925,0.0000000000,2.886493552616168,21.79,5.2330152941480925
0.0173939517,0.1035789189,0.8822643935,0.8822643935,0.0031882146,0.0000676544,0.0893816386,0.0000000000,0.0056897368,0.0111883499,0.9106183614,0.0069903931,0.0061041202,0.0035856843,0.0650192815,0.0113811650,0.0000000000,0.7008676680,0.6947635478,0.0063409106,0.6111223868,0.0294364387,0.0066081456,0.0374298085,0.2598944591,0.2777535349,0.0023611393,0.0008981124,0.0059688113,0.0001742101,0.0000000000,0.1371845613,0.0713348217,0.0650040593,0.0000000000,0.9546441454533021,10.58,3.501508776442915
0.0226868081,0.0056413434,0.8557930472,0.8557930472,0.0035412422,0.0000000000,0.1424354389,0.0805860283,0.0000000000,0.0170901097,0.8575645611,0.0000000000,0.0116130599,0.0008089676,0.0279959927,0.0040555527,0.0000000000,0.7287065626,0.7170935027,0.0026179834,0.6938477391,0.0034287367,0.0156561120,0.0077825181,0.5646522243,0.1023281480,0.0094379550,0.0014339977,0.0055449102,0.0001375066,0.0000000000,0.1653240424,0.1263882366,0.0389358058,0.0000000000,3.9061200808570553,26.71,5.828828577931388
0.0182947302,0.0098617541,0.8667364309,0.8667364309,0.0039481327,0.0000318595,0.0863883776,0.0007107129,0.0065140513,0.0123124882,0.9136116224,0.0988601636,0.0091069280,0.0090652655,0.0618197681,0.0167409648,0.0000000000,0.7120828544,0.7029759264,0.0000000000,0.5326989200,0.1662945635,0.0359253114,0.0031344889,0.1245708152,0.2027737409,0.0019679395,0.0013184950,0.0076144309,0.0002009602,0.0000220566,0.2433039817,0.1310677113,0.1101874567,0.0000000000,0.783594287470786,9.1,3.525148183007144
0.0032069717,0.1338434637,0.7906197986,0.7906197986,0.0083850558,0.0052804363,0.1547156888,0.0000000000,0.0019812889,0.0170613164,0.8452843112,0.0000000000,0.0219979040,0.0000000000,0.2160096129,0.1155196725,0.0000000000,0.6624174504,0.6404195463,0.0000000000,0.3003789773,0.0000000000,0.0607997761,0.0441196875,0.1918139733,0.0036455403,-0.0075098756,0.0006323138,0.0144328404,0.0001551918,0.0000000000,0.1786244289,0.0000000000,0.1730028837,0.0000000000,-3.069552881475375,-18.94,3.7436901385823584
0.0139846938,0.1064850448,0.8873188985,0.8873188985,0.0041097283,0.0000000000,0.0976314605,0.0086793202,0.0105042525,0.0134667422,0.9023685395,0.0000000000,0.0100153449,0.0113852544,0.1049457119,0.0474869665,0.0000000000,0.7335066293,0.7234912844,0.0058330066,0.5737742215,0.0173876844,0.0618976392,0.0235401751,0.1916033749,0.2793453479,0.0029092423,0.0024009720,0.0088487436,0.0002323521,0.0060508367,0.0983381982,0.0000000000,0.0983381982,0.0000000000,1.174717193188204,12.11,4.163626425996279
0.0085139950,0.1800360870,0.8391498699,0.8391498699,0.0059344087,0.0001450734,0.1557408264,0.0000000000,0.0000000000,0.0240821841,0.8442591736,0.0000000000,0.0106628948,0.0000000000,0.2780241003,0.0000000000,0.0000000000,0.7952198315,0.7845569368,0.0000000000,0.5171957312,0.0000000000,0.1745232979,0.0807469467,0.2552883787,0.0066371080,0.0060840156,0.0000272013,0.0100055309,0.0001405399,0.0000000000,0.0081921134,0.0000000000,0.0000000000,0.0000000000,2.463068879207303,15.94,7.557999575181137
0.0106903624,0.0619937169,0.8343318361,0.8343318361,0.0038458043,0.0000000000,0.0716001142,0.0000000000,0.0000000000,0.0167527781,0.9283998858,0.0000000000,0.0088924083,0.0011326462,0.1087664867,0.0016746287,0.0000000000,0.5965929743,0.5877005660,0.0000000000,0.4593740264,0.0013857877,0.2077318517,0.0006036452,0.1738108838,0.0758418579,0.0062376675,0.0016389293,0.0083082355,0.0001784972,0.0000000000,0.3308852165,0.3303984059,0.0000000000,0.0000000000,2.5173460466730626,34.2,5.414715172639146
0.0340776832,0.0917509452,0.7769191288,0.7769191288,0.0022120855,0.0007951941,0.2158301465,0.1541809139,0.0251136766,0.0137496295,0.7841698535,0.0222437487,0.0047277906,0.0108507854,0.1347203447,0.0174508968,0.0000000000,0.4053104510,0.4005826604,0.0101784849,0.2149843491,0.0293354346,0.0293715798,0.0000000000,0.1074813310,0.0487960038,-0.0006000101,0.0008819426,0.0122315316,0.0002096421,0.0000000000,0.2808119655,0.0931461495,0.1876658160,0.0000000000,-0.25438371331261994,-1.1,5.346711278428482
0.0151962647,0.0505275800,0.8123138764,0.8123138764,0.0026005221,0.0002990233,0.0982634591,0.0000000000,0.0005098102,0.0109878798,0.9017365409,0.0044289758,0.0048579027,0.0023627741,0.0659052194,0.0064069413,0.0000000000,0.5777693354,0.5729114327,0.0023260089,0.4985820905,0.1035625437,0.0644493192,0.0129707472,0.1267417493,0.1908577311,0.0046397627,0.0033162171,0.0067647888,0.0001691197,0.0000000000,0.3221534578,0.1285040258,0.1923969656,0.0000000000,1.7886100123894078,19.2,3.520218496320461
0.0098480009,0.1128924033,0.8274892218,0.8274892218,0.0056050433,0.0004218850,0.1198956940,0.0000000000,0.0000000000,0.0167709325,0.8801043060,0.0000000000,0.0127650342,0.0000723231,0.0036161570,0.0002571489,0.0000000000,0.8799355520,0.8671705179,0.0055166484,0.8727835971,0.0000000000,0.0585134380,0.0483922164,0.4263690168,0.3395089259,0.0053559303,0.0004299209,0.0058179948,0.0001325924,0.0000000000,0.0000080359,0.0000000000,0.0000080359,0.0000000000,2.101533386278942,17.92,4.50569494548255
0.0085606322,0.0367599516,0.8946195303,0.8946195303,0.0046640906,-0.0000129287,0.0524319701,0.0000000000,0.0006836579,0.0103508173,0.9475680299,0.0000000000,0.0056135490,0.0000000000,0.0138819787,0.0027865280,0.0000000000,0.5968175133,0.5912039643,0.0257326670,0.5533812832,0.0000614838,0.0549303631,0.0476178198,0.1420002760,0.3087713405,0.0022352074,0.0011287892,0.0040089048,0.0000894112,0.0000000000,0.3247697716,0.0266436299,0.2982081443,0.0000000000,0.8846752892729761,17.1,2.3742252188878177
0.0100811369,0.0187151428,0.7896619567,0.7896619567,0.0027316629,0.0000000000,0.1365343653,0.0333327913,0.0288125396,0.0151704850,0.8634656347,0.0111217704,0.0104225948,0.0476902815,0.1068600511,0.0839173347,0.0000000000,0.8217915156,0.8113689208,0.0000000000,0.6198923595,0.0013007919,0.0397066714,0.0000000000,0.1207297442,0.4581551519,0.0039186355,0.0009918538,0.0077884912,0.0001951188,0.0000000000,0.0868603763,0.0437716460,0.0430887303,0.0000000000,1.5835598886251447,11.65,5.3773361098663575
0.0086575875,0.1482814527,0.8120946822,0.8120946822,0.0063553826,0.0000648508,0.1035343709,0.0859597925,0.0000000000,0.0155642023,0.8964656291,0.3696498054,0.0066147860,0.0228274968,0.0736057069,0.0460765240,0.0000000000,0.7432879377,0.7366731518,0.0000000000,0.2539559014,0.2362516213,0.0000000000,0.0000000000,0.0114137484,0.0062905318,0.0026913100,0.0004215305,0.0064202335,0.0001945525,0.0000000000,0.0011348898,0.0011348898,0.0000000000,0.0000000000,1.0401491298149976,10.53,3.7576078327599896
0.0000084019,0.1645246484,0.7915600092,0.7915600092,0.0081946553,0.0056222729,0.1475962158,0.0000000000,0.0204992410,0.0178862494,0.8524037842,0.0000000000,0.0225815125,0.0000000000,0.1979698204,0.0000000000,0.0000000000,0.7001193070,0.6775377946,0.0000000000,0.5021466860,0.0000000000,0.0477522111,0.0403851432,0.3545560715,0.0594532602,0.0130957649,0.0375901104,0.0229133876,0.0004733072,0.0000000000,0.0393867172,0.0000000000,0.0393867172,0.0000000000,5.439644492010958,35.87,4.614830669520513
0.0160166718,0.0170712111,0.7974303023,0.7974303023,0.0043573930,0.0000684766,0.0999906415,0.0359114004,0.0237168630,0.0123611637,0.9000093585,0.1815199974,0.0071272706,0.0052601425,0.0525044167,0.0068898851,0.0000000000,0.6167320238,0.6096047532,0.0085732677,0.3568131913,0.2247857824,0.0148765367,0.0000000000,0.0938585639,0.0232923083,0.0031830196,0.0019298982,0.0059198002,0.0001380944,0.0000000000,0.2614504252,0.1416472269,0.0970210406,0.0000000000,1.298690715804889,12.85,3.6044069567161503
0.0099554541,0.0168089313,0.8443504012,0.8443504012,0.0053585688,0.0001506627,0.0720736707,0.0000000000,0.0013157873,0.0119040245,0.9279263293,0.0821747653,0.0099286696,0.0048697521,0.0799985269,0.0087719151,0.0000000000,0.6385736598,0.6286449902,0.0012956989,0.4647842762,0.1933420494,0.0071296921,0.0000000000,0.2235733501,0.0407391845,0.0014681240,0.0009424787,0.0055628004,0.0001406185,0.0000000000,0.3058234468,0.0719983394,0.2338251074,0.0000000000,0.5778842320630203,8.04,2.777980067460155
0.0198760164,0.0101311999,0.8264854453,0.8264854453,0.0072958276,0.0000000000,0.1034541539,0.0000000000,0.0037104170,0.0130233932,0.8965458461,0.0000000000,0.0101709747,0.0009545943,0.1612127893,0.0132790881,0.0000000000,0.8048082004,0.7946372258,0.0000000000,0.6307538454,0.0433544897,0.1187844833,0.0580541050,0.2034194930,0.2071412743,0.0002727412,0.0004318403,0.0058184794,0.0001193243,0.0000000000,0.1536726310,0.0063298691,0.1473427618,0.0000000000,0.11043622308117064,1.05,2.443710415467135
0.0084821796,0.0137606448,0.8979035671,0.8979035671,0.0055513604,0.0000000000,0.0981787052,0.1342980613,0.0000000000,0.0155400707,0.9018212948,0.1159729647,0.0069195744,0.0006841070,0.1496325261,0.0021046572,0.0000000000,0.7495046766,0.7425851022,0.0000000000,0.4809683666,0.1634641984,0.0849264678,0.0351474008,0.1903462404,0.0070840592,0.0039364192,0.0010579360,0.0060485529,0.0001271019,0.0000000000,0.0675247288,0.0225717939,0.0448594777,0.0000000000,1.5486290478247682,16.37,4.159377961289921
0.0154627357,0.0298262887,0.8733377391,0.8733377391,0.0089553044,0.0003034553,0.0828567961,0.0000000000,0.0000000000,0.0159145470,0.9171432039,0.0733755024,0.0051317671,0.0104793246,0.1171405066,0.0154155315,0.0000000000,0.8833180482,0.8781862811,0.0000000000,0.6773865077,0.1242615920,0.0361179295,0.0000000000,0.1830847247,0.3339222615,0.0015577374,0.0007889839,0.0058533164,0.0001281256,0.0000000000,0.0517425080,0.0035133385,0.0483977558,0.0000000000,0.6274403286592197,7.69,2.9329847098277724
0.0072585595,0.2422544232,0.7413070744,0.7413070744,0.0036826515,0.0000000000,0.1468524004,0.0000000000,0.0287673792,0.0099805193,0.8531475996,0.0892909562,0.0044298562,0.0064846690,0.0237237478,0.0167587330,0.0000000000,0.3878792731,0.3834494169,0.0059509514,0.2520481413,0.1426093454,0.0000000000,0.0000000000,0.0691431164,0.0402956796,0.0013076081,0.0006671470,0.0058442078,0.0002134870,0.0000000000,0.3234061858,0.0325834601,0.2908227257,0.0000000000,0.5124517942349173,3.58,2.6899951557290627
0.0151611125,0.0100813583,0.8493225623,0.8493225623,0.0019825437,0.0000000000,0.0680049522,0.0000000000,0.0000000000,0.0113975699,0.9319950478,0.0060484037,0.0076566497,0.0118829230,0.0377361983,0.0178593463,0.0000000000,0.7499383026,0.7422816528,0.0000000000,0.6882943543,0.0385238687,0.0721119438,0.0165040597,0.1630086952,0.3981457869,0.0034468292,0.0023609546,0.0083291516,0.0002241673,0.0000000000,0.2243133077,0.0000000000,0.2139831031,0.0000000000,1.3818050653131682,20.44,3.8814619495062326
0.0105704404,0.1438657054,0.8062994374,0.8062994374,0.0070729159,0.0020634746,0.1512500892,0.0453120843,0.0398419301,0.0171956213,0.8487499108,0.0000000000,0.0228474651,0.0007397362,0.1510164883,0.0030433005,0.0000000000,0.7281534498,0.7053059847,0.0000000000,0.5740871721,0.0090390568,0.2644232329,0.0734609919,0.1657982337,0.0613656568,0.0015184058,0.0002271120,0.0063007352,0.0001557339,0.0000000000,0.0382067238,0.0064175356,0.0317891882,0.0000000000,0.6349120212722661,4.04,4.6205451354693485
0.0111042344,0.0309903078,0.8966308743,0.8966308743,0.0026288434,0.0000450659,0.0857093070,0.0000751098,0.0000000000,0.0093556780,0.9142906930,0.0005347819,0.0075951040,0.0034400293,0.0870763056,0.0099235082,0.0000000000,0.6045288211,0.5969337171,0.0126154438,0.4950457569,0.0000000000,0.0429237545,0.0345655348,0.1161137583,0.3014427092,0.0020520000,0.0007991684,0.0049512387,0.0001261845,0.0000000000,0.3214639803,0.0461474676,0.2753165127,0.0000000000,0.8230068368009374,9.45,2.866305231423103
0.0446311307,0.0220629949,0.8476106841,0.8476106841,0.0044296961,0.0000000000,0.0888270631,0.0000000000,0.0000000000,0.0119912650,0.9111729369,0.0074993977,0.0061782603,0.0172291863,0.0907699123,0.0270833171,0.0000000000,0.5962837181,0.5901054579,0.0000000000,0.4709310910,0.0359971090,0.0046706094,0.0139107999,0.0336890043,0.3826635685,0.0010724527,0.0016863931,0.0077014540,0.0001554279,0.0000000000,0.2889871539,0.0840476542,0.1510914927,0.0012434235,0.4233161297249212,4.85,3.3711125450946935
0.0005395111,0.1155821194,0.9113316823,0.9113316823,0.0028714339,0.0000731265,0.0850542436,0.0000000000,0.0000000000,0.0086386771,0.9149457564,0.0236231093,0.0035978238,0.0052293572,0.0472429685,0.0112533557,0.0000000000,0.2104466892,0.2068488654,0.0000000000,0.1268647257,0.0021840448,0.0193931476,0.0066675117,0.0775644651,0.0210555566,0.0022067952,0.0008060165,0.0041178344,0.0001056272,0.0004176336,0.6711858843,0.1483622914,0.5228235929,0.0000000000,0.8967343977376936,10.5,2.3796233436423524
0.0147184569,0.0148874822,0.8347297253,0.8347297253,0.0041527193,0.0000795413,0.0475723329,0.0111656116,0.0000000000,0.0113246943,0.9524276671,0.0153282736,0.0069764359,0.0196665893,0.0853875982,0.0356941637,0.0000000000,0.6217512345,0.6147747987,0.0092533059,0.4755277897,0.0189938024,0.0634441388,0.0058694860,0.1114042356,0.2758161270,0.0017167666,0.0007191860,0.0060948530,0.0001623968,0.0000762271,0.3348158950,0.1095946707,0.2252212243,0.0000000000,0.6830833035253626,14.12,2.973272832818667
0.0281871213,0.0483150401,0.8619007826,0.8619007826,0.0044675141,0.0001205265,0.0837096437,0.0270461375,0.0000000000,0.0115303646,0.9162903563,0.0425538753,0.0094171340,0.0314815112,0.0661850965,0.0408745400,0.0000000000,0.7617272245,0.7523100905,0.0000000000,0.6120815723,0.0621273724,0.0651164286,0.0040657592,0.0900734408,0.3906985714,0.0019043181,0.0010606328,0.0060986389,0.0001285616,0.0000000000,0.1189997911,0.0331206711,0.0858791200,0.0000000000,0.7665840513320207,9.1,3.0533157915304354
0.0013011152,0.3454832714,0.8992750929,0.8992750929,0.0037360595,0.0000371747,0.0953159851,0.0000000000,0.0000000000,0.0126208178,0.9046840149,0.1300557621,0.0051672862,0.0097026022,0.0615985130,0.0256505576,0.0000000000,0.3020446097,0.2968773234,0.0000000000,0.0827881041,0.0495167286,0.0000000000,0.0000000000,0.0241263941,0.0091449814,0.0040706320,0.0004460967,0.0052230483,0.0001115242,0.0000000000,0.3408736059,0.1007063197,0.2401672862,0.0000000000,1.5858073859522086,17.09,3.6037734070925724
0.0155128102,0.0845657056,0.8475225486,0.8475225486,0.0030298805,0.0000000000,0.0697861383,0.0005325035,0.0008919557,0.0093724568,0.9302138617,0.0000000000,0.0071885497,0.0015263122,0.0128685868,0.0019999782,0.0000000000,0.5744031462,0.5672145964,0.0006071627,0.5589274183,0.0000608152,0.0235250840,0.1237380854,0.3170966744,0.0945067594,0.0014432476,0.0017997332,0.0064454181,0.0001730513,0.0000000000,0.2910910240,0.0674914785,0.2190067648,0.0000000000,0.5690296961763505,8.22,2.6884500701820016
0.0040576033,0.7733434164,0.8643101668,0.8643101668,0.0021711024,0.0000487888,0.0837541369,0.1073028728,0.0066434107,0.0114491092,0.9162458631,0.0005773343,0.0002439441,0.0006342546,0.0083022305,0.0011465372,0.0000000000,0.0826482570,0.0824043129,0.0000000000,0.0723294221,0.0024069150,0.0000000000,0.0000000000,0.0039925516,0.0659299555,-0.0238252059,0.0071394303,0.0401938542,0.0006098602,0.0000000000,0.0049845909,0.0034314802,0.0015531107,0.0000000000,-10.553709556870267,-110.68,4.309766853322506
0.0051324278,0.2684211789,0.9199836914,0.9199836914,0.0028540136,0.0000000000,0.0777778666,0.0000000000,0.0000000000,0.0113361101,0.9222221334,0.0000000000,0.0031977743,0.0019426479,0.0201219951,0.0058039604,0.0000000000,0.4328507359,0.4296529615,0.0000000000,0.4055897096,0.0137024631,0.0417309553,0.0000000000,0.1022088626,0.2479474286,0.0025662139,0.0007674658,0.0058119549,0.0001199165,0.0000000000,0.2841462342,0.0167723265,0.2673739078,0.0000000000,0.9976883777851162,13.29,3.3949419844091846
0.0022047927,0.0984927892,0.8892904905,0.8892904905,0.0016264864,0.0000000000,0.1094806087,0.0433729714,0.0000000000,0.0082770087,0.8905193913,0.0285177287,0.0071203961,0.0148552427,0.0649871688,0.0295659088,0.0000000000,0.4295731377,0.4224527415,0.0000000000,0.3065023313,0.0926374381,0.0012650450,0.0000000000,0.0000000000,0.2125998482,0.0029638197,0.0023855134,0.0060722160,0.0001807207,0.0000000000,0.4280550837,0.0176021976,0.4104528861,0.0000000000,1.1549092445555535,10.92,2.669568371418208
0.0056178466,0.2762302152,0.8907433740,0.8907433740,0.0004429008,0.0000000000,0.1084407562,0.0000000000,0.0000000000,0.0131704702,0.8915592438,0.0000000000,0.0056877783,0.0000000000,0.0180423786,0.0271101890,0.0000000000,0.2805193594,0.2748315812,0.0000000000,0.2353667918,0.0000000000,0.0000000000,0.0000000000,0.0071330334,0.2282337584,0.0053614303,0.0020746404,0.0094407795,0.0002564162,0.0017249819,0.4354413856,0.0000000000,0.4354413856,0.0000000000,2.1073126037908723,18.18,5.256191186734375
0.0025445349,0.1010602162,0.8666674575,0.8666674575,0.0070008889,0.0008042146,0.0874569268,0.0000000000,0.0000000000,0.0136989909,0.9125430732,0.0019659025,0.0201156179,0.0000000000,0.0256194613,0.0000705698,0.0000000000,0.7307634389,0.7106478210,0.0020614030,0.7004642530,0.0035039629,0.0020195838,0.2632236499,0.3913943412,0.0403227152,0.0037566873,0.0014383378,0.0020167691,0.0000293538,0.0000000000,0.1381998501,0.0010376378,0.1278027632,0.0000000000,1.5090109598129424,17.53,2.8488919977903238
0.0244816432,0.0447459353,0.8822648724,0.8822648724,0.0066633792,0.0002189676,0.0825917216,0.0000000000,0.0000000000,0.0137985178,0.9174082784,0.0269881989,0.0080804377,0.0078027227,0.2281837975,0.0102202671,0.0000000000,0.8617460083,0.8536655706,0.0000000000,0.5963537448,0.0602374463,0.0956870508,0.0668634408,0.2005814212,0.1729843857,0.0015256521,0.0007957602,0.0061862791,0.0001798026,0.0000747694,0.0596268294,0.0202749734,0.0340823923,0.0000000000,0.6293332060469595,7.45,3.135555264357116
0.0103997041,0.1153984645,0.7967168456,0.7967168456,0.0063387577,0.0004946762,0.1052107234,0.0000000000,0.0029786984,0.0128929296,0.8947892766,0.0000000000,0.0092475688,0.0000000000,0.1966823909,0.0004164483,0.0000000000,0.7785021205,0.7692545517,0.0000000000,0.5809830942,0.0000000000,0.0592461020,0.2222258013,0.2922173055,0.0072938854,0.0024170109,0.0003293048,0.0032519208,0.0000857055,0.0000514808,0.0894426322,0.0000000000,0.0886313058,0.0000000000,0.972561223026984,9.26,2.7230705969704063
0.0166016500,0.0458020218,0.8188304408,0.8188304408,0.0036353753,0.0000000000,0.1777936330,0.0000000000,0.0000000000,0.0098034674,0.8222063670,0.0000000000,0.0090683617,0.0118327295,0.0431519352,0.0428245352,0.0000000000,0.5527839809,0.5437156191,0.0230878760,0.4423081081,0.0205736912,0.0384231676,0.0258182683,0.2645082977,0.0929846832,0.0012385603,0.0002779811,0.0051488280,0.0001513453,0.0041511847,0.3311928787,0.1473392574,0.1838536213,0.0000000000,0.49645840071683145,2.75,2.7275691751903204
0.0127458942,0.0285823859,0.9153872431,0.9153872431,0.0037190296,0.0001611365,0.0461784876,0.0273931988,0.0000000000,0.0127265579,0.9538215124,0.0000096682,0.0064035630,0.0069449816,0.1540883543,0.0201485034,0.0000000000,0.7223522056,0.7159486426,0.0029906928,0.5449184005,0.0081760641,0.0741485549,0.0147891046,0.1733473844,0.2744572924,0.0034547658,0.0015340191,0.0069256452,0.0001901410,0.0000000000,0.1953199526,0.0000000000,0.1953199526,0.0000000000,1.385299286674248,29.6,3.869456043775385
0.0097933581,0.0513268546,0.8979356577,0.8979356577,0.0054938350,0.0000077890,0.0932601861,0.0000000000,0.0000000000,0.0122910279,0.9067398139,0.1310108293,0.0075085874,0.0162244683,0.0842119748,0.0213080832,0.0000000000,0.5994147871,0.5919061998,0.0000000000,0.3625853219,0.0673514055,0.1028094891,0.0052783396,0.0998652505,0.0872808373,0.0022458257,0.0013137432,0.0055197983,0.0001194312,0.0000000000,0.2799778793,0.1907757575,0.0892021217,0.0000000000,0.8958914573124551,9.65,3.002771369871066
0.0063711550,0.0516727966,0.7987370187,0.7987370187,0.0057258723,0.0000168745,0.0985329716,0.0000000000,0.0068587170,0.0095851943,0.9014670284,0.0002632430,0.0048659452,0.0005431355,0.0261328279,0.0012079928,0.0000000000,0.5576829488,0.5528170036,0.0000000000,0.5265426545,0.0000000000,0.0576099383,0.0164934100,0.3723520175,0.0800872887,0.0014125123,0.0002855174,0.0027154526,0.0000506236,0.0000000000,0.3748987246,0.0571100016,0.3177887230,0.0000000000,0.5721635984150667,5.75,1.6057254930686797
0.0323004782,0.0368500052,0.7373375377,0.7373375377,0.0064926754,0.0000000000,0.0997754326,0.0000000000,0.0000000000,0.0140325565,0.9002245674,0.4635397880,0.0089594266,0.0028972691,0.0610171858,0.0205950456,0.0000000000,0.8595697148,0.8506102882,0.0003839754,0.3140337200,0.3026657203,0.0000000000,0.0000000000,0.0062483274,0.0051196723,0.0017220716,0.0023620306,0.0076562373,0.0001861699,0.0000000000,0.0323237495,0.0079122209,0.0244115286,0.0000000000,0.651605624501252,6.79,3.2372483389119253
0.0119625689,0.0770026800,0.8418832901,0.8418832901,0.0039683593,-0.0000633876,0.0888768010,0.0000000000,0.0000000000,0.0118711728,0.9111231990,0.0010451585,0.0084511901,0.0027212449,0.0721011961,0.0473770796,0.0000000000,0.7515898497,0.7431386597,0.0093666251,0.6216422993,0.0127453322,0.0509533202,0.0168242512,0.3464015001,0.1947178956,0.0023571346,0.0007031602,0.0055515754,0.0001282494,0.0000000000,0.1485378100,0.0052361115,0.1433016985,0.0000000000,0.9517977533942021,10.73,3.3211858014815547
0.0028789293,0.3013538749,0.8540694055,0.8540694055,0.0017507003,0.0000000000,0.1177637722,0.0000000000,0.0000000000,0.0085978836,0.8822362278,0.0307734205,0.0026065982,0.0404217242,0.0957827575,0.0611577965,0.0000000000,0.2650949269,0.2624883287,0.0401104886,0.0372704637,0.0142390289,0.0000000000,0.0000000000,0.0062636166,0.0167678182,0.0021786492,0.0003501401,0.0047074385,0.0001167134,0.0000000000,0.4276377218,0.0727124183,0.3549253035,0.0000000000,0.8444544974741763,7.47,2.7904395735066787
0.0228839335,0.0174475390,0.8878294224,0.8878294224,0.0063859297,0.0004183932,0.1003668185,0.0005986102,0.0214317831,0.0126563937,0.8996331815,0.0490430162,0.0082130038,0.0068921673,0.1454061199,0.0242849167,0.0000000000,0.8011835456,0.7929705418,0.0023518768,0.5064984521,0.0316575117,0.0874994170,0.0334818689,0.2313705229,0.1224891315,0.0010070416,0.0022853143,0.0067413828,0.0001557654,0.0002449683,0.1215119751,0.0413602488,0.0718028807,0.0000000000,0.40329481345008145,4.01,2.733495985029727
0.0310761540,0.1088286788,0.8489907707,0.8489907707,0.0025073442,0.0000000000,0.1399234747,0.0001553497,0.0000000000,0.0152801965,0.8600765253,0.0006151848,0.0271768765,0.0002501130,0.1780385236,0.0039303474,0.0000000000,0.7827403376,0.7555634611,0.0000000000,0.6006922383,0.0000000000,0.1614813526,0.0133802697,0.3415720458,0.0842585703,0.0056314266,0.0018657499,0.0090071756,0.0002050616,0.0059079491,0.0627737068,0.0152972850,0.0474764218,0.0000000000,2.2194347482357406,16.29,5.588597141128731
0.0155612399,0.0433621006,0.8863500258,0.8863500258,0.0074951139,0.0002785425,0.0688835553,0.0007520647,0.0000000000,0.0159163815,0.9311164447,0.0053248037,0.0084468007,0.0036442641,0.1270919701,0.0107865575,0.0000000000,0.7882287948,0.7797819941,0.0005385155,0.6442432233,0.0473266885,0.1080071678,0.0105753295,0.1649017906,0.3134322469,0.0032705530,0.0009632927,0.0047561128,0.0000998111,0.0016828608,0.1347704578,0.0545595083,0.0802109495,0.0000000000,1.3257635901941482,19.31,3.6474362760560335
0.0038915419,0.0517751020,0.9254200485,0.9254200485,0.0019374911,0.0000000000,0.0696140957,0.0000000000,0.0000000000,0.0093272807,0.9303859043,0.0043179555,0.0058393828,0.0144080199,0.0751936974,0.0179487020,0.0219934216,0.4896894839,0.4838501011,0.0000062099,0.3685869770,0.0097557643,0.0873144014,0.0064986680,0.1436413654,0.1213767778,0.0036524605,0.0027447790,0.0064862482,0.0001366180,0.0000000000,0.4426235616,0.1246773436,0.3177795856,0.0000000000,1.4662698721843952,21.15,3.078433771367009
0.0102970313,0.0337267442,0.8911468314,0.8911468314,0.0028722656,0.0000000000,0.0730678318,0.0000000000,0.0000000000,0.0094711533,0.9269321682,0.0000000000,0.0064320848,0.0040520913,0.0473354245,0.0075956371,0.0000000000,0.5184724104,0.5120403256,0.0000000000,0.2841345978,0.0012693298,0.0017005765,0.0003254692,0.0858791126,0.1949601097,0.0010170912,0.0017005765,0.0070789548,0.0001301877,0.0000000000,0.4138462728,0.0663835085,0.3303837689,0.0000000000,0.40056960998539926,5.46,2.7385638157547616
0.0217372361,0.0720807566,0.8544619541,0.8544619541,0.0060276069,0.0002845651,0.1001505881,0.0000000000,0.0002423569,0.0151609223,0.8998494119,0.0171719400,0.0114248135,0.0229966751,0.1648830288,0.0345807906,0.0000000000,0.8426450125,0.8312201990,0.0008319105,0.6238402950,0.0307139726,0.0903637260,0.0595258519,0.1918009841,0.2514357604,0.0043406394,0.0014432490,0.0059513598,0.0001565789,0.0002192105,0.0547263682,0.0090597914,0.0300985494,0.0000000000,1.7438704022033593,17.52,3.9139491326646714
0.0182809886,0.1547205147,0.8415971694,0.8415971694,0.0047475406,0.0004099270,0.0799673932,0.0000000000,0.0003941156,0.0138162976,0.9200326068,0.0000000000,0.0090863254,0.0009199934,0.2251219679,0.0279113457,0.0000000000,0.6613639678,0.6522776424,0.0001815391,0.3977838174,0.0060341258,0.0815028628,0.0271600080,0.2330950486,0.0499917722,0.0026715530,0.0018604831,0.0070530873,0.0001300054,0.0000000000,0.1530450844,0.0016244822,0.1514206021,0.0000000000,1.0974547385621405,13.46,3.9747120942088383
0.0364369065,0.2223408234,0.8911142765,0.8911142765,0.0043913254,0.0009842009,0.0984388784,0.0000000000,0.0000000000,0.0146753300,0.9015611216,0.0007032563,0.0089141759,0.0005189423,0.0968399994,0.0079478696,0.0000000000,0.7110117764,0.7020976005,0.0000000000,0.4969140828,0.0047519008,0.1442095883,0.0244350240,0.1630042464,0.1605133234,0.0030635490,0.0038169100,0.0100531647,0.0001494196,0.0000000000,0.0066863030,0.0000000000,0.0031073906,0.0000000000,1.2196973643725653,12.57,4.4440642463838085
0.0517496187,0.0818572017,0.7963622165,0.7963622165,0.0028787513,-0.0000238927,0.0460939742,0.0000000000,0.0000000000,0.0095894455,0.9539060258,0.0020487957,0.0043013078,0.0006482456,0.0579129823,0.0095969905,0.0000000000,0.5607397042,0.5564383964,0.0651493150,0.4235599877,0.0202194792,0.0500743030,0.0352231276,0.1572828762,0.1607602016,0.0015118396,0.0009940605,0.0062168077,0.0001549879,0.0003577612,0.3014889215,0.0085114463,0.2543002861,0.0000000000,0.6066918719027324,13.75,2.9064830632447025
0.0201626809,0.1070693325,0.8638572271,0.8638572271,0.0047587915,0.0003750471,0.0703309943,0.0000000000,0.0017624840,0.0132465209,0.9296690057,0.0000000000,0.0113246589,0.0000000000,0.0633860106,0.0003674173,0.0000000000,0.7680359164,0.7567112575,0.0000000000,0.7032450051,0.0000000000,0.0256815701,0.0446636665,0.2030401873,0.4298595811,0.0020446170,0.0020780186,0.0080604606,0.0001247896,0.0000000000,0.0851884205,0.0052294654,0.0353587007,0.0000000000,0.838593667501679,11.66,3.701489237555882
0.0041051551,0.1280887345,0.8815623273,0.8815623273,0.0032367569,0.0000789453,0.1107207705,0.0000000000,0.0000000000,0.0112299676,0.8892792295,0.1262729928,0.0102431515,0.0478408463,0.0355451172,0.0567419278,0.0000000000,0.5871161285,0.5768729770,0.0000000000,0.3685560906,0.1230954449,0.0041051551,0.0118220573,0.0239993684,0.2055340649,0.0017170601,0.0015986421,0.0072234941,0.0002368359,0.0000000000,0.2754598563,0.0246704034,0.2507894529,0.0000000000,0.6498478086310246,6.25,3.1360099113399666
0.0192614514,0.1561792331,0.8576975039,0.8576975039,0.0050469635,0.0010357694,0.0969473752,0.0000000000,0.0057642820,0.0187532167,0.9030526248,0.0000000000,0.0092286413,0.0012802367,0.0773095728,0.0080095214,0.0000000000,0.7999967833,0.7907681420,0.0000000000,0.7150894236,0.0095470921,0.2075141534,0.0361264797,0.2688883170,0.1930133814,0.0029722079,0.0022677560,0.0112004632,0.0002283839,0.0011837365,0.0004181678,0.0004181678,0.0000000000,0.0000000000,1.215457621767741,12.45,6.009544612336068
0.0079311278,0.1450131301,0.8039917556,0.8039917556,0.0071642067,0.0000291019,0.0667888947,0.0000000000,0.0055636014,0.0148762141,0.9332111053,0.0305039425,0.0123922801,0.0000171188,0.0658216840,0.0426548479,0.0000000000,0.7713958990,0.7590036189,0.0000000000,0.6323709159,0.0542117318,0.0708956885,0.0564782574,0.0969607330,0.3538245052,0.0015132996,0.0005238345,0.0066728979,0.0001455096,0.0000000000,0.0585821547,0.0274687839,0.0225043396,0.0000000000,0.6086451363039783,9.17,3.2691151165733436
0.0195381335,0.0407489361,0.8856536217,0.8856536217,0.0051105906,0.0004166242,0.1048072264,0.0000000000,0.0081473183,0.0159551651,0.8951927736,0.2201720195,0.0103754864,0.0197171276,0.0945798730,0.0315492558,0.0000000000,0.8341187472,0.8237432607,0.0000000000,0.4878206849,0.2266559270,0.0313640895,0.0059592696,0.1627087365,0.0611326624,0.0045088000,0.0006233933,0.0064900797,0.0001604775,0.0010400175,0.0790475044,0.0173778597,0.0464582311,0.0000000000,1.7863856869056463,17.4,4.675079326011614
0.0027616725,0.3886044671,0.9441770700,0.9441770700,0.0056929214,0.0000000000,0.0537072627,0.0193317076,0.0000000000,0.0109659394,0.9462927373,0.0069041813,0.0014292866,0.0221499055,0.0086887708,0.0509859655,0.0000000000,0.2501090134,0.2486797267,0.0086160952,0.1720635023,0.0190571553,0.0091248244,0.0000000000,0.0166427106,0.1272388120,0.0019945413,0.0003876032,0.0036176295,0.0000969008,0.0000000000,0.3193930781,0.2760380497,0.0433550283,0.0000000000,0.8091761227523454,14.51,2.2162921229142714
0.0058083056,0.0684614515,0.9406352309,0.9406352309,0.0024068366,0.0000000000,0.0564533668,0.0167231645,0.0000695953,0.0096476449,0.9435466332,0.0000000000,0.0036421527,0.0155139466,0.0879916254,0.0357951695,0.0000000000,0.4623301078,0.4586879551,0.0000000000,0.3381373405,0.0000000000,0.0129795187,0.0000000000,0.0665098840,0.2586479378,0.0032042824,0.0016528878,0.0049093667,0.0001420904,0.0007452494,0.4154025942,0.1818002558,0.2165195983,0.0000000000,1.2968151744979242,22.43,3.1009581053978033
0.0272250866,0.0840055888,0.8981419779,0.8981419779,0.0061836762,0.0006945689,0.0935876194,0.0000000000,0.0165196664,0.0159036140,0.9064123806,0.0022910707,0.0083157007,0.0050441806,0.2221835232,0.0154576806,0.0000000000,0.8103464590,0.8020307583,0.0002285031,0.5681130476,0.0045771082,0.1530386885,0.0236022556,0.2166239524,0.1702710429,0.0020867265,0.0018803691,0.0078295025,0.0002214567,0.0003100394,0.0507146006,0.0110617643,0.0367356471,0.0000000000,0.8451815376962993,9,4.287108870965504
0.0079472261,0.0736826947,0.8366909261,0.8366909261,0.0056872093,0.0000000000,0.0856052852,0.0000000000,0.0056442040,0.0124306758,0.9143947148,0.0076002646,0.0109418358,0.1400371675,0.1650792971,0.1541678180,0.0000000000,0.7342742610,0.7233324252,0.0006394365,0.4062281811,0.0032158633,0.0690172994,0.0761686353,0.2129755395,0.0448508436,0.0023396058,0.0008398685,0.0051291132,0.0001037187,0.0000000000,0.1775169783,0.0484082197,0.1023592598,0.0000000000,0.9591454726237582,11,2.8534757024534794
0.0225752841,0.1223527978,0.8110214114,0.8110214114,0.0057007424,0.0001036238,0.1068691095,0.0000000000,0.0000000000,0.0133029275,0.8931308905,0.0000000000,0.0088890562,0.0000114739,0.2488853272,0.0003244966,0.0000000000,0.6664228460,0.6575337898,0.0009638088,0.4137378605,0.0000089640,0.1039726634,0.0715760676,0.1918789789,0.0463011867,0.0027279230,0.0019577366,0.0057885896,0.0001046995,0.0016963465,0.1847622838,0.0137988157,0.1122747572,0.0000000000,1.1237467382375765,10.36,3.524536648190915
0.0106810172,0.0949219130,0.9003923535,0.9003923535,0.0030181035,0.0000000000,0.0955766880,0.0000000000,0.0000000000,0.0147426683,0.9044233120,0.0911774184,0.0178323878,0.0175305775,0.0924306987,0.0301810351,0.0000000000,0.8436622384,0.8258298506,0.0000000000,0.6070991933,0.1538874708,0.0266206960,0.0312961987,0.1155115174,0.2797833104,0.0058622824,0.0010691248,0.0069314072,0.0002046172,0.0004603887,0.0269122755,0.0204361415,0.0064761340,0.0000000000,2.2216514081605947,21.7,4.740936862490595
0.0053493173,0.0775788167,0.9036231337,0.9036231337,0.0026197938,0.0000480067,0.0888878221,0.0610370817,0.0000000000,0.0107740736,0.9111121779,0.0000000000,0.0097727912,0.0010492892,0.0038679679,0.0012344578,0.0000000000,0.5573097049,0.5475369137,0.0000000000,0.5402467544,0.0000000000,0.0685809907,0.0248468929,0.2881910392,0.1586278315,0.0015499304,0.0005760803,0.0071324230,0.0001783106,0.0000000000,0.2698799147,0.0165965998,0.2532833149,0.0000000000,0.6133117136431326,6.94,3.4334268213008183
0.0007731700,0.0564514509,0.8375138066,0.8375138066,0.0042172909,0.0005020584,0.1567627272,0.0702881815,0.0000000000,0.0148810121,0.8432372728,0.0000000000,0.0122903906,0.0552264284,0.1547544934,0.0879003916,0.0000000000,0.6035947384,0.5913043478,0.0000000000,0.3609398534,0.0064062657,0.0289988955,0.0000000000,0.1020383573,0.2234963350,0.0063058540,0.0011748167,0.0050306256,0.0001405764,0.0000000000,0.2694145999,0.0000000000,0.2694145999,0.0000000000,2.5506551792414034,16.29,4.499213590844821
0.0130555417,0.0291400286,0.8520201660,0.8520201660,0.0051958225,0.0001298423,0.0805831411,0.0969028343,0.0005810977,0.0110163782,0.9194168589,0.0108429003,0.0054299644,0.0059120840,0.0204352699,0.0170295689,0.0000000000,0.6014808413,0.5960508769,0.0065421386,0.5453325401,0.0701691463,0.1127563721,0.0036983784,0.1329000288,0.2258086145,0.0018880355,0.0004395483,0.0038356707,0.0000819497,0.0000000000,0.2499060772,0.0749105205,0.1749955566,0.0000000000,0.7801278481785016,9.36,2.4881088052846723
0.0289619811,0.0648199151,0.8575451662,0.8575451662,0.0051763422,0.0000000000,0.1141494712,0.0000000000,0.0055878231,0.0123488045,0.8858505288,0.0539543388,0.0091321036,0.0003304980,0.1240257424,0.0037748266,0.0000000000,0.7568220834,0.7476899798,0.0000043775,0.5743901291,0.0376344517,0.0678790275,0.0261786484,0.3612977407,0.0814002608,0.0018968978,0.0020719960,0.0058139917,0.0001335124,0.0000000000,0.1068398486,0.0348722768,0.0526090005,0.0000000000,0.7233003918688518,6.69,2.9934914170441136
0.0255643471,0.0192851230,0.9020306802,0.9020306802,0.0034975726,0.0000000000,0.0952846159,0.1183432394,0.0000000000,0.0143929959,0.9047153841,0.0000000000,0.0080764842,0.0018345477,0.0271080519,0.0051680550,0.0000000000,0.7408514986,0.7327750144,0.0000000000,0.7100221488,0.0017450575,0.1965352405,0.0191583453,0.1765938565,0.3159896490,0.0016108223,0.0021179331,0.0114025341,0.0002311828,0.0000000000,0.0969178108,0.0000000000,0.0969178108,0.0000000000,0.6538965117951124,6.61,4.664750957854406
0.0135708256,0.0734431162,0.8438163735,0.8438163735,0.0053030716,0.0000000000,0.0609802173,0.0025528265,0.0132832072,0.0125667139,0.9390197827,0.0805382720,0.0118485187,0.0252576653,0.0366483771,0.0796583978,0.0000000000,0.6686192953,0.6567707766,0.0019758877,0.4696945458,0.0323204852,0.0812156219,0.0183786488,0.1813732164,0.1564065734,0.0015027639,0.0006586292,0.0061608213,0.0001463621,0.0000000000,0.2062990143,0.0898118397,0.1161059525,0.0000000000,0.6014335983761974,9.62,3.135520532774014
0.0171042117,0.0183710034,0.8900616573,0.8900616573,0.0042260037,0.0002035615,0.0968885375,0.0000000000,0.0000000000,0.0136419841,0.9031114625,0.0000000000,0.0106693135,0.0005013332,0.0472750519,0.0142493039,0.0000000000,0.8599968036,0.8493274901,0.0000000000,0.7977204478,0.0000000000,0.0864059622,0.0294693102,0.5382266598,0.1436185157,0.0025571360,0.0010783712,0.0070539943,0.0001564563,0.0001228098,0.1062506834,0.0000000000,0.1062506834,0.0000000000,1.0250479226763192,10.63,3.9530919065616765
0.0059890222,0.0629450896,0.8607813236,0.8607813236,0.0075356556,-0.0001910480,0.1287636932,0.0000000000,0.0002697484,0.0135269591,0.8712363068,0.0000000000,0.0084770185,0.0000000000,0.1246589175,0.0000000000,0.0000000000,0.8508135603,0.8423365418,0.0000000000,0.7273667046,0.0000000000,0.0029683727,0.1034641851,0.2998780715,0.3210560753,0.0017757009,0.0006946163,0.0043621677,0.0000728073,0.0009352798,0.0497553635,0.0000000000,0.0488153313,0.0007666633,0.7091380188622666,5.55,2.511359014994587
0.0253769312,0.0846993857,0.8772010920,0.8772010920,0.0026586834,0.0001396041,0.1187503878,0.0000000000,0.0000000000,0.0137773779,0.8812496122,0.0008841596,0.0102717627,0.0185921698,0.0616243718,0.0344636099,0.0000000000,0.7275020165,0.7172302538,0.0041105665,0.6264193088,0.0176087361,0.0987807905,0.0264379227,0.1431531923,0.3404386672,0.0031054166,0.0010889123,0.0079822548,0.0001892412,0.0000000000,0.1520071974,0.0106905752,0.1413166222,0.0000000000,1.2652367974088556,10.45,4.793454473718087
0.0157733199,0.0466104289,0.8638600226,0.8638600226,0.0024546269,0.0000000000,0.0755850194,0.0000000000,0.0000587112,0.0093887917,0.9244149806,0.0063320629,0.0085306091,0.0001349108,0.0300963488,0.0024233975,0.0000000000,0.5370286398,0.5284980307,0.0000000000,0.4965491569,0.0452950486,0.0035738868,0.1037713812,0.2932523369,0.0506565034,0.0012229413,0.0008219565,0.0064844621,0.0001249174,0.0000000000,0.3842346748,0.1232385085,0.2609961663,0.0000000000,0.4843172005575337,6.53,2.9301438349069024
0.0266459051,0.0817047781,0.9579404097,0.9579404097,0.0019507672,0.0000349913,0.0110835068,0.0000000000,0.0000000000,0.0101124972,0.9889164932,0.0000000000,0.0058348059,0.0039846388,0.0387747782,0.0114115506,0.0000000000,0.5110922547,0.5052574488,0.0000000000,0.4609059258,0.0000000000,0.0707743583,0.0001399654,0.2049880155,0.1850035866,0.0030092552,0.0040808650,0.0091021222,0.0003061742,0.0000000000,0.3150970135,0.2783211155,0.0367758980,0.0000000000,1.215496699564285,101.05,3.8364374176006333
0.0200966484,0.0684960129,0.8805412616,0.8805412616,0.0051700393,0.0001146633,0.0949144294,0.0000000000,0.0002624515,0.0117695472,0.9050855706,0.0009185802,0.0088825810,0.0143520188,0.0232040229,0.0305564863,0.0000000000,0.5719212595,0.5630386785,0.0141545431,0.4974385500,0.0007771621,0.0404863251,0.0189436456,0.1784224118,0.2588090054,0.0029774228,0.0012243489,0.0043036946,0.0001312257,0.0008026429,0.3049163786,0.1803079855,0.1246083931,0.0000000000,1.2038115548137975,12.68,2.8967697242826054
0.0095785204,0.0624753369,0.8596084963,0.8596084963,0.0042508702,0.0001721930,0.0914324531,0.0000000000,0.0100735752,0.0112272680,0.9085675469,0.0279911137,0.0075868218,0.0046586805,0.0923198209,0.0088134097,0.0000000000,0.6006546776,0.5930678558,0.0083837883,0.4340149400,0.0621559190,0.0793938693,0.0178110659,0.1610730262,0.1135810597,0.0028695957,0.0018338550,0.0049605922,0.0001598525,0.0009436174,0.3004207535,0.0911072954,0.2036890620,0.0000000000,1.1464557359333727,12.66,2.9412903491216906
0.0156606612,0.0253339082,0.8946648075,0.8946648075,0.0041894470,0.0000348585,0.0570276667,0.0000000000,0.0025905405,0.0113721425,0.9429723333,0.0048820313,0.0072569992,0.0597071882,0.0917559535,0.0660789638,0.0000000000,0.6812424320,0.6739854328,0.0009998899,0.5048728580,0.0359134774,0.0354694896,0.0374151470,0.2260246578,0.1700500862,0.0019410707,0.0011163909,0.0059066892,0.0001614501,0.0001137489,0.2495816974,0.0783170660,0.1569084138,0.0000000000,0.7797561880019439,13.46,3.083215817724061
0.0114510280,0.0796354060,0.8786336613,0.8786336613,0.0029958862,0.0000000000,0.1068458682,0.0007662113,0.0000000000,0.0114533266,0.8931541318,0.0023062960,0.0075724663,0.0064798490,0.0671147470,0.0189576002,0.0000000000,0.5198828003,0.5123103340,0.0000000000,0.4324067540,0.0164789066,0.0480598380,0.0428204851,0.1585628328,0.1664846915,0.0039505855,0.0010213597,0.0055282146,0.0001164641,0.0000000000,0.3896659549,0.0000000000,0.3896659549,0.0000000000,1.5920914186550439,15.04,3.5216893133335967
0.0186332705,0.0469002485,0.8395267909,0.8395267909,0.0042771697,0.0004408155,0.0864080213,0.0000000000,0.0074529304,0.0132937355,0.9135919787,0.0449310628,0.0080839262,0.0014773616,0.1576847363,0.0038458002,0.0000000000,0.8420828909,0.8339989647,0.0106356181,0.5993648479,0.0974995686,0.0844035704,0.0315963944,0.2167949440,0.1690703705,0.0025076104,0.0031285305,0.0083509345,0.0001996264,0.0002997545,0.0684781664,0.0246724426,0.0438057238,0.0000000000,1.0087710131600032,11.75,3.8749438856407115
0.0148732258,0.1191251298,0.8578944167,0.8578944167,0.0050332904,0.0000539632,0.1351669031,0.0018612382,0.0168139370,0.0124468463,0.8648330969,0.0025166452,0.0054385046,0.0065265979,0.0951596034,0.0094033245,0.0024528705,0.7188843560,0.7134458514,0.0036537960,0.6062711070,0.0091433202,0.0374180496,0.0457303373,0.4215935024,0.0923858974,0.0018396529,0.0006926906,0.0057308867,0.0001236247,0.0138400768,0.0678777960,0.0139558523,0.0400622440,0.0004886118,0.7270612185546023,5.45,3.2843945076804126
0.0359718879,0.0581633756,0.8445765714,0.8445765714,0.0030793665,0.0000000000,0.1383600415,0.0000000000,0.0000000000,0.0102812624,0.8616399585,0.0000000000,0.0063294609,0.0019030673,0.0793273636,0.0041287946,0.0000000000,0.3672403018,0.3609108409,0.0030245457,0.2807329707,0.0000000000,0.0216855694,0.0276986356,0.1714514843,0.0598972814,0.0013063030,0.0011700340,0.0068995979,0.0001315701,0.0001644626,0.4986443582,0.1588520823,0.3398470968,0.0000000000,0.5188188473076941,3.76,3.128048090848095
0.0133770234,0.0594774380,0.7658900685,0.7658900685,0.0059886589,0.0000000000,0.0956009589,0.0000000000,0.0003338639,0.0120577289,0.9043990411,0.0210231765,0.0082543609,0.0013094402,0.1013818890,0.0048759106,0.0000000000,0.8032166032,0.7949622422,0.0172844528,0.6574497371,0.0039838989,0.0624585626,0.0571191054,0.2856109000,0.2482772702,0.0007497156,0.0011813342,0.0062322573,0.0001332302,0.0000000000,0.1065908752,0.0000000000,0.1013661222,0.0001825017,0.3031070866819336,3.14,2.580732211739214
0.0142258184,0.1140347752,0.8111254851,0.8111254851,0.0037518397,0.0000456455,0.1080752505,0.0000000000,0.0025227504,0.0105641565,0.8919247495,0.0000000000,0.0066052419,0.0566071345,0.0527439642,0.0577939182,0.0000000000,0.6587440132,0.6521387713,0.0054808033,0.5421130094,0.0009941819,0.0097659164,0.0029992452,0.1800382086,0.3483154574,0.0023301485,0.0010698866,0.0062222648,0.0001569761,0.0000000000,0.1867492146,0.0073277772,0.1555076339,0.0000000000,0.9433622096220241,8.64,2.9277774621183803
0.0160867894,0.0574845175,0.8943026615,0.8943026615,0.0045803765,0.0001584905,0.0840911162,0.0000000000,0.0000000000,0.0118194317,0.9159088838,0.0018701883,0.0094381114,0.0028884900,0.0650801764,0.0052024518,0.0000000000,0.7540583483,0.7446202369,0.0006775470,0.6822977958,0.0686937606,0.0438781049,0.1022818675,0.2122069411,0.2552371217,0.0027418863,0.0007092451,0.0049171689,0.0001347170,0.0000000000,0.1617633657,0.0371620685,0.1246012972,0.0000000000,1.0702216998275582,13.06,2.953377612443952
0.0196021887,0.0372744750,0.8483658681,0.8483658681,0.0027654540,0.0000000000,0.0798728187,0.0000000000,0.0000000000,0.0103297841,0.9201271813,0.0061039633,0.0079081633,0.0058636498,0.0312777285,0.0161010056,0.0000000000,0.4828046436,0.4748964803,0.0000000000,0.4292332150,0.0084109731,0.0654983733,0.0059154096,0.1635536823,0.1858547767,0.0024179237,0.0006839692,0.0057046732,0.0001589766,0.0000000000,0.4573018338,0.2150399290,0.1812148773,0.0000000000,0.983835907001933,12.13,3.2201835945338724
0.0058864942,0.2329389294,0.7944108508,0.7944108508,0.0074472362,0.0003462644,0.1005651256,0.0000000000,0.0033626779,0.0161510631,0.8994348744,0.0010111430,0.0087267978,0.0012540385,0.0189807321,0.0033184377,0.0000000000,0.7112099898,0.7024831919,0.0014901278,0.6863891305,0.0161829671,0.1200937551,0.0196532677,0.1417114563,0.3887476843,0.0039305685,0.0010060384,0.0054330325,0.0001242128,0.0032622867,0.0403959495,0.0117376813,0.0184336855,0.0000000000,1.6176081195524443,15.93,3.694656778014074
0.0161146356,0.0769428919,0.8330974546,0.8330974546,0.0070977032,0.0000374411,0.0959303806,0.0000000000,0.0000000000,0.0140381539,0.9040696194,0.0000000000,0.0099615705,0.0000000000,0.0634689748,0.0000677683,0.0000000000,0.7824381923,0.7724766218,0.0000000000,0.7201905451,0.0000000000,0.1447482912,0.1235075990,0.3828753542,0.0690593007,0.0027957245,0.0004964686,0.0045543315,0.0000681427,0.0000000000,0.1051918031,0.0278224575,0.0641724925,0.0000000000,1.1242944222491948,11.71,2.936239899844393
0.0195288343,0.0488608641,0.8872085771,0.8872085771,0.0082584663,0.0000305570,0.0948950600,0.0000000000,0.0144936952,0.0125624927,0.9051049400,0.0079431471,0.0090326497,0.0060821529,0.1495035506,0.0166281745,0.0000000000,0.9009643935,0.8919317438,0.0129167357,0.6854951879,0.0185323850,0.0380074536,0.0786000295,0.2657030977,0.2846522220,0.0010624378,0.0038491637,0.0066914013,0.0001347418,0.0000000000,0.0102240090,0.0000210261,0.0063315563,0.0000000000,0.4209037071800896,4.5,1.805348694167834
0.0149764151,0.0770047170,0.8363600629,0.8363600629,0.0041961478,0.0000000000,0.0817118711,0.0132075472,0.0073801101,0.0114681604,0.9182881289,0.0000000000,0.0053360849,0.0090310535,0.1494889937,0.0151631289,0.0000000000,0.6931996855,0.6878636006,0.0000000000,0.5284198113,0.0000000000,0.0319280660,0.0182389937,0.1783215409,0.2999312107,0.0013954403,0.0003636006,0.0060239780,0.0001572327,0.0000000000,0.1774862421,0.0530463836,0.1244398585,0.0000000000,0.5566253607530122,6.83,3.0802530802530805
0.0071957799,0.0827347965,0.9260948723,0.9260948723,0.0039880226,0.0003501190,0.0718610994,0.0369925775,0.0000000000,0.0134979226,0.9281389006,0.0102568207,0.0096632855,0.0079893831,0.1482737464,0.0310672295,0.0000000000,0.6636556429,0.6539923574,0.0048083015,0.4692495448,0.0993471114,0.0202868975,0.0113938739,0.2131658097,0.1250558523,0.0036445725,0.0016272199,0.0071424284,0.0001633889,0.0000000000,0.1943960947,0.1097206384,0.0846754563,0.0000000000,1.4780956502336149,20.09,4.08967310935968
0.0071111111,0.1341764032,0.8980985109,0.8980985109,0.0045544101,0.0000000000,0.0766460481,0.0000000000,0.0000000000,0.0116838488,0.9233539519,0.0078625430,0.0056265750,0.0050584192,0.0294524628,0.0152668958,0.0000000000,0.3616494845,0.3560229095,0.0000000000,0.3090400916,0.0558533792,0.0423276060,0.0000000000,0.0203619702,0.1904971363,0.0030332188,0.0003482245,0.0036471936,0.0000916380,0.0000000000,0.4805681558,0.2069919817,0.2178694158,0.0000000000,1.2302831788510233,16.16,3.022019373164041
0.0126514521,0.0792960578,0.8028925592,0.8028925592,0.0060833951,0.0002833176,0.1501957158,0.0000000000,0.0049641018,0.0137069046,0.8498042842,0.0000000000,0.0102126544,0.0000525082,0.2249824910,0.0091779786,0.0000000000,0.7824819829,0.7722693285,0.0093944332,0.5293581232,0.0009761235,0.0744411277,0.0213175703,0.3266545936,0.1059687081,0.0019658463,0.0040265095,0.0087737788,0.0001911449,0.0000000000,0.1028144391,0.0009836786,0.1003571313,0.0000000000,0.7929066546298439,5.24,3.2882611594008666
0.0139508481,0.0602697319,0.8779812526,0.8779812526,0.0048588455,0.0000000000,0.0769596816,0.0000000000,0.0000000000,0.0107664842,0.9230403184,0.0009348398,0.0068519746,0.0009063514,0.0430691022,0.0093125235,0.0000000000,0.5778744740,0.5710224995,0.0000000000,0.5245316305,0.0133715851,0.0801366596,0.0240715965,0.3059933147,0.1009584745,0.0011701324,0.0006140821,0.0051574456,0.0001192290,0.0000000000,0.3369179409,0.1258857765,0.2110321644,0.0000000000,0.47680800899873005,6.02,2.514966159802989
0.0132237341,0.0167345788,0.7736928313,0.7736928313,0.0059637369,0.0001678224,0.0901776904,0.0000912954,0.0033631610,0.0113555351,0.9098223096,0.0000000000,0.0107540596,0.0003564548,0.0539730276,0.0061671377,0.0000000000,0.8739989394,0.8632448797,0.0007256641,0.8026777743,0.0001570818,0.0991038284,0.1501741997,0.3567259863,0.1965166782,0.0006813590,0.0008585794,0.0052045084,0.0001040499,0.0000000000,0.0849691542,0.0000000000,0.0844321226,0.0000000000,0.2698709970104808,3.03,2.2411675724091125
0.0266468118,0.0902082766,0.7024546135,0.7024546135,0.0036506982,0.0013250658,0.1690999016,0.0000000000,0.0247472961,0.0153090945,0.8309000984,0.0007172164,0.0108887884,0.0003585536,0.1033584088,0.0039303373,0.0000000000,0.6313160425,0.6204272540,0.0000000000,0.5227395594,0.0076944411,0.1954891223,0.0171200906,0.2138386644,0.0885972410,0.0067196336,0.0030280046,0.0048463136,0.0001505161,0.0004801454,0.1899167512,0.0171717179,0.1722947946,0.0000000000,2.7148838876586923,15.96,5.299543443280511
0.0116631671,0.1915182350,0.8408040603,0.8408040603,0.0060647482,0.0000296082,0.0845980562,0.0000000000,0.0000000000,0.0160180413,0.9154019438,0.0078683816,0.0076117772,0.0026375980,0.0175897437,0.0130794265,0.0000000000,0.7611579771,0.7535461999,0.0000000000,0.7226204252,0.0267633539,0.0628310876,0.0328971880,0.1989943078,0.4011344879,0.0040365859,0.0008092911,0.0066963900,0.0001825840,0.0002492024,0.0325517589,0.0000000000,0.0325517589,0.0000000000,1.633250015286761,19.58,4.20509479444915
0.0081036382,0.0060151096,0.9402651363,0.9402651363,0.0044625262,0.0000000000,0.0549279329,0.0300202959,0.0000000000,0.0102013754,0.9450720671,0.0536092499,0.0053410342,0.0021640397,0.0403395424,0.0070114887,0.0000000000,0.4620068292,0.4566657949,0.0000000000,0.3610244472,0.0433213129,0.0350132421,0.0110412070,0.2078141173,0.0638345679,0.0020627443,0.0008324646,0.0045067279,0.0001123459,0.0000000000,0.4775860735,0.2495883720,0.2196104360,0.0000000000,0.8230603883816208,14.27,2.3768002631566403
0.0037950095,0.0664951662,0.8142620357,0.8142620357,0.0048862622,0.0002250006,0.0949277373,0.0000000000,0.0000000000,0.0133500334,0.9050722627,0.0044287611,0.0081787704,0.0305213263,0.1105802765,0.0419476049,0.0000000000,0.6847217118,0.6765429414,0.0087000218,0.5195487989,0.0268425671,0.0427913570,0.0424051060,0.2145530364,0.1929567324,0.0029362573,0.0009037523,0.0053812635,0.0001387503,0.0000825002,0.2421568554,0.0201338003,0.2108067770,0.0000000000,1.1943645214247716,12.49,3.5655467395468423
0.0075390711,0.0743030648,0.8558901218,0.8558901218,0.0028421230,0.0001456669,0.0758892155,0.0447877148,0.0000000000,0.0126115161,0.9241107845,0.0029780788,0.0057813572,0.0139937331,0.0658770442,0.0247212907,0.0000000000,0.5289618159,0.5231804586,0.0007639419,0.4345858528,0.0679875957,0.0111257138,0.0159845140,0.1448090793,0.1946789502,0.0041013324,0.0023824630,0.0079048569,0.0002039337,0.0000000000,0.3361474019,0.0185320661,0.3176153358,0.0000000000,1.6712283594394064,22.06,4.209028910924229
0.0527414513,0.1361754253,0.8697249922,0.8697249922,0.0018977951,0.0002587902,0.1268934819,0.0000000000,0.0000000000,0.0153721404,0.8731065181,0.0058314068,0.0109727063,0.0109727063,0.1537559090,0.0316241676,0.0000000000,0.6368827853,0.6259100790,0.0000000000,0.4456713019,0.0949587661,0.0095407336,0.0003968117,0.2446085366,0.0961664539,0.0049515200,0.0010006556,0.0092646907,0.0002070322,0.0000000000,0.1735274835,0.0491528933,0.1074842138,0.0000000000,2.0255308637618765,15.06,6.0603709164274076
0.0155785916,0.0374386638,0.8234751243,0.8234751243,0.0038897735,0.0001754785,0.0932083320,0.0022552237,0.0000000000,0.0120722711,0.9067916680,0.0000000000,0.0068599097,0.0254183862,0.0654144867,0.0562116141,0.0000000000,0.8531147434,0.8462548338,0.0000000000,0.7314886426,0.0000000000,0.0328469762,0.0389009846,0.1287719754,0.5309687063,0.0018945179,0.0018392747,0.0079517759,0.0002079745,0.0000779904,0.0870698339,0.0000000000,0.0816040035,0.0000000000,0.7535731712440097,8.09,3.4119125612718113
0.0079427678,0.1388393042,0.8570647737,0.8570647737,0.0023523877,0.0000000000,0.1386663346,0.1123057550,0.0014460265,0.0115266996,0.8613336654,0.0022486059,0.0040890033,0.0056664868,0.0303734761,0.0117481008,0.0000000000,0.3235985996,0.3195095964,0.0000000000,0.2792076605,0.0051268214,0.1106521649,0.0006849599,0.0578548992,0.1048888151,0.0049884456,0.0019372604,0.0050437959,0.0001314570,0.0000000000,0.3642257185,0.1058920392,0.2583336793,0.0000000000,2.036665630914381,14.48,4.181629684525054
0.0355873906,0.0661005982,0.9021942720,0.9021942720,0.0025427673,0.0003462250,0.0763738322,0.0143882034,0.0000000000,0.0107159479,0.9236261678,0.0004937963,0.0060050174,0.1292611218,0.1340969203,0.1599162249,0.0000000000,0.5897120089,0.5837069915,0.0000000000,0.2952050674,0.0090415811,0.0102335032,0.0000000000,0.1386716311,0.1372583520,0.0024462784,0.0016743669,0.0069812584,0.0002554119,0.0001986537,0.2739434461,0.0998546990,0.1663128739,0.0000000000,0.9827505614903149,12.67,3.6092260841776795
0.0091885579,0.0683608712,0.7495444041,0.7495444041,0.0093228458,0.0001819384,0.1172646588,0.0000000000,0.0003538803,0.0214890629,0.8827353412,0.0000089970,0.0086444086,0.0000000000,0.0176860162,0.0001062974,0.0000000000,0.8852941421,0.8766497335,0.0000000000,0.6902384693,0.0000029990,0.0018966916,0.1743043604,0.4915656869,0.0224687314,0.0046201035,0.0005501472,0.0055088029,0.0000633119,0.0000000000,0.0193907728,0.0000000000,0.0176706881,0.0000000000,1.8579592498548156,16.32,5.078608650959368
0.0210001156,0.2537558026,0.8735268366,0.8735268366,0.0016817273,0.0000066080,0.1136999653,0.0000000000,0.0000000000,0.0131762840,0.8863000347,0.0004328218,0.0065617101,0.0009449391,0.0194505476,0.0062676557,0.0000000000,0.5047230436,0.4981613335,0.0006442767,0.4778682702,0.0049691904,0.0937703401,0.0121190095,0.2564650686,0.1105446616,0.0042092743,0.0024482514,0.0086696513,0.0002940545,0.0000000000,0.1920869608,0.0455189731,0.1465679877,0.0000000000,1.713874445916768,15.07,5.057246533500261
0.0066375154,0.0198347964,0.7814803243,0.7814803243,0.0044000536,0.0000863885,0.1102389074,0.0000000000,0.0045411548,0.0110260504,0.8897610926,0.0600025629,0.0078195978,0.0116451679,0.0923723286,0.0213480347,0.0000000000,0.6102698632,0.6024502654,0.0010395414,0.4353130215,0.0836053371,0.0494473297,0.0221384894,0.1463896092,0.1337322562,0.0024275165,0.0013188642,0.0048291164,0.0001281429,0.0000561525,0.3341809004,0.1457805704,0.1870857852,0.0000000000,0.9751089840445913,8.86,2.796684330789051
0.0092975415,0.0601012444,0.8823521503,0.8823521503,0.0023798479,0.0002016820,0.1121620986,0.0000000000,0.0000000000,0.0137076552,0.8878379014,0.0000000000,0.0188236560,0.0275699332,0.0668172559,0.0651903542,0.0000000000,0.8135247968,0.7947011408,0.0000000000,0.6815171867,0.0833887959,0.0645987536,0.0000000000,0.3133063079,0.2202233292,0.0043630545,0.0008336190,0.0075966897,0.0001949593,0.0000000000,0.1286798567,0.0559264264,0.0582323243,0.0000000000,1.7856774362184362,15.34,4.755168776743415
0.0029005723,0.0535453435,0.8457637874,0.8457637874,0.0033346105,0.0000000000,0.1249072056,0.0000000000,0.0000000000,0.0117459709,0.8750927944,0.0000000000,0.0143082928,0.0004041045,0.1169837640,0.0009279437,0.0000000000,0.6592620752,0.6449537824,0.0000000000,0.5406858402,0.0003741708,0.0915042266,0.1121704303,0.2580312029,0.0786058095,0.0032986901,0.0004998922,0.0048163270,0.0001347015,0.0000000000,0.2797780119,0.0282064944,0.2223143514,0.0000000000,1.336693261040304,10.4,3.531054588407523
0.0356507889,0.0572141146,0.8442415488,0.8442415488,0.0037780576,0.0000000000,0.0534854434,0.0004629973,0.0048151715,0.0103032323,0.9465145566,0.0000000000,0.0036360718,0.0059140183,0.0249215991,0.0198903622,0.0000000000,0.4162468825,0.4126108107,0.0000000000,0.3568042077,0.0000000000,0.0568684100,0.0017223498,0.1399177717,0.1582956762,-0.0008642616,0.0036731116,0.0110625478,0.0003086648,0.0009321678,0.4567930958,0.1880694866,0.2687236092,0.0000000000,-0.3391935068671542,-6.2,2.807604704132385
0.0071751802,0.0417528169,0.8938735822,0.8938735822,0.0034620378,0.0000000000,0.1020286046,0.0326970236,0.0000000000,0.0105944768,0.8979713954,0.0272475197,0.0057807483,0.0095312892,0.0356942508,0.0150021638,0.0000000000,0.4775314816,0.4717507333,0.0080139764,0.3915735710,0.0649666351,0.0311583401,0.0022706266,0.2398048864,0.0533730827,0.0029865419,0.0009082507,0.0042206942,0.0000961677,0.0000000000,0.4108124569,0.1265353443,0.2775987990,0.0000000000,1.217046267897139,11.81,3.0969717531817906
0.0084415881,0.0549873291,0.7992054976,0.7992054976,0.0038412365,0.0000000000,0.0943871144,0.0255416543,0.0000000000,0.0131446771,0.9056128856,0.0010273738,0.0213807904,0.0046231821,0.1528503915,0.0435378188,0.0000000000,0.7625225451,0.7411417548,0.0000000000,0.5650042236,0.0294399671,0.0831716171,0.0096116527,0.1682438757,0.2745371110,0.0022545147,0.0008276067,0.0078765325,0.0002568435,0.0003881190,0.1551049063,0.0034359946,0.1362754275,0.0000000000,0.9128383784986119,9.57,3.9535158701524713
0.0158852892,0.0297326916,0.8673195064,0.8673195064,0.0060257014,0.0000076708,0.0688447764,0.0017136659,0.0118949177,0.0135421029,0.9311552236,0.0000818223,0.0086608910,0.0007297527,0.3038005950,0.0460818111,0.0000000000,0.7333917340,0.7247308430,0.0058676821,0.3775015252,0.0009931182,0.0234978320,0.0262639373,0.2356180678,0.0911285699,0.0018241260,0.0021565291,0.0070587080,0.0001232448,0.0000000000,0.1778719757,0.0502971940,0.1234586084,0.0000000000,0.7276814766609477,10.5,3.2528745934736687
0.0113363338,0.2385029271,0.8955534500,0.8955534500,0.0039254171,0.0004229975,0.0993367399,0.0000000000,0.0000000000,0.0123346080,0.9006632601,0.0460898108,0.0082569118,0.0417583161,0.0346350377,0.0559371933,0.0000000000,0.5498121891,0.5415552773,0.0000000000,0.4130824676,0.0905045515,0.0000000000,0.0031471016,0.0535176475,0.2659131671,0.0017089100,0.0010997936,0.0072247978,0.0002876383,0.0000000000,0.1850191195,0.0096105039,0.1754086156,0.0000000000,0.6684093842030376,6.95,3.5410209825086385
0.0185044665,0.0330090696,0.9125000237,0.9125000237,0.0046884811,0.0001754742,0.0817700320,0.0156504023,0.0033283189,0.0137144949,0.9182299680,0.1227276090,0.0045955272,0.0046467467,0.0677520142,0.0153554159,0.0000000000,0.6435511806,0.6389556534,0.0012937666,0.4357394483,0.0824358855,0.1139102672,0.0028104328,0.1584200113,0.0781628514,0.0033027091,0.0013108398,0.0060590769,0.0001384823,0.0000000000,0.2563782503,0.0749881911,0.1685254286,0.0000000000,1.3213900970692332,16.05,3.903567604819159
0.0203559972,0.0427249349,0.8300500830,0.8300500830,0.0046296081,0.0002327996,0.0598450175,0.0004081753,0.0055685665,0.0105240940,0.9401549825,0.0307730033,0.0077537787,0.0011748620,0.0439463568,0.0024071479,0.0000000000,0.6685926954,0.6608389166,0.0038551614,0.5875877460,0.1119936803,0.0547032503,0.0375785117,0.2425973607,0.1407149431,0.0001707197,0.0005354391,0.0060574456,0.0001645117,0.0009079184,0.2350934535,0.0436778612,0.1905511298,0.0000000000,0.06845281850590833,1.13,2.5616446325097186
0.0075782443,0.0186387704,0.8637914056,0.8637914056,0.0025546247,0.0000000000,0.1167706118,0.0000000000,0.0000000000,0.0109035379,0.8832293882,0.0276584510,0.0044812970,0.0150423154,0.1875294353,0.0299704577,0.0000000000,0.6697398279,0.6652585309,0.0000000000,0.4245814840,0.0600979035,0.0137007807,0.0150137721,0.0384192724,0.2973497552,0.0020693887,0.0018553140,0.0072642681,0.0001855314,0.0000000000,0.2865033039,0.0000000000,0.2865033039,0.0000000000,0.8221411105992416,7.08,3.455123993178345
0.0090808153,0.1135151479,0.8854736696,0.8854736696,0.0045106670,0.0000000000,0.1085236736,0.0024783885,0.0000000000,0.0123473313,0.8914763264,0.0127736141,0.0063496312,0.0022503767,0.0630353319,0.0268607741,0.0000000000,0.4191351416,0.4127855103,0.0000000000,0.3163068047,0.0004411531,0.1141149179,0.0028501467,0.1115274804,0.0873731065,0.0014919898,0.0008029979,0.0068106115,0.0001883575,0.0000000000,0.4380551590,0.0416022286,0.3549597510,0.0000000000,0.5988604739652372,5.53,3.295749764831265
0.0181236674,0.0782850454,0.8097746561,0.8097746561,0.0042434884,0.0001672311,0.1530791421,0.0000000000,0.0115807517,0.0149044693,0.8469208579,0.1959739120,0.0139115348,0.0061352899,0.0882666499,0.0258685564,0.0000000000,0.7836552531,0.7697437184,0.0000000000,0.4741105397,0.2315941302,0.0054141059,0.0000000000,0.1355303315,0.1015719721,0.0036477277,0.0012437811,0.0070968686,0.0001776830,0.0000000000,0.1019482420,0.0251055646,0.0774488900,0.0000000000,1.4483882012388076,9.65,4.602654423004247
0.0190869354,0.1352598349,0.8757001781,0.8757001781,0.0030273596,0.0000485673,0.1191193136,0.0000000000,0.0000000000,0.0091954023,0.8808806864,0.0004371054,0.0047919702,0.0229237494,0.0250283309,0.0341589768,0.0000000000,0.2877934272,0.2830014570,0.0003561599,0.2278128541,0.0030921159,0.0190383681,0.0000000000,0.0645135179,0.1411688522,0.0001780800,0.0006151854,0.0065565809,0.0002914036,0.0000000000,0.5565161081,0.0264691598,0.5300469484,0.0000000000,0.07085175076286401,0.59,2.54466521956921
0.0018570786,0.0232773904,0.8547072808,0.8547072808,0.0054404133,0.0000000000,0.1415469841,0.0000000000,0.0000000000,0.0136130630,0.8584530159,0.0020134642,0.0133709661,0.0000105260,0.1703640325,0.0021382719,0.0000000000,0.8043015054,0.7909305392,0.0000000000,0.6290233571,0.0078117599,0.0450676142,0.0924434193,0.3872257050,0.0964748588,0.0050494494,0.0034449936,0.0047020930,0.0001067632,0.0000000000,0.1772555235,0.0000000000,0.1030610971,0.0000000000,1.9938264412083195,14.35,3.2847272271251384
0.0094531052,0.0385685509,0.7412779192,0.7412779192,0.0040006971,-0.0000088609,0.1788070864,0.0005065482,0.0001048540,0.0122250905,0.8211929136,0.0000000000,0.0065910339,0.0113020799,0.0694163029,0.0167190444,0.0000000000,0.8327918338,0.8262007998,0.0066087558,0.7410874098,0.0000000000,0.0388550534,0.0368214765,0.2969361956,0.3684746844,0.0015285055,0.0007339780,0.0069971586,0.0002111848,0.0000000000,0.0799282858,0.0000000000,0.0799282858,0.0000000000,0.6193821737621333,3.42,3.556855641255118
0.0224364377,0.0171543895,0.8705272947,0.8705272947,0.0067485804,0.0000395718,0.1057889634,0.0000000000,0.0400633149,0.0140392948,0.8942110366,0.0000000000,0.0078668804,0.0000514434,0.0795433410,0.0001844047,0.0000000000,0.7124164540,0.7045495736,0.0099206585,0.6114726658,0.0013929285,0.0937717892,0.0599600324,0.1972727093,0.2590752063,0.0021495420,0.0022920006,0.0070841495,0.0001677846,0.0000000000,0.1804562632,0.0889440256,0.0142909717,0.0000000000,0.8641057670549337,8.21,3.2857725016295998
0.0024368639,0.0291206900,0.8347753937,0.8347753937,0.0075580987,0.0004671902,0.1259972434,0.0000000000,0.0000000000,0.0138956891,0.8740027566,0.0044547102,0.0151784895,0.0006731691,0.1022075047,0.0032117767,0.0000000000,0.8074881656,0.7923096761,0.0627700100,0.5851920235,0.0092034387,0.0384250417,0.0421870646,0.2733947034,0.2219817750,0.0027695033,0.0003911939,0.0034152640,0.0000776574,0.0009933501,0.1607752948,0.1482143161,0.0125609787,0.0000000000,1.0910170638078933,8.83,2.5591797745813882
0.0034097131,0.1739575388,0.9359662568,0.9359662568,0.0027832441,0.0000000000,0.0546606188,0.0000000000,0.0000000000,0.0105686761,0.9453393812,0.0000000000,0.0041413907,0.0023671922,0.0235451930,0.0089116416,0.0000000000,0.3375233431,0.3333819524,0.0244370745,0.2805481365,0.0000000000,0.0426644541,0.0023050235,0.0634813984,0.1720972605,0.0044235409,0.0009205747,0.0042824658,0.0001243374,0.0000000000,0.4667098659,0.1594387603,0.2697355679,0.0000000000,1.7771800475515742,32.96,3.222087528759803
0.0060931438,0.0189254914,0.7796462616,0.7796462616,0.0058503923,-0.0002456707,0.1196878733,0.0000146873,0.0254309751,0.0117553375,0.8803121267,0.0000000000,0.0070082283,0.0001421296,0.0484863429,0.0003359841,0.0000000000,0.7590875574,0.7520793291,0.0000000000,0.6838765684,0.0002189416,0.0289416118,0.1282084404,0.3863753941,0.1401321805,0.0019401872,0.0004732787,0.0040635555,0.0000770857,0.0000000000,0.1604460351,0.0446508516,0.0988936244,0.0000000000,0.770155183028413,6.51,2.5284518705872014
0.0151643831,0.0329148187,0.8461203843,0.8461203843,0.0089249112,0.0000875669,0.1024513977,0.0000000000,0.0000000000,0.0156941959,0.8975486023,0.0000000000,0.0066271134,0.0000000000,0.2176634181,0.0007809433,0.0000000000,0.6842112536,0.6775841401,0.0000000000,0.3810069973,0.0000000000,0.0272313797,0.0866033771,0.2568454271,0.0103268133,0.0017926235,0.0015107781,0.0058008052,0.0000514414,0.0000000000,0.2144844580,0.0098418661,0.1712695455,0.0150124729,0.7109607787654938,7.05,2.895531662600811
0.0129504663,0.1125496605,0.9288657688,0.9288657688,0.0016518272,0.0001056606,0.0643472993,0.0000000000,0.0000000000,0.0087169987,0.9356527007,0.0000000000,0.0034022710,0.0000000000,0.0189202897,0.0255416866,0.0000000000,0.3107513172,0.3073490462,0.0750436730,0.1912456679,0.0000000000,0.0055824012,0.0040432786,0.0222873405,0.1593326477,0.0019582429,0.0007924544,0.0053006396,0.0001127046,0.0000000000,0.5512594742,0.0000000000,0.4800371925,0.0000000000,0.7786365108401677,12.41,2.921318452473054
0.0032456415,0.1486802515,0.7785969795,0.7785969795,0.0068391604,0.0000000000,0.2025083600,0.0000000000,0.0000000000,0.0150370462,0.7974916400,0.0000000000,0.0000000000,0.0000000000,0.1786450631,0.4145551176,0.0000000000,0.5986095832,0.5986095832,0.0000000000,0.0000000000,0.0000000000,0.0000000000,0.0000000000,0.0000000000,0.0000000000,0.0139059893,0.0522307866,0.0411533502,0.0002823089,0.0000000000,0.2293732378,0.0952746957,0.1326086798,0.0000000000,5.398587776105327,28.09,3.261227905561332
0.0235619382,0.3391128175,0.8869082931,0.8858952977,0.0063522090,-0.0002798330,0.0838211755,0.0000000000,0.0000000000,0.0127379980,0.9161788245,0.0000000000,0.0129450744,0.0000000000,0.0848229776,0.0007163725,0.0216422839,0.6031968121,0.5902517378,0.0000000000,0.4958136984,0.0000000000,0.0015446781,0.0247652201,0.2699772776,0.1995265226,-0.0073260278,0.0008562890,0.0148479388,0.0003190096,0.0000000000,0.0066600253,0.0000000000,0.0046060511,0.0000000000,-2.88753715580899,-33.51,2.7572124606188018
0.0070687063,0.0703038957,0.8237429805,0.8237429805,0.0064280001,-0.0002680078,0.0867947521,0.0000000000,0.0001151596,0.0170226843,0.9132052479,0.0000000000,0.0084904041,0.0000502515,0.2039016076,0.4296479466,0.0000000000,0.8925707394,0.8840803353,0.0000000000,0.2531857336,0.0000000000,0.0075042190,0.0565957144,0.1235055423,0.0655802579,0.0033019401,0.0005695166,0.0070100796,0.0001005029,0.0000000000,0.0169326505,0.0009296521,0.0160029983,0.0000000000,1.3072626856082978,15.37,4.345151903204442
0.0088109005,0.0185448477,0.8997742256,0.8997742256,0.0076598628,0.0017225983,0.0966127510,0.0748411980,0.0006238086,0.0165309276,0.9033872490,0.1029537495,0.0096405343,0.0107884054,0.0475551136,0.0215783941,0.0000000000,0.8182452929,0.8086047587,0.0101503474,0.6353632973,0.1095480713,0.1141838874,0.0259941356,0.2076506799,0.1779865232,0.0021405818,0.0008043014,0.0058121861,0.0001820761,0.0002074084,0.0670625899,0.0157772908,0.0151534822,0.0000000000,0.8683135401839869,8.91,3.754279932727163
0.0005029880,0.1267834217,0.7970692895,0.7970692895,0.0041085024,0.0021439820,0.1359756074,0.0000000000,0.0002842360,0.0202968585,0.8640243926,0.0000000000,0.0072726192,0.0000000000,0.3787804187,0.0000007079,0.0000000000,0.4188552191,0.4115825999,0.0000000000,0.0400737385,0.0000000000,0.0252067436,0.0000000000,0.0136631509,0.0012038439,0.0132748484,0.0020246949,0.0085907946,0.0000092032,0.0000000000,0.3888316838,0.0000000000,0.0434031582,0.0000000000,5.408229152133213,37.21,6.985418850771518
0.0099201113,0.0097848197,0.6146867571,0.6146867571,0.0067598146,0.0000000000,0.1451440331,0.0000000000,0.0134662748,0.0163283584,0.8548559669,0.1226513336,0.0117760829,0.0030945564,0.0669254991,0.0041854638,0.0000000000,0.6159158143,0.6041397314,0.0000000000,0.4221335099,0.1174540414,0.0550731956,0.0131204238,0.1444418508,0.0920439983,0.0047561655,0.0008641511,0.0042721647,0.0000952758,0.0000000000,0.3226732470,0.0017578376,0.0038977310,0.0000000000,1.8877833435830917,13.32,4.088018793570417
0.0111012734,0.0543009209,0.9023817785,0.9023817785,0.0062635351,0.0000000000,0.0632106550,0.0000000000,0.0003240447,0.0137963284,0.9367893450,0.0005713158,0.0153926225,0.0011466198,0.0682248731,0.0062306321,0.0000000000,0.6904236311,0.6750310086,0.0000000000,0.6077034901,0.0002871535,0.1625976621,0.0282896023,0.3311587440,0.0853703283,0.0022832689,0.0004955392,0.0056134515,0.0001156590,0.0000000000,0.2486061092,0.0691730778,0.1691962096,0.0000000000,0.9282698711569526,14.51,3.1496440495751052
0.0142912785,0.0218680346,0.8711426184,0.8711426184,0.0033795603,0.0001486610,0.0886455694,0.0000000000,0.0000000000,0.0129969366,0.9113544306,0.0000247768,0.0094756528,0.0004776974,0.1265025912,0.0020227808,0.0000000000,0.6931587194,0.6836830666,0.0000000000,0.5639990605,0.0006501442,0.1766955036,0.0558727541,0.2752805481,0.0555001105,0.0050326707,0.0013528152,0.0057888597,0.0001219020,0.0000000000,0.2585195147,0.0031317919,0.2506801241,0.0000000000,2.0227842063096486,22.88,4.045334931346239
0.0170601196,0.0380232924,0.8966530270,0.8966530270,0.0044381492,0.0005455881,0.0782184451,0.0000104921,0.0100723953,0.0131990347,0.9217815549,0.0000000000,0.0105235547,0.0079634876,0.0999160634,0.0253278775,0.0000000000,0.7764872521,0.7659636974,0.0000000000,0.6449480642,0.0082362816,0.0638233134,0.0777043332,0.2485783234,0.2466058126,0.0011960969,0.0002413178,0.0068618193,0.0001573812,0.0000000000,0.1495331025,0.0000000000,0.1407197566,0.0000000000,0.4827976855356566,6.02,3.7689647195563003
0.0177947593,0.1195612450,0.8804508791,0.8804508791,0.0011708446,0.0000000000,0.1149315593,0.0393029664,0.0180077975,0.0122990642,0.8850684407,0.0283825891,0.0082270884,0.0102795305,0.0399784537,0.0201104681,0.0000000000,0.5715228427,0.5632957543,0.0259542990,0.4568649424,0.1441091449,0.0187127291,0.0110658669,0.1847752100,0.0982019915,0.0039732507,0.0018671161,0.0079707497,0.0002078422,0.0000207842,0.1915092983,0.0657682109,0.1194573239,0.0000000000,1.5597298689289776,13.98,5.004654133610634
0.0185257581,0.0318221748,0.8736771422,0.8736771422,0.0059744190,0.0000321947,0.0909684630,0.0000000000,0.0000000000,0.0125559383,0.9090315370,0.0000000000,0.0072714060,0.0189304916,0.0515575343,0.0313392541,0.0000000000,0.7744852295,0.7672138235,0.0137379442,0.6684450413,0.0041991105,0.0509136400,0.0345725232,0.3738910071,0.2048687605,0.0008140663,0.0012371969,0.0068574740,0.0001931683,0.0000000000,0.1417763203,0.0498098212,0.0875006324,0.0000000000,0.328280076691419,3.58,2.8510164590913507
0.0133919360,0.0975368605,0.8445740661,0.8445740661,0.0054796275,0.0000000000,0.1076802486,0.0000000000,0.0378919628,0.0114487025,0.8923197514,0.0006721259,0.0074494259,0.0014330438,0.0289585469,0.0040782432,0.0000000000,0.6093605633,0.6019111375,0.0008355177,0.5758139474,0.0730703127,0.1096646030,0.0214716392,0.2798765792,0.0917308134,0.0015520395,0.0005156483,0.0045061912,0.0000957061,0.0000000000,0.2378714387,0.0098966629,0.2279747758,0.0000000000,0.6349381214466168,5.79,2.6374986935513696
0.0026858529,0.0273318793,0.8061189847,0.8061189847,0.0076723563,0.0003241151,0.0912459308,0.0000000000,0.0039284598,0.0121770504,0.9087540692,0.0000000000,0.0053303685,0.0000211280,0.1077437243,0.0024695210,0.0000000000,0.6683337975,0.6630034290,0.0014901332,0.5273101389,0.0000528582,0.0652931863,0.0308089970,0.2876978583,0.1434572391,0.0013456440,0.0012373249,0.0036341229,0.0000344095,0.0000000000,0.2534495978,0.0000000000,0.2495401608,0.0033069458,0.5381253947962423,5.92,1.9211965313597479
0.0232138439,0.0265249094,0.9928175348,0.9928175348,0.0039732786,0.0001091560,0.0008077544,0.0548035920,0.0000000000,0.0113376705,0.9991922456,0.0000000000,0.0056324499,0.0030854764,0.0270561353,0.0191314093,0.0000000000,0.4855914072,0.4799589573,0.0000000000,0.4393019837,0.0287808002,0.0734838231,0.0078737865,0.0781993625,0.2509642114,0.0015718465,0.0008950792,0.0065784686,0.0002255891,0.0000000000,0.4003769521,0.0334599543,0.3669169978,0.0000000000,0.6334426950640591,147.19,3.16387183505348
0.0144358291,0.0736200630,0.8649273080,0.8649273080,0.0041143688,0.0003618448,0.0900573459,0.0000000000,0.0194774251,0.0127041434,0.9099426541,0.0004640174,0.0069384541,0.0008032469,0.2049777885,0.0097395202,0.0000000000,0.6886253130,0.6816868589,0.0000000000,0.4736915435,0.0059760924,0.0860633228,0.0071827801,0.2659789193,0.1084904289,0.0025026250,0.0015418787,0.0072671836,0.0001522494,0.0000000000,0.1823386641,0.0335877554,0.1459324772,0.0000000000,1.0034337691410111,11.1,3.6997119329842496
0.0054206261,0.1742468421,0.7885567027,0.7885567027,0.0037433422,0.0002314133,0.1982490341,0.0000000000,0.0574719666,0.0162896480,0.8017509659,0.0000000000,0.0064184805,0.0001240376,0.2502651997,0.0065443693,0.0338307795,0.6617310829,0.6553126024,0.0000000000,0.1648958918,0.0000000000,0.0000000000,0.0548708806,0.1064890153,0.0035359959,0.0043265039,0.0007960619,0.0087714914,0.0001425506,0.0000000000,0.0933706557,0.0000000000,0.0917618701,0.0000000000,1.6923699425104755,8.78,5.35293258085282
0.0198764003,0.0424368400,0.8831522118,0.8831522118,0.0055494329,0.0002873764,0.0621932676,0.0641714214,0.0018274905,0.0149017201,0.9378067324,0.0630079656,0.0101920958,0.0222116820,0.0703486182,0.0448697739,0.0000000000,0.7065998912,0.6964077954,0.0033229636,0.5241689103,0.1225283540,0.0669810136,0.0049691001,0.1100651479,0.2196252947,0.0023101712,0.0022041488,0.0089337779,0.0003124869,0.0006054434,0.1597756790,0.0922506034,0.0549139963,0.0000000000,0.9412192654397472,15.06,4.079881449745463
0.0164549477,0.0301366110,0.8071675135,0.8071675135,0.0050647400,0.0000000000,0.1285542001,0.0000000000,0.0071891531,0.0128505638,0.8714457999,0.0000191403,0.0128791951,0.0001080398,0.1231887520,0.0125481157,0.0000000000,0.7540959412,0.7412167461,0.0078672886,0.5876882747,0.0005949306,0.0684826629,0.0863672789,0.1987416135,0.2335017889,0.0023605820,0.0024390414,0.0072116153,0.0001270219,0.0000000000,0.1567206275,0.0205584027,0.1361622248,0.0000000000,0.9477826416146475,7.4,3.3993940038025623
0.0270633340,0.0273105781,0.8984420328,0.8984420328,0.0046465399,0.0000000000,0.0671893955,0.0000000000,0.0000000000,0.0134418350,0.9328106045,0.0015131336,0.0107501714,0.0001450498,0.1409554829,0.0010054591,0.0000000000,0.6576213803,0.6468712089,0.0087771639,0.5078145604,0.0287561317,0.1263812701,0.0148643125,0.2239553115,0.1138575347,0.0028400100,0.0005736062,0.0065288913,0.0001351601,0.0000000000,0.2700383063,0.0485241178,0.2089789150,0.0000000000,1.1215020186059985,16.88,3.7059995034127353
0.0220042333,0.0709462954,0.8844742936,0.8844742936,0.0021544693,0.0006982629,0.1074091462,0.0003978706,0.0000000000,0.0117252465,0.8925908538,0.0033978149,0.0065688435,0.0327686223,0.0848299899,0.0484367664,0.0000000000,0.6070570308,0.6004881872,0.0041100033,0.4649456111,0.0123916797,0.0555188630,0.0002208182,0.2827944839,0.1140197662,0.0020868313,0.0024329787,0.0085581965,0.0002486691,0.0011558141,0.2551345200,0.0166469058,0.2384876143,0.0000000000,0.8436561920061767,7.79,4.264551085306534
0.0129183828,0.0517606835,0.8682214572,0.8682214572,0.0027535341,0.0001046224,0.1138974458,0.0000000000,0.0196287077,0.0122954131,0.8861025542,0.0232035374,0.0081027753,0.0005024654,0.0798477238,0.0023920211,0.0000000000,0.6649459229,0.6568431476,0.0247027940,0.5186518681,0.0338136765,0.0686876720,0.0836925468,0.2352947483,0.0971632246,0.0033606218,0.0017912861,0.0059912693,0.0001677532,0.0000549913,0.2360642290,0.0343659715,0.1782963942,0.0000000000,1.3399542121624513,11.91,4.045714622408245
0.0191896821,0.1340563807,0.8235491865,0.8231337191,0.0064274602,0.0000000000,0.1454180753,0.0000000000,0.0000547256,0.0151087196,0.8545819247,0.0000000000,0.0149423092,0.0000000000,0.0107608304,0.0000000000,0.0000000000,0.8019806182,0.7870383090,0.0000000000,0.7905105894,0.0000000000,0.0192689783,0.0545904128,0.4855429612,0.2311082371,0.0019846389,0.0002222527,0.0061281449,0.0001150353,0.0000000000,0.0320479530,0.0000000000,0.0293105586,0.0000000000,0.7983749453138997,5.49,3.6913652067577676
0.0294332062,0.0357612216,0.8890514424,0.8890514424,0.0040070818,0.0000991852,0.1052255719,0.0754501768,0.0000000000,0.0135883715,0.8947744281,0.0125915603,0.0064668746,0.0197130572,0.0531880601,0.0626503276,0.0000000000,0.6412521139,0.6347852393,0.0118526306,0.5000272759,0.0126163566,0.0851653665,0.0056882709,0.1392758489,0.2572814330,0.0029507595,0.0011803038,0.0067842672,0.0002578815,0.0000000000,0.2105453698,0.0801961883,0.0342238511,0.0000000000,1.216818683790748,11.37,4.199167013065343
0.0034272533,0.3493821058,0.9060471247,0.9060471247,0.0022079420,0.0000000000,0.0871313231,0.0000000000,0.0000000000,0.0094908552,0.9128686769,0.0238919097,0.0049761081,0.0055363322,0.0274839348,0.0220464656,0.0000000000,0.3296424452,0.3246663371,0.0000000000,0.2562201351,0.0299555116,0.0000000000,0.0000000000,0.1625308947,0.0637337288,0.0021420333,0.0007249959,0.0052067886,0.0001647718,0.0000000000,0.2897347174,0.1046300873,0.1570604712,0.0000000000,0.852598786686342,9.91,3.084653499895317
0.0212534425,0.1130389551,0.9391723922,0.9391723922,0.0041038930,0.0001276483,0.0545696497,0.0000000000,0.0000000000,0.0128956699,0.9454303503,0.0116319516,0.0065643140,0.0162177169,0.0307249466,0.0505678754,0.0000000000,0.4664843423,0.4599200283,0.0224820574,0.3502382236,0.1720443833,0.0222459081,0.0000000000,0.0357862019,0.1201617304,0.0023327727,0.0011233051,0.0066951535,0.0001691340,0.0000000000,0.3688621111,0.2959047233,0.0729573878,0.0000000000,0.9315142681926425,16.86,3.8009043531047038
0.0041312774,0.1561379847,0.8899014569,0.8899014569,0.0008384063,0.0000000000,0.1036464599,0.0060632571,0.0000000000,0.0100244231,0.8963535401,0.1268788199,0.0071811322,0.0143501136,0.1054326298,0.0349943499,0.0000000000,0.3109272288,0.3037460966,0.0000000000,0.0438401439,0.0103281935,0.0021749961,0.0000000000,0.0105347574,0.0208021969,0.0044350478,0.0009963669,0.0057473359,0.0001336590,0.0000000000,0.5001761868,0.1419458317,0.3582303552,0.0000000000,1.7226833743355576,17.37,3.748326639892905
0.0189355208,0.0663290546,0.9058714116,0.9058714116,0.0028222963,0.0001094637,0.0870100545,0.0000000000,0.0011973121,0.0125009228,0.9129899455,0.0003810015,0.0060688705,0.0063438025,0.0395528790,0.0138662490,0.0000000000,0.7869480251,0.7808791546,0.0101835171,0.7228846142,0.0190483787,0.1388966909,0.0204807408,0.2052333825,0.3392254214,0.0027815656,0.0017616017,0.0080129116,0.0001866823,0.0000000000,0.0969754929,0.0290486078,0.0558901222,0.0045338332,1.1203088880942829,12.94,4.1839952826425275
0.0091372327,0.0818199452,0.8737645735,0.8737645735,0.0061960591,0.0001053954,0.0598066663,0.0000000000,0.0017397655,0.0117260988,0.9401933337,0.0253448605,0.0084756665,0.0023226562,0.1565774121,0.0062851256,0.0000000000,0.5908527721,0.5823771056,0.0000000000,0.3942216628,0.0531667592,0.0510736966,0.0254987476,0.1880594489,0.0764230104,0.0024028161,0.0010465313,0.0039679123,0.0000851080,0.0000000000,0.2931732512,0.2149545612,0.0638680985,0.0000000000,0.9502512363686353,16.1,2.316835434148809
0.0102773027,0.0462697552,0.8264511807,0.8264511807,0.0047826183,0.0008250882,0.1414825042,0.0000000000,0.0470576254,0.0128797414,0.8585174958,0.0028383736,0.0125111199,0.0016276188,0.1235988308,0.0101639289,0.0000000000,0.8195989810,0.8070878610,0.0186702144,0.6090875416,0.0058482154,0.0885233385,0.0405435535,0.2714948170,0.2026776173,0.0031972215,0.0025745643,0.0056337433,0.0001085653,0.0000843658,0.0610585171,0.0023719769,0.0582598244,0.0003726091,1.2906653252155815,9.14,3.6093379641236245
0.0408559923,0.1080788348,0.8515203466,0.8515203466,0.0048806581,0.0000996731,0.1295318024,0.0039968902,0.0000000000,0.0138811365,0.8704681976,0.0000000000,0.0032559870,0.0001794115,0.2624391994,0.0016180262,0.0000000000,0.4995680834,0.4963120963,0.0000000000,0.2354078622,0.0003322436,0.0583220371,0.0069737926,0.1377980225,0.0319817665,0.0033722723,0.0009734737,0.0053956356,0.0001461872,0.0000000000,0.3392605587,0.1224882386,0.1781556495,0.0000000000,1.3692416391103976,10.55,3.938387282018478
0.0164471700,0.0766717202,0.8942445609,0.8942445609,0.0032228746,-0.0000077847,0.0816831346,0.0000000000,0.0011501926,0.0096861395,0.9183168654,0.0005682847,0.0033240760,0.0017632394,0.0321898226,0.0125236704,0.0000000000,0.3819554052,0.3786313292,0.0065625201,0.3303582723,0.0273263180,0.0227800408,0.0307905190,0.1539311870,0.0955302076,0.0023373626,0.0017729703,0.0056302997,0.0001790486,0.0000000000,0.4848188203,0.2703030397,0.2145255115,0.0000000000,0.9296771964930037,11.4,2.7700507550702937
0.0083577811,0.0677685799,0.7852001297,0.7852001297,0.0052518662,0.0007069104,0.1201660361,0.0000000000,0.0237436964,0.0146884758,0.8798339639,0.0000000000,0.0108932089,0.0000156429,0.2281225182,0.0003340346,0.0000000000,0.7238070449,0.7129138360,0.0001861187,0.3765025038,0.0001170558,0.0561726108,0.0448322490,0.2422099659,0.0331706223,0.0035285926,0.0016542107,0.0057172161,0.0001132248,0.0000835352,0.1478561078,0.0121631574,0.1151587100,0.0023543105,1.4521458143322377,11.83,4.226343982855469
0.0000962128,0.0513656208,0.8034612563,0.8034612563,0.0045821357,0.0002405321,0.0983896379,0.0000000000,0.0000000000,0.0145521894,0.9016103621,0.0325560139,0.0086711807,0.0334219293,0.1170549255,0.0364887130,0.0000000000,0.9440883234,0.9354171427,0.0117139112,0.7323720069,0.0799528557,0.0653886397,0.0131089971,0.0986903030,0.4752312114,0.0061335675,0.0010703677,0.0046663219,0.0001322926,0.0000000000,0.0000000000,0.0000000000,0.0000000000,0.0000000000,2.4573428173917233,24.72,4.1721975125348365
0.0147192292,0.0503944521,0.8534244025,0.8534244025,0.0046985176,0.0000209444,0.0765748994,0.0034558190,0.0074748086,0.0134788578,0.9234251006,0.0010914338,0.0111074911,0.1339484769,0.1432221731,0.1440227130,0.0034907263,0.7394591701,0.7283516790,0.0145842545,0.4312396733,0.0026157176,0.0496311466,0.0305508366,0.2324521189,0.1159898536,0.0029903889,0.0016313328,0.0064624980,0.0001233390,0.0000000000,0.1689907147,0.0281166368,0.1354843965,0.0000000000,1.2048912960668738,15.66,3.7657650239477403
0.0191918397,0.0583411999,0.8863908118,0.8863908118,0.0037707153,0.0000000000,0.0810022026,0.0007211034,0.0000000000,0.0129221733,0.9189977974,0.0001678204,0.0048746591,0.0096234529,0.0736154814,0.0323867212,0.0000000000,0.6743995175,0.6695248584,0.0000000000,0.5681350954,0.0271292217,0.0422514160,0.0100036711,0.1847781624,0.3039726243,0.0031308999,0.0014369625,0.0074575205,0.0002753304,0.0028136144,0.2401929935,0.1167689322,0.1234240613,0.0000000000,1.2745584679679118,15.52,3.923734518323643
0.0192611923,0.0475252040,0.8686661102,0.8686661102,0.0027933550,0.0003013328,0.0696018490,0.0000000000,0.0000000000,0.0116947258,0.9303981510,0.0000130578,0.0073254002,0.0010988603,0.0104713146,0.0246671026,0.0000000000,0.6466149780,0.6392895778,0.0000000000,0.6111008993,0.0002641684,0.0781707492,0.0253702124,0.2700142731,0.2372814961,0.0026145642,0.0019345565,0.0075373376,0.0002199729,0.0000000000,0.2645812428,0.1362426010,0.1171019419,0.0000000000,1.0553651105133095,15,3.818755618708326
0.0032974219,0.0582233975,0.7290820072,0.7290820072,0.0065687221,0.0000870721,0.1130326965,0.0000000000,0.0082048076,0.0122632400,0.8869673035,0.0000000000,0.0060732817,0.0000174144,0.0804790361,0.0000174144,0.0000243802,0.7837572150,0.7776839334,0.0000000000,0.4532026439,0.0002612164,0.0777623854,0.0261312195,0.2580408943,0.0910069283,0.0009464741,0.0006338852,0.0050144845,0.0000687870,0.0000000000,0.1121123440,0.0000000000,0.1079755467,0.0000000000,0.39197868097551125,3.37,2.5033576667481663
0.0205368307,0.1237956984,0.8576893152,0.8576893152,0.0030405872,0.0000403662,0.1170282977,0.0006034753,0.0071054679,0.0116633213,0.8829717023,0.0000000000,0.0108988856,0.0002603623,0.0476851473,0.0058970035,0.0000000000,0.6730006348,0.6621017492,0.0013961674,0.6165282609,0.0000000000,0.0542143871,0.0536724703,0.1558237892,0.3528176142,0.0023079399,0.0019633131,0.0077851345,0.0001321994,0.0000000000,0.1615709331,0.0142275869,0.1371488515,0.0000686226,0.9542702891314842,7.98,3.8424708375879275
0.0113111296,0.0248444420,0.8924749235,0.8924749235,0.0056602573,0.0004588271,0.0824908469,0.0000000000,0.0085487822,0.0124154429,0.9175091531,0.0986853562,0.0100983663,0.0124216996,0.1360276214,0.0346737688,0.0000000000,0.8330599489,0.8229615826,0.0051837029,0.5518385930,0.0790486013,0.0480026946,0.0646737583,0.2453337810,0.1147797578,0.0004984530,0.0012659455,0.0070648938,0.0001595467,0.0017518851,0.0995957108,0.0381900524,0.0594723280,0.0000000000,0.20164022511570323,2.43,2.924809636791739
0.0094644986,0.1552674197,0.9147223855,0.9147223855,0.0058909399,-0.0000007195,0.0759325463,0.0000000000,0.0038109805,0.0135733357,0.9240674537,0.0001352585,0.0129891340,0.0159770521,0.0477577664,0.0625045416,0.0025181106,0.6432225772,0.6302334432,0.0140388264,0.5157493430,0.0235846240,0.1616216920,0.0082004071,0.1453532585,0.1769893613,0.0036807583,0.0014216533,0.0054211324,0.0002086435,0.0008324154,0.1761734935,0.0612483641,0.1109040665,0.0000000000,1.5050356622259877,19.8,3.3449040763864826
0.0249852736,0.1636731094,0.8481600932,0.8481600932,0.0067570646,0.0002440842,0.1023485783,0.0000000000,0.0028509036,0.0201800691,0.8976514217,0.0000992609,0.0065170485,0.0000805478,0.0839543921,0.0016996397,0.0000000000,0.7853726840,0.7788556356,0.0000000000,0.6993720527,0.0027955778,0.1431407455,0.0121187811,0.5205706038,0.0207463444,0.0081353268,0.0034749456,0.0085315568,0.0001749270,0.0038492080,0.0059816904,0.0019364014,0.0040452890,0.0000000000,3.272202477959512,31.91,5.952099632187806
0.0161788692,0.0435231116,0.8794066561,0.8794066561,0.0022565544,0.0000962283,0.1014439061,0.0031331944,0.0005321427,0.0114434731,0.8985560939,0.0000000000,0.0070044602,0.0016127868,0.0953285957,0.0175222167,0.0000000000,0.5715221878,0.5645177277,0.0000000000,0.4470412194,0.0000000000,0.0216369401,0.0273933189,0.1917378355,0.2062731249,0.0029263035,0.0016714861,0.0076222461,0.0001837961,0.0011162486,0.3267625422,0.0335394223,0.2932231198,0.0000000000,1.1650816486230984,11.62,3.9188944424005743
0.0167179648,0.0515067731,0.8860173544,0.8860173544,0.0041734050,0.0002260594,0.0717756099,0.0029944181,0.0000000000,0.0142626115,0.9282243901,0.0004312518,0.0107047838,0.0629627697,0.0706105344,0.0987601509,0.0000000000,0.8767315283,0.8660267446,0.0000000000,0.7065991966,0.0135392213,0.0809605787,0.0103952562,0.0966734484,0.5050306919,0.0019545447,0.0021701706,0.0100787730,0.0002677935,0.0005390648,0.0466030222,0.0156363573,0.0284939225,0.0000000000,0.7955114469779944,10.95,4.348534842804063
0.0072190320,0.0456287775,0.9118155067,0.7427262457,0.0002235879,0.0009495635,0.0707246638,0.0000000000,0.0009354669,0.0121908290,0.9292753362,0.0000000000,0.0098484418,0.0142493260,0.0754251010,0.0847284738,0.0000000000,0.6153809707,0.6055325289,0.0057666893,0.4384610415,0.0001957863,0.0291474878,0.0576457482,0.2751682294,0.0752402787,0.0022617232,0.0048958319,0.0130515055,0.0002083166,0.0000000000,0.2920403085,0.0000000000,0.2920403085,0.0000000000,0.905203588530431,12.72,5.140606832808752
0.0155473967,0.0476111547,0.8476260070,0.8476260070,0.0052672227,0.0001960505,0.0834277940,0.0000000000,0.0000000000,0.0124503933,0.9165722060,0.0000083173,0.0079400442,0.0003130867,0.0559034956,0.0030352178,0.0000000000,0.6960795846,0.6881395404,0.0007895487,0.6374931679,0.0003309094,0.1336173095,0.0399634039,0.3315962073,0.1319853378,0.0030952211,0.0012143248,0.0048097716,0.0001301062,0.0000000000,0.2150115254,0.0336606782,0.1811025166,0.0002382310,1.1932292826710929,14.74,2.961615771932806
0.0140282659,0.0546117694,0.8770454399,0.8770454399,0.0048044759,0.0000519131,0.1071235691,0.0000000000,0.0015272506,0.0132068663,0.8928764309,0.1409072907,0.0102520047,0.0113765100,0.0408062276,0.0228509851,0.0000000000,0.7165878341,0.7063358293,0.0004588450,0.5114631714,0.2255491278,0.0028862022,0.0079401961,0.2077278547,0.0673597906,0.0033718411,0.0006464021,0.0044301990,0.0001222470,0.0001038262,0.2019738710,0.0813662864,0.1166973540,0.0000000000,1.347612042002862,12.49,3.5038147848937924
0.0185022312,0.0729931034,0.8959188641,0.8959188641,0.0050174442,0.0002434077,0.0854344828,0.0000000000,0.0000356998,0.0137492901,0.9145655172,0.0005874239,0.0080843813,0.0129655172,0.2627813387,0.0290774848,0.0000000000,0.7733825558,0.7652981744,0.0000000000,0.4809363083,0.0314077079,0.0935935091,0.0170255578,0.1950604462,0.1438490872,0.0039286004,0.0030929006,0.0062847870,0.0001509128,0.0000000000,0.1025541582,0.0356851927,0.0642645030,0.0000000000,1.611468651326874,18.66,3.83526397285879
0.0122957189,0.0832871866,0.9200967645,0.9200967645,0.0031240490,0.0003183474,0.0713640157,0.0000003265,0.0021899035,0.0102422966,0.9286359843,0.0001772950,0.0071587349,0.0002138641,0.1075050968,0.0177239500,0.0000000000,0.5487620041,0.5416032693,0.0000000000,0.4038486403,0.0023175690,0.0250678162,0.0253042095,0.2475965588,0.1035624869,0.0021709659,0.0013817909,0.0054001512,0.0000956675,0.0000000000,0.3119840323,0.0666358223,0.2410137879,0.0000000000,0.8698930050574224,12.1,3.057931109935997
0.0302687145,0.0294587177,0.8168463601,0.8168463601,0.0038376546,0.0000078640,0.1291748256,0.0616619876,0.0000000000,0.0114185953,0.8708251744,0.0001179607,0.0048206604,0.0133374226,0.0295137660,0.0575962756,0.0000000000,0.4818615771,0.4770409166,0.0341220972,0.3578848861,0.0057092977,0.0739377639,0.0000000000,0.1079104442,0.1703273803,0.0019738756,0.0014941688,0.0066372551,0.0002988338,0.0025558151,0.3503118094,0.2252813363,0.1171664268,0.0000000000,0.8032578345640886,6.13,3.468280880382087
0.0339317825,0.0633015580,0.8577000644,0.8577000644,0.0060240821,0.0000581980,0.1011254772,0.0000000000,0.0000011877,0.0146124373,0.8988745228,0.0066951401,0.0076358091,0.0242887379,0.0412718510,0.0419120284,0.0000000000,0.7427781090,0.7351422999,0.0000000000,0.6526805502,0.0205652565,0.2036132615,0.0091632084,0.2224836511,0.1968551726,0.0029122731,0.0016081639,0.0072403005,0.0002042867,0.0013266758,0.1538813284,0.1522363455,0.0016449830,0.0000000000,1.179767137927986,11.61,3.7145293525386816
0.0125834606,0.0759915142,0.8017301708,0.8017301708,0.0035871005,0.0000000000,0.1140213818,0.0045664010,0.0028608777,0.0122511587,0.8859786182,0.0076099347,0.0066328350,0.0083053481,0.0766693221,0.0282808766,0.0000000000,0.6589019511,0.6522691162,0.0034132472,0.5408555345,0.0986100536,0.0255872502,0.0164302408,0.2363635163,0.1638644736,0.0021962738,0.0025109704,0.0089787547,0.0002464756,0.0005105566,0.2392992170,0.0997323979,0.1303547929,0.0000000000,0.888612866856098,7.63,3.6939734844575383
0.0092744603,0.0070691725,0.8014505893,0.8014505893,0.0057459999,0.0003675480,0.1122491485,0.0396706770,0.0000000000,0.0173972703,0.8877508515,0.0723701943,0.0136972875,0.0231432702,0.1263874936,0.0443017814,0.0000000000,0.8587390654,0.8450417780,0.0158290657,0.5971551788,0.1829898802,0.0077062557,0.0000000000,0.1284212590,0.2780377839,0.0059297738,0.0008821151,0.0065668570,0.0001837740,0.0000000000,0.0671265100,0.0520570434,0.0148244346,0.0000000000,2.386646613575285,21.49,4.967938253385746
0.0076918624,0.0559351794,0.8812288787,0.8812288787,0.0041388036,0.0011714895,0.0867536233,0.0000000000,0.0000385902,0.0148420832,0.9132463767,0.1728208917,0.0135107198,0.0049409294,0.1505915333,0.0075071805,0.0000000000,0.6575680980,0.6440573782,0.0000000000,0.3235295739,0.1421264878,0.0072990689,0.0358641182,0.0718508983,0.0663890007,0.0048582360,0.0007552662,0.0045963736,0.0001612521,0.0000000000,0.2788544762,0.1488659981,0.1176657864,0.0000000000,1.9681192596521593,22.74,4.511598150570086
0.0032680736,0.0244051302,0.8477793468,0.8477793468,0.0048466253,0.0000000000,0.0788859698,0.0249211418,0.0000000000,0.0117933623,0.9211140302,0.0000000000,0.0140044444,0.0000804534,0.0249183675,0.0021028861,0.0000000000,0.7641244309,0.7501199866,0.0000000000,0.7374721534,0.0216974563,0.0487464524,0.0848201034,0.3269460712,0.2552620701,0.0023941829,0.0033845923,0.0071270637,0.0001664554,0.0000000000,0.1608180726,0.0584979623,0.1023201103,0.0000000000,0.9695512595459511,12.08,2.967963125665799
0.0351853939,0.0788684774,0.8793869041,0.8793869041,0.0018257636,0.0000000000,0.0986250423,0.0695593373,0.0000000000,0.0124422405,0.9013749577,0.0136368759,0.0089823059,0.0385438972,0.0298433450,0.1741012059,0.0000000000,0.6711822383,0.6621999324,0.0000000000,0.4535895413,0.0955821030,0.0199481573,0.0136481461,0.0713287501,0.2530823848,0.0023329201,0.0021864082,0.0098388369,0.0002817536,0.0005747774,0.1113490364,0.0000000000,0.1113490364,0.0000000000,0.94759068202496,9.54,4.81552008383708
0.0168675147,0.1143727522,0.8727325746,0.8727325746,0.0027898820,0.0001075418,0.1010665249,0.0111884814,0.0000000000,0.0114469953,0.8989334751,0.0000000000,0.0102867850,0.0028250399,0.0489418509,0.0048662656,0.0000000000,0.5333307137,0.5230439287,0.0000000000,0.4803167519,0.0000000000,0.0786171781,0.0234130866,0.3008481324,0.0774383548,0.0030525321,0.0008313807,0.0054039745,0.0001571764,0.0000000000,0.3167188175,0.1924791069,0.1077651370,0.0000000000,1.2308064346326915,12.16,3.6571608296757723
0.0172583181,0.0468799553,0.8988510541,0.8988510541,0.0047243633,0.0000000000,0.0589192394,0.0000000000,0.0012840754,0.0112774568,0.9410807606,0.0009945121,0.0080612357,0.0044330764,0.0518370034,0.0601809081,0.0000000000,0.6099840740,0.6019228383,0.0097365663,0.4871075383,0.0772272245,0.0323897246,0.0460646967,0.1446523861,0.1867735063,0.0019597231,0.0017029080,0.0062962784,0.0001861478,0.0000000000,0.3107083270,0.0905109414,0.1966307240,0.0000000000,0.7942967120866531,13.13,2.818940357946852
0.0132175517,0.0621686006,0.8763736264,0.8763736264,0.0033043879,0.0008645201,0.1163259817,0.0862791055,0.0000000000,0.0166948436,0.8836740183,0.0467032967,0.0205755783,0.0135825713,0.1095443019,0.2722854069,0.0000000000,0.7183777761,0.6978021978,0.0000000000,0.2898063475,0.0328517636,0.0066087758,0.0096057788,0.0502574349,0.1904825943,0.0051102743,0.0016329824,0.0084915085,0.0002689618,0.0006724045,0.1047222009,0.0788250211,0.0258971797,0.0000000000,2.0580668871738332,17.97,5.800418179359416
0.0032284174,0.1500911663,0.8592099450,0.8592099450,0.0078943853,0.0001966240,0.1153825856,0.0000000000,0.0000969109,0.0136006860,0.8846174144,0.0000000000,0.0079378201,0.0000000000,0.0239825289,0.0063001426,0.1588145485,0.7524316463,0.7444938262,0.0000000000,0.5386795925,0.0000000000,0.0004042235,0.0089655427,0.0411315550,0.4881782712,0.0018048780,0.0015183486,0.0046108572,0.0000569789,0.0000000000,0.0704584283,0.0062116385,0.0163657992,0.0000000000,0.7214603294247232,6.31,2.421919581387316
0.0059759577,0.0392418913,0.8784450046,0.8784450046,0.0024513198,0.0000000000,0.0856092291,0.0000000000,0.0000000000,0.0075063014,0.9143907709,0.0000000000,0.0037877739,0.0044663878,0.0342007589,0.0067792150,0.0000000000,0.4778134781,0.4740257042,0.0000000000,0.4370204692,0.0000000000,0.0354610420,0.0014264743,0.1070548154,0.2930781376,0.0006993879,0.0005193474,0.0046810514,0.0000969449,0.0000000000,0.4750436252,0.0000000000,0.4750436252,0.0000000000,0.2771460813670711,3.25,2.076097505483528
0.0223989128,0.0639937794,0.9537923636,0.9537923636,0.0052486381,0.0000000000,0.0404421283,0.0000000000,0.0000000000,0.0136820677,0.9595578717,0.0435251808,0.0098859343,0.0085978470,0.0534401834,0.0171193897,0.0000000000,0.6489444133,0.6390584790,0.0067129518,0.5235194035,0.0407709630,0.0860929258,0.0090829236,0.2208842747,0.1666883165,0.0026788220,0.0008856736,0.0058045686,0.0001789515,0.0011709059,0.2439217809,0.0009474437,0.2429743373,0.0000000000,1.0631820924660174,26.39,3.5676835275643803
0.0267745319,0.1095520908,0.8895318219,0.8895318219,0.0053792469,0.0001637451,0.1057217838,0.0011661304,0.0000000000,0.0156597820,0.8942782162,0.0086165312,0.0098933002,0.0062134616,0.1599125513,0.0157814844,0.0000000000,0.8358544174,0.8259611172,0.0002743836,0.6487026522,0.0440828285,0.1687437213,0.0036400087,0.1927545019,0.2394815920,0.0022769416,0.0009714066,0.0081562748,0.0001615323,0.0009780449,0.0259867853,0.0000000000,0.0196936640,0.0000000000,0.9154407226554898,8.72,4.34768876967941
0.0219653895,0.0546553409,0.8673403362,0.8673403362,0.0081983011,0.0017553038,0.0995360491,0.0010256481,0.0000000000,0.0151437972,0.9004639509,0.0000963696,0.0072208379,0.0020168785,0.3294601925,0.0865123835,0.0000000000,0.8893126093,0.8820917714,0.0044743037,0.4677437119,0.0039924556,0.1079683908,0.0120943872,0.1698170354,0.1738714429,-0.0083359720,0.0014661949,0.0149923593,0.0003235266,0.0000000000,0.0272863692,0.0000000000,0.0209741592,0.0000000000,-3.6788802351323953,-32.11,3.2486296352938338
0.0079720410,0.0243814172,0.8465149463,0.8465149463,0.0041669682,0.0000000000,0.1357625138,0.1256294397,0.0000000000,0.0130799375,0.8642374862,0.1066247557,0.0145688791,0.0300269871,0.1069349519,0.0462192260,0.0000000000,0.6843857599,0.6698168809,0.0042910467,0.4098001303,0.0122630877,0.0514925605,0.0067105767,0.0756671802,0.2636667253,0.0025539483,0.0004135949,0.0060798445,0.0001964576,0.0000000000,0.1556254071,0.0604882487,0.0927796677,0.0000000000,1.032700438479589,7.59,3.8177067186323574
0.0032470116,0.2514364843,0.8111480733,0.8111480733,0.0052684355,-0.0031833447,0.1806548140,0.0005730021,0.0000000000,0.0140703838,0.8193451860,0.0000000000,0.0106960383,0.0031674280,0.0461425820,0.0090088656,0.0000000000,0.6953698251,0.6846737867,0.0000000000,0.6402183774,0.0000000000,0.1224473554,0.0485937575,0.2327343340,0.2364429306,0.0035016792,0.0003501679,0.0088178649,0.0001591672,0.0000000000,0.0241456699,0.0241456699,0.0000000000,0.0000000000,1.4115684450290333,7.83,3.720898936886018
0.0242704040,0.2981533388,0.7496207749,0.7496207749,0.0027699918,-0.0001319044,0.2023660346,0.0000000000,0.0793652102,0.0124154988,0.7976339654,0.0007502061,0.0052102226,0.0009480627,0.1604122012,0.0096455070,0.0000000000,0.4651277824,0.4599175598,0.0000000000,0.2942621599,0.0002143446,0.0405853256,0.0086809563,0.1299917560,0.1147897774,0.0014179720,0.0017312448,0.0102143446,0.0002225886,0.0000000000,0.1273701566,0.0000000000,0.1273701566,0.0000000000,0.5765258452011346,2.81,4.486325335276129
0.0036559959,0.0911982795,0.8549922713,0.8549922713,0.0038665741,-0.0001075293,0.1232912924,0.0000000000,0.0000000000,0.0097358812,0.8767087076,0.0000000000,0.0061426107,0.0000940881,0.1418983400,0.0049956316,0.0000000000,0.6281368310,0.6219942203,0.0000000000,0.4810950066,0.0108246152,0.0009274401,0.0000000000,0.4181142051,0.0512287462,0.0024552521,0.0010215283,0.0035977508,0.0001075293,0.0000000000,0.2425905598,0.1345594659,0.1048096956,0.0000000000,1.0013041621272232,8.01,2.5571328879497552
0.0253308811,0.0140448449,0.9140413249,0.9140413249,0.0046552149,0.0002640008,0.0583309867,0.0090332289,0.0025432081,0.0101640325,0.9416690133,0.0009812031,0.0067232215,0.0340913091,0.0382889225,0.0568613820,0.0000000000,0.6092919497,0.6025687282,0.0098296315,0.5018832060,0.0296472949,0.0437933401,0.0333257066,0.0931526981,0.3019641663,0.0001100004,0.0012540040,0.0063888204,0.0001892006,0.0000000000,0.3231986342,0.0815762610,0.2416223732,0.0000000000,0.04391473515023231,0.73,2.3582540067479596
0.0033583123,0.1309944524,0.7486739058,0.7486739058,0.0012568332,0.0001892007,0.2355075646,0.0000000000,0.0000000000,0.0115142137,0.7644924354,0.0000000000,0.0092100195,0.0185619396,0.0331979647,0.0433539877,0.0000000000,0.4415673926,0.4323573731,0.0000000000,0.3655019562,0.0053787055,0.0342655972,0.0042232298,0.0938570589,0.2277773648,0.0042029583,0.0020541790,0.0070544830,0.0001959579,0.0000000000,0.3767796690,0.1972890243,0.1779027103,0.0000000000,1.6959608456627913,7.15,4.451955612418844
0.0086529259,0.1737590402,0.8384655610,0.8384655610,0.0059199037,0.0000000000,0.1411403708,0.0012333133,0.0000000000,0.0141091038,0.8588596292,0.0007399880,0.0073604136,0.0003058617,0.1928408631,0.0163389342,0.0000000000,0.7570175525,0.7496571389,0.0000000000,0.5470879007,0.0219135102,0.0125699289,0.0886110919,0.2544571942,0.1695361755,0.0005031918,0.0002170631,0.0079030714,0.0001775971,0.0000000000,0.0439651515,0.0169506576,0.0270144939,0.0000000000,0.20023262319459373,1.43,3.5494544851954606
0.0378237460,0.0229684304,0.8894856985,0.8894856985,0.0051818628,0.0002118977,0.0890644715,0.0000000000,0.0032041506,0.0129289725,0.9109355285,0.0196519098,0.0100426685,0.0077246357,0.1101322435,0.0146209438,0.0000000000,0.7583017360,0.7482590675,0.0000000000,0.6137104257,0.0048736479,0.1507299235,0.0061000864,0.2357587063,0.2162480616,0.0004462695,0.0010787521,0.0083635395,0.0001926343,0.0000000000,0.1563644769,0.0557130519,0.1006385827,0.0000000000,0.1780884003914101,1.99,3.383022498571714
0.0258512881,0.1999618871,0.8130342262,0.8130342262,0.0080295216,0.0025547576,0.1102515851,0.0000000000,0.0085059333,0.0183378791,0.8897484149,0.0000000000,0.0084027108,0.1928018167,0.0737604364,0.1937864008,0.0000000000,0.6482712212,0.6398685104,0.0000000000,0.3744238396,0.0164759035,0.0177443496,0.0000000000,0.2784467392,0.0617568474,0.0021716432,0.0002878320,0.0053437509,0.0001032225,0.0000000000,0.0885033924,0.0181691500,0.0395878245,0.0000000000,0.9163678245163993,7.96,4.710508502250145
0.0200355142,0.0128655039,0.9022047915,0.9022047915,0.0044134212,-0.0008310815,0.0829780758,0.0185967144,0.0000000000,0.0119091472,0.9170219242,0.0001919111,0.0077590706,0.0018375484,0.0914786694,0.0033563111,0.0000000000,0.8027143686,0.7949552981,0.0023669030,0.7041312586,0.0014985055,0.0808356021,0.0808526608,0.2880899466,0.2528545437,0.0030972312,0.0012778078,0.0065073840,0.0001519296,0.0000000000,0.1178440499,0.0298672242,0.0879768257,0.0000000000,1.2471982983578467,14.97,3.2398010981937264
0.0047889732,0.1102056607,0.8902903958,0.8902903958,0.0023076507,-0.0000332784,0.1015969484,0.0000000000,0.0011782642,0.0115621724,0.8984030516,0.0000000000,0.0101405597,0.0000000000,0.0082780080,0.0002547879,0.0000000000,0.7335271802,0.7233866204,0.0000000000,0.7232555866,0.0000000000,0.0013862543,0.0219803990,0.6984735603,0.0014153730,0.0059079602,0.0011730644,0.0043095559,0.0000915157,0.0000000000,0.1329077855,0.0000000000,0.1302122331,0.0000000000,2.436517743937254,23.37,3.994019517914798
0.0035804528,0.0793530633,0.6442564423,0.6442564423,0.0052274610,0.0000000000,0.0883758043,0.0749644512,0.0000000000,0.0096160732,0.9116241957,0.0000000000,0.0102810144,0.0000000000,0.0365001586,0.0016060888,0.0000000000,0.5818235757,0.5715425614,0.0000000000,0.5434718116,0.0036622917,0.0325412008,0.0681922805,0.3522347140,0.0868413246,0.0003375855,0.0002148272,0.0041840148,0.0000818389,0.0000000000,0.2601761583,0.0000000000,0.2601659284,0.0000000000,0.1470596427119135,1.54,1.9912621190231676
0.0013516332,0.0811397105,0.9492803805,0.9492803805,0.0043552626,0.0000000000,0.0458804389,0.0000000000,0.0000000000,0.0093863418,0.9541195611,0.0112969839,0.0031538109,0.0019273289,0.0221017062,0.0135830796,0.0000000000,0.3391181010,0.3359642902,0.0007759376,0.2913103333,0.0617913312,0.0285428226,0.0000000000,0.0400650786,0.1609111009,0.0017688040,0.0006591298,0.0039214050,0.0001084644,0.0000000000,0.5724083267,0.2446873305,0.2893079137,0.0000000000,0.7182910095038032,15.71,2.0828925609129496
0.0113888386,0.4320843249,0.7523738003,0.7523738003,0.0068289810,0.0000486241,0.1108872003,0.0007428678,0.0051946719,0.0150194361,0.8891127997,0.0000000000,0.0062617002,0.0004889421,0.1030290097,0.0056971206,0.0000000000,0.5481526904,0.5418909902,0.0000000000,0.4283888953,0.0000000000,0.0715233112,0.0288962065,0.2037051544,0.1242642232,0.0044815188,0.0001269629,0.0037872751,0.0000459227,0.0000000000,0.0000000000,0.0000000000,0.0000000000,0.0000000000,1.8387492293518242,16.37,3.462086329497672
0.0157740455,0.0683643369,0.8517071957,0.8517071957,0.0046284176,0.0000000000,0.0942478937,0.0000000000,0.0000000000,0.0125744363,0.9057521063,0.0000000000,0.0104551907,0.0007641821,0.0710532623,0.0028410243,0.0000000000,0.7585839125,0.7481287218,0.0091102671,0.6744270939,0.0048680887,0.1504277207,0.0396443650,0.3972861857,0.0822007338,0.0032945558,0.0009420918,0.0042845818,0.0000958684,0.0013688907,0.1384543058,0.0008830958,0.1362760642,0.0000000000,1.3359218220343934,14.23,3.3900304788123092
0.0046112197,0.0584001843,0.7249141268,0.7249141268,0.0027452100,0.0000000000,0.1257640124,0.0000000000,0.0473208999,0.0095706357,0.8742359876,0.0213411538,0.0050264212,0.0000304679,0.0419623660,0.0004071901,0.0000000000,0.5323218422,0.5272954210,0.0000000000,0.4573551096,0.0303244623,0.0035691190,0.0507067864,0.3420007544,0.0307539875,0.0030338058,0.0008642699,0.0035014462,0.0000641526,0.0000392684,0.3219878086,0.0297659036,0.2906279218,0.0000798114,1.2302967402341995,9.67,3.08140727682365
0.0090933080,0.1159378945,0.8584582029,0.8584582029,0.0014834573,0.0000000000,0.1381826222,0.0000000000,0.0578120431,0.0079878471,0.8618173778,0.0000000000,0.0064116737,0.0000499240,0.0238280331,0.0000499240,0.0000000000,0.4861603418,0.4797486681,0.0000000000,0.4622681206,0.0000000000,0.0000000000,0.3343484556,0.0200480697,0.1078715954,0.0014977213,0.0004207884,0.0054274568,0.0001141121,0.0000000000,0.3304472481,0.0339412180,0.2965060301,0.0000000000,0.6018485347854123,4.33,2.8450655893684393
0.0037407809,0.0168618532,0.7730167839,0.7730167839,0.0049947927,0.0000000000,0.1206685229,0.0035424061,0.0000000000,0.0112223427,0.8793314771,0.1662805444,0.0064259247,0.0079704138,0.0499337570,0.0270923222,0.0000000000,0.4908712194,0.4844452946,0.0085088596,0.2379859296,0.1865572772,0.0196107604,0.0062346348,0.0181442043,0.0074390529,0.0027134831,0.0002763077,0.0037974594,0.0000779329,0.0000000000,0.4660885460,0.3356217277,0.1299567118,0.0000000000,1.0690559928543515,8.84,2.5633454720426934
0.0097365203,0.1569717047,0.8310476258,0.8310476258,0.0039302295,0.0002374761,0.0914283000,0.0164808416,0.0000000000,0.0136073808,0.9085717000,0.1585746684,0.0151034802,0.0125506121,0.0710172289,0.0332229069,0.0000000000,0.5088637956,0.4937603154,0.0000000000,0.2459658747,0.0323679930,0.0000000000,0.0000000000,0.2037070020,0.0098908797,0.0034315297,0.0009380306,0.0069461760,0.0001662333,0.0000000000,0.2999085717,0.1392084921,0.1607000796,0.0000000000,1.4117445914672497,15.14,4.179835499112105
0.0000000000,0.9723571838,0.0075444367,0.0075444367,0.0001056221,0.0000000000,0.9893170776,0.0000000000,0.0000000000,0.0137459637,0.0106829224,0.0000000000,0.0000000000,0.0000000000,0.0000000000,0.0000000000,0.0000000000,0.0000000000,0.0000000000,0.0000000000,0.0000000000,0.0000000000,0.0000000000,0.0000000000,0.0000000000,0.0000000000,0.0103509672,0.0000000000,0.0000000000,0.0000000000,0.0000000000,0.0000000000,0.0000000000,0.0000000000,0.0000000000,4.167520978091658,4.21,5.927868852459016
0.0128685905,0.1235788329,0.9080900090,0.9080900090,0.0061700038,0.0001191714,0.0851883389,0.0000000000,0.0000000000,0.0146869156,0.9148116611,0.0186964570,0.0104198101,0.0032426157,0.0456561059,0.0128801232,0.0000000000,0.7613131152,0.7508933051,0.0012724431,0.6867156551,0.0331065873,0.1241689236,0.0142159963,0.2915701602,0.2236539877,0.0020970324,0.0010187234,0.0066293904,0.0001480032,0.0000000000,0.0853594075,0.0146273298,0.0612867822,0.0000000000,0.8685553699072632,10,3.7478788135100416
0.0189505127,0.0528621076,0.8873596232,0.8873596232,0.0061636557,0.0002067955,0.0598902835,0.0000000000,0.0000000000,0.0137289255,0.9401097165,0.0300686446,0.0117097969,0.0131688543,0.0591607548,0.0255335037,0.0000000000,0.6707527932,0.6590429962,0.0000000000,0.5554958785,0.3349771663,0.0203435104,0.0021684809,0.0706637562,0.1273429646,0.0029669414,0.0012637505,0.0056552833,0.0001780739,0.0001033978,0.2339661660,0.0442714766,0.1435677973,0.0000000000,1.2254291374544763,19.66,3.3576167804355723
0.0014733266,0.2533098692,0.8677484704,0.8677484704,0.0015756410,0.0000000000,0.1172522458,0.0634348974,0.0000000000,0.0126255909,0.8827477542,0.0366490004,0.0070596902,0.0058114551,0.1041969347,0.0989175142,0.0000000000,0.4659804784,0.4589207882,0.0000000000,0.2256645317,0.0171683480,0.0024146187,0.0000000000,0.0610816673,0.1449998977,0.0040311854,0.0017188811,0.0087376455,0.0002250916,0.0050952547,0.1834087049,0.0769813174,0.1064273875,0.0000000000,1.5932549511206366,14.05,5.021329024909046
0.0000086651,0.4814747168,0.7910892630,0.7910892630,0.0060817040,-0.0012893994,0.1981663650,0.0000000000,0.0000000000,0.0130096984,0.8018336350,0.0000000000,0.0009348103,0.0000000000,0.2229711201,0.0000000000,0.0000000000,0.4952284237,0.4942936134,0.0000000000,0.0000000000,0.0000000000,0.0000000000,0.0000000000,0.0000000000,0.0000000000,0.0052119668,0.0214250301,0.0216938178,0.0000112136,0.0000000000,0.0038021057,0.0000000000,0.0000287137,0.0011539861,1.819503162822134,10.66,2.898421696153519
0.0062568741,0.0669450918,0.9021794586,0.9021794586,0.0048801311,0.0003845651,0.0943415092,0.0000000000,0.0000000000,0.0154043958,0.9056584908,0.0000000000,0.0086181038,0.0092667369,0.0471258887,0.0111241863,0.0000000000,0.7715952529,0.7629771491,0.0000000000,0.7133400504,0.0004858339,0.0608561445,0.0028316810,0.3425641775,0.3066022136,0.0045981167,0.0006383781,0.0059838329,0.0001076782,0.0000000000,0.1579690861,0.1058912809,0.0360863067,0.0000000000,1.8356558362801743,19.4,4.289028823605853
0.1700574099,0.1611149165,0.6743274978,0.6743274978,0.0063392828,0.0000000000,0.1327366979,0.0000000000,0.0283056089,0.0106880930,0.8672633021,0.0000000000,0.0000000000,0.0000000000,0.0636665964,0.2007802593,0.0000000000,0.2688708690,0.2688708690,0.0000000000,0.0000000000,0.0000000000,0.0000000000,0.0000000000,0.0000000000,0.0000000000,0.0081408216,0.0695413244,0.0627597144,0.0002433911,0.0000000000,0.3322899992,0.0074491759,0.3144713245,0.0000000000,3.248260803931615,24.98,2.275299845716102
0.0180336834,0.0351371691,0.8862915025,0.8862915025,0.0041929015,0.0000000000,0.0770007432,0.0360206233,0.0001542539,0.0103817550,0.9229992568,0.0000000000,0.0105126371,0.0014864467,0.0720272235,0.0354316538,0.0016360262,0.6324877415,0.6219751044,0.0000000000,0.5167692689,0.0033328192,0.0633983537,0.0308601291,0.2822191995,0.1369587675,0.0006263643,0.0006918054,0.0061280868,0.0001682770,0.0000000000,0.2617969177,0.1090434856,0.1527534321,0.0000000000,0.25364316287345523,3.25,2.7171445355688895
0.0161723689,0.0450273895,0.8720165567,0.8720165567,0.0036411972,0.0000719529,0.0815927350,0.0000000000,0.0000000000,0.0105335310,0.9184072650,0.0000000000,0.0069055883,0.0044137445,0.2125376096,0.0815094211,0.0000000000,0.6359541243,0.6290485360,0.0000000000,0.3419070936,0.0000000000,0.0094637045,0.0483523725,0.1882269850,0.0958640317,0.0010281696,0.0018120779,0.0073751759,0.0002272198,0.0000000000,0.2598693865,0.0022551565,0.2576142300,0.0000000000,0.40387699602538174,4.97,2.9154402194589615
0.0199776285,0.0433488060,0.9217970679,0.9217970679,0.0044634896,0.0001188823,0.0754470244,0.0000000000,0.0092620112,0.0128284799,0.9245529756,0.0006214302,0.0104022004,0.0143037010,0.0725452158,0.0193345834,0.0000000000,0.8024392484,0.7920370480,0.0000000000,0.7095543535,0.0093160486,0.0724533522,0.0682006085,0.1701583836,0.3894259606,0.0015778922,0.0007457162,0.0066790232,0.0001675160,0.0000000000,0.1225298151,0.0000000000,0.1064428798,0.0000000000,0.6319645277444872,8.36,3.598410004881564
0.0208797379,0.0168488766,0.8532089552,0.8532089552,0.0046610965,0.0004371982,0.0994802102,0.0527105845,0.0002362280,0.0135954524,0.9005197898,0.0024292704,0.0107677676,0.0081798365,0.0654104859,0.0269864090,0.0000000000,0.7510570764,0.7402893088,0.0058722059,0.6495451288,0.0336025569,0.1007001341,0.0174226992,0.2997196114,0.1981001272,0.0029519690,0.0024821573,0.0080273460,0.0002168362,0.0000000000,0.1371876700,0.0727970193,0.0531424940,0.0000000000,1.2104591404529284,12.04,3.9394354551134247
0.0215203950,0.0995032843,0.8925462984,0.8925462984,0.0043740640,0.0000000000,0.0881603725,0.0199605593,0.0000000000,0.0111916730,0.9118396275,0.0165265483,0.0072179470,0.0169357828,0.1131948460,0.0310603028,0.0000000000,0.5661106416,0.5588926946,0.0021914802,0.4031226369,0.0480672568,0.0393873345,0.0207167534,0.1921504085,0.1028008837,0.0024257521,0.0014174933,0.0058093501,0.0001542043,0.0000000000,0.2856842074,0.0398796020,0.2458046054,0.0000000000,0.9692201510111348,11.04,2.909914784683393
0.0099111502,0.0083818889,0.8151878966,0.8151878966,0.0031501519,0.0004387810,0.1276320616,0.0000000000,0.0326829148,0.0117637130,0.8723679384,0.0147951239,0.0126786809,0.0071366886,0.0539889166,0.0075262405,0.0000000000,0.6932883225,0.6806096416,0.0020466253,0.6138691687,0.0271057589,0.0355693904,0.1001185065,0.3257004468,0.1253750660,0.0029741299,0.0016136540,0.0057361568,0.0001200660,0.0002540955,0.2246706416,0.0241413117,0.1320239484,0.0000000000,1.1838518229715533,9.32,3.783201428448401
0.0069558809,0.0376818583,0.8871773408,0.8871773408,0.0056047386,0.0007688318,0.0963905848,0.0090986015,0.0000000000,0.0147715796,0.9036094152,0.0017969738,0.0070423176,0.0037486238,0.0604511087,0.0076291774,0.0000000000,0.8246335538,0.8175912362,0.0358211943,0.6971121039,0.0020517346,0.1656081960,0.0206128818,0.3066001256,0.2022391658,0.0014648748,0.0002047185,0.0070332190,0.0001410283,0.0000000000,0.0983012911,0.0415715105,0.0567297806,0.0000000000,0.5993833982898028,6.01,3.9455842254955233
0.0206963316,0.0103031665,0.8476143720,0.8476143720,0.0022718680,0.0000000000,0.0707298072,0.0000000000,0.0034851817,0.0099331725,0.9292701928,0.0012033139,0.0067170341,0.0000109522,0.0415698032,0.0064118010,0.0000000000,0.5909375753,0.5842205412,0.0000000000,0.5361403673,0.0010380784,0.0065908457,0.1046573532,0.2642033415,0.1596507485,0.0008166534,0.0015456893,0.0083903403,0.0001309503,0.0000000000,0.3365107422,0.0827791360,0.1212018472,0.0000000000,0.32413892329649285,4.63,3.2969895681909875
0.0278682730,0.1053127369,0.8839553816,0.8839553816,0.0091248324,0.0001366538,0.1124460673,0.0000000000,0.0000000000,0.0162217218,0.8875539327,0.0035038044,0.0104512856,0.0015195907,0.1246428780,0.0040066906,0.0000000000,0.7735081045,0.7630568188,0.0000000000,0.6071530086,0.0000000000,0.0995186141,0.0485321556,0.3768329835,0.0822692554,0.0032669378,0.0001822051,0.0038335957,0.0000747041,0.0000000000,0.0945389482,0.0021992158,0.0274528453,0.0000000000,1.3291745662854464,11.8,3.009592835700957
0.0154501460,0.0861886806,0.9045576261,0.9045576261,0.0040864407,0.0000000000,0.0834077151,0.0000000000,0.0059141058,0.0110752864,0.9165922849,0.0788324802,0.0147063288,0.0158235726,0.0786138890,0.0169924282,0.0000000000,0.6192779205,0.6045715916,0.0000667917,0.4446630356,0.1323235635,0.0038921374,0.0053554839,0.0470942553,0.2559975955,0.0017244415,0.0010352721,0.0057349825,0.0001548354,0.0001184036,0.2592855712,0.0857150664,0.1089646672,0.0000000000,0.7005675151900119,8.23,3.053151629695945
0.0209304499,0.0987655603,0.8550441761,0.8550441761,0.0039036950,0.0005398727,0.1192080483,0.0002595542,0.0000000000,0.0148464997,0.8807919517,0.0585969539,0.0070494918,0.0138601937,0.1175884301,0.0444564416,0.0000000000,0.6802811491,0.6732316573,0.0000000000,0.4596393235,0.1651906685,0.0268275210,0.0007682804,0.1422979890,0.1245548646,0.0034053510,0.0017649685,0.0074543963,0.0002180255,0.0000000000,0.1730188229,0.0873244116,0.0633000758,0.0000000000,1.3515880128977757,11.57,4.711641083811557
0.0128670821,0.0428710637,0.9169577244,0.9169577244,0.0042453687,0.0001187516,0.0773247367,0.0033617173,0.0000000000,0.0123134902,0.9226752633,0.0006182067,0.0111137500,0.0028465450,0.0276726089,0.0082811758,0.0000000000,0.7108643717,0.6997506217,0.0000000000,0.6742609461,0.0142781302,0.1162892229,0.0432674844,0.2065281930,0.2938979156,0.0022527872,0.0009831932,0.0059637738,0.0001659029,0.0000000000,0.2060200061,0.0644524155,0.1239661628,0.0000000000,0.9098739842165077,11.63,3.4551937282998693
0.0415008795,0.0189061087,0.9113838660,0.9113838660,0.0044691445,0.0000176491,0.0783973048,0.0186982416,0.0000000000,0.0145624690,0.9216026952,0.0087500319,0.0109424424,0.0044789495,0.1309818195,0.0161646151,0.0000000000,0.7596231721,0.7486807297,0.0016707815,0.6018264858,0.0480604619,0.0652624519,0.0077695263,0.2601085224,0.2206255233,0.0027316886,0.0018413895,0.0093030370,0.0001980621,0.0001274657,0.1287482277,0.0201905711,0.0919125938,0.0000000000,1.1057255828029111,13.98,4.495034567531956
0.0174772153,0.1848459319,0.8628883613,0.8628883613,0.0022159250,0.0000000000,0.1327053177,0.0000000000,0.0000000000,0.0142452324,0.8672946823,0.0000000000,0.0072706849,0.0002910316,0.0107732761,0.0056674581,0.0000000000,0.4801919788,0.4729212938,0.0230017104,0.4407444283,0.0019963749,0.0718286487,0.0432667024,0.1429424830,0.1807102193,0.0050649715,0.0007199203,0.0063567435,0.0001429629,0.0000000000,0.2777105512,0.0417502744,0.2119527201,0.0000000000,1.9863239990789223,15.5,5.046088933033838
0.0220061877,0.0554168948,0.8782151843,0.8782151843,0.0054906295,0.0001007763,0.0909388657,0.0005727454,0.0000000000,0.0138836168,0.9090611343,0.0002905717,0.0141893049,0.0003846296,0.0904299453,0.0010850250,0.0000000000,0.7934337513,0.7792444464,0.0000000000,0.7016030152,0.0312339388,0.0612199309,0.0296752651,0.3940437839,0.1854300965,0.0023766414,0.0004518138,0.0056787453,0.0000974171,0.0000000000,0.1096160758,0.0526757791,0.0567269869,0.0000000000,0.9535779389912291,10.49,3.568871470275772
0.0034623614,0.0075990404,0.7918174155,0.7918174155,0.0031511379,0.0000129676,0.1302794528,0.0718796602,0.0000000000,0.0109382092,0.8697205472,0.0002334176,0.0054334436,0.0197626921,0.0318355703,0.0281981456,0.0000000000,0.5596965571,0.5542631135,0.0000000000,0.4994294236,0.0023665953,0.0600726188,0.0416585619,0.0257148415,0.3696168061,0.0023082409,0.0010114764,0.0059521494,0.0001426441,0.0000000000,0.3159242689,0.1141995721,0.2017246969,0.0000000000,0.9303571486905419,7.09,3.331229933916276
0.0251949075,0.0312809388,0.8930429504,0.8930429504,0.0037077574,0.0000000000,0.1006381956,0.0388400638,0.0013120761,0.0121241925,0.8993618044,0.0039906262,0.0062122343,0.0183538341,0.0684324934,0.0381894655,0.0000000000,0.7442474275,0.7380351932,0.0096110119,0.6240238306,0.0225598757,0.0898891807,0.0326125981,0.2103869428,0.2685752333,0.0030332240,0.0014230477,0.0068062588,0.0002023600,0.0020671182,0.1488194579,0.0415055584,0.1008906016,0.0000000000,1.2443609316192872,12.14,3.711980806717649
0.0229004391,0.0160843725,0.8076015555,0.8076015555,0.0049315111,0.0002896346,0.0921269603,0.0810088551,0.0000000000,0.0127014408,0.9078730397,0.0000000000,0.0097355830,0.0000502033,0.0724974609,0.0000540651,0.0000000000,0.7448976045,0.7351620216,0.0000000000,0.6783125504,0.0000000000,0.0343159025,0.0174051061,0.5639532414,0.0626383005,0.0036107775,0.0002857728,0.0041552905,0.0000695123,0.0000000000,0.1315558782,0.0000000000,0.1315558782,0.0000000000,1.4705072856951882,15.83,3.30849631555688
0.0140710409,0.0771271147,0.8159810529,0.8159810529,0.0057994214,0.0003250736,0.0796648738,0.0000000000,0.0000000000,0.0155543597,0.9203351262,0.0048187373,0.0109268421,0.0235227592,0.0785940432,0.0490205452,0.0000000000,0.8577024676,0.8467756255,0.0000000000,0.7250615318,0.0614935354,0.1117051064,0.0420683419,0.1701090772,0.3396854709,0.0035293700,0.0014723920,0.0073291793,0.0002076100,0.0011664404,0.0483321541,0.0251044196,0.0177615818,0.0000000000,1.427782075367444,17.68,4.075134943911262
0.0189256528,0.1654509023,0.8677103250,0.8677103250,0.0039075801,0.0006269808,0.1262146730,0.0000000000,0.0012572357,0.0162425679,0.8737853270,0.0002439168,0.0093195867,0.0009904005,0.0830168417,0.0113200320,0.0000000000,0.7643501663,0.7550305796,0.0000000000,0.6706811991,0.0054087325,0.1116074936,0.0263626601,0.3640761282,0.1632261846,0.0044003248,0.0012834281,0.0071816313,0.0001866209,0.0000000000,0.0397011446,0.0007775872,0.0389235575,0.0000000000,1.7451613243554047,14.08,5.158688727734542
0.0214272519,0.0834170833,0.8784756256,0.8784756256,0.0049657211,0.0005169754,0.1122408747,0.0019079839,0.0000189558,0.0152118289,0.8877591253,0.0166028374,0.0103281346,0.0014475311,0.0956669879,0.0053086481,0.0000000000,0.8052570884,0.7949289538,0.0006307100,0.6905709201,0.0412849665,0.1277535833,0.0376509741,0.3750970191,0.1087843771,0.0043384576,0.0006248509,0.0045318064,0.0001040844,0.0006441514,0.0812423401,0.0000000000,0.0739774571,0.0000000000,1.758391577376982,15.66,4.356276415988571
0.0167881731,0.3247929736,0.8849494859,0.8849494859,0.0034972590,-0.0000099732,0.1088239303,0.0000000000,0.0000000000,0.0130548824,0.8911760697,0.0000000000,0.0098601429,0.0257806501,0.0245373279,0.0426053915,0.0000000000,0.6058436140,0.5959834711,0.0058010618,0.5351770404,0.0132909141,0.1107421037,0.0094279721,0.1061311738,0.2955848767,0.0038662664,0.0014028929,0.0058974691,0.0001495976,0.0027525955,0.0366015419,0.0002493293,0.0345171489,0.0000000000,1.5817749064943896,14.46,4.12564194091722
0.0226848255,0.1783682963,0.8380921787,0.8380921787,0.0060973484,0.0000000000,0.0793688740,0.0000000000,0.0000000000,0.0114961850,0.9206311260,0.0082015997,0.0097218902,0.0002863774,0.0676037433,0.0051261555,0.0000000000,0.6548044167,0.6450825265,0.0000000000,0.5716180074,0.0461677723,0.0543295282,0.0207200275,0.2400278409,0.2103728385,0.0000996095,0.0013683859,0.0066476911,0.0001506594,0.0010247330,0.1228720914,0.0019959260,0.1208761654,0.0000000000,0.03978352787892878,0.5,2.315342615707058
0.0021408497,0.1484698787,0.5971867585,0.5971867585,0.0074725641,-0.0000720854,0.1084016842,0.0332218181,0.0000008685,0.0115901172,0.8915983158,0.0058545508,0.0108206272,0.0000000000,0.0843355810,0.0012471644,0.0000000000,0.6530381827,0.6422175555,0.0000000000,0.4174526581,0.0023762129,0.0775430515,0.0599333688,0.2476889246,0.0299111005,0.0008528659,0.0030883819,0.0069532018,0.0001146418,0.0000000000,0.1395729765,0.0000000000,0.1291509903,0.0000000000,0.3389227984254931,3.15,1.7009452336714324
0.0269354144,0.0759589081,0.8747750148,0.8747750148,0.0069266207,0.0006497768,0.0802517669,0.0040221184,0.0000000000,0.0149427005,0.9197482331,0.0148214088,0.0088672874,0.0023435283,0.0689153276,0.0073186527,0.0000000000,0.8273066535,0.8184393661,0.0000000000,0.7362512644,0.0059194667,0.0765761961,0.0164566805,0.4179537662,0.2193451549,0.0011804279,0.0006606064,0.0064241266,0.0001169598,0.0005999606,0.0464590413,0.0000000000,0.0464590413,0.0000000000,0.4898628721019723,6,3.5402970654562758
0.0210883946,0.1668213249,0.8788128237,0.8788128237,0.0008680815,0.0000000000,0.1193312779,0.0000000000,0.0000000000,0.0111653246,0.8806687221,0.0000000000,0.0092345916,0.0035621277,0.0836052324,0.0059568354,0.0000000000,0.3610171521,0.3517825605,0.0000000000,0.2714550843,0.0399018170,0.0024096746,0.0013021223,0.1504624779,0.0773789924,0.0031879546,0.0029784177,0.0100577723,0.0003143054,0.0000000000,0.4486185530,0.0000000000,0.4486185530,0.0000000000,1.2739424931592878,10.72,4.563393360527974
0.0099436612,0.2387309500,0.9047485526,0.9047485526,0.0003634759,0.0002336631,0.0863670587,0.0000000000,0.0000000000,0.0092945972,0.9136329413,0.0000000000,0.0093569073,0.0001142353,0.0700262222,0.0002025080,0.0000000000,0.4804839422,0.4711270348,0.0092686346,0.4009865774,0.0000000000,0.0199184776,0.0000000000,0.3754186463,0.0056494535,0.0039878495,0.0058052289,0.0092115170,0.0001765454,0.0000000000,0.2641482982,0.0000000000,0.2641482982,0.0000000000,1.6381029573304042,18.62,3.8077316877438636
0.0131036493,0.0306746711,0.8485758379,0.8485758379,0.0045462319,0.0003327404,0.0959792982,0.0004378864,0.0184078639,0.0110652817,0.9040207018,0.0060242648,0.0062079375,0.0012141697,0.0681881554,0.0222470225,0.0007912566,0.6289192659,0.6227113284,0.0065706245,0.5264581848,0.0238172244,0.0796470689,0.0220021255,0.2824443508,0.1185474152,0.0019352181,0.0033303986,0.0068398115,0.0001500659,0.0001870001,0.2773021808,0.0811470626,0.1409212117,0.0000000000,0.7692106762368325,8.17,2.804723522610775
0.0055094176,0.1550100418,0.9258535526,0.9258535526,0.0032975085,0.0000000000,0.0698311893,0.0000000000,0.0000000000,0.0112766650,0.9301688107,0.1087227922,0.0065000271,0.0332600554,0.0952206481,0.0581338544,0.0000000000,0.5355805243,0.5290804972,0.0000000000,0.2716848505,0.0742821473,0.0005427998,0.0000000000,0.0593144439,0.1375454595,0.0025782989,0.0016419693,0.0067578570,0.0002171199,0.0011263095,0.2901671823,0.0530722466,0.2109726972,0.0000000000,1.0244589576130105,14.39,3.3448525961005164
0.0096612651,0.0271954861,0.8570616239,0.8570616239,0.0008323467,0.0004944634,0.1415044323,0.0744442094,0.0000000000,0.0117792166,0.8584955677,0.0002884370,0.0051698894,0.0216300260,0.0736283448,0.0710351591,0.0000000000,0.3962272444,0.3910573550,0.0331317937,0.2156025174,0.0003708475,0.0298436122,0.0015712948,0.0630962748,0.1207204881,0.0061313460,0.0022443144,0.0061340930,0.0002334966,0.0000000000,0.4535932379,0.0665602655,0.3870329725,0.0000000000,2.429751391364694,17.26,4.653158689058655
0.0135306219,0.0229826353,0.8413658663,0.8413658663,0.0042512480,0.0004315988,0.1299256211,0.0490440087,0.0000000000,0.0144153994,0.8700743789,0.0000000000,0.0127753241,0.0032657641,0.0998072192,0.0248025436,0.0000000000,0.8378914961,0.8251161720,0.0000000000,0.7132817333,0.0011365435,0.0210476341,0.0354990001,0.3400854566,0.3155130990,0.0020860608,0.0011365435,0.0085096894,0.0002445726,0.0001942195,0.0672430908,0.0037692961,0.0634737948,0.0000000000,0.8339893810145194,6.47,4.303809998819727
0.0053187906,0.1460001271,0.8193054965,0.8193054965,0.0075055970,0.0000000000,0.1228365343,0.0000000000,0.0001809505,0.0140486911,0.8771634657,0.0000000000,0.0149900188,0.0007295771,0.0643818133,0.0037460610,0.0000000000,0.8183564687,0.8033664498,0.0000000000,0.7502170444,0.0000000000,0.0632479850,0.0838128202,0.5370207458,0.0661354934,0.0017633052,0.0000962503,0.0041984373,0.0000731502,0.0000000000,0.0342689502,0.0000000000,0.0342651002,0.0000000000,0.7130485550257857,5.78,2.714563525498449
0.0136868221,0.0185317149,0.8254496161,0.8254496161,0.0057220202,0.0004794425,0.0866438418,0.0000000000,0.0000000000,0.0142661905,0.9133561582,0.0241861085,0.0099542360,0.0014595239,0.1622968425,0.0056715526,0.0000000000,0.8680412704,0.8580870345,0.0000000000,0.6758060186,0.0348468913,0.0488859775,0.0794572509,0.3786647072,0.1339511917,0.0030754976,0.0010789980,0.0052900173,0.0000908417,0.0000000000,0.0742096264,0.0129176954,0.0603946165,0.0032521343,1.2536573148096242,14.37,3.6893714829889577
0.0246697408,0.1165766182,0.8540364887,0.8540364887,0.0084387543,0.0032150424,0.1110747377,0.0000000000,0.0018862753,0.0145192253,0.8889252623,0.0019612344,0.0096410279,0.0007642314,0.0845725985,0.0019530358,0.0000000000,0.8239954603,0.8143544324,0.0000000000,0.7354980505,0.0296416370,0.2503036429,0.2013442274,0.1452882938,0.1089202494,0.0021398479,0.0056834220,0.0061501595,0.0000907708,0.0113943680,0.0054585447,0.0049244611,0.0000579762,0.0000000000,0.8609419173452171,7.78,2.6065083632693944
0.0087075547,0.0102936719,0.7630673948,0.7630673948,0.0061849708,0.0002331839,0.1048628179,0.0050936700,0.0084118775,0.0124454933,0.8951371821,0.0018976509,0.0079511060,0.0012918390,0.0521030860,0.0029059383,0.0000000000,0.8499643229,0.8420132169,0.0072081820,0.7839858597,0.0168274859,0.0646898887,0.1457796039,0.4131231258,0.1435657555,0.0019116419,0.0007405922,0.0044062437,0.0001021346,0.0000000000,0.1004864217,0.0390718346,0.0612746767,0.0000000000,0.7606079668071352,7.31,2.6319265691702958
0.0048670216,0.1031833286,0.8021938656,0.8021938656,0.0043605549,0.0000000000,0.0998315895,0.0000000000,0.0000000000,0.0146792995,0.9001684105,0.0779258747,0.0111134444,0.0037429126,0.0858028733,0.0120893193,0.0000000000,0.6347633812,0.6236499368,0.0092893407,0.4482765720,0.0500866758,0.0573336792,0.0100634525,0.2533815918,0.0774111727,0.0047723164,0.0011035210,0.0066499491,0.0001482342,0.0000000000,0.2518745445,0.0875034485,0.1594423101,0.0000000000,1.986272611202989,19.33,4.440526448686315
0.0241150993,0.0579893991,0.8293020934,0.8293020934,0.0047630809,0.0000594223,0.1029493071,0.0075011549,0.0012938549,0.0133136844,0.8970506929,0.0000764739,0.0072784506,0.0015837322,0.0830681723,0.0099715703,0.0000000000,0.7679034073,0.7606249567,0.0023510543,0.6723710305,0.0060667534,0.0947691885,0.0602278094,0.3367768958,0.1745303834,0.0042649674,0.0010168956,0.0043419580,0.0001317624,0.0006386600,0.1026697642,0.0097359482,0.0929338160,0.0118028091,1.7091791503542886,16.79,3.693273913909535
0.0380899086,0.0539638127,0.7475470994,0.7475470994,0.0044954300,0.0000000000,0.1692408133,0.0033202761,0.0221786980,0.0141764596,0.8307591867,0.0005409439,0.0108561835,0.0121619101,0.0637008021,0.0540384257,0.0000000000,0.6078903190,0.5970341354,0.0000000000,0.4747435180,0.0081514643,0.0482559224,0.0127961201,0.1817198284,0.2238201828,0.0019585898,0.0007647827,0.0080208916,0.0003730647,0.0037306473,0.2605670584,0.0946278679,0.1586644283,0.0000000000,0.8014425966740133,4.65,4.514172021266186
0.0019780239,0.0890197890,0.9117731634,0.9117731634,0.0033547982,0.0000000000,0.0848197558,0.0180287728,0.0000000000,0.0105087965,0.9151802442,0.0624166747,0.0048448515,0.0229259069,0.0551929663,0.0415994981,0.0000000000,0.3338329223,0.3289880709,0.0002091303,0.1744146531,0.0928886991,0.0060473506,0.0000000000,0.0289296887,0.0465489147,0.0033199432,0.0004531156,0.0039211927,0.0001132789,0.0000000000,0.5242024730,0.1387927955,0.3854096775,0.0000000000,1.3203950788424883,15.58,3.1073326047565653
0.0104372720,0.1631320227,0.7238803413,0.7238803413,0.0069358562,-0.0005217857,0.1448586194,0.0000000000,0.0036836514,0.0140741964,0.8551413806,0.0000000000,0.0090821867,0.0000000000,0.0676265447,0.0000000000,0.0000000000,0.7171220480,0.7080398613,0.0000000000,0.6501590278,0.0000000000,0.0034920704,0.0686903646,0.5736076109,0.0043689819,0.0015326482,0.0006105672,0.0061819926,0.0001386237,0.0000000000,0.0992966017,0.0000000000,0.0981844972,0.0000000000,0.6152759127921428,4.25,2.968639173988943
0.0158493750,0.1641284700,0.8739705104,0.8739705104,0.0078859819,0.0001810788,0.0932261588,0.0000000000,0.0032874857,0.0134600402,0.9067738412,0.0006310596,0.0092096680,0.0054382492,0.0464200041,0.0079941765,0.0000000000,0.7560157774,0.7468061094,0.0001140796,0.6360424684,0.0167298707,0.1051148877,0.0236230881,0.3609000160,0.1296746059,0.0014771503,0.0023196195,0.0058823450,0.0001403361,0.0000000000,0.0447880314,0.0134641145,0.0248227352,0.0000000000,0.6005272327275379,6.39,2.384565684128322
0.0261355509,0.1169362704,0.9667589027,0.9667589027,0.0028212668,0.0001083713,0.0310917327,0.0000000000,0.0000000000,0.0107468229,0.9689082673,0.0121881615,0.0083445919,0.0044974099,0.0539978181,0.0195790858,0.0000000000,0.3350805199,0.3267359280,0.0018061887,0.2474442430,0.0016183451,0.0331905240,0.0000000000,0.1384515905,0.0741837833,0.0028140420,0.0011559608,0.0061591036,0.0001264332,0.0000000000,0.5003648501,0.2253184311,0.2750464191,0.0000000000,1.1733385548656272,34.82,3.5367772849914667
0.0090490655,0.0793491406,0.8260240373,0.8260240373,0.0046854903,0.0001993511,0.1718835140,0.0073833759,0.0041479806,0.0135174846,0.8281164860,0.0022489763,0.0075325201,0.0342263773,0.0907653164,0.0471915853,0.0000000000,0.6678927993,0.6603602792,0.0037226981,0.5243865522,0.0272741905,0.0267115773,0.0198612811,0.1224399990,0.3280995043,0.0055153818,0.0016819330,0.0047991943,0.0001727710,0.0009524555,0.2018290099,0.1914893303,0.0006142969,0.0000000000,2.2322645905908702,12.99,3.889493133558665
0.0085155901,0.0727760724,0.8848757248,0.8848757248,0.0054409536,0.0002297476,0.0866795336,0.0000000000,0.0000000000,0.0137516785,0.9133204664,0.0002770242,0.0099322286,0.0017376216,0.1221071088,0.0068318803,0.0000000000,0.8217714451,0.8118392165,0.0051664177,0.6872488432,0.0099471581,0.1244153670,0.0183963950,0.2059724419,0.3285174811,0.0040931564,0.0004354422,0.0044415102,0.0000779649,0.0000000000,0.1006435421,0.0096120749,0.0903944774,0.0000000000,1.6502871073200767,18.89,3.4355939707383056
0.0001140690,0.2151703412,0.8306459725,0.8306459725,0.0102122823,0.0002758395,0.0894082829,0.0000000000,0.0029253502,0.0165928848,0.9105917171,0.0000000000,0.0092748429,0.0000000000,0.3706401031,0.0000000000,0.0000000000,0.6761665365,0.6668916936,0.0000000000,0.3055378403,0.0000000000,0.0000000000,0.0648876058,0.2152481155,0.0254021190,0.0007134495,0.0006501930,0.0057750000,0.0000466646,0.0000000000,0.0893128797,0.0000000000,0.0874400749,0.0000000000,0.28782606603892974,3.2,2.6707960626050573
0.0085511612,0.2789816344,0.8688757166,0.8688757166,0.0077543485,0.0002915169,0.1290253620,0.0086677680,0.0019045768,0.0174521426,0.8709746380,0.0519094354,0.0072684870,0.0120493635,0.0609270236,0.0536974055,0.0000000000,0.5251579050,0.5178894179,0.0000000000,0.3585268681,0.0316198620,0.0608687202,0.0558934992,0.0939267321,0.1162180546,0.0043338840,0.0004469925,0.0055193859,0.0001554757,0.0000000000,0.1701098047,0.0000000000,0.0523564279,0.0000000000,1.8524479518197394,13.69,4.320626880533368
0.0115106023,0.0647058024,0.7804741045,0.7804741045,0.0036420796,0.0000951289,0.1185216056,0.0000000000,0.0000000000,0.0128877071,0.8814783944,0.0181968082,0.0141968626,0.0012412062,0.0822231181,0.0018074500,0.0000000000,0.8069561909,0.7927593283,0.0000000000,0.6989304789,0.0296575811,0.0218570076,0.1698549963,0.2830040815,0.1945568124,0.0030033567,0.0026319008,0.0087790426,0.0001540183,0.0030350663,0.1016973722,0.0000000000,0.1016973722,0.0000000000,1.2162571200572356,10.08,3.9859194125602357
0.0121344715,0.0577234217,0.8926906248,0.8926906248,0.0062923909,0.0003586543,0.0960715396,0.0000000000,0.0102734540,0.0159760578,0.9039284604,0.1432066885,0.0107476747,0.0362081470,0.0943778941,0.0551172003,0.0000000000,0.7203014290,0.7095537543,0.0028014888,0.4234791064,0.1395245041,0.0323187401,0.0019486885,0.0695829249,0.1801042489,0.0034630068,0.0007730993,0.0056268879,0.0001394767,0.0000000000,0.1799647722,0.0234679483,0.1494233635,0.0000000000,1.3974206413019008,14.58,4.202452727811201
0.0077754720,0.0232879871,0.9162375426,0.9162375426,0.0057259242,0.0010888223,0.0796249327,0.0728358056,0.0025619348,0.0133092511,0.9203750673,0.0048036277,0.0092742039,0.0091461071,0.0765890400,0.0244280481,0.0000000000,0.5907949684,0.5815207645,0.0114902775,0.4725104399,0.0222632132,0.0764353240,0.0146286476,0.1662823765,0.1929008787,-0.0006020547,0.0009735352,0.0080700945,0.0003074322,0.0008454385,0.2892424359,0.1677811083,0.1214613276,0.0000000000,-0.2412344015654573,-2.99,3.213352783526139
0.0140082437,0.0843739385,0.8441804696,0.8441804696,0.0044564771,0.0000000000,0.0293397417,0.0000000000,0.0001571681,0.0095619065,0.9706602583,0.0000000000,0.0080358546,0.0000000000,0.0888456254,0.0005678333,0.0000000000,0.3408672639,0.3328314093,0.0000000000,0.2528480387,0.0000000000,0.0258516231,0.0147788746,0.1739749849,0.0382425561,-0.0027225577,0.0007148615,0.0085428486,0.0001774479,0.0584716159,0.4188480083,0.1788522670,0.1975197854,0.0000000000,-1.084492464594956,-34.06,2.4831472103123353
0.0051274802,0.3222088002,0.7653952915,0.7653952915,0.0021460882,0.0000000000,0.1016757479,0.0000000000,0.0000000000,0.0129022309,0.8983242521,0.0052045852,0.0086743086,0.0186979541,0.0520844042,0.0313817210,0.0000000000,0.4369666907,0.4282923820,0.0000000000,0.3493111956,0.0145342860,0.0000000000,0.0029042870,0.1160172715,0.2158553511,0.0032641102,0.0003726740,0.0078647065,0.0001413591,0.0000000000,0.2286676262,0.0031998561,0.2254677701,0.0000000000,1.282091727605984,12.96,4.410340852955706
0.0067788327,0.0392976822,0.8549078470,0.8549078470,0.0028762915,0.0000000000,0.1323862050,0.1414199944,0.0000000000,0.0172786931,0.8676137950,0.0373917900,0.0066252443,0.0251884948,0.1274713767,0.0352206088,0.0000000000,0.6191287350,0.6125034906,0.0000000000,0.4230731639,0.0562482547,0.1186470260,0.0058014521,0.1616168668,0.0807595644,0.0080005585,0.0012217258,0.0076235688,0.0001675510,0.0000000000,0.1667830215,0.0072814856,0.1591315275,0.0000000000,3.3344729510522066,25.14,6.543857005780988
0.0105605695,0.1530257493,0.8444704230,0.8444704230,0.0036030692,0.0004580173,0.1437607143,0.0000000000,0.0000000000,0.0140415007,0.8562392857,0.0001439483,0.0174133802,0.0276249842,0.0803231421,0.0617799860,0.0000000000,0.7773163678,0.7599029876,0.0000000000,0.6348250156,0.0001919310,0.0437253816,0.0114984144,0.1585830254,0.4208262631,0.0034329485,0.0010687070,0.0067001383,0.0001919310,0.0000000000,0.0632979860,0.0000000000,0.0632979860,0.0000000000,1.3856182683292912,9.66,4.399169985270226
0.0191693118,0.1167217292,0.8939317873,0.8939317873,0.0076979551,0.0002024357,0.0991314159,0.0000000000,0.0000000000,0.0138870895,0.9008685841,0.0000000000,0.0098869599,0.0003427911,0.0994823044,0.0184594373,0.0000000000,0.7921012286,0.7822142687,0.0000000000,0.6759112306,0.0001187623,0.0797569692,0.0833549265,0.3351984410,0.1774821317,0.0003616851,0.0004183671,0.0059003261,0.0001214614,0.0000000000,0.0672275485,0.0000000000,0.0523741660,0.0000000000,0.1464004872732636,1.48,2.6307411221091823
0.0225802785,0.1234676388,0.9125820864,0.9125820864,0.0031137321,0.0004309796,0.0792056551,0.0218159572,0.0045538904,0.0138279606,0.9207943449,0.0023387316,0.0112870881,0.0023593271,0.1540343884,0.0109003507,0.0000000000,0.6662890828,0.6550019947,0.0035874282,0.4850625531,0.0228388663,0.0663052541,0.0358681797,0.2621301680,0.0979200849,0.0043250517,0.0025912170,0.0082397192,0.0002158712,0.0000000000,0.1424803218,0.0262867029,0.1136649511,0.0000000000,1.7571356519569827,21.81,4.6691675711253575
0.0018202435,0.1362497016,0.7426295058,0.7426295058,0.0001193602,0.0006266412,0.2571914538,0.0173967534,0.0000000000,0.0071019336,0.7428085462,0.0073704942,0.0038195273,0.0117868226,0.0889532108,0.0192766770,0.0000000000,0.3202136548,0.3163941275,0.0045058487,0.2001074242,0.0000000000,0.0137562664,0.0000000000,0.0195153975,0.1668357603,0.0001193602,0.0001193602,0.0063559322,0.0001790403,0.0000000000,0.5228873239,0.0334805443,0.4595368823,0.0000000000,0.0479594742442636,0.19,3.283404076191813
0.0151289215,0.1357952526,0.8882258769,0.8882258769,0.0011094383,-0.0000262448,0.1027817079,0.0000000000,0.0000000000,0.0089494693,0.8972182921,0.0000000000,0.0019301841,0.0016725081,0.0159138790,0.0057046604,0.0000000000,0.4250508791,0.4231206950,0.0000000000,0.4041910524,0.0056211542,0.0905206248,0.0142509144,0.1771594084,0.1166389506,0.0033020702,0.0009615132,0.0046763422,0.0001169086,0.0000000000,0.4034705140,0.0000000000,0.4034705140,0.0000000000,1.360286800352849,12.96,3.3870221699978997
0.0184899855,0.0056765276,0.8881051366,0.8881051366,0.0049624017,0.0001551910,0.0881620812,0.0618290772,0.0133668282,0.0116433427,0.9118379188,0.0887024674,0.0079246328,0.1017369643,0.0828871335,0.1128853652,0.0000000000,0.6504916648,0.6425670320,0.0065282231,0.3541053271,0.0957318151,0.0329366586,0.0214154283,0.1428322787,0.0611891463,0.0034670655,0.0039929218,0.0062308253,0.0001446800,0.0013726055,0.2320831700,0.0794846794,0.1309555313,0.0000000000,1.4091267183744343,15.95,2.911612041942923
0.0060661522,0.1519745656,0.8170625861,0.8170625861,0.0050095285,0.0003962339,0.1066246533,0.0000000000,0.0000000000,0.0124153286,0.8933753467,0.0584444990,0.0078680730,0.0866148418,0.0407366177,0.1128417517,0.0000000000,0.6386441254,0.6307760524,0.0000000000,0.4265457839,0.0573029680,0.0171701353,0.0000000000,0.0288307327,0.3232419480,0.0030660956,0.0006320874,0.0037170513,0.0001226438,0.0008113361,0.1969565463,0.1346723523,0.0622841940,0.0000000000,1.2075051086754598,11.56,3.0992449291812663
0.0188111869,0.0992778931,0.8599139675,0.8599139675,0.0025182718,0.0000000000,0.0979732463,0.0044937835,0.0000000000,0.0139802853,0.9020267537,0.0000000000,0.0089943094,0.0031790232,0.0497282829,0.0036678443,0.0000000000,0.6643855012,0.6553911918,0.0000000000,0.6143807816,0.0000000000,0.0975046522,0.0669280455,0.3657562232,0.0841918606,0.0048814693,0.0008158257,0.0073963699,0.0001584455,0.0000000000,0.1889378085,0.1101027536,0.0788350549,0.0000000000,1.9632101468679135,20.27,4.887919291826752
0.0127293401,0.0335855167,0.8087897931,0.8087897931,0.0031145269,0.0000357700,0.1131521305,0.0000000000,0.0080375523,0.0115365365,0.8868478695,0.0190383835,0.0065174672,0.0001754703,0.0211167063,0.0010638061,0.0000000000,0.6075490521,0.6010315849,0.0000000000,0.5083469489,0.0186868796,0.0017287906,0.0372371572,0.3358878387,0.1148062828,0.0030235527,0.0032125424,0.0066799814,0.0001371654,0.0000000000,0.2980445627,0.0610735119,0.0620483154,0.0000000000,1.1800368218755852,10.58,3.5964261852829407
0.0229806823,0.0909913218,0.9395749559,0.9395749559,0.0062153521,0.0000000000,0.0559650364,0.0000000000,0.0000000000,0.0102723471,0.9440349636,0.0148666923,0.0018180353,0.0214223663,0.0804413437,0.1132107578,0.0000000000,0.4925442642,0.4907262290,0.0131382155,0.2708335199,0.0403908328,0.0434805972,0.0000000000,0.0477525323,0.1392095577,0.0000268675,0.0014956251,0.0055257525,0.0001522493,0.0000000000,0.3357454392,0.1925505333,0.1431949059,0.0000000000,0.010559243958132597,0.19,1.7539189732024025
0.0048018631,0.3516117108,0.8783010498,0.8783010498,0.0039257726,0.0000000000,0.1196806151,0.0000000000,0.0000000000,0.0197878161,0.8803193849,0.0708930948,0.0101951797,0.0006062398,0.0954347183,0.0012309626,0.0000000000,0.5723680319,0.5621728523,0.0000000000,0.1935309774,0.0115740056,0.0306151116,0.0000000000,0.0802935088,0.0710483513,0.0112893686,0.0005766672,0.0051678249,0.0000961112,0.0011718172,0.0407215733,0.0000000000,0.0405145645,0.0000000000,4.111525464801626,36.67,6.167688985191654
0.0300075809,0.0749610428,0.9065448113,0.9065448113,0.0029165263,0.0002105795,0.0917494946,0.0000000000,0.0014161472,0.0167094845,0.9082505054,0.0314763730,0.0087443144,0.0121030576,0.0470908440,0.0195575724,0.0000000000,0.7821396985,0.7733953841,0.0000000000,0.6838517099,0.2357964117,0.0321028470,0.0263750842,0.1357395553,0.2538378117,0.0064174107,0.0009212854,0.0080862534,0.0002474309,0.0027112113,0.0903280829,0.0542558120,0.0335032008,0.0000000000,2.5627414395711248,28.22,6.049550901660163
0.0124267578,0.0433268229,0.7739257812,0.7739257812,0.0045410156,0.0001220703,0.2205159505,0.0708007812,0.0570312500,0.0141601562,0.7794840495,0.0164550781,0.0101074219,0.0658040365,0.1036783854,0.1173339844,0.0000000000,0.4672363281,0.4571289063,0.0000000000,0.2292561849,0.0000000000,0.0165120443,0.0000000000,0.0948160807,0.1179280599,0.0022867839,0.0022216797,0.0088297526,0.0002278646,0.0000000000,0.2994384766,0.1185384115,0.1809000651,0.0000000000,0.906941653958187,4.16,4.500842480032747
0.0078459681,0.1162973562,0.9249949513,0.9249949513,0.0049628111,0.0001374978,0.0676059485,0.0000000000,0.0024148051,0.0110556823,0.9323940515,0.0547542012,0.0059209989,0.0117216873,0.0372704968,0.0257507595,0.0000000000,0.3983998694,0.3924788705,0.0008163932,0.2788025661,0.0712883114,0.0083744753,0.0105400656,0.0614701093,0.1271296046,0.0018691107,0.0012890419,0.0047307836,0.0001546850,0.0000000000,0.4441092936,0.1299354190,0.3140234863,0.0000000000,0.756424719438159,11,2.653871437895806
0.0104172049,0.0533623389,0.9125853890,0.9125853890,0.0032450420,0.0000000000,0.0835805008,0.0000000000,0.0000000000,0.0114403233,0.9164194992,0.0038599465,0.0093682503,0.0204675341,0.0643634447,0.0307968955,0.0000000000,0.5164939078,0.5071256575,0.0000000000,0.4175201265,0.0421390407,0.0416894888,0.0142306460,0.1634250695,0.1560358815,0.0021340802,0.0008991040,0.0065314221,0.0001653525,0.0000000000,0.3901801308,0.1275332513,0.2557382471,0.0000000000,0.8429926238145415,10.16,3.434015372956588
0.0000647882,0.2843806258,0.9000397111,0.9000397111,0.0002915470,0.0013841119,0.0194144912,0.0000000000,0.0024868708,0.0120544593,0.9805855088,0.0000000000,0.0016498342,0.0000104205,0.0031676001,0.0060601901,0.0000000000,0.0110993994,0.0094495652,0.0000000000,0.0013055052,0.0000000000,0.0000000000,0.0006922825,0.0005787898,0.0000344329,0.0050020580,0.0047485685,0.0083710453,0.0000210675,0.0000000000,0.4943646711,0.0052791070,0.4285822050,0.0000000000,2.116372196269296,82.3,6.525605912204487
0.0557396734,0.0677233429,0.9030859750,0.9030859750,0.0042987512,0.0001200768,0.0762728146,0.0000000000,0.0000000000,0.0129442843,0.9237271854,0.0047910663,0.0064601345,0.0196685879,0.0356748319,0.0755403458,0.0000000000,0.5811599424,0.5746998079,0.0006724304,0.4639289145,0.0445605187,0.0977545629,0.0239673391,0.1631364073,0.1345100865,0.0001560999,0.0021493756,0.0105187320,0.0003121998,0.0021373679,0.2842819404,0.1354346782,0.1488472622,0.0000000000,0.06274206976435527,0.8,3.9363621453173696
0.0253794675,0.0321566550,0.8676899087,0.8676899087,0.0019541890,0.0001199502,0.0830855195,0.0741192405,0.0000000000,0.0094710695,0.9169144805,0.0003348610,0.0056026749,0.0270387789,0.0744141181,0.0462657997,0.0000000000,0.3683921173,0.3627894424,0.0000000000,0.2486068282,0.0052228325,0.0246197828,0.0238501022,0.1787258288,0.0161882819,0.0010645582,0.0012344877,0.0075418701,0.0002049150,0.0000000000,0.4741732181,0.1669307237,0.3072424944,0.0000000000,0.428176205564783,5.05,3.312346695223911
0.0047720208,0.0539126209,0.8370535575,0.8370535575,0.0035167176,0.0002491917,0.0591643357,0.0009469284,0.0000000000,0.0108647574,0.9408356643,0.0009438135,0.0058591195,0.0097060161,0.0389143964,0.0233897545,0.0000000000,0.6109744018,0.6051152823,0.0000000000,0.5476485650,0.0053700808,0.0769815411,0.0042580629,0.1937185006,0.2673203795,0.0025760190,0.0014795756,0.0059806004,0.0001432852,0.0000000000,0.3029267563,0.1005301553,0.1845669360,0.0000000000,1.0392482728937786,17.5,3.1202981412467303
0.0202668769,0.0377337603,0.7649233984,0.7649233984,0.0057066406,0.0010125338,0.0961029598,0.0000000000,0.0019940166,0.0167810605,0.9038970402,0.0000000000,0.0088724963,0.0001390546,0.1223221856,0.0021276711,0.0000000000,0.7514269977,0.7425545013,0.0000000000,0.5460743389,0.0064842666,0.0941521447,0.0175141350,0.4051957835,0.0227280091,0.0025556354,0.0007803261,0.0074643993,0.0001458049,0.0000000000,0.1691592999,0.0081272715,0.1610320285,0.0000000000,1.038446663722664,10.73,4.780271691109251
0.0203038236,0.1889711321,0.8667014945,0.8667014945,0.0056203848,0.0002201195,0.0834781231,0.0000000000,0.0000000000,0.0142813538,0.9165218769,0.0010418990,0.0095707963,0.0037332269,0.0661444454,0.0116369848,0.0000000000,0.7136949554,0.7041241591,0.0012854979,0.6332779610,0.0349813926,0.1381851587,0.0212723495,0.2193065355,0.2195325249,0.0028850330,0.0007806905,0.0063365070,0.0001408765,0.0000000000,0.0784300490,0.0337545932,0.0406839553,0.0000000000,1.1793959644981418,13.93,3.7639105895857914
0.0100561601,0.0196578453,0.8911748899,0.8911748899,0.0072535646,0.0002813416,0.0953820295,0.1183618703,0.0012191471,0.0181465357,0.9046179705,0.0277915042,0.0066079216,0.0416421695,0.1588678524,0.1213556339,0.0000000000,0.7332953402,0.7266874186,0.0000000000,0.4255977608,0.0285633902,0.0417143084,0.0002705208,0.0986318861,0.2564176553,0.0037512219,0.0010604416,0.0068026966,0.0001947750,0.0001803472,0.0932431116,0.0326897343,0.0605533774,0.0000000000,1.5355199728331081,15.9,4.698222803882256
0.0148943345,0.0648668565,0.7188499201,0.7188499201,0.0040842326,0.0000000000,0.1341988909,0.0000000000,0.0000000000,0.0137140288,0.8658011091,0.0000000000,0.0115032974,0.0000000000,0.0751461331,0.0024043265,0.0000000000,0.7751861011,0.7636828038,0.0000000000,0.6966551759,0.0000000000,0.0306817046,0.0746465328,0.4501024181,0.1412245204,0.0022669365,0.0003809452,0.0068632594,0.0001436351,0.0000000000,0.1264051259,0.0129021783,0.1103804456,0.0000000000,0.8919932547617513,6.79,3.990360510440085
0.0130895491,0.0950470680,0.9040898848,0.9040898848,0.0027969122,0.0000000000,0.0798158833,0.0958941329,0.0000000000,0.0119707843,0.9201841167,0.0267544631,0.0057856127,0.0402116064,0.2021927792,0.0700027170,0.0000000000,0.4497275008,0.4439418882,0.0013265355,0.1467819527,0.0145119788,0.0081190366,0.0038197830,0.0185874794,0.1017436750,0.0022055651,0.0021416356,0.0084067190,0.0002876824,0.0000000000,0.3049433425,0.0460931132,0.2588502293,0.0000000000,0.8672359211632273,11.05,3.9614893543600536
0.0045184564,0.0759246438,0.8350399009,0.8350399009,0.0040447473,0.0000000000,0.0979047480,0.0000000000,0.0221039974,0.0104507525,0.9020952520,0.1336369930,0.0061509310,0.0227088875,0.0759829465,0.0345370404,0.0000000000,0.6521881718,0.6460372408,0.0000000000,0.4080311919,0.1948037751,0.0184309296,0.0405495026,0.0404183216,0.1138286630,0.0023831214,0.0007142076,0.0040301716,0.0001020297,0.0000000000,0.2128338738,0.0623838502,0.1504500237,0.0000000000,0.9362484923750863,9.78,2.70654119277178
0.0023525606,0.2258017085,0.7810795313,0.7810795313,0.0011909838,0.0000000000,0.2177735954,0.3112290659,0.0000000000,0.0093367249,0.7822264046,0.0086456603,0.0031171428,0.0019555660,0.0766493655,0.0281425064,0.0000000000,0.1738248225,0.1707076796,0.0000000000,0.0603578833,0.0000000000,0.0161003367,0.0000000000,0.0048668598,0.0393906868,0.0053814824,0.0003234771,0.0030877358,0.0000882210,0.0003528841,0.2852185676,0.0000000000,0.2852185676,0.0000000000,2.1693709713269618,9.97,3.4645029157481666
0.0466132975,0.0279181247,0.8226643018,0.8226643018,0.0060975025,0.0001438090,0.0877810268,0.0993528594,0.0000000000,0.0138344279,0.9122189732,0.0239106467,0.0077656872,0.0105459949,0.2534681942,0.0213796079,0.0000000000,0.7388044677,0.7310387805,0.0000000000,0.4399405589,0.0248214371,0.0885000719,0.0000000000,0.0860936676,0.2405253823,0.0009683141,0.0011025358,0.0076889890,0.0001629836,0.0091270792,0.0745026605,0.0685777288,0.0059249317,0.0000000000,0.38425505404775606,4.43,3.3726707101101763
0.0216527679,0.1417625508,0.8797756454,0.8797756454,0.0045957421,0.0000000000,0.0898474008,0.0000000000,0.0023377780,0.0113966679,0.9101525992,0.0000000000,0.0070287820,0.0001699266,0.0355635770,0.0006333628,0.0000000000,0.6308035726,0.6237747906,0.0030174844,0.5771209285,0.0169424541,0.0814270230,0.1560093511,0.2309894620,0.0917526384,0.0016439111,0.0026300003,0.0072707986,0.0001737886,0.0000000000,0.1751582763,0.0075977786,0.1519285381,0.0000000000,0.6492751265215797,7.36,2.9043270790155082
0.0139386646,0.0985427080,0.8616628224,0.8616628224,0.0040228156,0.0000879689,0.0478497774,0.0011383169,0.0000000000,0.0110691206,0.9521502226,0.0097012050,0.0052209514,0.0371677197,0.0458907110,0.0762223712,0.0000000000,0.4749508694,0.4697299180,0.0000000000,0.3422630515,0.0392789721,0.0242767641,0.0111641270,0.0639058522,0.2036373361,0.0005506850,0.0022564011,0.0072908585,0.0001812158,0.0000000000,0.3744332607,0.1213671063,0.2530661543,0.0000000000,0.22046047537230218,4.52,3.0392095019879597
0.0096197374,0.2804775917,0.8720122227,0.8720122227,0.0022012223,0.0001697601,0.1216047986,0.0111192847,0.0000000000,0.0137279312,0.8783952014,0.0041534631,0.0083918062,0.0177512449,0.1593085106,0.0534461295,0.0000000000,0.4952127660,0.4868209597,0.0007073336,0.2773426890,0.0088331824,0.0200430059,0.0199185152,0.0699128565,0.1586351290,0.0021842463,0.0013863739,0.0098121322,0.0002942508,0.0000000000,0.2016749660,0.0590086012,0.1307548665,0.0000000000,0.8755340956452954,7.23,4.808157581050619
0.0018842631,0.1542042154,0.8497281597,0.8497281597,0.0066991882,0.0002792880,0.1459819766,0.0000000000,0.0000000000,0.0153422209,0.8540180234,0.1875772697,0.0109592612,0.0049340880,0.1271542415,0.0213301557,0.0000000000,0.8138377895,0.8028785283,0.0000000000,0.4724584792,0.3723504878,0.0180345572,0.0000000000,0.0002457734,0.0818276607,0.0043680643,0.0007745587,0.0033812467,0.0000893722,0.0000000000,0.0226632904,0.0199076488,0.0027556416,0.0000000000,1.7517528729195135,12.15,3.618258878550202
0.0142539046,0.0683723090,0.8830184482,0.8830184482,0.0061829461,0.0002743518,0.0985985047,0.0000000000,0.0024334712,0.0147571780,0.9014014953,0.0651771428,0.0121682408,0.0051439492,0.0593248939,0.0291836588,0.0000000000,0.8755938389,0.8634255981,0.0139957779,0.6964022741,0.1828380840,0.0959850823,0.0398467996,0.2058352567,0.1718970514,0.0035827988,0.0013484540,0.0051684343,0.0001315709,0.0000000000,0.0247190991,0.0000740455,0.0246220435,0.0000000000,1.4474608652228609,14.7,3.654755441659245
0.0000931910,0.2326486534,0.8524621617,0.8524621617,0.0064411444,0.0000000000,0.1422314317,0.0000000000,0.0000000000,0.0142965996,0.8577685683,0.0000000000,0.0215161632,0.0002357185,0.1846004572,0.0015568383,0.0000000000,0.5845434462,0.5630272830,0.0000000000,0.3860136717,0.0000000000,0.0226673464,0.0046705149,0.2767225265,0.0819532839,0.0020063480,0.0004056551,0.0055476069,0.0001096365,0.0000000000,0.1704902396,0.0696027321,0.1008875075,0.0000000000,0.8116176637718601,5.68,3.331947928141067
0.0099121630,0.0279599244,0.9186821398,0.9186821398,0.0041021105,0.0002287422,0.0672578382,0.0000000000,0.0000000000,0.0152799805,0.9327421618,0.0371782359,0.0115362328,0.0295229962,0.0876768940,0.0842076369,0.0000000000,0.6120226912,0.6004864585,0.0072663779,0.3923386605,0.0124740759,0.0841695132,0.0382152007,0.0914587654,0.1660211053,0.0053296938,0.0016316945,0.0072511285,0.0002058680,0.0000000000,0.3474365622,0.1186638404,0.2287727217,0.0000000000,2.1597321190633436,30.83,4.746141332059926
0.0165382913,0.0665818089,0.8099689621,0.8099689621,0.0065659001,0.0012655189,0.0834400520,0.0000000000,0.0024296943,0.0147575837,0.9165599480,0.0000000000,0.0098026689,0.0000954242,0.1578748141,0.0342703549,0.0013672707,0.7150572872,0.7052546183,0.0000000000,0.5193845863,0.0000000000,0.0366649412,0.0357118217,0.2925368470,0.1544709763,0.0013928873,0.0015786328,0.0067249064,0.0000710324,0.0020596321,0.1553911311,0.0000000000,0.1274858262,0.0000000000,0.55999502700782,6.71,3.5937757362379497
0.0149268664,0.0207095264,0.8050103047,0.8050103047,0.0040018408,0.0001000460,0.1522500350,0.0000000000,0.0000000000,0.0123856974,0.8477499650,0.0000000000,0.0149868940,0.0259319287,0.0350961442,0.0385777458,0.0000000000,0.7434619925,0.7284750985,0.0000000000,0.6697881025,0.0000000000,0.0318546531,0.0189687256,0.0794565500,0.5395081738,0.0008203774,0.0003401565,0.0076235068,0.0001800828,0.0000000000,0.2032935150,0.1712587790,0.0320347360,0.0000000000,0.3264461164855289,2.15,3.5591420683796984
0.0127948880,0.1826986078,0.9011577115,0.9011577115,0.0047813304,0.0024818740,0.0869090244,0.0000000000,0.0036574551,0.0141342727,0.9130909756,0.0238301273,0.0093699018,0.0006969930,0.1929636389,0.0025360616,0.0000000000,0.5693861664,0.5600162645,0.0000000000,0.3500563385,0.0179952414,0.0661365659,0.0494310717,0.0904568634,0.1260365961,0.0030324364,0.0006651422,0.0045033605,0.0000889338,0.0000000000,0.2180826861,0.0489979847,0.1690061087,0.0000000000,1.2101558337690592,14.03,3.9121771509804772
0.0156172061,0.0692327982,0.8373238168,0.8373238168,0.0036222516,0.0004700831,0.0618746915,0.0000000000,0.0006150254,0.0123684094,0.9381253085,0.0051356582,0.0072614785,0.0003865128,0.1090057481,0.0052675426,0.0000000000,0.6000833092,0.5928218307,0.0000000000,0.4751613299,0.0196821193,0.1392399278,0.0567547028,0.1758176182,0.0836669618,0.0035556565,0.0015003486,0.0054712453,0.0001553886,0.0000000000,0.2922519854,0.1179151291,0.1736839631,0.0000000000,1.4694900699464861,22.92,3.8537469101485216
0.0333242041,0.1354736134,0.8710069821,0.8710069821,0.0034216975,0.0002667644,0.1136131632,0.0000000000,0.0086253810,0.0111969895,0.8863868368,0.0198223705,0.0054313224,0.0001920703,0.1101345559,0.0074978570,0.0000000000,0.5968407986,0.5914094762,0.0010457163,0.4583402988,0.0204234795,0.0200073271,0.0249371325,0.2394832596,0.1534891000,0.0008180774,0.0009247831,0.0072880024,0.0001422743,0.0000000000,0.2089760872,0.0008892145,0.2080868727,0.0000000000,0.3265149673396306,2.89,3.4366206040025786
0.0077191253,0.2134899869,0.8797048612,0.8797048612,0.0023048656,-0.0000072480,0.1181787213,0.0004276323,0.0000000000,0.0169095956,0.8818212787,0.0006740645,0.0079728055,0.0223311034,0.1362045097,0.0332176069,0.0000000000,0.7586051939,0.7506323884,0.0005798404,0.5877914604,0.0099225188,0.1206068030,0.0057476680,0.1372192304,0.3142952402,0.0083424537,0.0003841443,0.0063637484,0.0002101921,0.0000000000,0.0212004146,0.0008480166,0.0203523980,0.0000000000,3.40127510878318,28.88,6.1690597924256805
0.0194627207,0.0461272704,0.8863508193,0.8863508193,0.0027143401,0.0000000000,0.0949447479,0.0000000000,0.0000000000,0.0112777848,0.9050552521,0.0002044964,0.0089140099,0.0001257462,0.0971751556,0.0008548203,0.0000000000,0.6997904230,0.6908764131,0.0027753080,0.5999009272,0.0041915407,0.0528947034,0.0854794869,0.3745840213,0.0827511749,0.0023282103,0.0022723231,0.0078788264,0.0001803633,0.0000000000,0.2168677759,0.0360116855,0.1352686397,0.0000000000,0.9471564959085087,9.91,3.709360950888243
0.0090489589,0.0252238124,0.8410687848,0.8410687848,0.0023345875,0.0002380542,0.1158053106,0.0000136622,0.0222640738,0.0106747658,0.8841946894,0.0103501840,0.0060685199,0.0281168958,0.0347149311,0.0296656973,0.0000000000,0.5326655947,0.5265970748,0.0000000000,0.4562038175,0.0484309949,0.0116567912,0.0256738384,0.3185505106,0.0518916824,0.0019363124,0.0007944801,0.0061372451,0.0001047439,0.0000000000,0.3654132456,0.1533909687,0.0280978515,0.0000000000,0.7719197480739142,6.75,3.6655522471977835
0.0134689215,0.0804697994,0.8780340768,0.8780340768,0.0017556663,0.0000290848,0.1119175542,0.0000000000,0.0118419336,0.0120164426,0.8880824458,0.0141687202,0.0075620565,0.0529652427,0.0463021720,0.0557256578,0.0000000000,0.6111877893,0.6036257328,0.0030248226,0.4875807765,0.0229303057,0.0438731478,0.0455142375,0.2875626205,0.0877004650,0.0025885501,0.0012656309,0.0082962281,0.0002027125,0.0000000000,0.2542181821,0.0384686571,0.2101220505,0.0000000000,1.029381805755443,9.26,4.4122907044666295
0.0065163580,0.1885057767,0.6696008042,0.6696008042,0.0076171189,0.0000000000,0.2451738339,0.0000000000,0.0021243400,0.0179594942,0.7548261661,0.0000000000,0.0095558549,0.0002609483,0.0005347603,0.0002609483,0.0000000000,0.6967247307,0.6871688758,0.0000000000,0.6959271844,0.0000000000,0.0429351911,0.0576089413,0.3171661745,0.2782168775,0.0026682887,0.0001580391,0.0066890984,0.0001139352,0.0000000000,0.0929600914,0.0000000000,0.0929600914,0.0000000000,1.0729496786970165,4.38,4.2981559284366195
0.0182272391,0.0290628341,0.7494140143,0.7494140143,0.0058392960,0.0005140225,0.1151204869,0.0199132330,0.0000000000,0.0147832881,0.8848795131,0.2795562957,0.0073813636,0.0128300025,0.0541368534,0.0268833786,0.0000000000,0.6079241714,0.6005428078,0.0000000000,0.2416008718,0.1745723333,0.0000000000,0.0000000000,0.0099514763,0.0570770623,0.0034747923,0.0005962661,0.0046878855,0.0001439263,0.0001953286,0.2702627683,0.1339851139,0.1362776544,0.0000000000,1.4222895495381767,12.18,4.078666697920818
0.0174349753,0.0211749148,0.7818537715,0.7818537715,0.0041895019,0.0000997084,0.0507480754,0.0000000000,0.0000000000,0.0114612178,0.9492519246,0.0000000000,0.0052565567,0.0064740487,0.0480909341,0.0168752088,0.0000000000,0.6220964303,0.6168398736,0.0000000000,0.5570778093,0.0000000000,0.0419754857,0.0098431429,0.0849865394,0.4202726412,0.0008781336,0.0019329435,0.0079434356,0.0002011661,0.0061171976,0.2948517231,0.0427923949,0.2127374853,0.0000000000,0.35262280774154575,6.85,3.1492245309212255
0.0136657173,0.1670124117,0.8755669632,0.8755669632,0.0025432767,0.0002344034,0.1228976946,0.0028597213,0.0000000000,0.0110872801,0.8771023054,0.0025198364,0.0090948513,0.0178029371,0.0338244084,0.0825803125,0.0000000000,0.5902160027,0.5811211514,0.0000000000,0.4719360548,0.0037621743,0.0388992417,0.0000000000,0.0398134149,0.3894612238,0.0028011204,0.0004102059,0.0050982736,0.0001523622,0.0000000000,0.1908863964,0.1155608687,0.0753255277,0.0000000000,1.1164833111438115,9.17,3.6450683450314694
0.0157312699,0.0520657910,0.8639597478,0.8639597478,0.0033607512,0.0004431760,0.1234688270,0.0000000000,0.0026959872,0.0117471179,0.8765311730,0.0023591734,0.0193756537,0.0012719151,0.1316350830,0.0138448175,0.0000000000,0.4884670838,0.4690914302,0.0000000000,0.3387445120,0.0065575272,0.0555639267,0.0087438620,0.1992164649,0.0686627313,0.0023473554,0.0033651829,0.0075989907,0.0002156790,0.0000000000,0.4354661916,0.0372253048,0.3534830677,0.0000000000,0.9520450019509732,7.69,3.6924687978418866
0.0105328429,0.0253028437,0.8530234091,0.8530234091,0.0040276742,0.0001396558,0.1017727911,0.0259676054,0.0000000000,0.0128790608,0.8982272089,0.0174765308,0.0095943557,0.0111920184,0.0785228882,0.0381567665,0.0000000000,0.5938668745,0.5842725188,0.0079994861,0.4517084098,0.0521754189,0.0638590258,0.0175994280,0.1899263455,0.1281481916,0.0035835687,0.0015418004,0.0055806471,0.0001675870,0.0000000000,0.3099074640,0.0992087101,0.2053890393,0.0000000000,1.4431540170411405,14.1,3.8302726304418444
0.0244390664,0.0667638074,0.9257342360,0.9257342360,0.0036283502,0.0000000000,0.0510998662,0.0000000000,0.0179722355,0.0102574830,0.9489001338,0.0932983723,0.0088039789,0.0220514245,0.0650470135,0.0491089623,0.0000000000,0.5592095535,0.5504055745,0.0178820678,0.3333393445,0.1275188360,0.0020486112,0.0021604192,0.0858469096,0.1157645684,0.0021820595,0.0016590866,0.0060087787,0.0001731221,0.0000000000,0.3063827946,0.1466199718,0.1595031396,0.0000000000,0.8775937973701197,16.82,2.9303678903104946
0.0109739644,0.1499158165,0.7347605508,0.7347605508,0.0054747171,0.0000000000,0.1206623181,0.0454390366,0.0000000000,0.0131883816,0.8793376819,0.0538105592,0.0125282935,0.0000000000,0.1194023527,0.0000000000,0.0005017561,0.7032747951,0.6907465016,0.0000000000,0.4888108379,0.0195952500,0.1024273847,0.0000000000,0.3502191002,0.0165691030,0.0027094832,0.0075308023,0.0117098734,0.0001204215,0.0000000000,0.0461325751,0.0027964543,0.0413603167,0.0000000000,1.1686541000281343,9.09,3.5946672347744304
0.0220410779,0.0519057391,0.8631250524,0.8631250524,0.0041304544,0.0017163912,0.0775401227,0.0006927682,0.0000000000,0.0147166102,0.9224598773,0.0000000000,0.0103249374,0.0031776666,0.3250582211,0.0102208641,0.0000000000,0.7295995196,0.7192745823,0.0049838550,0.3048087286,0.0002006271,0.0490278687,0.0215596165,0.2070510438,0.0269695725,0.0045638568,0.0118313294,0.0161237240,0.0004984618,0.0010335399,0.1649377795,0.1074402015,0.0525702821,0.0003378294,1.8350597679391452,21.95,4.671909525368288
0.0062031924,0.4981466072,0.8312361836,0.8312361836,0.0004875138,-0.0000420270,0.1674609779,0.0000000000,0.0000000000,0.0163233057,0.8325390221,0.0000000000,0.0029082718,0.0005631625,0.0465911861,0.0081112204,0.0000000000,0.2048482403,0.2019399686,0.0000000000,0.1501458339,0.0000000000,0.0562153802,0.0000000000,0.0424473191,0.0514831345,0.0077834094,0.0003782434,0.0084726530,0.0001681082,0.0000000000,0.2890368241,0.0000000000,0.2890368241,0.0000000000,3.130493576741041,19.06,6.474115565024656
0.0031544294,0.2378669175,0.5011183886,0.5011183886,0.0028676631,0.0000000000,0.4824326959,0.0573532617,0.0000000000,0.0215418851,0.5175673041,0.0000000000,0.0618841694,0.0000000000,0.0377269755,0.0000000000,0.0000000000,0.6916803359,0.6297961665,0.0000000000,0.6585760332,0.0000000000,0.0756030695,0.0573532617,0.4400945182,0.0855251838,0.0107135893,0.0027644272,0.0061482697,0.0001032359,0.0447928974,0.0000000000,0.0000000000,0.0000000000,0.0000000000,4.302140130469078,8.98,8.134915677701436
0.0029236374,0.1543958976,0.8691324222,0.8691324222,0.0028540270,0.0000000000,0.1247186579,0.0000000000,0.0038749797,0.0116713460,0.8752813421,0.0954590807,0.0066361928,0.0088405225,0.0493073764,0.0330881500,0.0000000000,0.5568369028,0.5502007100,0.0033645033,0.3493282595,0.1514722603,0.0000000000,0.0048727290,0.0389818317,0.1540014386,0.0022739402,0.0006729007,0.0065665824,0.0001856278,0.0000000000,0.2545188760,0.1093115530,0.1452073230,0.0000000000,0.8890400861824573,7.32,3.6967228065908677
0.0091988257,0.0189904835,0.8984583528,0.8984583528,0.0047029457,0.0002127388,0.0973322555,0.0306911174,0.0074770597,0.0127274532,0.9026677445,0.0260335560,0.0092016622,0.0062460111,0.0646640854,0.0110936193,0.0000000000,0.6834588492,0.6742571870,0.0083421974,0.5730077011,0.0863918081,0.0677190146,0.0615439164,0.2595782099,0.0977747522,0.0031258421,0.0004595158,0.0049582323,0.0001304798,0.0000000000,0.2481867563,0.2125856274,0.0356011289,0.0000000000,1.2558798138973017,12.91,3.3823630510612475
0.0340542603,0.2022910911,0.8972014472,0.8972014472,0.0038839889,0.0000000000,0.0946144332,0.0566761840,0.0000000000,0.0111202303,0.9053855668,0.0390132819,0.0041614167,0.0083690714,0.0479834468,0.0167381429,0.0000000000,0.3533736374,0.3492122207,0.0386780566,0.2107526385,0.0391751147,0.0029592297,0.0000000000,0.0612421829,0.1073761112,0.0032944549,0.0004623796,0.0036181207,0.0000809164,0.0000000000,0.3482527829,0.0000000000,0.3482527829,0.0000000000,1.381031412407477,14.17,3.3655009273944247
0.0231578074,0.0782057045,0.7984659043,0.7984659043,0.0014746933,0.0005007126,0.1016574747,0.0000000000,0.0049010071,0.0123202146,0.8983425253,0.0224704711,0.0080242099,0.0560230974,0.0498602457,0.0582235496,0.0000000000,0.5972556556,0.5892314457,0.0000878229,0.4658731703,0.0528626919,0.0391306018,0.0588175741,0.2846042144,0.0304580880,0.0039245869,0.0132752889,0.0062262794,0.0001109984,0.0002177277,0.2728883923,0.0535567370,0.2067894439,0.0000000000,1.5840862717754165,16.07,4.715556457140887
0.0143927341,0.0296579704,0.7252443225,0.7252443225,0.0059288624,-0.0000447997,0.0659818135,0.0000000000,0.0020372952,0.0107781605,0.9340181865,0.0165371117,0.0046700991,0.0002141646,0.0739080884,0.0126564713,0.0000000000,0.7846099801,0.7799398809,0.0000000000,0.6824021180,0.0000000000,0.0310593280,0.0457345190,0.2393201804,0.3662880907,0.0003507491,0.0012303537,0.0056562396,0.0001169164,0.0000000000,0.1366818039,0.0209487928,0.0929610876,0.0000000000,0.14111533870978377,2.14,2.0652060421702463
0.0202437851,0.0222137551,0.7772388805,0.7772388805,0.0055169496,0.0000000000,0.0927953168,0.0000000000,0.0012318104,0.0105596736,0.9072046832,0.0006756067,0.0042448630,0.0000057028,0.0184882058,0.0138544813,0.0000000000,0.8485420280,0.8442971650,0.0000000000,0.8161360751,0.0000942748,0.0274614244,0.0107369958,0.1038491759,0.6739942041,0.0008099795,0.0012597899,0.0053002422,0.0000980173,0.0000434840,0.0821046565,0.0057791014,0.0659093432,0.0000000000,0.32590220728832425,3.52,2.1513508715390692
0.0066383640,0.1132496779,0.7828123871,0.7828123871,0.0037383875,0.0000061370,0.0825660095,0.0000000000,0.0000000000,0.0089232226,0.9174339905,0.0000000000,0.0032162689,0.0000000000,0.0134074937,0.0000727000,0.0000000000,0.5435027166,0.5402864476,0.0000000000,0.5299460462,0.0000000000,0.0129424966,0.0249554712,0.1469735301,0.3450745482,0.0013548645,0.0008596544,0.0042944956,0.0001010247,0.0000000000,0.3032115954,0.0126502802,0.2866827205,0.0000000000,0.5700010153763732,6.62,2.3127588936218824
0.0054570661,0.0050225290,0.7236841657,0.7236841657,0.0060082794,0.0001840104,0.1143031534,0.0000000000,0.0102531942,0.0114791122,0.8856968466,0.0000000000,0.0088145057,0.0000010904,0.0918083626,0.0249343594,0.0000000000,0.7418583930,0.7330438873,0.0127740000,0.6123300852,0.0000000000,0.0592791455,0.0337554077,0.2386227410,0.2806727910,0.0017025730,0.0017460540,0.0047341098,0.0000880524,0.0015872598,0.2114281890,0.0000134941,0.2114078797,0.0000000000,0.6831490293490607,6.02,2.321828029578621
0.0150300587,0.0936620893,0.8843878296,0.8843878296,0.0030219907,0.0000000000,0.0979238531,0.0000000000,0.0000000000,0.0078780607,0.9020761469,0.0000000000,0.0013526072,0.0000091108,0.0021634706,0.0004141921,0.0000000000,0.4331153276,0.4317627205,0.0000000000,0.4306624131,0.0000000000,0.0091977287,0.0077175700,0.0334472420,0.3802998723,0.0006924227,0.0006643894,0.0046976818,0.0000714849,0.0000000000,0.4154052846,0.0002530006,0.4151522839,0.0000000000,0.27754280511361384,2.83,2.0795856435359408
0.0013129465,0.0599820116,0.6144486142,0.6144486142,0.0045487910,0.0000000000,0.1378076895,0.0000000000,0.0000000000,0.0158897538,0.8621923105,0.0000000000,0.0111858905,0.0000000000,0.0055205781,0.0001343961,0.0000000000,0.8168594734,0.8056735829,0.0000000000,0.8125277838,0.0000000000,0.0000000000,0.4386791965,0.1680157967,0.2058327906,-0.0004342028,0.0004858936,0.0122507211,0.0002791304,0.0000000000,0.0393056891,0.0000000000,0.0393056891,0.0000000000,-0.17233420526234805,-1.26,5.043040535104757
0.0136985314,0.0188646150,0.8091480527,0.8091480527,0.0058965438,0.0003243820,0.1118445081,0.0325319096,0.0000000000,0.0141622775,0.8881554919,0.0011629695,0.0076193726,0.0074776056,0.0708834724,0.0261331744,0.0000000000,0.7273172888,0.7196979163,0.0188285725,0.6103042943,0.0184104802,0.1041698704,0.0030539964,0.3087107378,0.1759592096,0.0041232555,0.0005021914,0.0034456576,0.0001033217,0.0004805659,0.1976928030,0.0519395640,0.1117988543,0.0000000000,1.6595564119829451,14.83,3.497223316516501
0.0139759074,0.0312472703,0.8970467955,0.8970467955,0.0002541074,0.0000000000,0.1008329958,0.0479865958,0.0000000000,0.0132453486,0.8991670042,0.0000000000,0.0072817654,0.0001746988,0.0358053220,0.0035336811,0.0000000000,0.6457583915,0.6384766261,0.0000000000,0.6056094210,0.0000000000,0.1427051322,0.0274356592,0.2189452954,0.2165233342,0.0028745901,0.0013023005,0.0105216349,0.0002938117,0.0000000000,0.2551556011,0.0000000000,0.2551556011,0.0000000000,1.1202141403826367,11.53,5.3698765026874
0.0152899692,0.3210105784,0.8942568835,0.8942568835,0.0022544827,0.0001125366,0.1023857754,0.0000000000,0.0000000000,0.0144271888,0.8976142246,0.0000000000,0.0051354190,0.0140558181,0.0325380749,0.0169029935,0.0000000000,0.3913984545,0.3862630355,0.0000000000,0.3418410984,0.0049816190,0.0313151774,0.0082639358,0.2557281116,0.0415522545,0.0088153650,0.0005664341,0.0038112387,0.0001087854,0.0000000000,0.2703691200,0.0975129417,0.1728561783,0.0000000000,3.49533985672825,35.97,5.1945245389259185
0.0091232034,0.2710978297,0.0010831132,0.0010831132,0.0000000000,0.0000802584,0.7913799492,0.0000000000,0.6423018705,0.0036986365,0.2086200508,0.0000000000,0.0000000000,0.0000000000,0.0000000000,0.0000000000,0.0000000000,0.0000000000,0.0000000000,0.0000000000,0.0000000000,0.0000000000,0.0000000000,0.0000000000,0.0000000000,0.0000000000,0.0473982031,0.0924921654,0.0338307853,0.0005198043,0.0000000000,0.0003960414,0.0000000000,0.0003960414,0.0000000000,19.06609590978521,23.97,5.720616726800237
0.0150656094,0.0193629588,0.8497453870,0.8497453870,0.0050750591,0.0000000000,0.0671476389,0.0000783199,0.0051991266,0.0115767122,0.9328523611,0.0000032938,0.0090869432,0.0917411987,0.0680065964,0.0989623706,0.0000000000,0.6766250107,0.6675380675,0.0040788587,0.5023184899,0.0006075285,0.0466640462,0.0244006878,0.3537891115,0.0768571159,0.0014983264,0.0013369287,0.0058535007,0.0001240676,0.0001698152,0.2550737781,0.0259820918,0.2180840746,0.0005881315,0.5987536811962058,8.91,2.7926275575669948
0.0099416839,0.0904558534,0.7793203269,0.7793203269,0.0045906608,0.0000000000,0.0361986248,0.0000000000,0.0045936502,0.0106290696,0.9638013752,0.0014955784,0.0064994796,0.0006311147,0.0414205762,0.0041494608,0.0000000000,0.5304866758,0.5239871962,0.0438652006,0.4394605508,0.0094906364,0.0771001007,0.0230412275,0.2172174223,0.1126111639,0.0014437036,0.0013747716,0.0056635031,0.0000993535,0.0000000000,0.3352010625,0.1016142224,0.2134724095,0.0000000000,0.5560167394223487,16.01,2.473589262552332
0.0344270173,0.0748371210,0.8062078312,0.8062078312,0.0024233106,0.0010679148,0.1758186838,0.0000000000,0.0461999210,0.0182866275,0.8241813162,0.0078429198,0.0068607827,0.0003583643,0.4065159132,0.0012877426,0.0000000000,0.7534859316,0.7466251488,0.0008436006,0.2204496619,0.0111464391,0.0390823434,0.0237015710,0.1219788025,0.0245405059,0.0012251141,0.0026939232,0.0159964698,0.0002754578,0.0000066397,0.0582396687,0.0006185687,0.0072467825,0.0000000000,0.5002445992387335,2.8,7.4761881453927845
0.0115917790,0.1170821138,0.9295744749,0.9295744749,0.0046894600,0.0000000000,0.0673313821,0.0000000000,0.0000000000,0.0113087389,0.9326686179,0.0067415008,0.0058602168,0.0021613972,0.0383969638,0.0513267505,0.0000000000,0.5035605159,0.4977002991,0.0111736515,0.3917146441,0.0180309414,0.0362998939,0.0073654755,0.1575311183,0.1724872149,0.0005467820,0.0008233894,0.0067157698,0.0001736837,0.0000000000,0.3468013251,0.1868322022,0.1568235181,0.0000000000,0.2167130368826467,3.19,2.75930494476027
0.0033564662,0.0379466962,0.5927891862,0.5927891862,0.0075596696,0.0000338695,0.0982919618,0.0078164003,0.0063945592,0.0113605034,0.9017080382,0.0000508042,0.0077676282,0.0000000000,0.0475459863,0.0073090354,0.0000000000,0.7185872359,0.7108196077,0.0084897257,0.4225326925,0.0072988745,0.0854222340,0.0860467873,0.1744386979,0.0693260988,0.0012701058,0.0040372429,0.0062143735,0.0000968667,0.0000000000,0.1807357130,0.0180165351,0.1443971401,0.0018919496,0.5107227953288612,5.2,1.6296638908987804
0.0152115018,0.0821956793,0.7812439839,0.7812439839,0.0028988904,0.0000000000,0.1593385285,0.0000000000,0.0006389277,0.0122735503,0.8406614715,0.0000530115,0.0074383463,0.0013755081,0.0119861724,0.0026952147,0.0000000000,0.6786026177,0.6711642714,0.0045534063,0.6592785418,0.0554416274,0.0142572954,0.0992067810,0.2399578140,0.2504150240,0.0061437504,0.0011495119,0.0039256389,0.0001367138,0.0000000000,0.2243780220,0.0353167993,0.1894797343,0.0000000000,2.4854219898331342,15.73,3.951198000881964
0.0015764459,0.1055042274,0.8440651911,0.8440651911,0.0043450299,0.0000941162,0.1540367994,0.1098335712,0.0000000000,0.0124703926,0.8459632006,0.0316151903,0.0064548007,0.0212310395,0.0199683142,0.0265564462,0.0000000000,0.5247603959,0.5183055952,0.0000000000,0.4466282882,0.1941851893,0.0046116924,0.0011372371,0.0810183370,0.1656758325,0.0043215008,0.0005803831,0.0042901288,0.0001411743,0.0000000000,0.2573606689,0.0327524274,0.2246082414,0.0000000000,1.750588758583167,11.29,3.3481863317403056
0.0511067266,0.0174935498,0.8653662329,0.8653662329,0.0041137800,0.0012780676,0.0683047233,0.0109620920,0.0000000000,0.0121789188,0.9316952767,0.0009665386,0.0078281638,0.0017466923,0.0497274787,0.0047714522,0.0000000000,0.6194314197,0.6116032559,0.0000000000,0.5627650992,0.0266370581,0.0870976417,0.0231543240,0.1664496614,0.2594264139,-0.0003408180,0.0014298381,0.0085044746,0.0002023607,0.0000000000,0.2572190847,0.0908945674,0.0710818576,0.0000000000,-0.13634227236232957,-2,3.647573803459716
0.0045136854,0.0047756913,0.7632087946,0.7632087946,0.0058714675,0.0003372269,0.1048264443,0.0000000000,0.0012081852,0.0115747442,0.8951735557,0.0000000000,0.0043421138,0.0000025355,0.0437279382,0.0002374957,0.0000000000,0.7886690058,0.7843268921,0.0172036449,0.7273837148,0.0000000000,0.1371596617,0.0601265488,0.1308850432,0.3992124610,0.0013062261,0.0002349601,0.0055287469,0.0000912795,0.0020170228,0.1747300388,0.0231663919,0.0385824805,0.0000000000,0.5262690803933057,5.02,2.394372444136928
0.0099990594,0.0982663454,0.8620695165,0.8620695165,0.0051056170,0.0004941956,0.0855566232,0.0000979331,0.0024399260,0.0125190451,0.9144433768,0.0000008237,0.0088404178,0.0035323453,0.1116206634,0.0145763813,0.0000000000,0.7536720792,0.7448316613,0.0182327697,0.6067995383,0.0000217446,0.0524977386,0.0508901204,0.2529998908,0.2503900439,-0.0015283822,0.0014185061,0.0062070966,0.0001099585,0.0000000000,0.0964042988,0.0253962172,0.0670530343,0.0047773888,-0.6042733139987692,-7.18,3.147337366173318
0.0084036604,0.0143291805,0.7384968707,0.7384968707,0.0082374302,0.0000965653,0.0666183013,0.0000000000,0.0104567757,0.0126614985,0.9333816987,0.0000000000,0.0057808101,0.0000146227,0.0307712088,0.0023935768,0.0000000000,0.7878613058,0.7820804957,0.0149771333,0.7397025569,0.0000000000,0.0342630084,0.0675507078,0.2362972521,0.4015915886,0.0015686336,0.0023658488,0.0047187302,0.0000887021,0.0000942201,0.1342963373,0.0000000000,0.1308707537,0.0084796711,0.629467069021471,9.36,1.921128164093818
0.0096638187,0.0794105634,0.7951688915,0.7951688915,0.0049094477,0.0044429074,0.1304228931,0.0000000000,0.0072689414,0.0190026319,0.8695771069,0.0000000000,0.0158282946,0.0002990866,0.0709844450,0.0557732533,0.0000000000,0.7753074411,0.7594791466,0.0040095667,0.5584675814,0.0013635090,0.0346553187,0.0449206598,0.2159337175,0.2615943765,0.0044597984,0.0034009093,0.0074119322,0.0001472135,0.0002163791,0.0959178458,0.0000000000,0.0946067571,0.0011512069,1.8211505095154341,13.83,6.273806682084443
0.0061379020,0.3135911456,0.8502015951,0.8502015951,0.0104660436,0.0004988960,0.1236332960,0.0223388931,0.0018037009,0.0153193389,0.8763667040,0.0000000000,0.0083472505,0.0000000000,0.0595483880,0.0212852194,0.0000000000,0.5687559143,0.5604086638,0.1246203156,0.2202696530,0.0023628549,0.0511348201,0.0055649459,0.0414898341,0.1197171980,0.0042769728,0.0152106051,0.0084142412,0.0000794463,0.0000000000,0.0526846967,0.0000000000,0.0526846967,0.0000000000,1.719243654580201,14.24,2.080721216623688
0.0712489057,0.1951222520,0.9511716583,0.9511716583,0.0102369826,0.0000000000,0.0269287203,0.0004407975,0.0000000000,0.0154618202,0.9730712797,0.0000000000,0.0128879326,0.0007259288,0.1543176578,0.0212985340,0.0000000000,0.6332657238,0.6203777912,0.0000000000,0.4576171658,0.0012499538,0.0405687829,0.0249759565,0.2618059751,0.1290164975,-0.0003282863,0.0048503138,0.0101044351,0.0001310063,0.0000000000,0.0708435570,0.0166932789,0.0321134853,0.0000000000,-0.12152626721800414,-4.87,2.1916444363990766
0.0000000000,0.0542508372,0.0000000000,0.0000000000,0.0032515934,0.0000000000,0.5229772064,0.0000000000,0.0000000000,0.0001188290,0.4770227936,0.0000000000,0.0000000000,0.0000000000,0.0000000000,0.0000000000,0.0000000000,0.0000000000,0.0000000000,0.0000000000,0.0000000000,0.0000000000,0.0000000000,0.0000000000,0.0000000000,0.0000000000,0.0144863347,0.8622339851,0.8473911634,0.0001944474,0.0000000000,0.0000000000,0.0000000000,0.0000000000,0.0000000000,5.918504705895334,11.24,0
0.0076535339,0.2162135198,0.7907416469,0.7907416469,0.0049835860,0.0000000000,0.1836753115,0.0121145322,0.0000000000,0.0122760593,0.8163246885,0.0000000000,0.0106987947,0.0000000000,0.0356642327,0.0003230542,0.0000000000,0.7491579212,0.7384591265,0.0065703522,0.7030324337,0.0000000000,0.0203809189,0.0683069585,0.4675971894,0.1467473669,-0.0008646450,0.0007886323,0.0096013606,0.0001710287,0.0000000000,0.0000000000,0.0000000000,0.0000000000,0.0000000000,-0.3535799974744286,-1.88,3.2081426212719713
0.0106271002,0.0167202762,0.8487166412,0.8487166412,0.0050111795,0.0000000000,0.0941434904,0.0983930229,0.0028962199,0.0171354228,0.9058565096,0.0060637561,0.0081721780,0.0033277109,0.1410289099,0.1103309405,0.0000000000,0.7237673087,0.7155951307,0.0000000000,0.4661050746,0.0330679010,0.0690483662,0.0012127512,0.2310307405,0.1317453157,0.0045339243,0.0017488461,0.0093391650,0.0001765190,0.0000000000,0.1085592123,0.0399619503,0.0685972620,0.0000000000,1.8525042030275156,19.55,5.3689137865209
0.0145868172,0.0142764906,0.8823127121,0.8823127121,0.0038709924,-0.0003588610,0.1109027560,0.1113719227,0.0104334423,0.0110496831,0.8890972440,0.0000000000,0.0044019302,0.0016957653,0.0401821367,0.0114850227,0.0000000000,0.2417193560,0.2373174258,0.0000000000,0.1895477322,0.0001397205,0.0431648010,0.0070095554,0.0588532038,0.0803804515,0.0056491192,0.0028370609,0.0031591534,0.0000573589,0.0000000000,0.5831550059,0.0000000000,0.5790428118,0.0000000000,2.3222947246545047,20.64,3.182997926258266
0.0292014369,0.1744276853,0.8626946762,0.8626946762,0.0050091481,0.0000836717,0.1357713419,0.0969337097,0.0000000000,0.0134795172,0.8642286581,0.0054191396,0.0103780847,0.0219359409,0.0355102860,0.0593148958,0.0000000000,0.4637673479,0.4533892632,0.0031237449,0.3586059173,0.0126902138,0.0610971038,0.0000000000,0.0401931144,0.2446254853,0.0034779553,0.0011741934,0.0049505779,0.0001952341,0.0000000000,0.2358483199,0.0406477308,0.1952005890,0.0000000000,1.396813484234742,10.37,3.6601661657590068
0.0146664637,0.0370352817,0.8593930716,0.8593930716,0.0043333148,0.0001481047,0.0869925820,0.0000000000,0.0079580057,0.0113489191,0.9130074180,0.0100255469,0.0075638194,0.0014505144,0.0873042854,0.0048186424,0.0000000000,0.5482607043,0.5406968849,0.0111019261,0.4251998502,0.0074535384,0.1056756444,0.0066587860,0.2204239530,0.0849879283,0.0023573706,0.0013197265,0.0058298555,0.0001207623,0.0000000000,0.3729612822,0.1766806690,0.1849494667,0.0000000000,0.9460769947195808,10.81,3.0180312418674156
0.0052889023,0.2334425305,0.7767762698,0.7767762698,0.0071480316,-0.0001666806,0.1970292396,0.0000000000,0.0018719509,0.0182451102,0.8029707604,0.0000000000,0.0180079109,0.0000000000,0.0186618116,0.0000000000,0.0000000000,0.7225345702,0.7045266593,0.0000000000,0.7038727586,0.0000000000,0.0190464590,0.1231384667,0.5529114606,0.0087763724,0.0099239039,0.0121933238,0.0093597543,0.0002051453,0.0000000000,0.0373749094,0.0000000000,0.0373749094,0.0000000000,4.0334952072931225,20.66,4.734650337456664
0.0116857247,0.1016648868,0.8654137432,0.8654137432,0.0026957642,0.0002447913,0.0991588359,0.0431414068,0.0061595611,0.0156421641,0.9008411641,0.0142101350,0.0064380112,0.0284416892,0.0626329140,0.0487960858,0.0000000000,0.5190493530,0.5126113418,0.0023408168,0.3909286464,0.0223984040,0.0826354231,0.0008598294,0.0836329477,0.2014020422,0.0058719313,0.0007251942,0.0058749912,0.0001682940,0.0000367187,0.2933058759,0.0991557760,0.1586614812,0.0000000000,2.325426398860917,24.43,5.50690070886216
0.0000000000,0.6962900127,0.0251989721,0.0251989721,0.0000000000,0.0000498990,0.3223971458,0.0000000000,0.0275691724,0.0033681794,0.6776028542,0.0000000000,0.0000498990,0.0000000000,0.0037424216,0.0000000000,0.0000000000,0.0037424216,0.0036925226,0.0000000000,0.0000000000,0.0000000000,0.0000000000,0.0000000000,0.0000000000,0.0000000000,0.0043911080,0.0152191812,0.0127741324,0.0001995958,0.0000000000,0.0000000000,0.0000000000,0.0000000000,0.0000000000,1.765583658319435,5.49,5.314437555358724
0.0211489459,0.3466202254,0.8261495164,0.8261495164,0.0018223653,0.0004753997,0.1449525234,0.0000000000,0.0000000000,0.0141605710,0.8550474766,0.0000000000,0.0194248298,0.0000000000,0.0928043509,0.0003232718,0.0000000000,0.6156900901,0.5962652603,0.0000000000,0.4930813504,0.0000000000,0.0192346699,0.0733953677,0.3741173413,0.0263339714,0.0041296383,0.0006338662,0.0066619338,0.0001077573,0.0000000000,0.0012075151,0.0000000000,0.0012075151,0.0000000000,1.644208125454468,11.47,5.277874750460102
0.0235965667,0.0613323527,0.9028774874,0.9028774874,0.0047504032,0.0000752175,0.0935087294,0.0000000000,0.0000000000,0.0124058737,0.9064912706,0.0002624255,0.0083992879,0.0025005641,0.0803122362,0.0084277034,0.0000000000,0.7610707630,0.7526714750,0.0133168412,0.6579458935,0.0163706719,0.1042631610,0.0132299232,0.2521491312,0.2719330063,0.0018536936,0.0006468705,0.0063734298,0.0001353915,0.0000000000,0.1488637978,0.0255706083,0.1232931895,0.0000000000,0.7221421379542182,8.02,3.1241979534115916
0.0174124353,0.0785132953,0.8320933144,0.8320933144,0.0028452338,0.0000411875,0.0913918086,0.0000000000,0.0000115325,0.0094500643,0.9086081914,0.0000000000,0.0027381462,0.0000000000,0.0000000000,0.0033559590,0.0000000000,0.7256598240,0.7229216778,0.0000000000,0.7223055125,0.0000000000,0.0000000000,0.7016755083,0.0031351939,0.0174948104,0.0007084253,0.0055965600,0.0119427329,0.0002174701,0.0000000000,0.1489472470,0.0129905433,0.1325595572,0.0000000000,0.25244260233098453,3.08,2.483383199221968
0.0248425935,0.0788549993,0.8887064262,0.8887064262,0.0007393629,0.0002334830,0.1031138852,0.0000000000,0.0165228152,0.0124135140,0.8968861148,0.0023114819,0.0042727393,0.0025216166,0.1223451035,0.0089735308,0.0000000000,0.6138579956,0.6095852563,0.0035255936,0.4760329678,0.0025216166,0.0642856587,0.0122189448,0.3096763147,0.0873304330,0.0032454140,0.0015254224,0.0094794107,0.0001712209,0.0000000000,0.2553059017,0.0045762672,0.2507296344,0.0000000000,1.2367189874919369,12.75,4.781409878392809
0.0203148197,0.0737271854,0.8763972579,0.8763972579,0.0013317614,0.0000545804,0.1079381713,0.0640664571,0.0000000000,0.0123242512,0.8920618287,0.0000000000,0.0065714785,0.0400292551,0.0248449917,0.0670683783,0.0000000000,0.5756811632,0.5691096847,0.0063859052,0.4773818880,0.0000000000,0.0229128460,0.0000000000,0.1308728495,0.3235961925,0.0007968736,0.0019867261,0.0119312724,0.0004912235,0.0029582569,0.2409942363,0.0236442232,0.2173500131,0.0000000000,0.3187877332227038,2.95,4.989223870983724
0.0068236814,0.0345472204,0.7397176764,0.7397176764,0.0044966748,0.0000000000,0.1490174891,0.0000000000,0.0009018950,0.0113736912,0.8509825109,0.0000000000,0.0076647745,0.0029835605,0.0245415722,0.0047937508,0.0000000000,0.7688524599,0.7611876854,0.0008837611,0.7383528335,0.0000000000,0.1174580960,0.0635465329,0.2614450268,0.2959031778,0.0013008409,0.0011819039,0.0066172749,0.0001189371,0.0000000000,0.1758583337,0.0269096468,0.0765864099,0.0000000000,0.5227809740091154,3.5,2.86571861328023
0.0007106229,0.0290869135,0.8473568325,0.8473568325,0.0074491708,0.0002985811,0.1411443844,0.0000000000,0.0000776311,0.0145340728,0.8588556156,0.0000000000,0.0119031471,0.0000000000,0.3220810929,0.0000000000,0.0000000000,0.8747512180,0.8628480709,0.0000000000,0.5450051228,0.0000000000,0.0007541304,0.0517910171,0.4924599752,0.0000000000,0.0033927339,0.0004529901,0.0041613669,0.0000784842,0.0000000000,0.0864511594,0.0021037168,0.0816644785,0.0000000000,1.3737982611624349,9.59,2.9572932843537196
0.0162058530,0.0929433192,0.8535475124,0.8535475124,0.0020048478,0.0002738863,0.1215890884,0.0000000000,0.0000000000,0.0125741205,0.8784109116,0.0000000000,0.0075921285,0.0003998740,0.0659874286,0.0188926776,0.0000000000,0.6321350807,0.6245429522,0.0000000000,0.5475945935,0.0000000000,0.0050121195,0.0498473084,0.3241252756,0.1686098900,0.0056831409,0.0084356983,0.0115799132,0.0002054147,0.0000000000,0.2241896389,0.0000000000,0.2241896389,0.0000000000,2.2289149346699664,19.2,4.4100778106175
0.0908234530,0.1252882898,0.4083807049,0.4083807049,0.0001299334,-0.0001949001,0.4911482865,0.0000000000,0.0394023063,0.0158193926,0.5088517135,0.0000000000,0.0074711710,0.0018190677,0.0031508852,0.0067565373,0.0000000000,0.7184667858,0.7109956147,0.0000000000,0.7085593633,0.0000000000,0.0000000000,0.0000000000,0.0191002111,0.6894591522,0.0012993341,0.0188403443,0.0334253695,0.0009420172,0.0000000000,0.0000000000,0.0000000000,0.0000000000,0.0000000000,0.539692712461842,1.06,8.004474550991239
0.0075094283,0.0856300973,0.8091198873,0.8091198873,0.0064979843,0.0002778234,0.1049441596,0.0000000000,0.0105410375,0.0132823768,0.8950558404,0.0000183086,0.0080986362,0.0020874541,0.1080620608,0.0121867801,0.0000000000,0.7099435921,0.7018449559,0.0059529225,0.5368769341,0.0000048619,0.0927435716,0.1709048306,0.1351617634,0.1380619066,0.0011620798,0.0008673925,0.0058207064,0.0000610100,0.0003469459,0.1272060673,0.0356062670,0.0522865910,0.0000000000,0.44998419923752914,4.45,2.8831303732244016
0.0046871445,0.1904323094,0.9109783845,0.9109783845,0.0022184300,0.0003071672,0.0845961320,0.0000000000,0.0000000000,0.0100796359,0.9154038680,0.0029237770,0.0023549488,0.0019681456,0.0626393629,0.0220364050,0.0000000000,0.1941979522,0.1918430034,0.0000000000,0.1064960182,0.0355858931,0.0025142207,0.0030489192,0.0349260523,0.0304209329,0.0032423208,0.0004664391,0.0040955631,0.0001137656,0.0000000000,0.5927531286,0.1888054608,0.4039476678,0.0000000000,1.292385130768969,15.34,3.2632243820947684
0.0064982536,0.1433880270,0.8877934368,0.8877934368,0.0009138169,0.0000000000,0.0927016489,0.0783851840,0.0000000000,0.0113719438,0.9072983511,0.0236272439,0.0068028592,0.0103870522,0.0862237024,0.0381670863,0.0000000000,0.3633640647,0.3565612054,0.0108135001,0.2044919178,0.0337299976,0.0000000000,0.0054016733,0.0744253107,0.0909349362,0.0027008367,0.0013199578,0.0090772480,0.0001523028,0.0000000000,0.3706339859,0.0398424174,0.3307915685,0.0000000000,1.0751710269702206,11.68,4.43621328279783
0.0125244798,0.0286295002,0.8748275887,0.8748275887,0.0060306497,0.0000000000,0.0952574554,0.0000000000,0.0001665368,0.0140845004,0.9047425446,0.0000000000,0.0113230810,0.0000000000,0.0495650331,0.0049163042,0.0000009462,0.7950869130,0.7837638319,0.0000000000,0.7214972160,0.0001638558,0.0910594987,0.0845745001,0.4908240763,0.0548752851,0.0020034878,0.0010313925,0.0064187624,0.0001055048,0.0007708634,0.1276324559,0.0058089161,0.0967261647,0.0000000000,0.7949656970017718,8.51,3.4022462126618733
0.0082622124,0.0342437246,0.8536542796,0.8536542796,0.0063253217,0.0000303600,0.1057686495,0.0000000000,0.0024024560,0.0132698813,0.8942313505,0.0000000000,0.0091307504,0.0000000000,0.1716672025,0.0008293509,0.0000555040,0.8267883137,0.8176575633,0.0000000000,0.6483026728,0.0001167591,0.0141146128,0.0558021659,0.4450282549,0.1332408801,0.0023137832,0.0010587230,0.0046662187,0.0000815843,0.0000156481,0.1120600000,0.0088861314,0.1026292602,0.0008638570,0.9219370456887086,8.75,2.894496900759141
0.0257404873,0.1679008122,0.8332855125,0.8332855125,0.0027313057,0.0000000000,0.1416582061,0.0000000000,0.0000000000,0.0170444513,0.8583417939,0.0000000000,0.0202723581,0.0000000000,0.0745949943,0.0002814073,0.0000000000,0.7591760837,0.7389037256,0.0000000000,0.6055387570,0.0000000000,0.0569215150,0.0210945087,0.4684713516,0.0590513817,0.0056171096,0.0007890439,0.0078849210,0.0001379447,0.0000000000,0.0501511874,0.0000000000,0.0501511874,0.0000000000,2.229101489260953,16.17,6.00252805007506
0.0025447031,0.5659374128,0.8586522751,0.8586522751,0.0084197223,0.0000000000,0.1306622490,0.0000000000,0.0176136719,0.0131277077,0.8693377510,0.0000000000,0.0119549810,0.0072356099,0.0021234323,0.0072356099,0.0000000000,0.4200923380,0.4081373570,0.0000000000,0.4107332958,0.0000000000,0.0000000000,0.0204885602,0.2243209855,0.1659237500,0.0012410409,0.0015996903,0.0045485856,0.0001309355,0.0000000000,0.0000000000,0.0000000000,0.0000000000,0.0000000000,0.49617343309909245,3.82,1.9459281394856351
0.0305377883,0.1883991041,0.7969150484,0.7969150484,0.0031634609,0.0000923638,0.1319648094,0.0000000000,0.0000000000,0.0150322119,0.8680351906,0.0000000000,0.0059805574,0.0021243679,0.0441614520,0.0035560071,0.0000000000,0.7120096058,0.7060290484,0.0000000000,0.6642690558,0.0000000000,0.1095550373,0.0143048468,0.4711940333,0.0692151384,0.0020550950,0.0004040917,0.0095596555,0.0002309096,0.0000000000,0.0656591313,0.0000000000,0.0656591313,0.0000000000,0.7923083771031781,6.27,4.837789346745493
0.0247619048,0.1405828003,0.8134470505,0.8134470505,0.0016062544,0.0000000000,0.1595024876,0.0000000000,0.0000000000,0.0167306326,0.8404975124,0.0000000000,0.0090689410,0.0034399431,0.0542714996,0.0090973703,0.0000000000,0.7673773987,0.7583084577,0.0000000000,0.7052594172,0.0051457001,0.1298649609,0.0139445629,0.2329779673,0.3233262260,0.0056432125,0.0008386638,0.0088841507,0.0002274343,0.0000000000,0.0375692964,0.0090262971,0.0285429993,0.0000000000,2.2701767678572704,14.28,6.8477281503411
0.0164333972,0.0195353245,0.8763660411,0.8763660411,0.0035961904,0.0000000000,0.0741565144,0.0000000000,0.0000000000,0.0112930605,0.9258434856,0.0151278608,0.0134848619,0.0055936952,0.0254494386,0.0209908442,0.0000000000,0.5620930851,0.5486082232,0.0030610227,0.4971128215,0.1029635336,0.0828453195,0.0000000000,0.1160836634,0.1952203050,0.0017793473,0.0011112399,0.0070287627,0.0001636181,0.0000000000,0.3695179400,0.1956191242,0.1722762692,0.0000000000,0.7044344282205609,9.55,3.2784683541776696
0.0486556694,0.0876279388,0.5886967621,0.5886967621,0.0063472188,0.0002836359,0.3972961194,0.0000000000,0.0000000000,0.0227375710,0.6027038806,0.0000000000,0.0234656852,0.0000000000,0.0023123247,0.0000000000,0.0000000000,0.8359857905,0.8125201053,0.0000000000,0.8388013960,0.0076962190,0.2427352881,0.0097491206,0.5123070324,0.0663137359,0.0144256545,0.0000588026,0.0012158297,0.0000397782,0.0155152316,0.0199530963,0.0030629222,0.0000000000,0.0000000000,5.770770814055055,14.79,7.104317726498385
0.0196628146,0.0814826953,0.8847154355,0.8847154355,0.0036037104,0.0000000000,0.1037918104,0.0000000000,0.0003646944,0.0118811571,0.8962081896,0.0004204794,0.0079329743,0.0018851840,0.0343663435,0.0077108803,0.0000000000,0.5178036055,0.5098706311,0.0117382080,0.4462011293,0.0052322835,0.0747372440,0.0205083059,0.2700209717,0.0757023243,0.0033575591,0.0029321986,0.0078465076,0.0002426647,0.0041235568,0.3486614217,0.1628224416,0.0527339004,0.0000000000,1.3257347941884494,12.92,3.522230454178346
0.0297484145,0.0273076038,0.8374371939,0.8374371939,0.0049462886,0.0001879860,0.0905461070,0.0000000000,0.0000000000,0.0143952188,0.9094538930,0.0067855440,0.0121423942,0.0020964203,0.0914228738,0.0153035674,0.0080563296,0.7163907282,0.7042483341,0.0001774588,0.5943396652,0.0346826720,0.1763053374,0.0155096001,0.2009405317,0.1669015239,0.0018588059,0.0015625399,0.0089646782,0.0002466377,0.0000000000,0.2262990963,0.1507181819,0.0598021184,0.0000000000,0.7377006985327306,8.23,3.990359119618683
0.0082979185,0.1300369141,0.8081397152,0.8081397152,0.0041877346,0.0000000000,0.1034990849,0.0000000000,0.0000000000,0.0115860657,0.8965009151,0.0044048764,0.0092130161,0.0168439991,0.0811179700,0.0336104476,0.0000000000,0.7116201880,0.7024071719,0.0039395725,0.5807922573,0.0138040140,0.0780934951,0.0061575209,0.0965660576,0.3861711698,0.0001551013,0.0017061141,0.0089493439,0.0002171418,0.0000000000,0.1166982039,0.0483295592,0.0624747960,0.0000000000,0.059306264965565306,0.6,3.1340856452964077
0.0171834441,0.0263749716,0.7384315859,0.7384315859,0.0076044255,0.0000000000,0.1607800834,0.0000000000,0.0000000000,0.0153689627,0.8392199166,0.0000000000,0.0082305075,0.0000000000,0.3308189621,0.0001965484,0.0016018168,0.9460388843,0.9378083769,0.0000000000,0.6105391977,0.0000000000,0.0160423423,0.0511863149,0.2743265415,0.2689839990,0.0019209890,0.0002116136,0.0052542534,0.0001002011,0.0000000000,0.0029604882,0.0000000000,0.0029604882,0.0000000000,0.7541269902125444,4.81,3.1588789842326865
0.0423534520,0.1113243595,0.8891359097,0.8891359097,0.0033955710,0.0000607903,0.1072861485,0.0062961355,0.0000000000,0.0134259661,0.8927138515,0.0002605297,0.0070950934,0.0174902301,0.0341728181,0.0356491533,0.0000000000,0.7054363873,0.6983412940,0.0000000000,0.6347286149,0.0666956144,0.0601910551,0.0436039948,0.0985323491,0.3657056014,0.0029526704,0.0018063396,0.0088232740,0.0002605297,0.0000000000,0.1101519757,0.0079027356,0.1022492401,0.0000000000,1.1791174825841748,11.16,4.398931688018624
0.0120627096,0.0204755270,0.8345469020,0.8345469020,0.0057167353,0.0000229649,0.0748074774,0.0350995912,0.0000000000,0.0133426214,0.9251925226,0.0341748702,0.0115651362,0.0201478941,0.0422998607,0.0406372001,0.0000000000,0.6943781864,0.6828130502,0.0000000000,0.5735535925,0.0380544116,0.0875897546,0.0122510219,0.2818883292,0.1537700752,0.0036652020,0.0012125480,0.0051502672,0.0001653475,0.0000000000,0.2311358452,0.0958663135,0.0714071375,0.0000000000,1.4970172213259296,19.9,3.2688499469246657
0.0126496678,0.1999801106,0.8882453558,0.8882453558,0.0037392100,0.0001392259,0.0774931382,0.0000000000,0.0000000000,0.0131986157,0.9225068618,0.0472294045,0.0056287044,0.0025378893,0.1238314969,0.0112653646,0.0000000000,0.5587334421,0.5531047377,0.0114642587,0.3648116472,0.1236166912,0.0229563626,0.0000000000,0.0911571662,0.1270814273,0.0038267234,0.0015792195,0.0070726759,0.0002028720,0.0000000000,0.2043955607,0.1584947691,0.0288038506,0.0000000000,1.5162709506837602,19.69,4.0229228784706805
0.0020720624,0.1739898584,0.8715807845,0.8715807845,0.0055247558,0.0000964165,0.1004905637,0.0000000000,0.0000000000,0.0125265592,0.8995094363,0.0000000000,0.0039642366,0.0000000000,0.0842836610,0.0021644616,0.0000000000,0.5585225954,0.5545583588,0.0000000000,0.4718749442,0.0001794419,0.0233845769,0.0421027729,0.1717504062,0.2344577464,0.0027844734,0.0015989073,0.0046891460,0.0000602603,0.0000852572,0.2467896870,0.0000000000,0.2430231935,0.0000000000,1.1028154898903793,11.02,2.8512392375307134
