Average ⬆️,IFEval Raw,IFEval,BBH Raw,BBH,MATH Lvl 5 Raw,MATH Lvl 5,GPQA Raw,GPQA,MUSR Raw,MUSR,MMLU-PRO Raw,MMLU-PRO,#Params (B),CO₂ cost (kg)
8.90636130175029,0.3302792147058693,33.02792147058693,0.3596254301656297,10.055525080241035,0.014350453172205438,1.4350453172205437,0.25922818791946306,1.230425055928408,0.381375,5.871874999999999,0.1163563829787234,1.8173758865248217,7.242,1.219174164123715
25.64649419429311,0.2841172533322695,28.411725333226947,0.5976391706360018,42.74936268839652,0.15332326283987915,15.332326283987916,0.36577181208053694,15.436241610738257,0.4236041666666667,11.217187500000003,0.4665890957446808,40.732121749408975,34.389,22.7033978747449
26.727912908508134,0.3118691737922047,31.186917379220468,0.6015685776542417,43.38184666762572,0.1540785498489426,15.407854984894259,0.36325503355704697,15.100671140939594,0.4398229166666667,14.07786458333333,0.4709109042553192,41.21232269503546,34.389,23.15462857509891
33.35799367075618,0.6066758423205982,60.66758423205982,0.6083748310271819,44.262825981005655,0.277190332326284,27.719033232628398,0.3649328859060403,15.324384787472036,0.4281979166666667,13.058072916666665,0.45204454787234044,39.11606087470449,34.389,22.423843867327744
29.403554842710225,0.456449997118756,45.6449997118756,0.6100218256499571,44.53615654671034,0.21374622356495468,21.37462235649547,0.33808724832214765,11.74496644295302,0.43976041666666665,13.736718750000001,0.45445478723404253,39.383865248226954,34.389,6.774022458148835
16.745698054972127,0.26166017278598563,26.166017278598567,0.44925820198929056,22.027904536694773,0.06646525679758308,6.646525679758309,0.313758389261745,8.501118568232664,0.43740625,13.309114583333335,0.31441156914893614,23.823507683215126,6.061,1.8442095716487765
22.784006289829847,0.5145270105542183,51.452701055421834,0.4571311331954389,23.67872313235784,0.1623867069486405,16.238670694864048,0.30201342281879195,6.935123042505594,0.43917708333333333,14.030468750000002,0.3193151595744681,24.368351063829788,6.061,1.4447911071090622
22.153901514184795,0.29358435617494916,29.358435617494916,0.514294179104191,30.50071699492122,0.11404833836858005,11.404833836858005,0.37919463087248323,17.225950782997764,0.43278124999999995,12.030989583333332,0.3916223404255319,32.402482269503544,8.829,1.4688920320817076
19.809786285875365,0.23031113002389217,23.031113002389215,0.496332115988265,28.937011582169664,0.10800604229607251,10.80060422960725,0.35906040268456374,14.541387024608499,0.4186145833333333,10.82682291666667,0.37649601063829785,30.721778959810877,8.829,1.5680734132696938
29.530872220260978,0.6045525871354672,60.455258713546726,0.555906430281685,36.95293138417893,0.2258308157099698,22.58308157099698,0.3347315436241611,11.297539149888143,0.42590625,12.838281249999996,0.39752327127659576,33.05814125295508,8.829,1.453543490910605
23.76539234993476,0.4214040966856829,42.14040966856828,0.5153383364651778,31.497608947018318,0.1782477341389728,17.82477341389728,0.3087248322147651,7.829977628635347,0.40990624999999997,10.03828125,0.39935172872340424,33.261303191489354,8.829,1.5847450134017533
22.373127018936653,0.3045751938190667,30.45751938190668,0.5457099951794562,35.542431259008794,0.0513595166163142,5.13595166163142,0.36661073825503354,15.548098434004473,0.4118541666666667,9.648437500000004,0.441156914893617,37.90632387706855,34.389,25.657483288779545
20.01347533597433,0.15424850507763843,15.424850507763843,0.5441817925289527,36.02211028900003,0.05740181268882175,5.740181268882175,0.3565436241610738,14.205816554809845,0.38171874999999994,9.414843749999998,0.45345744680851063,39.273049645390074,34.389,25.50385584712952
24.226662652803373,0.4698887839820565,46.98887839820566,0.5560872910766164,37.623987597243485,0.06268882175226587,6.268882175226587,0.33808724832214765,11.74496644295302,0.39784375,8.363802083333338,0.4093251329787234,34.369459219858165,34.389,25.125695689981566
13.611617485376058,0.28933784580468713,28.93378458046871,0.4309230591000865,19.408504737915056,0.015861027190332326,1.5861027190332326,0.26929530201342283,2.572706935123044,0.39368749999999997,7.044270833333335,0.29911901595744683,22.12433510638298,6.061,1.0985492537000408
11.996098298832841,0.08433068702154728,8.433068702154728,0.42892948109603307,20.148020103768047,0.01812688821752266,1.812688821752266,0.28187919463087246,4.250559284116329,0.45873958333333337,16.842447916666668,0.2844082446808511,20.489804964539008,6.061,1.1264239806184515
14.11765000523676,0.33952135888331847,33.95213588833185,0.41326019207548687,17.00016656742376,0.013595166163141994,1.3595166163141994,0.29446308724832215,5.92841163310962,0.36879166666666663,3.5656250000000003,0.3061003989361702,22.90004432624113,6.061,1.1106656722436012
17.811867367746064,0.2708779372066118,27.08779372066118,0.49396075125308075,27.626956112077934,0.055891238670694864,5.589123867069486,0.3179530201342282,9.060402684563762,0.40540624999999997,8.909114583333334,0.35738031914893614,28.59781323877068,8.829,1.530663961417017
17.72955178611439,0.23270921155866434,23.270921155866432,0.4793302602023641,26.49249509714754,0.06646525679758308,6.646525679758309,0.31543624161073824,8.7248322147651,0.42940625,12.109114583333332,0.36220079787234044,29.1334219858156,8.829,1.5489823437933046
16.985989314863886,0.4817041006750976,48.17041006750976,0.48142000339111674,25.94315294491389,0.04003021148036254,4.003021148036254,0.24748322147651006,0.0,0.3991770833333333,7.963802083333333,0.24251994680851063,15.83554964539007,8.829,1.8195322295921676
36.266177006668904,0.582570911847232,58.2570911847232,0.6523901531956199,49.32988995210337,0.3330815709969788,33.30815709969788,0.3624161073825503,14.988814317673373,0.4489375,14.350520833333334,0.5262632978723404,47.362588652482266,14.77,3.8660742873468124
31.020777275634742,0.30774677854758703,30.774677854758707,0.6284322714967584,46.54015554088327,0.311178247734139,31.1178247734139,0.3699664429530201,15.99552572706935,0.4490625,15.432812499999995,0.516373005319149,46.263667257683224,14.77,5.400465469071647
27.48785095027712,0.00816832670647216,0.816832670647216,0.6710015642760666,52.46181381023763,0.23338368580060423,23.338368580060422,0.3976510067114094,19.686800894854585,0.4913541666666667,21.519270833333326,0.523936170212766,47.10401891252955,14.66,1.65964205977959
41.91906679224076,0.7762104549262623,77.62104549262622,0.653271132679638,49.77664782103219,0.5438066465256798,54.38066465256798,0.35067114093959734,13.422818791946312,0.41,9.883333333333335,0.5178690159574468,46.429890661938536,14.77,3.370181942335884
29.097407726236643,0.5181740005407873,51.81740005407873,0.6102361685099691,43.807147003691966,0.12462235649546828,12.462235649546828,0.35067114093959734,13.422818791946312,0.45820833333333333,17.209374999999998,0.42278922872340424,35.865469858156025,68.977,12.19797195382831
19.144808610895357,0.36070404305021786,36.07040430502179,0.5052203113352468,30.24383447882599,0.05740181268882175,5.740181268882175,0.28523489932885904,4.697986577181204,0.4375,13.554166666666669,0.3210605053191489,24.562278368794324,7.294,1.9052644538640493
19.144808610895357,0.36070404305021786,36.07040430502179,0.5052203113352468,30.24383447882599,0.05740181268882175,5.740181268882175,0.28523489932885904,4.697986577181204,0.4375,13.554166666666669,0.3210605053191489,24.562278368794324,7.294,1.2487688271364052
21.09120798437004,0.42625012743963797,42.625012743963794,0.5041306326216103,29.19930078641656,0.10347432024169184,10.347432024169184,0.27432885906040266,3.243847874720355,0.3959479166666666,11.693489583333331,0.36494348404255317,29.43816489361702,8.03,1.4193565486098367
11.223740793316347,0.22134381219608418,22.134381219608414,0.34609423326328875,8.618063681935197,0.26586102719033233,26.586102719033235,0.25671140939597314,0.8948545861297527,0.3089166666666667,0.7812499999999996,0.17495013297872342,8.32779255319149,8.03,1.974099722258276
8.037946007988568,0.2892381104358657,28.923811043586575,0.33427703119251256,6.515144725982737,0.08836858006042296,8.836858006042297,0.2558724832214765,0.7829977628635317,0.3340625,1.7578124999999993,0.11269946808510638,1.4110520094562635,8.03,1.5454985447919645
12.434954194134717,0.27552449722292405,27.55244972229241,0.4431025683868353,21.277103190106818,0.05740181268882175,5.740181268882175,0.27181208053691275,2.9082774049216997,0.30894791666666666,1.9518229166666672,0.2366190159574468,15.179890661938533,8.03,2.022223049482849
23.086235043644056,0.3191132860809319,31.911328608093193,0.6342049783295018,47.410670136906425,0.08383685800604229,8.38368580060423,0.3271812080536913,10.290827740492169,0.4314479166666667,12.430989583333334,0.3528091755319149,28.08990839243498,21.421,2.1620767196814024
28.56857495894073,0.7189579205397235,71.89579205397234,0.5119887898349903,30.84806521622957,0.24773413897280966,24.773413897280967,0.3053691275167785,7.38255033557047,0.38200000000000006,6.150000000000006,0.3732546542553192,30.361628250591018,8.03,1.3772382561660794
29.225292099823264,0.7280504616639405,72.80504616639405,0.5240303130445233,32.53678156315301,0.22507552870090636,22.507552870090635,0.30453020134228187,7.270693512304249,0.40199999999999997,9.749999999999998,0.37433510638297873,30.481678486997637,8.03,1.368615076760581
9.512077380763676,0.24065257959990605,24.065257959990603,0.3911343917952534,15.307880971954303,0.01283987915407855,1.283987915407855,0.2802013422818792,4.026845637583895,0.3487604166666667,1.5950520833333328,0.1971409574468085,10.793439716312056,27.227,19.995443250824795
10.246803363324455,0.2567642743476199,25.67642743476199,0.39308230769885016,15.261078322847055,0.021148036253776436,2.1148036253776437,0.28859060402684567,5.145413870246088,0.3329166666666667,0.7812499999999996,0.21251662234042554,12.501846926713947,27.227,19.7134709493991
31.919053815912523,0.759399504426034,75.93995044260342,0.5983336669577649,42.0902142313775,0.21450151057401812,21.45015105740181,0.3338926174496644,11.185682326621922,0.40196875,9.046093750000004,0.38622007978723405,31.80223108747045,9.242,6.007578688357264
30.04985134020671,0.7316475839660989,73.1647583966099,0.5839534871023703,39.78753882674737,0.17069486404833836,17.069486404833835,0.32802013422818793,10.402684563758392,0.40063541666666663,8.912760416666671,0.378656914893617,30.961879432624112,10.159,5.957040134565551
12.132145545921874,0.319238509377341,31.9238509377341,0.3400959483013824,8.029776912286984,0.24622356495468278,24.622356495468278,0.25922818791946306,1.230425055928408,0.3768229166666666,5.002864583333332,0.11785239361702128,1.9835992907801419,3.086,2.3615763771653406
19.491817924739056,0.5247687247614108,52.47687247614108,0.42562150225923556,19.34889807323965,0.13595166163141995,13.595166163141995,0.26593959731543626,2.1252796420581683,0.3794583333333333,5.165625000000001,0.3181515957446808,24.23906619385342,8.03,2.7974026325717554
20.424552077662117,0.35178659290682057,35.178659290682056,0.46701787510868176,24.8577369132814,0.1299093655589124,12.990936555891238,0.3062080536912752,7.494407158836691,0.43864583333333335,14.397395833333333,0.3486535904255319,27.628176713947987,8.03,1.4376684950180103
16.118457218023075,0.2688544173903022,26.88544173903022,0.4314193495860012,19.152364282090307,0.26963746223564955,26.963746223564954,0.26593959731543626,2.1252796420581683,0.33034375,0.8263020833333333,0.28681848404255317,20.75760933806146,6.91,1.4919779154384423
14.182289143173433,0.27562423259174545,27.562423259174547,0.41436913375897894,16.87354725795866,0.1608761329305136,16.08761329305136,0.25838926174496646,1.1185682326621946,0.35092708333333333,4.199218749999999,0.2732712765957447,19.252364066193852,6.91,2.148219574988251
14.343669671742774,0.24012841482821137,24.012841482821138,0.4173460154515302,18.388095615027524,0.03851963746223565,3.8519637462235647,0.26593959731543626,2.1252796420581683,0.47709375000000004,19.936718749999997,0.25972406914893614,17.747118794326237,8.03,2.3322217617350347
4.872902485288683,0.1470298807164989,14.702988071649889,0.3267744702957652,6.894934050796576,0.017371601208459216,1.7371601208459215,0.2348993288590604,0.0,0.36323958333333334,2.8382812499999996,0.12757646276595744,3.064051418439715,39.927,5.919638730114153
11.247711953182252,0.2451240486353985,24.51240486353985,0.34039444943326375,7.93648440557281,0.25604229607250756,25.604229607250755,0.2525167785234899,0.33557046979865535,0.35694791666666664,1.951822916666666,0.16431183510638298,7.145759456264774,1.777,1.1626300441273092
11.33461581083953,0.3866828902866616,38.66828902866616,0.2910111436321769,2.133152068631521,0.18957703927492447,18.957703927492446,0.2575503355704698,1.0067114093959737,0.3846354166666666,5.646093750000001,0.11436170212765957,1.595744680851063,7.613,0.7121244370774158
27.639223265636087,0.477083028586373,47.7083028586373,0.5364362696398749,34.84254498655976,0.37462235649546827,37.46223564954683,0.25922818791946306,1.230425055928408,0.41384375,9.963802083333334,0.41165226063829785,34.62802895981088,7.616,1.5728705744515559
29.97819251596781,0.4721871301480073,47.21871301480073,0.5606785565640195,37.080153817355196,0.3164652567975831,31.64652567975831,0.3263422818791946,10.17897091722595,0.4515416666666667,14.942708333333334,0.44921875,38.802083333333336,7.616,1.297734001048624
34.32632733409121,0.7332211864519476,73.32211864519475,0.6044352897552882,43.42455936867185,0.22280966767371602,22.280966767371602,0.3540268456375839,13.870246085011187,0.45947916666666666,16.66822916666666,0.4275265957446808,36.3918439716312,10.159,4.596031436815906
30.275058582706105,0.4757343847657549,47.57343847657549,0.5709361538590277,38.585326990506125,0.31419939577039274,31.419939577039273,0.32550335570469796,10.067114093959727,0.4541458333333333,15.534895833333335,0.44622672872340424,38.46963652482269,7.616,1.268015219938996
37.13002133952593,0.5008632650256873,50.08632650256874,0.6550130348108012,50.433898707168744,0.35725075528700906,35.725075528700906,0.38926174496644295,18.568232662192393,0.4792604166666667,19.274218750000003,0.5382313829787234,48.69237588652482,14.766,3.7498913058726506
26.186081920716532,0.3528604103777976,35.28604103777975,0.6023380603196266,43.61576498719506,0.05211480362537765,5.211480362537765,0.3389261744966443,11.85682326621924,0.48217708333333337,20.23880208333333,0.4681682180851064,40.90757978723404,34.389,6.572984679569464
23.924082152035727,0.4192808415005519,41.928084150055184,0.48376906494893984,27.258541777802407,0.290785498489426,29.078549848942597,0.29697986577181207,6.263982102908276,0.41582291666666665,10.011197916666667,0.36103723404255317,29.00413711583924,3.397,1.4898812996305322
22.06904758264274,0.42200361706937595,42.20036170693759,0.46466398134666304,25.366571749083093,0.17900302114803626,17.900302114803626,0.2961409395973154,6.152125279642054,0.42804166666666665,11.938541666666666,0.35970744680851063,28.856382978723406,3.086,1.5976047229935322
20.584200054790823,0.6358018945287394,63.58018945287393,0.4497434194912941,22.32210586978715,0.11555891238670694,11.555891238670695,0.2634228187919463,1.7897091722595053,0.33136458333333335,1.920572916666666,0.301030585106383,22.336731678486995,3.213,0.5825486726169312
22.930540293017284,0.7097656440466851,70.9765644046685,0.4477501104993749,22.65149321038919,0.1487915407854985,14.879154078549849,0.27181208053691275,2.9082774049216997,0.34079166666666666,1.965625,0.3178191489361702,24.202127659574465,3.213,0.5676457690031012
19.9979903395144,0.6145693426774292,61.45693426774292,0.4282342020189216,19.125071594281845,0.15181268882175228,15.181268882175228,0.2609060402684564,1.4541387024608499,0.32869791666666665,1.920572916666666,0.2876496010638298,20.849955673758867,3.213,0.5874449879343348
22.643406810994602,0.6730209178313542,67.30209178313541,0.4391775517124728,20.43056853928926,0.17598187311178248,17.598187311178247,0.2709731543624161,2.796420581655479,0.35409375000000004,4.528385416666668,0.308843085106383,23.204787234042552,3.213,0.6141912522744508
5.137220097878128,0.23500755772461512,23.500755772461517,0.27849287879199425,1.2773603683897798,0.0188821752265861,1.8882175226586102,0.24916107382550334,0.0,0.35523958333333333,2.8382812499999996,0.1118683510638298,1.3187056737588652,3.213,3.507090986732091
4.779297887614574,0.2206944241279804,22.06944241279804,0.28824720129981835,1.922946094565394,0.015861027190332326,1.5861027190332326,0.23741610738255034,0.0,0.342,2.0833333333333326,0.10912566489361702,1.0139627659574466,3.213,3.5944551921441956
5.206724746715221,0.2277135777514772,22.77135777514772,0.2775640398406834,1.2676708259061196,0.02190332326283988,2.190332326283988,0.2600671140939597,1.342281879194629,0.3473333333333333,2.3499999999999996,0.1118683510638298,1.3187056737588652,3.213,1.170536546043483
13.834176058521932,0.22554045488193547,22.55404548819355,0.4495144990818469,21.92548248566236,0.06419939577039276,6.419939577039275,0.24496644295302014,0.0,0.35585416666666664,6.315104166666665,0.33211436170212766,25.790484633569736,7.613,4.344226697159869
27.172849099811746,0.5351600420218354,53.51600420218354,0.515121518446605,30.417500036352994,0.2348942598187311,23.48942598187311,0.2911073825503356,5.480984340044745,0.47488541666666667,18.29401041666667,0.3865525265957447,31.839169621749413,7.616,1.3343856523700721
3.4638352160730896,0.14670518668244703,14.670518668244704,0.2704366990167133,1.6776683167876156,0.0,0.0,0.2525167785234899,0.33557046979865535,0.3605416666666667,2.7343749999999996,0.11228390957446809,1.3648788416075646,1.09,0.08851011477487543
4.549298117195413,0.1990374428737971,19.90374428737971,0.30712046736502824,3.006785000149223,0.008308157099697885,0.8308157099697886,0.24580536912751677,0.0,0.33139583333333333,2.291145833333333,0.11136968085106383,1.2632978723404247,7.616,0.6849635831653293
30.577013862416408,0.8047369867507104,80.47369867507103,0.5292462038560509,32.97465792285014,0.1933534743202417,19.335347432024168,0.3104026845637584,8.05369127516779,0.4184895833333333,10.877864583333329,0.3857214095744681,31.746823286052013,8.03,0.6822098163443253
3.4638352160730896,0.14670518668244703,14.670518668244704,0.2704366990167133,1.6776683167876156,0.0,0.0,0.2525167785234899,0.33557046979865535,0.3605416666666667,2.7343749999999996,0.11228390957446809,1.3648788416075646,1.09,0.08627659342838825
12.141383312461109,0.3393717558300864,33.93717558300864,0.4007606984109216,15.172860277880739,0.0513595166163142,5.13595166163142,0.24328859060402686,0.0,0.3517083333333333,1.1968749999999995,0.2566489361702128,17.405437352245865,1.777,0.6206258731095564
11.160895171582572,0.33277703160946287,33.27770316094629,0.39989750143834385,15.248848632790677,0.13746223564954682,13.746223564954683,0.2407718120805369,0.0,0.34348958333333335,1.5361979166666664,0.12840757978723405,3.1563977541371155,3.397,0.8009694476236229
20.976339912086193,0.5348852156721942,53.48852156721942,0.475181760840119,24.80906331793277,0.11253776435045318,11.253776435045317,0.28187919463087246,4.250559284116329,0.36184375,5.563802083333336,0.3384308510638298,26.492316784869978,12.248,3.6668046106558903
23.942143268323218,0.6359016298975606,63.59016298975607,0.5015613456039083,28.787014099442825,0.13141993957703926,13.141993957703926,0.2835570469798658,4.4742729306487705,0.3576875,5.3109375000000005,0.35513630319148937,28.34847813238771,8.03,1.7854895170769118
8.848710962428209,0.3670738086056109,36.70738086056109,0.3223614510687368,6.06909792285563,0.0037764350453172208,0.3776435045317221,0.26593959731543626,2.1252796420581683,0.34355208333333337,3.077343750000001,0.14261968085106383,4.735520094562647,1.236,0.7923436680964789
21.238493444242586,0.5296646231997766,52.96646231997766,0.46003301674679414,24.20155738881327,0.09214501510574018,9.214501510574017,0.3053691275167785,7.38255033557047,0.4028645833333333,8.124739583333334,0.3298703457446808,25.541149527186757,7.242,1.1844523714047013
15.23132798262929,0.32870561222002065,32.87056122200207,0.48225627665257265,26.856515500031353,0.0377643504531722,3.7764350453172204,0.2676174496644295,2.348993288590602,0.36959375,9.265885416666663,0.24642619680851063,16.269577423167846,2.78,0.9310211903677648
43.91650770857709,0.7378422585406721,73.78422585406722,0.7008370136278447,57.67565555333628,0.42220543806646527,42.220543806646525,0.3674496644295302,15.659955257270694,0.4640416666666667,19.20520833333333,0.5945811170212766,54.95345744680851,32.764,34.397309465760216
29.875548231649606,0.7816560060639104,78.16560060639105,0.5233174837035715,32.47770265291174,0.1797583081570997,17.97583081570997,0.3053691275167785,7.38255033557047,0.41613541666666665,11.11692708333333,0.3892121010638298,32.134677895981085,8.03,1.5300866770671717
25.55719928277682,0.5192234382549413,51.92234382549414,0.5215375046264326,31.893554212659296,0.15634441087613293,15.634441087613293,0.3011744966442953,6.823266219239373,0.44357291666666665,14.713281249999996,0.3912067819148936,32.35630910165484,8.03,1.8079185536473381
16.518524239214223,0.4605214165081982,46.05214165081983,0.42577470857933336,19.53766599736009,0.07477341389728097,7.477341389728097,0.26593959731543626,2.1252796420581683,0.3636458333333333,3.7890625000000013,0.28116688829787234,20.12965425531915,1.544,0.673034773667099
17.483555890459094,0.45105431366551857,45.105431366551855,0.42746984992662185,19.766408804078655,0.1472809667673716,14.72809667673716,0.2701342281879195,2.684563758389265,0.36228124999999994,2.551822916666667,0.28058510638297873,20.06501182033097,1.544,1.3771692115967817
22.612024614962053,0.3591803082487799,35.91803082487799,0.549176294722067,35.52548240518279,0.07779456193353475,7.779456193353475,0.33305369127516776,11.073825503355701,0.44490625,15.179947916666663,0.37175864361702127,30.1954048463357,12.248,0.8972694159256903
25.49856357813722,0.6286076499244228,62.86076499244227,0.5253514950133299,32.65772737584173,0.09969788519637462,9.969788519637463,0.3028523489932886,7.046979865771815,0.4331875,12.781770833333335,0.3490691489361702,27.67434988179669,12.248,0.8675250939281365
20.630569141650984,0.2637091805298829,26.37091805298829,0.5427386861946704,34.315941121704846,0.05891238670694864,5.8912386706948645,0.3338926174496644,11.185682326621922,0.46490625,17.84661458333333,0.35355718085106386,28.173020094562645,12.248,0.8622054716791998
16.063480369846303,0.38156203318306536,38.15620331830654,0.4490409465001946,22.64085672774061,0.04229607250755287,4.229607250755287,0.287751677852349,5.033557046979867,0.39384375,7.3638020833333355,0.27061170212765956,18.95685579196217,4.513,1.1599834197817673
27.363297533889394,0.7205315230255722,72.05315230255721,0.5131231419849063,30.981348410709717,0.15181268882175228,15.181268882175228,0.2860738255033557,4.809843400447425,0.4004479166666666,9.22265625,0.38738364361702127,31.93151595744681,8.03,1.279427720279719
16.79797839924053,0.460096987105325,46.00969871053249,0.43385067041774666,20.61384808360901,0.030966767371601207,3.096676737160121,0.27181208053691275,2.9082774049216997,0.40851041666666665,9.830468750000001,0.26496010638297873,18.32890070921986,7.231,1.994775253625848
17.515881576703762,0.4777822843388875,47.77822843388875,0.43152444292813597,20.801181076748463,0.03172205438066465,3.1722054380664653,0.287751677852349,5.033557046979867,0.4100625,10.42447916666667,0.2609707446808511,17.88563829787234,7.231,1.8490265375303532
20.96930213435916,0.3979984219648311,39.79984219648311,0.5189590919105128,32.79279332763635,0.06570996978851963,6.570996978851963,0.30033557046979864,6.711409395973152,0.4658645833333333,17.133072916666666,0.3052692819148936,22.807697990543733,7.242,0.9529287302081578
3.1693229450767695,0.13743755457741016,13.743755457741015,0.283428204214368,1.2375708061002186,0.0,0.0,0.24580536912751677,0.0,0.35520833333333335,2.7343749999999996,0.11170212765957446,1.300236406619384,1.236,0.7669701604841612
32.80581546858162,0.6395486198841297,63.95486198841297,0.5068726694646123,30.3528011952772,0.525679758308157,52.567975830815705,0.2625838926174497,1.6778523489932917,0.40352083333333333,8.906770833333335,0.4543716755319149,39.3746306146572,14.77,4.503315116093226
31.04565038906736,0.5538194213575536,55.38194213575535,0.49736683240887,29.447521285247884,0.45845921450151056,45.84592145015105,0.30453020134228187,7.270693512304249,0.43009375,13.395052083333335,0.41439494680851063,34.932771867612296,7.616,1.8136679248856464
27.724659940062114,0.5235441960664371,52.3544196066437,0.5954545257004673,42.883055884713976,0.1865558912386707,18.65558912386707,0.311241610738255,8.165548098434002,0.40199999999999997,8.350000000000001,0.4234541223404255,35.93934692671394,32.512,11.376000661812801
22.843425216048672,0.5867420666054957,58.67420666054956,0.4939670574681802,28.82328942958971,0.07628398791540786,7.628398791540786,0.28691275167785235,4.921700223713646,0.42723958333333334,12.23828125,0.3229720744680851,24.774674940898343,7.242,1.5715943827465826
26.199808011295485,0.5553930238434022,55.53930238434022,0.5345911997776569,34.65682860864863,0.19259818731117825,19.259818731117825,0.31291946308724833,8.389261744966444,0.38876041666666666,6.461718749999999,0.39602726063829785,32.89191784869976,7.616,2.660155948960905
28.14496041142372,0.5185984299436606,51.85984299436606,0.5509115146247398,35.37870748220464,0.16389728096676737,16.389728096676738,0.3540268456375839,13.870246085011187,0.45753125,16.724739583333335,0.41181848404255317,34.64649822695036,8.829,2.233602481106533
23.447423677135685,0.6131952109292234,61.31952109292233,0.5077335431381055,30.888804607565575,0.12764350453172205,12.764350453172204,0.29278523489932884,5.7046979865771785,0.35784375,5.297135416666668,0.3223902925531915,24.710032505910167,8.03,1.7336102063619132
23.21644934658775,0.6161928128476886,61.61928128476886,0.4963813586525743,28.697915491520025,0.08308157099697885,8.308157099697885,0.2902684563758389,5.369127516778524,0.4061875,10.04010416666667,0.3273769946808511,25.26411052009456,7.242,1.5985224340218647
37.48445364047765,0.7335458804859993,73.35458804859994,0.6695200461367471,52.49894685232329,0.25226586102719034,25.226586102719033,0.37583892617449666,16.778523489932887,0.45390625,16.97161458333333,0.460688164893617,40.076462765957444,70.554,22.138242550850272
23.447423677135685,0.6131952109292234,61.31952109292233,0.5077335431381055,30.888804607565575,0.12764350453172205,12.764350453172204,0.29278523489932884,5.7046979865771785,0.35784375,5.297135416666668,0.3223902925531915,24.710032505910167,8.03,1.8342796170800313
23.191053766563783,0.6146690780462506,61.46690780462506,0.4963813586525743,28.697915491520025,0.08308157099697885,8.308157099697885,0.2902684563758389,5.369127516778524,0.4061875,10.04010416666667,0.3273769946808511,25.26411052009456,7.242,1.64927044522619
8.531604396997649,0.20745510800232272,20.745510800232275,0.3551224419497605,9.76871171424153,0.013595166163141994,1.3595166163141994,0.27432885906040266,3.243847874720355,0.3233020833333333,3.579427083333334,0.21243351063829788,12.492612293144207,8.03,1.343313618854893
14.657811877680324,0.19506575885317623,19.506575885317623,0.46263641905752745,24.19903269979749,0.04833836858006042,4.833836858006042,0.313758389261745,8.501118568232664,0.36540625,6.242447916666666,0.32197473404255317,24.66385933806146,8.03,1.6607598585562942
4.019599868138451,0.13843712460715346,13.843712460715347,0.3017560771912554,3.1980040943527936,0.006042296072507553,0.6042296072507553,0.2575503355704698,1.0067114093959737,0.3712708333333334,4.275520833333334,0.11070478723404255,1.1894208037825047,0.101,0.23921130531719068
6.577800964187134,0.23860468002677343,23.860468002677344,0.30316731388708956,3.03784275772053,0.010574018126888218,1.0574018126888218,0.2558724832214765,0.7829977628635317,0.405875,9.067708333333334,0.1149434840425532,1.6603871158392434,0.218,0.3272265469372181
6.629850832257909,0.19881248420856662,19.88124842085666,0.29290517164510593,2.314902449149024,0.006797583081570997,0.6797583081570997,0.25922818791946306,1.230425055928408,0.4367604166666667,14.261718750000002,0.11269946808510638,1.4110520094562635,0.218,0.32375200832341444
4.938005238605682,0.1555229014570229,15.552290145702292,0.30275191401927726,3.107692077087363,0.010574018126888218,1.0574018126888218,0.2676174496644295,2.348993288590602,0.3847291666666666,6.224479166666669,0.11203457446808511,1.337174940898345,0.218,0.30885179519116146
4.597533011984676,0.15057713533424646,15.057713533424646,0.30280434847620613,4.411893932611097,0.009818731117824773,0.9818731117824773,0.2332214765100671,0.0,0.3724166666666667,3.7187500000000013,0.1307347074468085,3.4149674940898342,0.887,4.912012576744369
5.999886320692095,0.13206735905176042,13.206735905176043,0.3137786304497592,4.737018282627999,0.010574018126888218,1.0574018126888218,0.25419463087248323,0.5592841163310973,0.43927083333333333,13.808854166666668,0.12367021276595745,2.6300236406619386,0.887,5.2012158962348956
5.908138429401099,0.1402855534426433,14.02855534426433,0.31345674638809023,5.013070335904381,0.013595166163141994,1.3595166163141994,0.25922818791946306,1.230425055928408,0.42069791666666667,11.187239583333335,0.12367021276595745,2.6300236406619386,0.887,5.033237360715477
3.69630792495429,0.13299157346950535,13.299157346950535,0.30220933767045094,3.267300577931774,0.015861027190332326,1.5861027190332326,0.25922818791946306,1.230425055928408,0.3408541666666667,1.1067708333333328,0.11519281914893617,1.6880910165484628,0.887,5.149923864058659
5.704911444345451,0.13673829882489574,13.673829882489574,0.3516612209885983,10.157421990520298,0.0037764350453172208,0.3776435045317221,0.2701342281879195,2.684563758389265,0.35009375000000004,1.8617187499999996,0.14926861702127658,5.474290780141842,7.768,0.37857732828203783
10.181243697003833,0.24507418095098782,24.507418095098785,0.3851324290080956,14.688128545731287,0.008308157099697885,0.8308157099697886,0.26426174496644295,1.9015659955257262,0.41343749999999996,10.213020833333337,0.18051861702127658,8.946513002364064,7.768,2.2950081726740126
25.469895001154402,0.5130531434371911,51.30531434371911,0.5514558259029191,37.24916418079274,0.1216012084592145,12.16012084592145,0.3263422818791946,10.17897091722595,0.40692708333333333,9.532552083333336,0.39153922872340424,32.393247635933804,3.821,1.0662727000384584
41.30426754456703,0.5076330802271307,50.76330802271307,0.7256319952414622,61.61232489960707,0.44486404833836857,44.48640483383686,0.39932885906040266,19.910514541387023,0.46255208333333336,17.15234375,0.5851063829787234,53.90070921985816,72.706,33.66266319511599
42.26732013588396,0.5473499204333391,54.73499204333391,0.727311411382245,61.91149453060484,0.5785498489425982,57.85498489425982,0.3674496644295302,15.659955257270694,0.4206666666666667,12.016666666666671,0.5628324468085106,51.425827423167846,72.7,34.70178370637048
15.07109165755061,0.3011531624977283,30.115316249772825,0.4908666248538678,26.877991478721707,0.04154078549848943,4.1540785498489425,0.2625838926174497,1.6778523489932917,0.4079791666666666,8.930729166666667,0.26803523936170215,18.670582151300238,28.309,6.669594250051597
23.803914231544336,0.5023371321427147,50.233713214271475,0.511087946253543,30.662901797340655,0.14501510574018128,14.501510574018129,0.3062080536912752,7.494407158836691,0.4075729166666667,10.446614583333334,0.3653590425531915,29.484338061465724,8.03,1.3835257027469932
21.4004099666704,0.5124037553690873,51.240375536908736,0.4787448361604986,26.034289552808826,0.15256797583081572,15.256797583081571,0.2684563758389262,2.460850111856823,0.36181250000000004,5.726562500000003,0.34915226063829785,27.683584515366427,8.03,1.462855656236873
7.3995789368526035,0.23158552640327662,23.158552640327663,0.3453848032699584,9.359904687487282,0.011329305135951661,1.1329305135951662,0.2684563758389262,2.460850111856823,0.37781249999999994,4.593229166666666,0.1332280585106383,3.6920065011820316,20.245,7.166580943068515
25.475663495967385,0.5875665456544192,58.75665456544192,0.5502975126048852,35.638851313766615,0.09818731117824774,9.818731117824774,0.32298657718120805,9.731543624161072,0.36175,5.785416666666667,0.39810505319148937,33.12278368794326,9.242,5.358184238723577
19.51217705998031,0.49439376410147295,49.43937641014729,0.4424998411442879,21.080122945815933,0.13217522658610273,13.217522658610273,0.2684563758389262,2.460850111856823,0.3749895833333334,5.740364583333334,0.32621343085106386,25.134825650118202,8.03,1.5877339071002958
3.9687947544913142,0.17508211545366295,17.508211545366294,0.29303397468240516,2.2214471263806472,0.0,0.0,0.23741610738255034,0.0,0.34990625000000003,2.8382812499999996,0.11120345744680851,1.2448286052009452,4.65,2.818569405998589
27.032306783654633,0.4022449323350931,40.22449323350931,0.6211931530444463,46.63138689861978,0.1782477341389728,17.82477341389728,0.3053691275167785,7.38255033557047,0.41254166666666664,10.534375000000002,0.45636635638297873,39.596261820330966,13.96,1.8192521859467732
21.618577268829103,0.43234506664538974,43.234506664538976,0.5153924501559338,30.643687228787254,0.08685800604229607,8.685800604229607,0.29278523489932884,5.7046979865771785,0.4148958333333333,10.628645833333335,0.3773271276595745,30.814125295508273,8.03,1.527707129075998
18.37421537036845,0.2634842218646525,26.348422186465246,0.5213365363748029,31.444704759068383,0.06646525679758308,6.646525679758309,0.30033557046979864,6.711409395973152,0.44062500000000004,14.578124999999995,0.32064494680851063,24.516105200945624,8.03,1.7136395964032798
19.012851991491477,0.5172497861230424,51.72497861230424,0.42930745041520607,18.650222512085886,0.12386706948640483,12.386706948640484,0.2986577181208054,6.487695749440718,0.3833958333333333,5.824479166666667,0.27102726063829785,19.003028959810873,5.199,1.2202363351953194
28.76173172145654,0.7094908176970438,70.94908176970438,0.5435097438362475,34.84501521605123,0.1555891238670695,15.55891238670695,0.29949664429530204,6.599552572706939,0.42121875,13.619010416666663,0.37898936170212766,30.99881796690307,8.03,2.4194278361687624
27.776634015071924,0.7998909559967553,79.98909559967552,0.5151987922850448,30.75990006920939,0.11933534743202417,11.933534743202417,0.28104026845637586,4.138702460850116,0.401875,9.467708333333329,0.37333776595744683,30.37086288416076,8.03,2.486203373854456
21.345510590269537,0.45902316963434797,45.9023169634348,0.5185441912447182,30.793784752659274,0.09365558912386707,9.365558912386707,0.27432885906040266,3.243847874720355,0.4082604166666666,9.532552083333336,0.3631150265957447,29.235002955082745,8.03,0.7743185740676325
27.11105496878025,0.7709898624538447,77.09898624538445,0.5286196012035721,32.61215762394777,0.09290030211480363,9.290030211480364,0.29194630872483224,5.592841163310966,0.39768749999999997,8.3109375,0.36785239361702127,29.76137706855792,8.03,3.2814161034398572
5.07608283209792,0.20490742341431845,20.490742341431847,0.2911778102988436,2.3470409575204094,0.0,0.0,0.25922818791946306,1.230425055928408,0.35753125,4.524739583333332,0.11677194148936171,1.8635490543735225,3.0,1.4144381166479545
11.022898819216541,0.3723442687624392,37.234426876243916,0.37761612997305494,12.879913010035898,0.015861027190332326,1.5861027190332326,0.2625838926174497,1.6778523489932917,0.32897916666666666,1.5223958333333336,0.20113031914893617,11.236702127659573,7.242,1.2390464419973757
9.140300477810824,0.20980332185268422,20.980332185268423,0.40356695178386187,15.603676192567876,0.015861027190332326,1.5861027190332326,0.25419463087248323,0.5592841163310973,0.3695625,5.161979166666666,0.19855385638297873,10.950428486997636,2.78,0.6250772888227508
10.615455210257904,0.2917359273394593,29.17359273394593,0.4149753717401999,17.718965848323496,0.0188821752265861,1.8882175226586102,0.23993288590604026,0.0,0.3527604166666667,3.195052083333334,0.20545212765957446,11.71690307328605,2.775,0.7980654163418115
10.48571837435655,0.2789963962286732,27.899639622867326,0.41360714173029806,17.57247980884759,0.022658610271903322,2.2658610271903323,0.2332214765100671,0.0,0.3369166666666667,2.9145833333333346,0.2103557180851064,12.26174645390071,2.775,0.6487901858353973
14.51887667865397,0.28988749850396944,28.98874985039695,0.43204480458140976,20.218737977791477,0.03625377643504532,3.625377643504532,0.28523489932885904,4.697986577181204,0.39703125,10.062239583333335,0.27568151595744683,19.52016843971631,8.03,0.723931594223454
14.667469455106152,0.2820937335159599,28.20937335159599,0.4390596143784447,21.240801542833136,0.028700906344410877,2.8700906344410875,0.2902684563758389,5.369127516778524,0.4142395833333334,10.979947916666669,0.2740192819148936,19.335475768321512,12.248,0.8935730836523827
15.348386882498241,0.32143601200370575,32.14360120037057,0.44458000333075703,21.319737721095155,0.01812688821752266,1.812688821752266,0.2600671140939597,1.342281879194629,0.4114791666666666,14.668229166666663,0.2872340425531915,20.803782505910167,12.248,0.7807010086114211
11.421222164941392,0.24045310886226323,24.045310886226325,0.42767589675970014,19.387664951963906,0.02190332326283988,2.190332326283988,0.2701342281879195,2.684563758389265,0.36451041666666667,2.897135416666666,0.25590093085106386,17.322325650118206,12.248,0.9262126633435942
14.598342751082507,0.28344237733657807,28.344237733657806,0.45764328318815456,23.008553823293614,0.012084592145015106,1.2084592145015105,0.2827181208053691,4.36241610738255,0.4353541666666667,12.919270833333334,0.25972406914893614,17.747118794326237,12.248,0.8350715162365853
23.50945092474288,0.7198821349574684,71.98821349574685,0.4426719080820793,21.49731033280348,0.2054380664652568,20.54380664652568,0.2709731543624161,2.796420581655479,0.3649166666666667,3.9812500000000024,0.2822473404255319,20.249704491725765,3.213,1.1359074637893565
20.301755342918195,0.47818233398493776,47.818233398493774,0.43577246498246686,20.175679614215046,0.17598187311178248,17.598187311178247,0.29278523489932884,5.7046979865771785,0.3872083333333334,6.801041666666673,0.31341422872340424,23.712692080378247,3.213,1.2871786673601686
25.899338809216697,0.7122634609502786,71.22634609502786,0.5262406145493724,32.48627762381486,0.1095166163141994,10.95166163141994,0.28691275167785235,4.921700223713646,0.3686666666666667,5.550000000000002,0.3723404255319149,30.26004728132387,8.03,1.976769816253202
17.235580154596317,0.2788213052478535,27.882130524785346,0.4700462397700626,24.780942674518666,0.0755287009063444,7.552870090634441,0.3028523489932886,7.046979865771815,0.4154791666666667,11.468229166666669,0.3221409574468085,24.682328605200944,14.0,1.9928289272104154
23.29783304542188,0.3043247472262486,30.43247472262486,0.5590996102136266,36.677226262739055,0.04833836858006042,4.833836858006042,0.3464765100671141,12.863534675615215,0.37486458333333333,6.924739583333334,0.5324966755319149,48.05518617021277,34.389,5.853192681528399
16.706753161023286,0.5558928088582737,55.58928088582738,0.3614567463880903,10.100940706274752,0.030211480362537766,3.0211480362537766,0.26174496644295303,1.5659955257270708,0.34218750000000003,1.1067708333333328,0.35970744680851063,28.856382978723406,9.543,2.5574978825517047
15.275784761251337,0.3242840108689389,32.428401086893885,0.4613311786298187,24.283946726650168,0.05740181268882175,5.740181268882175,0.28104026845637586,4.138702460850116,0.3922604166666666,6.7992187500000005,0.2643783244680851,18.26425827423168,14.352,3.2492605048590075
14.839283995827836,0.32765617450586665,32.76561745058666,0.46554920672286154,24.559557672503786,0.04607250755287009,4.607250755287009,0.26426174496644295,1.9015659955257262,0.40140624999999996,7.842447916666667,0.2562333776595745,17.359264184397162,14.352,2.4997646880101265
20.505574062384014,0.4667415790103592,46.674157901035926,0.5113043406568835,31.63886474402479,0.07099697885196375,7.099697885196375,0.27181208053691275,2.9082774049216997,0.41353124999999996,10.658072916666663,0.31648936170212766,24.054373522458626,8.987,1.5078778727070576
23.39409811229197,0.39984685080032095,39.984685080032094,0.5417370194443233,34.63219258973313,0.10196374622356495,10.196374622356496,0.3070469798657718,7.606263982102905,0.4635416666666667,18.276041666666668,0.3670212765957447,29.669030732860524,12.248,2.9044964466390915
20.810835332574907,0.4813794066410457,48.137940664104576,0.5108043406568835,31.62386474402479,0.07099697885196375,7.099697885196375,0.2751677852348993,3.355704697986576,0.41353124999999996,10.658072916666663,0.31590757978723405,23.98973108747045,7.242,1.120463976671076
31.836966345244434,0.6897820006471718,68.97820006471717,0.5366339718839108,34.776158539494425,0.3806646525679758,38.066465256797585,0.2726510067114094,3.0201342281879207,0.4152708333333333,10.675520833333335,0.4195478723404255,35.50531914893617,7.616,1.3209446661048176
24.755408446939658,0.6461932117891638,64.61932117891638,0.5399551450731271,34.85836046775463,0.03474320241691843,3.474320241691843,0.29446308724832215,5.92841163310962,0.4309895833333333,13.47369791666666,0.33560505319148937,26.178339243498815,34.981,33.970634038967276
16.010983148168723,0.4698887839820565,46.98887839820566,0.4296161519220307,20.203760646739372,0.01661631419939577,1.6616314199395772,0.28439597315436244,4.5861297539149914,0.3940625,8.424479166666664,0.2278091755319149,14.2010195035461,8.028,2.3903441626419175
29.718510126577055,0.7301737168490716,73.01737168490715,0.5648670099212114,38.70961143301418,0.15332326283987915,15.332326283987916,0.32550335570469796,10.067114093959727,0.3872708333333333,6.408854166666668,0.41298204787234044,34.77578309692671,32.296,11.035470199820203
22.406573697993498,0.6358517622131501,63.585176221315,0.4977203055736406,28.52348250428851,0.08610271903323263,8.610271903323262,0.3028523489932886,7.046979865771815,0.37288541666666664,4.410677083333334,0.3003656914893617,22.26285460992908,8.028,2.3393781377514093
30.936070612618508,0.7664186580495308,76.64186580495308,0.581542357407793,39.91995423143177,0.08006042296072508,8.006042296072508,0.3053691275167785,7.38255033557047,0.48071875000000003,20.42317708333333,0.3991855053191489,33.242833924349874,103.811,57.263063423341556
33.647474595578004,0.7539539532883859,75.39539532883859,0.5995999913027185,42.83686540770696,0.12386706948640483,12.386706948640484,0.35067114093959734,13.422818791946312,0.48294791666666664,19.835156249999994,0.44207114361702127,38.0079048463357,103.811,44.63775333534616
25.929031834951832,0.6748194789824333,67.48194789824333,0.5406415512767856,34.556659257058264,0.03474320241691843,3.474320241691843,0.3070469798657718,7.606263982102905,0.45169791666666664,16.12890625,0.3369348404255319,26.326093380614658,34.981,26.79087453397965
31.61752928799648,0.7713145564878965,77.13145564878965,0.5502642151855635,36.0245641700103,0.2990936555891239,29.909365558912388,0.3087248322147651,7.829977628635347,0.41251041666666666,10.230468750000002,0.3572140957446808,28.5793439716312,8.028,4.909613871990747
11.483994762243412,0.3278312654866864,32.78312654866864,0.39199563613207467,14.585976093815775,0.04305135951661632,4.305135951661631,0.24916107382550334,0.0,0.41201041666666666,9.834635416666668,0.16655585106382978,7.395094562647753,2.506,0.9796484742504703
11.26209259662469,0.3102457036219453,31.02457036219453,0.38810309159554507,14.243045647726928,0.05362537764350453,5.362537764350453,0.2533557046979866,0.44742729306487633,0.4080729166666666,9.109114583333335,0.16647273936170212,7.385859929078014,2.506,1.9891382403495008
11.897378852943028,0.30664858131978706,30.664858131978704,0.3895836210706875,14.023921665416339,0.06948640483383686,6.948640483383686,0.2424496644295302,0.0,0.42791666666666667,12.056250000000004,0.1692154255319149,7.690602836879433,2.506,1.924136196677034
12.60325045021582,0.3692469314751526,36.924693147515256,0.387877927616119,14.11717086360044,0.06797583081570997,6.797583081570997,0.2558724832214765,0.7829977628635317,0.4027395833333333,8.309114583333335,0.17819148936170212,8.687943262411347,2.506,1.9216176259548279
21.78540431507501,0.4957424079220912,49.57424079220912,0.5028481044452986,30.356398875749075,0.11706948640483383,11.706948640483382,0.28104026845637586,4.138702460850116,0.40971874999999996,10.281510416666665,0.3218916223404255,24.654624704491724,8.03,1.3936984403045483
19.85320809199725,0.39679938119744496,39.6799381197445,0.5023929881802022,30.457173008350704,0.10649546827794562,10.649546827794563,0.28523489932885904,4.697986577181204,0.40575,9.718749999999998,0.3152426861702128,23.91585401891253,8.03,1.4373937651386457
20.748862299709277,0.38171163623629745,38.17116362362975,0.5087766443418147,30.88426036029,0.11404833836858005,11.404833836858005,0.27768456375838924,3.6912751677852316,0.45027083333333334,15.483854166666665,0.32372007978723405,24.857786643026003,8.03,1.5072262758006536
41.765081012881176,0.8239958864701216,82.39958864701215,0.6370093752306357,48.19594986631396,0.5317220543806647,53.17220543806647,0.32466442953020136,9.955257270693513,0.42603125000000003,12.65390625,0.4979222074468085,44.213578605200944,14.77,3.3307043527297373
35.36673047341537,0.7564019025075688,75.64019025075689,0.5402085849577634,34.954070231174235,0.493202416918429,49.320241691842895,0.2978187919463087,6.375838926174497,0.40330208333333334,8.779427083333333,0.4341755319148936,37.1306146572104,7.616,2.091121739266506
31.379930205236757,0.5033112142448702,50.33112142448702,0.6207548093635428,46.397612796396146,0.21525679758308158,21.525679758308158,0.35570469798657717,14.093959731543624,0.44134375,14.367968750000003,0.4740691489361702,41.56323877068557,34.389,6.141628447926251
45.6578470977455,0.8206237228331937,82.06237228331938,0.692924708291253,56.04478184089901,0.5944108761329305,59.44108761329305,0.3389261744966443,11.85682326621924,0.42072916666666665,12.091145833333337,0.5720578457446809,52.45087174940899,32.764,26.000843124030272
41.46621085774212,0.8175762532303177,81.75762532303177,0.6335891556421077,47.767346005909815,0.547583081570997,54.7583081570997,0.3145973154362416,8.612975391498878,0.42603125000000003,12.453906250000001,0.4910239361702128,43.44710401891253,14.77,3.3342592235028725
46.76362120574333,0.8328136012446974,83.28136012446973,0.6955174427138592,56.82740697772572,0.5853474320241692,58.53474320241692,0.3674496644295302,15.659955257270694,0.43139583333333337,14.224479166666663,0.5684840425531915,52.05378250591017,32.764,7.366635145725348
18.73071055946323,0.360379349016166,36.037934901616595,0.438315337642466,22.263528103895354,0.2212990936555891,22.129909365558913,0.30453020134228187,7.270693512304249,0.3367604166666667,3.195052083333334,0.2933843085106383,21.487145390070918,3.085,1.5996892891616015
19.91745266981443,0.4422365988909427,44.223659889094264,0.486311802622738,26.195811296028182,0.06722054380664652,6.722054380664652,0.3338926174496644,11.185682326621922,0.35139583333333335,1.7578124999999993,0.36477726063829785,29.419695626477544,4.015,1.2351165102170476
4.999994251217356,0.19151850423542865,19.151850423542868,0.2861834296481826,2.2764835705971893,0.02945619335347432,2.9456193353474323,0.2533557046979866,0.44742729306487633,0.35421875,1.47734375,0.13331117021276595,3.701241134751772,0.494,2.355594617085158
6.320258162859158,0.2021846478454944,20.21846478454944,0.29942723009138733,3.7090413943355123,0.03323262839879154,3.3232628398791544,0.2600671140939597,1.342281879194629,0.3687291666666667,3.8911458333333346,0.14893617021276595,5.437352245862883,0.63,1.2193908884207358
6.8201960830112,0.23860468002677343,23.860468002677344,0.30031404525933675,4.301149162861492,0.03172205438066465,3.1722054380664653,0.26426174496644295,1.9015659955257262,0.35009375000000004,2.1283854166666667,0.15001662234042554,5.557402482269504,0.63,1.2203426634256123
18.200438567718393,0.5489235229191878,54.892352291918776,0.4428023404192858,22.431162626805257,0.0188821752265861,1.8882175226586102,0.2835570469798658,4.4742729306487705,0.3872708333333333,6.208854166666669,0.27376994680851063,19.307771867612292,7.242,0.9234265666392719
4.995249580966088,0.17490702447284318,17.490702447284317,0.3055474937424842,3.1652676176883503,0.008308157099697885,0.8308157099697886,0.2558724832214765,0.7829977628635317,0.3908333333333333,6.087499999999999,0.11452792553191489,1.6142139479905429,2.786,0.5873825038450923
39.258747166851514,0.6762933460994606,67.62933460994606,0.6391383585238984,48.05322494738571,0.3814199395770393,38.14199395770393,0.3640939597315436,15.212527964205815,0.46903125,18.395572916666662,0.5330784574468085,48.119828605200944,14.766,3.5480056069748076
39.84683205575066,0.6951776841004091,69.51776841004092,0.6452353476182755,49.04911178348141,0.38746223564954685,38.74622356495468,0.35906040268456374,14.541387024608499,0.4756354166666667,19.254427083333326,0.531748670212766,47.972074468085104,14.766,3.6334779798943906
39.840730335689976,0.6995239298394925,69.95239298394925,0.6388835266626555,47.81922480607394,0.38746223564954685,38.74622356495468,0.3674496644295302,15.659955257270694,0.47420833333333334,18.87604166666667,0.5319148936170213,47.99054373522459,14.766,3.5828022711198058
39.617379910439844,0.6723715297632504,67.23715297632504,0.6444026981327182,48.90536078331687,0.38444108761329304,38.4441087613293,0.3674496644295302,15.659955257270694,0.47960416666666666,20.150520833333328,0.5257646276595744,47.307180851063826,14.766,3.402698845183717
37.95214334488745,0.7000237148543642,70.00237148543641,0.6260033680703311,45.932419368684656,0.324773413897281,32.477341389728096,0.3573825503355705,14.317673378076066,0.46909375000000003,18.47005208333333,0.5186170212765957,46.51300236406619,14.766,3.6147203352417563
38.656291851731986,0.6388493641316153,63.884936413161526,0.6190728411056029,44.731608242608615,0.43580060422960726,43.58006042296073,0.36073825503355705,14.76510067114094,0.4728125,18.601562500000004,0.5173703457446809,46.3744828605201,14.766,3.8378565529944946
32.23626965408581,0.48909781601705693,48.909781601705696,0.5714945310011449,38.16247948342354,0.3814199395770393,38.14199395770393,0.3548657718120805,13.982102908277403,0.43790625,14.504947916666667,0.4574468085106383,39.716312056737586,14.766,3.8878829918808604
37.761935040602644,0.5391317260424563,53.91317260424563,0.6507453346766106,49.759879377498386,0.34365558912386707,34.3655589123867,0.39177852348993286,18.903803131991047,0.48983333333333334,21.029166666666665,0.5374002659574468,48.60002955082743,14.766,7.678342043702582
39.89416756441815,0.6650276821057017,66.50276821057017,0.6096480033153927,43.78585928068085,0.5287009063444109,52.87009063444109,0.3674496644295302,15.659955257270694,0.4415625,15.095312499999997,0.5090591755319149,45.4510195035461,14.766,1.9685825864143358
39.76212059640138,0.6836371937570092,68.36371937570092,0.6522165609411941,49.95005488379496,0.37009063444108764,37.00906344410876,0.37080536912751677,16.10738255033557,0.47296875,18.921093749999994,0.5339926861702128,48.22140957446809,14.766,3.9657107513912075
37.67001853618524,0.5415796752616391,54.157967526163915,0.6471791978856551,49.07652018118392,0.3474320241691843,34.74320241691843,0.3976510067114094,19.686800894854585,0.48319791666666667,19.86640625,0.5364029255319149,48.48921394799055,14.766,4.073613730173503
39.724969700460356,0.6729211824625327,67.29211824625327,0.644265785086055,48.948279827370094,0.3821752265861027,38.21752265861027,0.3716442953020134,16.21923937360179,0.4795416666666667,19.876041666666662,0.5301695478723404,47.796616430260045,14.766,3.973468255735361
38.796529761231035,0.568307645935008,56.8307645935008,0.6577703330510146,50.9079030473653,0.3995468277945619,39.95468277945619,0.37919463087248323,17.225950782997764,0.472875,18.74270833333333,0.5420545212765957,49.11716903073285,14.766,4.500867569666822
38.74423639967271,0.5685326046002386,56.85326046002385,0.6579336391923106,51.00939101332111,0.41465256797583083,41.46525679758308,0.3733221476510067,16.442953020134222,0.4676354166666667,17.854427083333334,0.539561170212766,48.84013002364066,14.766,6.645908481708354
40.645885900911715,0.46054690443578594,46.05469044357859,0.6578226399295218,50.867897804151305,0.520392749244713,52.0392749244713,0.4077181208053691,21.029082774049215,0.5165937500000001,25.60755208333333,0.5344913563829787,48.27681737588653,14.766,3.625354688150173
38.835600416037856,0.5500228283177524,55.00228283177525,0.6555027486976712,50.441052694140744,0.38444108761329304,38.4441087613293,0.3850671140939597,18.008948545861294,0.4965625,22.036979166666658,0.5417220744680851,49.0802304964539,14.766,5.907627333688703
38.29922923584618,0.6738952645646883,67.38952645646884,0.6019955540977778,42.25861689291335,0.4312688821752266,43.126888217522655,0.34731543624161076,12.975391498881436,0.4679479166666667,18.760156249999994,0.507563164893617,45.28479609929077,14.766,3.8273777920130327
37.94335063991926,0.5234699486252034,52.34699486252033,0.6568359662501574,50.642876092422625,0.3814199395770393,38.14199395770393,0.3934563758389262,19.12751677852349,0.46890625,18.24661458333333,0.5423869680851063,49.15410756501182,14.77,4.444468975984375
33.549511791224056,0.4937443760333692,49.37443760333692,0.6460586236565512,49.33057176327372,0.3595166163141994,35.95166163141994,0.3540268456375839,13.870246085011187,0.38999999999999996,7.549999999999996,0.5069813829787234,45.2201536643026,14.77,2.7860254045876838
36.5436519453458,0.5588904107767391,55.88904107767391,0.6440929009604598,49.372327095724025,0.4486404833836858,44.864048338368576,0.34395973154362414,12.527964205816552,0.41403125,11.120572916666662,0.5093916223404256,45.48795803782507,14.491,4.311975384763283
38.38114202702078,0.7048198779239085,70.48198779239087,0.6184146992839421,44.576274906181084,0.3542296072507553,35.422960725075534,0.3624161073825503,14.988814317673373,0.4716666666666667,18.69166666666666,0.515126329787234,46.12514775413712,14.766,3.831268500614135
39.10871735916122,0.633728507028019,63.3728507028019,0.6151178406213536,44.5944042928325,0.45392749244712993,45.392749244712995,0.3615771812080537,14.876957494407161,0.47569791666666666,19.662239583333328,0.5207779255319149,46.75310283687944,14.766,4.018672278551488
32.322008098684286,0.4813794066410457,48.137940664104576,0.5655007271970033,37.259942422120695,0.41012084592145015,41.012084592145015,0.348993288590604,13.19910514541387,0.45058333333333334,15.456250000000002,0.4498005319148936,38.86672576832151,14.766,3.9541332272834326
38.54922603408469,0.6317803428237078,63.178034282370774,0.6450104739140539,48.75703449690036,0.3723564954682779,37.235649546827794,0.36828859060402686,15.771812080536915,0.46360416666666665,17.217187500000005,0.542220744680851,49.13563829787233,14.766,3.707642084016007
36.886272868734814,0.5351600420218354,53.51600420218354,0.6505665291288972,50.16357763465521,0.35347432024169184,35.34743202416919,0.36073825503355705,14.76510067114094,0.46661458333333333,18.426822916666662,0.5418882978723404,49.09869976359338,14.766,3.592765105556317
38.018640895247245,0.5381576439403006,53.81576439403007,0.6572183434723883,50.780351477179785,0.36706948640483383,36.70694864048338,0.3808724832214765,17.4496644295302,0.48208333333333336,20.26041666666666,0.5418882978723404,49.09869976359338,14.766,3.901652091511035
38.4634621004166,0.5554683794554005,55.546837945540055,0.6545547382762975,50.30225894842213,0.4214501510574018,42.14501510574018,0.3766778523489933,16.890380313199106,0.46227083333333335,17.08385416666667,0.539311835106383,48.81242612293145,14.766,3.9157920215613617
37.60854208566567,0.5919881470055011,59.1988147005501,0.6517093605796943,49.99573116031767,0.33081570996978854,33.081570996978854,0.3699664429530201,15.99552572706935,0.47141666666666665,18.327083333333334,0.5414727393617021,49.05252659574468,14.766,3.7303200921475566
38.625628460880606,0.6678003253589365,66.78003253589365,0.6344673727103446,47.190897916289224,0.3610271903323263,36.102719033232624,0.3615771812080537,14.876957494407161,0.47042708333333333,18.80338541666666,0.531998005319149,47.99977836879433,14.766,3.660382222401487
38.74007503457753,0.5785992278266112,57.859922782661116,0.6304512627108576,46.52922387651957,0.47583081570996977,47.583081570996974,0.36073825503355705,14.76510067114094,0.4601041666666667,17.546354166666664,0.5334109042553191,48.1567671394799,14.766,3.9497873720789447
38.665815540663296,0.5719047682371663,57.19047682371663,0.6302253848409948,46.38536750450479,0.47658610271903323,47.65861027190332,0.3649328859060403,15.324384787472036,0.4624270833333333,17.270052083333336,0.5334940159574468,48.16600177304965,14.766,3.9301492927461434
8.78657746420255,0.3704459722425387,37.04459722425387,0.3302176697760134,7.540207541436388,0.0188821752265861,1.8882175226586102,0.2575503355704698,1.0067114093959737,0.33425,0.7812499999999996,0.14012632978723405,4.4584810874704495,7.768,2.513516751999117
12.420154178714037,0.3209617149164218,32.09617149164218,0.3931566034728218,15.620179664331877,0.01661631419939577,1.6616314199395772,0.2785234899328859,3.8031319910514525,0.38494791666666667,6.418489583333333,0.23429188829787234,14.921320921985814,7.242,0.9417448383956702
15.492947659683166,0.27562423259174545,27.562423259174547,0.4472712447565954,22.658642660096362,0.030211480362537766,3.0211480362537766,0.2911073825503356,5.480984340044745,0.41734374999999996,10.567968750000002,0.31299867021276595,23.66651891252955,14.483,1.9428467642746567
20.47146897335566,0.46074637517342876,46.07463751734288,0.5032184342862756,29.827516654013994,0.05513595166163142,5.5135951661631415,0.28942953020134227,5.257270693512303,0.43284374999999997,11.972135416666667,0.3176529255319149,24.183658392434985,7.242,1.2606746542398037
22.917960736440758,0.4812796712722244,48.12796712722243,0.48720075507220245,27.13925232163005,0.1510574018126888,15.105740181268882,0.32046979865771813,9.395973154362418,0.40884375,9.972135416666667,0.34990026595744683,27.76669621749409,8.03,2.1966938731945946
31.420122512312307,0.5369586031729146,53.695860317291455,0.5451624435465484,34.7441456018993,0.3972809667673716,39.72809667673716,0.30788590604026844,7.718120805369126,0.46031249999999996,16.205729166666668,0.4278590425531915,36.42878250591017,7.616,1.9646454629488488
23.178825097337906,0.4397642699149368,43.97642699149368,0.5066056342472064,29.436391495634606,0.1487915407854985,14.879154078549849,0.3238255033557047,9.843400447427292,0.4078541666666667,9.781770833333335,0.38040226063829785,31.155806737588655,10.67,1.39784689077682
22.874708418571885,0.43829040279790954,43.82904027979095,0.5034307630533988,29.031857314174562,0.14425981873111782,14.425981873111782,0.3238255033557047,9.843400447427292,0.40518750000000003,9.248437500000001,0.37782579787234044,30.86953309692671,10.67,0.708698329429445
18.374863917219894,0.40419309653940433,40.41930965394043,0.44631282805144945,21.678618361970496,0.14501510574018128,14.501510574018129,0.28859060402684567,5.145413870246088,0.3746770833333333,9.501302083333336,0.27102726063829785,19.003028959810873,8.03,1.4785060672358763
11.081961864729385,0.18145188100905596,18.1451881009056,0.5059981143086196,29.075970117521223,0.08610271903323263,8.610271903323262,0.25671140939597314,0.8948545861297527,0.37676041666666665,4.928385416666668,0.14353390957446807,4.837101063829785,23.572,1.765363845157954
17.180474194347855,0.27764775240805506,27.764775240805506,0.36767660461416857,11.94875947902338,0.39274924471299094,39.274924471299094,0.25922818791946306,1.230425055928408,0.3754895833333333,4.802864583333334,0.2625498670212766,18.061096335697396,7.616,1.629079371188348
39.383291042826805,0.3967240255854466,39.67240255854466,0.6734487392645502,53.889571248021504,0.5241691842900302,52.416918429003026,0.3951342281879195,19.35123042505593,0.4792604166666667,19.940885416666664,0.5592586436170213,51.028738179669034,32.764,8.863382417868953
34.383430079600444,0.6637034180419066,66.37034180419066,0.6297514788808327,46.47935186892328,0.42220543806646527,42.220543806646525,0.3162751677852349,8.83668903803132,0.405875,9.067708333333334,0.39993351063829785,33.32594562647754,14.77,5.193449652876317
24.220439046588428,0.5064340394597445,50.643403945974455,0.5111563719111275,29.79360859597188,0.16314199395770393,16.314199395770395,0.3162751677852349,8.83668903803132,0.3973125,8.597395833333335,0.38023603723404253,31.13733747044917,10.67,1.4133165870289686
29.10815605844729,0.7770349339751859,77.70349339751859,0.5186726621665779,31.184823044232704,0.21978851963746224,21.978851963746223,0.2936241610738255,5.8165548098433995,0.39105208333333336,7.548177083333336,0.3737533244680851,30.417036052009454,10.67,0.7117566552956288
42.77471354959223,0.6931042965996888,69.31042965996889,0.666832775829349,52.12466257626164,0.41389728096676737,41.389728096676734,0.44546979865771813,26.062639821029084,0.4876979166666667,21.395572916666662,0.5172872340425532,46.36524822695035,70.554,32.37823644138559
27.115741618463783,0.7548781677061308,75.48781677061308,0.4838374335391873,26.866582717626454,0.20241691842900303,20.241691842900302,0.2911073825503356,5.480984340044745,0.3872395833333333,6.638281250000001,0.351811835106383,27.979092789598102,10.67,0.7507026467642424
29.231298221572775,0.41988036188424493,41.98803618842449,0.5214815439293661,31.900788297617016,0.3021148036253776,30.211480362537763,0.3347315436241611,11.297539149888143,0.47020833333333334,18.676041666666663,0.4718251329787234,41.3139036643026,7.616,1.276958262253007
30.832499483820992,0.44970566984490046,44.97056698449004,0.554898906584336,36.210284793752635,0.41918429003021146,41.918429003021146,0.3036912751677852,7.158836689038028,0.46825,17.264583333333334,0.437250664893617,37.47229609929077,7.616,1.317404163373526
18.07399800099431,0.2287375275380435,22.873752753804347,0.5194067688446361,31.605520137148783,0.08308157099697885,8.308157099697885,0.3271812080536913,10.290827740492169,0.39080208333333327,9.916927083333329,0.32903922872340424,25.44880319148936,6.124,2.261325280400474
36.25665231066442,0.45410178326839457,45.41017832683946,0.665823006477417,52.95651298557802,0.5075528700906344,50.755287009063444,0.30201342281879195,6.935123042505594,0.4215625,10.961979166666666,0.5546875,50.520833333333336,32.764,14.003082210470806
40.45869427281298,0.42709898624538445,42.70989862453845,0.6884221416328996,55.53835541644173,0.5045317220543807,50.453172205438065,0.4085570469798658,21.140939597315437,0.4806875,20.05260416666666,0.5757147606382979,52.85719562647754,32.764,8.094724327094367
38.13131352504058,0.37451739163198094,37.45173916319809,0.6667854331232542,52.64654733435329,0.47583081570996977,47.583081570996974,0.39429530201342283,19.239373601789712,0.48583333333333334,20.829166666666662,0.559341755319149,51.037972813238774,32.764,4.540918227975272
36.54876805856116,0.4855006937148987,48.55006937148987,0.6627335380624046,52.32216296509384,0.48413897280966767,48.413897280966765,0.30956375838926176,7.941834451901568,0.42559375,11.59921875,0.554188829787234,50.465425531914896,32.764,9.451440999099955
26.128818323637788,0.17930313789633728,17.93031378963373,0.6172933868833469,45.34299043065811,0.2243202416918429,22.432024169184288,0.33557046979865773,11.409395973154364,0.453,15.158333333333337,0.500498670212766,44.49985224586289,14.66,1.715153253727952
22.92506088584278,0.43829040279790954,43.82904027979095,0.5034307630533988,29.031857314174562,0.1472809667673716,14.72809667673716,0.3238255033557047,9.843400447427292,0.40518750000000003,9.248437500000001,0.37782579787234044,30.86953309692671,10.67,1.4002193288085218
23.232562711526068,0.37838934028378035,37.838934028378034,0.4888687006782508,28.471838145021334,0.38368580060422963,38.368580060422964,0.3053691275167785,7.38255033557047,0.40912499999999996,9.373958333333333,0.26163563829787234,17.95951536643026,7.616,1.327376435124672
29.208002590797037,0.559215104810791,55.921510481079096,0.6053692417205033,43.07300777347365,0.2122356495468278,21.22356495468278,0.3313758389261745,10.850111856823268,0.3963541666666666,7.510937500000001,0.43001994680851063,36.6688829787234,10.306,1.5581467334671502
29.039667218867848,0.5366339091388627,53.663390913886275,0.6062469551969276,43.07006895743249,0.2311178247734139,23.11178247734139,0.32466442953020136,9.955257270693513,0.3883541666666667,7.177604166666669,0.4353390957446808,37.259899527186754,10.306,1.573512786211919
25.858232794071,0.4079653098223824,40.79653098223824,0.543526397621609,35.37503681384339,0.21374622356495468,21.37462235649547,0.3187919463087248,9.172259507829976,0.43154166666666666,12.076041666666669,0.4271941489361702,36.354905437352244,3.808,1.3406293497661246
9.365878628802648,0.3456916537010687,34.56916537010687,0.287225755504323,1.4263456550462994,0.16993957703927492,16.993957703927492,0.2407718120805369,0.0,0.33939583333333334,1.7578124999999993,0.11303191489361702,1.4479905437352243,1.777,0.6188413544397473
29.87478015820759,0.5725042886208593,57.25042886208593,0.5440583486084486,34.71245082713039,0.3081570996978852,30.815709969788518,0.2978187919463087,6.375838926174497,0.44049999999999995,12.695833333333333,0.43658577127659576,37.39841903073286,7.616,1.3043167149586126
37.69418546772203,0.7123133286346892,71.23133286346894,0.647283976671531,49.39675153748764,0.40181268882175225,40.181268882175225,0.2936241610738255,5.8165548098433995,0.42603125000000003,13.053906249999997,0.5183676861702128,46.485298463356976,14.77,3.592650364309399
8.167167127412911,0.2566900269063862,25.669002690638614,0.33098404240871354,6.54657571552213,0.04305135951661632,4.305135951661631,0.27348993288590606,3.1319910514541416,0.33276041666666667,1.5950520833333328,0.1697972074468085,7.7552452718676115,0.247,1.0072558813543913
7.583926718324835,0.25351733400710114,25.351733400710117,0.3168407073661037,5.004028710418718,0.0324773413897281,3.2477341389728096,0.2684563758389262,2.460850111856823,0.33825,1.3145833333333334,0.1731216755319149,8.12463061465721,0.247,1.0041719918661665
30.976625000031117,0.6638785090227264,66.38785090227265,0.5447698777469486,34.93944104913604,0.19788519637462235,19.788519637462233,0.3263422818791946,10.17897091722595,0.47891666666666666,18.597916666666666,0.4237034574468085,35.96705082742317,7.616,0.538753219597133
14.243506396749902,0.4167575366693706,41.67575366693706,0.3984669254999634,15.082126333167833,0.11329305135951662,11.329305135951662,0.2600671140939597,1.342281879194629,0.36581250000000004,3.3265624999999996,0.21434507978723405,12.705008865248226,1.544,0.5795306020738551
11.629717650498435,0.2298368329366082,22.983683293660818,0.3280491875175077,6.038995128638223,0.27492447129909364,27.492447129909365,0.28691275167785235,4.921700223713646,0.34469791666666666,2.987239583333334,0.14818816489361702,5.354240543735224,1.777,0.6109876520487433
19.872595162464073,0.29615752869054107,29.615752869054106,0.39556911910803755,16.03002789836758,0.47507552870090636,47.507552870090635,0.25838926174496646,1.1185682326621946,0.37809374999999995,4.8617187500000005,0.28091755319148937,20.10195035460993,7.616,1.5482629089653008
30.159277021889153,0.8081091503876381,80.81091503876381,0.5257532452246574,32.49458680420566,0.22054380664652568,22.054380664652566,0.29194630872483224,5.592841163310966,0.40032291666666664,8.607031250000002,0.382563164893617,31.395907210401887,8.03,1.6729573304154113
31.870970597687858,0.6607811717354397,66.07811717354397,0.6120828494270083,43.769694605609374,0.21525679758308158,21.525679758308158,0.3414429530201342,12.192393736017896,0.41346875,10.316927083333335,0.4360871010638298,37.34301122931442,10.306,1.6193104184932727
31.88950498581046,0.4799055395240185,47.990553952401854,0.6536184886648629,51.029418403280296,0.20241691842900303,20.241691842900302,0.3263422818791946,10.17897091722595,0.48075,20.527083333333334,0.47232380319148937,41.36931146572104,13.96,2.3541541178541143
28.746056207730017,0.0497590836757581,4.97590836757581,0.6769303819643072,53.25769202541582,0.2583081570996979,25.83081570996979,0.38338926174496646,17.785234899328863,0.5096770833333334,24.24296875,0.5174534574468085,46.38371749408983,14.66,1.7478531452063368
31.447866315089907,0.27747266142723526,27.74726614272353,0.6573002324945257,50.20692953827006,0.3217522658610272,32.17522658610272,0.3783557046979866,17.114093959731544,0.43994791666666666,14.293489583333328,0.5243517287234043,47.150192080378254,14.66,1.9885653626381716
20.5654768779582,0.5444276741268723,54.44276741268723,0.44143515175110304,21.13661740394343,0.13746223564954682,13.746223564954683,0.2902684563758389,5.369127516778524,0.35759375,6.065885416666667,0.3036901595744681,22.632239952718678,3.213,0.6176673631419419
26.51900505359198,0.737242738156979,73.7242738156979,0.49865578559911244,28.600623499981847,0.06570996978851963,6.570996978851963,0.3070469798657718,7.606263982102905,0.4189583333333333,11.169791666666669,0.3829787234042553,31.44208037825059,8.03,1.5483183713957436
15.138858570183295,0.24280132271262472,24.280132271262474,0.35872011187392944,10.491260075913582,0.3496978851963746,34.96978851963746,0.3036912751677852,7.158836689038028,0.354125,3.832291666666668,0.19090757978723405,10.10084219858156,1.777,1.2225069482677418
15.564777531713789,0.3710953603106424,37.109536031064245,0.48070333147041405,26.108938446170427,0.0634441087613293,6.3444108761329305,0.27348993288590606,3.1319910514541416,0.37021875,3.944010416666668,0.2507480053191489,16.749778368794324,12.248,0.9447289025847284
19.13127211265294,0.5052593784491815,50.52593784491815,0.48388753289945696,25.84864126816548,0.07779456193353475,7.779456193353475,0.2709731543624161,2.796420581655479,0.4167604166666667,10.995052083333334,0.2515791223404255,16.842124704491724,12.248,0.8696611878200479
13.542857676063695,0.21110209798889168,21.11020979888917,0.4791864789096407,26.046417064819565,0.04305135951661632,4.305135951661631,0.2802013422818792,4.026845637583895,0.3606354166666667,5.712760416666669,0.2805019946808511,20.05577718676123,12.248,4.636903883938605
13.521356471467334,0.08250774611364513,8.250774611364513,0.4738171816307924,26.336393544053255,0.05513595166163142,5.5135951661631415,0.29446308724832215,5.92841163310962,0.3918229166666667,9.677864583333335,0.32878989361702127,25.42109929078014,8.03,1.5971383963665837
13.074906766382023,0.06682048076880455,6.682048076880455,0.47747656219777285,26.737651950701505,0.06722054380664652,6.722054380664652,0.2860738255033557,4.809843400447425,0.3785833333333333,8.122916666666667,0.328374335106383,25.37492612293144,8.03,1.6293978013302186
13.349347006636378,0.09105063453857985,9.105063453857985,0.4748653313732898,26.412550636134668,0.05966767371601209,5.966767371601208,0.2911073825503356,5.480984340044745,0.3824895833333333,7.811197916666667,0.327875664893617,25.319518321513,8.03,1.5811774914426833
19.08185593143887,0.5064085515321569,50.64085515321569,0.4624263551503409,24.734770612245033,0.07326283987915408,7.326283987915408,0.2936241610738255,5.8165548098433995,0.3644479166666667,3.755989583333333,0.2999501329787234,22.21668144208038,8.03,1.6874331691059232
19.169864255303853,0.5123538876846767,51.235388768467665,0.4750220653053363,26.820762256757714,0.033987915407854986,3.3987915407854987,0.2961409395973154,6.152125279642054,0.40051041666666665,8.030468749999999,0.2744348404255319,19.38164893617021,7.0,0.875771180221206
22.073339331094914,0.6678003253589365,66.78003253589365,0.48981661658184755,28.941004994824766,0.0445619335347432,4.45619335347432,0.29446308724832215,5.92841163310962,0.3753958333333333,4.3578125000000005,0.29778922872340424,21.976580969267136,7.0,2.336846263016353
20.685476383122634,0.4070909630890482,40.70909630890482,0.5222598504945516,31.84449091545611,0.08987915407854985,8.987915407854985,0.3062080536912752,7.494407158836691,0.36565625,5.740364583333334,0.3640292553191489,29.336583924349874,11.52,4.024570033760275
18.4525815482333,0.31356799957446246,31.356799957446242,0.4762231983114653,24.9087539518445,0.10574018126888217,10.574018126888216,0.313758389261745,8.501118568232664,0.39278125,10.830989583333334,0.3208942819148936,24.543809101654844,16.537,2.5248284998228248
19.075555358413183,0.36849780803822746,36.849780803822746,0.488693862545088,27.616644147779652,0.06570996978851963,6.570996978851963,0.3179530201342282,9.060402684563762,0.43197916666666664,12.397395833333334,0.2976230053191489,21.95811170212766,8.03,0.717378353005959
14.762746148661485,0.2506948230694557,25.06948230694557,0.44878062698346727,22.777139438535443,0.02945619335347432,2.9456193353474323,0.313758389261745,8.501118568232664,0.41644791666666664,10.289322916666668,0.2709441489361702,18.99379432624113,15.664,2.6307445591975105
31.67934579653929,0.7070927361622716,70.70927361622716,0.5922294775018883,40.850090817774024,0.229607250755287,22.9607250755287,0.3414429530201342,12.192393736017896,0.41632291666666665,10.407031250000001,0.3966090425531915,32.95656028368795,10.034,3.4933973013928696
24.265056044870743,0.6230623634179533,62.30623634179532,0.5230436906708896,31.776241491685315,0.08987915407854985,8.987915407854985,0.2953020134228188,6.040268456375841,0.3753645833333333,7.253906249999997,0.363031914893617,29.225768321512994,16.537,4.225040735611014
20.469184056256058,0.4134108609600305,41.34108609600305,0.5084081453197787,29.78962694499553,0.0823262839879154,8.23262839879154,0.30033557046979864,6.711409395973152,0.36159375,6.332552083333334,0.37367021276595747,30.40780141843972,8.03,1.8782814138679607
17.857043217965458,0.3961998608137519,39.619986081375195,0.4765717717789398,25.869793144697738,0.04078549848942598,4.078549848942599,0.2785234899328859,3.8031319910514525,0.40196875,8.312760416666668,0.3291223404255319,25.458037825059098,12.174,1.4375216123892207
17.831555665481403,0.3924032677739509,39.24032677739509,0.46930207579694677,24.504815583181394,0.04607250755287009,4.607250755287009,0.27684563758389263,3.5794183445190177,0.41942708333333334,11.26171875,0.31416223404255317,23.795803782505907,12.174,2.8494143473815945
18.90163889043809,0.4303215468290802,43.032154682908015,0.4786412360346213,26.130957088441544,0.04682779456193353,4.682779456193353,0.28187919463087246,4.250559284116329,0.40872916666666664,9.624479166666669,0.3312001329787234,25.688903664302597,12.174,2.764794372875263
17.197491298716887,0.34389309254998957,34.389309254998956,0.4736328900737677,26.692021341537863,0.02190332326283988,2.190332326283988,0.2709731543624161,2.796420581655479,0.40311458333333333,8.555989583333334,0.3570478723404255,28.560874704491717,16.537,5.845597193164506
18.73968028525321,0.4027945850343755,40.279458503437546,0.4845980190500647,27.36962320894452,0.05060422960725076,5.0604229607250755,0.2751677852348993,3.355704697986576,0.41025,10.314583333333333,0.3345246010638298,26.0582890070922,12.174,2.7953992017252753
24.710302269160096,0.7042702252246262,70.42702252246261,0.5260910165037093,32.46178300050608,0.09290030211480363,9.290030211480364,0.27936241610738255,3.9149888143176734,0.354125,2.498958333333334,0.3670212765957447,29.669030732860524,8.03,1.2605639032263736
19.615401464984767,0.3345257250761313,33.452572507613134,0.4420822344441435,21.197829273123393,0.26057401812688824,26.057401812688823,0.313758389261745,8.501118568232664,0.37486458333333333,7.458072916666668,0.2892287234042553,21.025413711583923,13.668,1.4035730196826506
5.120376565217631,0.17832905579418165,17.832905579418167,0.30326053640004424,3.023581212338263,0.024924471299093656,2.492447129909366,0.25922818791946306,1.230425055928408,0.3714583333333333,4.565625000000001,0.11419547872340426,1.5772754137115832,4.089,1.1268767305406775
13.021728019791546,0.28351773294857646,28.351773294857644,0.35922718767499157,10.870199077362608,0.24169184290030213,24.169184290030213,0.2651006711409396,2.0134228187919474,0.38469791666666664,5.653906249999999,0.1636469414893617,7.0718823877068555,19.022,2.2596681212071084
6.418592963200898,0.21067766858601844,21.067766858601843,0.32861776640637924,6.218964782807416,0.06646525679758308,6.646525679758309,0.24748322147651006,0.0,0.3404479166666667,3.2226562499999996,0.11220079787234043,1.3556442080378246,8.714,2.2526985444884104
5.32234226282347,0.2497207409673001,24.97207409673001,0.28171339082318814,1.8272424825748754,0.0,0.0,0.24412751677852348,0.0,0.35775,4.185416666666667,0.1085438829787234,0.9493203309692663,2.879,0.22068029903945732
3.6238167467938993,0.15067687070306784,15.067687070306786,0.29300816789978756,2.1008283750749497,0.0,0.0,0.2533557046979866,0.44742729306487633,0.3565416666666667,2.7343749999999996,0.11253324468085106,1.392582742316784,1.236,0.36964968247226154
3.985688359677067,0.15492338107332987,15.492338107332987,0.29372614029730437,2.3306685577233517,0.006042296072507553,0.6042296072507553,0.2575503355704698,1.0067114093959737,0.3564791666666667,3.0598958333333326,0.11278257978723404,1.4202866430260035,1.236,0.7089527374016119
3.7519748574168585,0.15754642127333254,15.754642127333252,0.29402546232087917,2.433772217660189,0.0022658610271903325,0.22658610271903326,0.25083892617449666,0.11185682326622093,0.3646041666666667,2.675520833333333,0.11178523936170212,1.309471040189124,1.236,0.7217203551845318
3.658145708347315,0.13761264555822994,13.761264555822994,0.2980340303779312,3.1573429783229785,0.005287009063444108,0.5287009063444108,0.25419463087248323,0.5592841163310973,0.35530208333333335,2.512760416666666,0.11286569148936171,1.4295212765957446,1.236,0.7070763736913788
3.593140598286666,0.1335910938531984,13.35910938531984,0.29752276438021447,3.1395015434855087,0.006797583081570997,0.6797583081570997,0.2533557046979866,0.44742729306487633,0.34996875,2.512760416666666,0.11278257978723404,1.4202866430260035,1.236,1.0930826432847423
3.6136899611836006,0.1323920530858123,13.239205308581232,0.29722352809482616,3.02851385306557,0.0,0.0,0.26426174496644295,1.9015659955257262,0.3526666666666667,2.0833333333333326,0.11286569148936171,1.4295212765957446,1.236,0.3632299840264858
3.932331961262434,0.1601439735457475,16.01439735457475,0.2964692268500723,2.4381228956228953,0.006797583081570997,0.6797583081570997,0.24412751677852348,0.0,0.35781250000000003,3.0598958333333326,0.11261635638297872,1.4018173758865236,1.236,0.7337502581357204
24.113556306971883,0.551921124837653,55.1921124837653,0.48238301936695316,27.187826826803345,0.14501510574018128,14.501510574018129,0.2835570469798658,4.4742729306487705,0.4503020833333333,15.854427083333333,0.3472406914893617,27.47118794326241,8.03,1.4339566351371729
15.023477940437223,0.28129474239462404,28.129474239462404,0.44228566674266495,21.252729791067395,0.028700906344410877,2.8700906344410875,0.2953020134228188,6.040268456375841,0.43585416666666665,13.0484375,0.26919880319148937,18.799867021276594,7.044,1.2842746949253772
17.470092220993035,0.4880239985460799,48.802399854608,0.4589748654047652,23.887149044184596,0.030211480362537766,3.0211480362537766,0.28942953020134227,5.257270693512303,0.38841666666666663,5.985416666666667,0.26080452127659576,17.86716903073286,7.044,1.2772986646723141
28.926700693431915,0.7794828831943688,77.94828831943687,0.511742159482904,30.393262902042363,0.20090634441087613,20.090634441087612,0.2835570469798658,4.4742729306487705,0.3909583333333333,9.63645833333333,0.379155585106383,31.017287234042552,8.03,2.6394649716429317
13.897376870733368,0.5648856146136695,56.48856146136695,0.35048085637770016,8.292273657131942,0.07477341389728097,7.477341389728097,0.2558724832214765,0.7829977628635317,0.31834375,1.359635416666667,0.18085106382978725,8.983451536643026,1.236,1.3254123091945325
13.359085066778022,0.5597148898256625,55.97148898256626,0.33650903200352716,7.042771972349901,0.05966767371601209,5.966767371601208,0.2634228187919463,1.7897091722595053,0.3103125,0.45572916666666624,0.18035239361702127,8.928043735224584,1.236,0.9343787388167499
10.921433609301348,0.4998891829235318,49.98891829235318,0.3141475230443668,4.257780193079653,0.030966767371601207,3.096676737160121,0.24496644295302014,0.0,0.37809374999999995,5.1950520833333345,0.12691156914893617,2.990174349881796,1.236,0.9399318977538753
14.311829325717667,0.5844193406827218,58.44193406827218,0.3512662445055541,8.818154144791238,0.07175226586102719,7.175226586102719,0.2625838926174497,1.6778523489932917,0.3117083333333333,0.6635416666666667,0.18184840425531915,9.094267139479904,1.236,1.3605236173599355
6.032059300937514,0.1812767900282362,18.12767900282362,0.30257073962835446,2.6333438399574587,0.005287009063444109,0.5287009063444109,0.2600671140939597,1.342281879194629,0.42695833333333333,12.103125,0.11311502659574468,1.457225177304964,0.124,0.25173041948319086
29.338965494504436,0.7892746800711002,78.92746800711004,0.5080411642065981,30.51007603826353,0.18051359516616314,18.051359516616312,0.29194630872483224,5.592841163310966,0.41346875,10.983593749999997,0.3877160904255319,31.96845449172577,8.03,1.7123559936882888
6.305441322097188,0.19161823960425006,19.161823960425007,0.30268984588252307,2.850573557678692,0.004531722054380665,0.4531722054380665,0.2575503355704698,1.0067114093959737,0.42971875,12.681510416666669,0.11510970744680851,1.6788563829787229,0.124,0.2598146183920366
6.419565742614277,0.1988623518929773,19.886235189297732,0.29918984588252306,2.3872783507070148,0.0037764350453172208,0.3776435045317221,0.25838926174496646,1.1185682326621946,0.4336875,13.244270833333333,0.11353058510638298,1.5033983451536632,0.124,0.3430067286083757
29.85905810866196,0.803263119633683,80.32631196336831,0.512116784464076,31.101628224178786,0.18882175226586104,18.882175226586103,0.28942953020134227,5.257270693512303,0.41613541666666665,11.51692708333333,0.38863031914893614,32.070035460992905,8.03,2.5700611964067677
29.735244330693718,0.7889499860370484,78.89499860370483,0.5125175335277464,31.162649496607866,0.19184290030211482,19.184290030211482,0.2911073825503356,5.480984340044745,0.41213541666666664,11.51692708333333,0.38954454787234044,32.171616430260045,8.03,1.72090943948751
29.735244330693718,0.7889499860370484,78.89499860370483,0.5125175335277464,31.162649496607866,0.19184290030211482,19.184290030211482,0.2911073825503356,5.480984340044745,0.41213541666666664,11.51692708333333,0.38954454787234044,32.171616430260045,8.03,1.6568916130640359
24.888387400166817,0.5775996577968678,57.759965779686794,0.4873392373334518,28.436278690016838,0.23036253776435045,23.036253776435046,0.27432885906040266,3.243847874720355,0.39660416666666665,7.942187500000003,0.3602061170212766,28.911790780141843,3.086,3.161923130387553
22.690213091300453,0.49431840848947456,49.43184084894746,0.48117654754683153,27.168451763223718,0.2280966767371601,22.80966767371601,0.2709731543624161,2.796420581655479,0.38215625,5.669531250000002,0.35438829787234044,28.26536643026005,3.086,0.7749346127852547
25.83719802694387,0.4103379034295669,41.03379034295669,0.5144844494250328,32.6953311808552,0.22205438066465258,22.20543806646526,0.3053691275167785,7.38255033557047,0.44394791666666666,14.760156250000001,0.43251329787234044,36.9459219858156,7.616,3.4698222000444563
26.7968164089867,0.7530297388706411,75.3029738870641,0.493576505761469,28.077745566893725,0.06646525679758308,6.646525679758309,0.3053691275167785,7.38255033557047,0.4267708333333333,11.6796875,0.38522273936170215,31.691415484633573,8.03,1.556516897300023
28.228097653849485,0.7916727616058724,79.16727616058725,0.5109356715302854,30.933181176860177,0.10876132930513595,10.876132930513595,0.287751677852349,5.033557046979867,0.41359375,11.399218749999998,0.38763297872340424,31.959219858156025,8.03,2.5075735912307806
26.26573192518462,0.5364843060856306,53.64843060856306,0.5169995464792883,31.333639113507697,0.17069486404833836,17.069486404833835,0.3062080536912752,7.494407158836691,0.44871875,15.156510416666663,0.39602726063829785,32.89191784869976,0.0,0.9062470550284771
29.631398468956544,0.7843787816327346,78.43787816327344,0.5100875314179011,30.84142128641545,0.20317220543806647,20.31722054380665,0.3036912751677852,7.158836689038028,0.40581249999999996,10.126562499999997,0.3781582446808511,30.906471631205672,8.03,1.6780001093726986
16.83176132950784,0.5173495214918638,51.734952149186384,0.39805765159128703,15.42299613137108,0.11404833836858005,11.404833836858005,0.2625838926174497,1.6778523489932917,0.35037500000000005,1.0635416666666688,0.2771775265957447,19.686391843971627,1.544,0.5125510916273373
16.948513223691304,0.4890479483326463,48.90479483326463,0.3948478837209111,15.22652186012814,0.1042296072507553,10.42296072507553,0.2533557046979866,0.44742729306487633,0.37415624999999997,4.269531250000001,0.3017785904255319,22.419843380614655,1.544,0.5846262308283405
17.023240512569227,0.4987400098405564,49.87400098405564,0.40320443289745417,16.487037607634196,0.11782477341389729,11.782477341389729,0.25419463087248323,0.5592841163310973,0.34225,1.847916666666667,0.29429853723404253,21.588726359338057,1.544,0.5321054999622403
14.577672072316155,0.29990425404593146,29.990425404593147,0.42486081646897506,19.093803548070223,0.08459214501510574,8.459214501510575,0.2827181208053691,4.36241610738255,0.3754583333333333,4.765625000000001,0.28715093085106386,20.794547872340427,1.497,0.6074762902125238
4.39690970265251,0.15302508455342934,15.302508455342934,0.2998444769655102,2.636670587150039,0.0007552870090634441,0.0755287009063444,0.2625838926174497,1.6778523489932917,0.3806354166666666,5.379427083333334,0.11178523936170212,1.309471040189124,7.616,2.5853591543493346
4.39690970265251,0.15302508455342934,15.302508455342934,0.2998444769655102,2.636670587150039,0.0007552870090634441,0.0755287009063444,0.2625838926174497,1.6778523489932917,0.3806354166666666,5.379427083333334,0.11178523936170212,1.309471040189124,7.616,2.577642692775661
24.191735720120548,0.47818233398493776,47.818233398493774,0.5305842954529679,32.54183409581636,0.14350453172205438,14.350453172205437,0.30201342281879195,6.935123042505594,0.43715624999999997,14.011197916666665,0.3654421542553192,29.493572695035457,8.0,3.060930655450191
25.058025917312307,0.5489733906035985,54.89733906035985,0.5041458754993735,29.15507782169402,0.13897280966767372,13.897280966767372,0.3162751677852349,8.83668903803132,0.43554166666666666,13.209374999999994,0.3731715425531915,30.352393617021285,8.03,1.3549719696219258
24.632508988415825,0.5696562897556262,56.96562897556262,0.49928406748541837,28.725850265520112,0.12764350453172205,12.764350453172204,0.3070469798657718,7.606263982102905,0.42372916666666666,11.232812500000001,0.37450132978723405,30.500147754137117,8.03,1.281195193166664
18.937415404374313,0.25476624245889795,25.476624245889795,0.5250590567372793,32.88379503743108,0.05891238670694864,5.8912386706948645,0.32466442953020136,9.955257270693513,0.4105520833333333,9.019010416666667,0.3735871010638298,30.398566784869974,8.414,2.3994861581672873
23.813949980028713,0.4157335868828043,41.573358688280436,0.5061177974093075,30.865849451121658,0.22734138972809667,22.734138972809667,0.2902684563758389,5.369127516778524,0.39734375000000005,8.701302083333335,0.4027593085106383,33.63992316784869,7.0,2.2676763161131808
24.977112692219293,0.3691970637907419,36.91970637907419,0.5440253444823155,34.83242280758616,0.14501510574018128,14.501510574018129,0.3414429530201342,12.192393736017896,0.46478125,17.56432291666666,0.4046708776595745,33.85231973995272,9.242,5.416323354381718
18.406879108800087,0.23815476269631244,23.815476269631244,0.5209108776928992,31.73822449849867,0.05891238670694864,5.8912386706948645,0.3238255033557047,9.843400447427292,0.40921874999999996,8.819010416666666,0.37300531914893614,30.33392434988179,8.414,2.504106680356207
26.432648640760963,0.38488432913558246,38.48843291355825,0.5117943836412089,30.220238234792646,0.33081570996978854,33.081570996978854,0.34731543624161076,12.975391498881436,0.44357291666666665,14.779947916666664,0.3614527925531915,29.050310283687946,8.03,0.7195218960856864
14.996461674248117,0.40376866713653103,40.3768667136531,0.34425676981862185,7.882702983365756,0.19561933534743203,19.561933534743204,0.27936241610738255,3.9149888143176734,0.36628124999999995,3.5518229166666675,0.23221409574468085,14.690455082742314,7.616,1.3446612624924523
23.481232873269377,0.3775404814780339,37.75404814780339,0.531794652653343,33.760104762918594,0.16314199395770393,16.314199395770395,0.3288590604026846,10.514541387024611,0.42766666666666664,12.358333333333329,0.3716755319148936,30.18617021276595,8.03,0.660438890438418
22.363618284395272,0.3955006050612375,39.55006050612376,0.5314954163679548,33.45949833611522,0.12311178247734139,12.311178247734139,0.3263422818791946,10.17897091722595,0.3840729166666667,8.375781250000001,0.37275598404255317,30.306220449172578,8.03,0.654732953184737
21.170086506168307,0.4021950646506824,40.219506465068235,0.5181980783946081,31.290072076092343,0.09818731117824774,9.818731117824774,0.30956375838926176,7.941834451901568,0.39728125000000003,7.693489583333334,0.3705119680851064,30.056885342789595,8.03,0.6531067502572314
23.221061750775235,0.42220308780701876,42.22030878070187,0.5456376527271466,34.55981394889724,0.13972809667673716,13.972809667673717,0.30788590604026844,7.718120805369126,0.42540625,13.042447916666667,0.3503158244680851,27.812869385342786,12.248,1.5525658386176966
23.639728527998752,0.43189514931492884,43.18951493149288,0.5484795753806021,34.99669953906846,0.1404833836858006,14.04833836858006,0.3145973154362416,8.612975391498878,0.4251875,12.448437499999997,0.3568816489361702,28.54240543735224,12.248,0.7505194111203773
23.94718793396009,0.43231957871780213,43.23195787178021,0.5394764281718397,34.041185744792614,0.13217522658610273,13.217522658610273,0.3011744966442953,6.823266219239373,0.45976041666666667,18.270052083333333,0.35289228723404253,28.09914302600473,12.248,0.697196284743319
21.69773317205639,0.359329911302012,35.932991130201195,0.5415529337961275,34.3313471973429,0.11933534743202417,11.933534743202417,0.32466442953020136,9.955257270693513,0.40521875,9.352343750000001,0.3581283244680851,28.680924940898343,12.248,1.5956599074145044
21.321059817195124,0.4509545782966972,45.095457829669726,0.4944264226434414,27.492064455270775,0.11555891238670694,11.555891238670695,0.3196308724832215,9.284116331096197,0.3895625,9.428645833333329,0.3256316489361702,25.070183215130022,12.248,1.8565068435824486
20.022540131471107,0.43604192431636946,43.604192431636946,0.4956125598349656,27.653497805773082,0.05891238670694864,5.8912386706948645,0.32046979865771813,9.395973154362418,0.3842604166666666,8.73255208333333,0.32372007978723405,24.857786643026003,12.248,0.928004753006219
21.002090295792474,0.4299469851106176,42.99469851106176,0.4982672766561394,28.11118297022868,0.10725075528700906,10.725075528700906,0.32550335570469796,10.067114093959727,0.3804479166666666,8.822656249999996,0.32762632978723405,25.29181442080378,12.248,1.839135306107101
23.13928263244864,0.4127858526487498,41.27858526487498,0.5468080647121653,34.998286324114495,0.13444108761329304,13.444108761329304,0.32802013422818793,10.402684563758392,0.4038541666666667,9.781770833333335,0.3603723404255319,28.930260047281326,12.248,2.362722818955918
23.52862068050267,0.3981480250180632,39.81480250180631,0.5534370722864824,35.77765007970374,0.12235649546827794,12.235649546827794,0.31711409395973156,8.948545861297541,0.43706249999999996,14.966145833333334,0.3648603723404255,29.428930260047277,12.248,1.6437133049727632
25.0150134402288,0.47800724300411795,47.8007243004118,0.5480509710089697,35.390600609410264,0.13897280966767372,13.897280966767372,0.32466442953020136,9.955257270693513,0.4305833333333333,13.589583333333332,0.3651097074468085,29.4566341607565,12.248,1.6886018245229184
24.06630184974314,0.3956502081144696,39.56502081144696,0.5703329773483826,38.39866772323549,0.10574018126888217,10.574018126888216,0.3196308724832215,9.284116331096197,0.45690625,17.31328125,0.36336436170212766,29.262706855791958,12.248,0.8795798612287349
24.652222849504522,0.4620451513096362,46.20451513096362,0.54977394640115,35.28322975535459,0.13595166163141995,13.595166163141995,0.31291946308724833,8.389261744966444,0.45458333333333334,17.256249999999998,0.34466422872340424,27.184914302600472,12.248,1.5209626837047343
19.804010674590824,0.2842413684579139,28.424136845791388,0.5322525988273211,32.77471060618407,0.06117824773413897,6.117824773413897,0.2978187919463087,6.375838926174497,0.45737500000000003,18.205208333333335,0.3423371010638298,26.926344562647753,12.248,1.1022812062861855
22.641023288108883,0.4101628124487471,41.016281244874705,0.5437817873983797,34.569479663100296,0.1216012084592145,12.16012084592145,0.29278523489932884,5.7046979865771785,0.44379166666666664,15.773958333333335,0.339594414893617,26.621601654846334,12.248,1.334928752887779
23.57577520136853,0.4320702402957486,43.20702402957486,0.5462502212045214,35.29906847464648,0.12084592145015106,12.084592145015106,0.3053691275167785,7.38255033557047,0.4449375,15.483854166666667,0.3519780585106383,27.997562056737586,12.248,1.8864542031174691
25.058560008551854,0.44376033369238066,44.376033369238066,0.5604605871844869,36.89971047715762,0.13141993957703926,13.141993957703926,0.3179530201342282,9.060402684563762,0.456875,17.34270833333333,0.3657746010638298,29.53051122931442,12.248,1.598793921384112
18.86667946331972,0.39090391272933595,39.090391272933594,0.48656395204478037,27.07796440244996,0.07854984894259819,7.854984894259818,0.3053691275167785,7.38255033557047,0.3789583333333333,8.303124999999996,0.31141954787234044,23.49106087470449,12.248,1.8769184354473236
19.422542529894162,0.31239333856389934,31.239333856389933,0.5126398500939828,30.665719593512282,0.11253776435045318,11.253776435045317,0.2961409395973154,6.152125279642054,0.39746875,11.51692708333333,0.33136635638297873,25.70737293144208,12.248,2.634526312899575
19.601520651982586,0.4302218114602588,43.02218114602588,0.4811798810475259,26.321395450260827,0.08987915407854985,8.987915407854985,0.30201342281879195,6.935123042505594,0.3684166666666666,7.918749999999996,0.31981382978723405,24.423758865248228,12.248,1.8143176591923247
21.794341198490546,0.42405151664250856,42.40515166425085,0.5184748714407336,31.422947025186726,0.11404833836858005,11.404833836858005,0.3104026845637584,8.05369127516779,0.40019791666666665,11.458072916666666,0.3341921542553192,26.021350472813243,12.248,1.7271200547540042
22.56427237998545,0.3505121965274361,35.05121965274361,0.5520627163174447,35.97610662338389,0.09592145015105741,9.592145015105741,0.3288590604026846,10.514541387024611,0.4383958333333333,14.499479166666667,0.3677692819148936,29.752142434988176,12.248,0.8143144766567885
22.078719684057372,0.4397387819873491,43.97387819873491,0.511681287565329,29.991929835267143,0.13141993957703926,13.141993957703926,0.3104026845637584,8.05369127516779,0.40146875,10.716927083333331,0.33934507978723405,26.593897754137114,12.248,1.6813747793154408
26.210340083042343,0.25766410900854175,25.766410900854176,0.6256461050033514,46.002968874248914,0.12613293051359517,12.613293051359516,0.35822147651006714,14.429530201342287,0.43191666666666667,12.989583333333329,0.5091422872340425,45.46025413711584,23.572,1.4403396216495052
20.83721280671412,0.03936776641533354,3.9367766415333536,0.6333927323374534,46.95696642451458,0.0256797583081571,2.56797583081571,0.36828859060402686,15.771812080536915,0.40925000000000006,9.32291666666667,0.5182014627659575,46.466829196217496,23.572,0.5780434517444448
32.3748943419153,0.37911408396388246,37.911408396388246,0.6617145681113757,50.63814760323434,0.2394259818731118,23.94259818731118,0.37919463087248323,17.225950782997764,0.4557291666666667,16.032812500000002,0.5364860372340425,48.49844858156028,23.572,1.37466461037625
34.40831757695809,0.37858881102142317,37.85888110214232,0.6752681657268389,52.84065809537824,0.29682779456193353,29.68277945619335,0.3951342281879195,19.35123042505593,0.46341666666666664,16.860416666666666,0.5487034574468085,49.85593971631205,23.572,4.322544674351261
34.681949426054764,0.40324339419407174,40.324339419407174,0.6712025325276962,52.35844104160633,0.2945619335347432,29.45619335347432,0.3951342281879195,19.35123042505593,0.46208333333333335,16.727083333333333,0.5488696808510638,49.87440898345154,23.572,1.4973969873377053
26.002387584653476,0.6724213974476612,67.2421397447661,0.5309801059970912,33.259461226875196,0.12009063444108761,12.009063444108762,0.3011744966442953,6.823266219239373,0.39867708333333335,8.701302083333335,0.351811835106383,27.979092789598102,4.015,1.3606541886058625
29.003526021452984,0.7365933500888753,73.65933500888754,0.5268232518944024,32.63543581177509,0.18126888217522658,18.12688821752266,0.32046979865771813,9.395973154362418,0.3920416666666666,10.405208333333329,0.3681848404255319,29.79831560283688,8.03,1.3543781518936209
29.348131644913156,0.7174341857382855,71.74341857382856,0.546535755155883,35.4412470409656,0.1646525679758308,16.46525679758308,0.3145973154362416,8.612975391498878,0.41994791666666664,12.226822916666663,0.3843916223404255,31.599069148936167,4.015,1.2785390621096806
29.619908170064097,0.7281003293483512,72.81003293483514,0.5515538279425277,36.26348248348271,0.17069486404833836,17.069486404833835,0.3070469798657718,7.606263982102905,0.4145833333333333,12.389583333333329,0.3842253989361702,31.580599881796683,8.03,1.5347539539225346
29.127203730886404,0.7527050448365891,75.27050448365891,0.539159616655651,34.19993531370101,0.1487915407854985,14.879154078549849,0.30201342281879195,6.935123042505594,0.42385416666666664,13.781770833333331,0.36727061170212766,29.696734633569736,8.03,1.6017002655807937
29.00968134721205,0.7377923908562614,73.77923908562614,0.5387670721191214,34.21152011815682,0.15861027190332327,15.861027190332328,0.2986577181208054,6.487695749440718,0.4225208333333333,13.781770833333331,0.36943151595744683,29.93683510638298,8.03,1.5902321956738188
29.605469000443268,0.7292993701157373,72.92993701157374,0.5459436958014627,35.845555124121006,0.18580060422960726,18.580060422960727,0.2936241610738255,5.8165548098433995,0.4185520833333333,11.485677083333329,0.39677526595744683,32.97502955082743,8.03,1.402496876361008
30.34681191186813,0.7377923908562614,73.77923908562614,0.5463800554321383,35.53537606986396,0.18126888217522658,18.12688821752266,0.3213087248322148,9.507829977628639,0.4227083333333333,13.338541666666666,0.3861369680851064,31.792996453900706,8.03,1.3301376402139433
30.021263046626203,0.7713145564878965,77.13145564878965,0.5407680550216925,34.643632940053415,0.16389728096676737,16.389728096676738,0.313758389261745,8.501118568232664,0.41991666666666666,11.456249999999997,0.38804853723404253,32.00539302600473,8.03,1.3246060112910538
30.020772741913536,0.7676675665013276,76.76675665013276,0.5373871612758611,34.4487493680143,0.1797583081570997,17.97583081570997,0.29949664429530204,6.599552572706939,0.4185833333333333,11.58958333333333,0.3946974734042553,32.74416371158392,8.03,1.4286447016591841
30.020772741913536,0.7676675665013276,76.76675665013276,0.5373871612758611,34.4487493680143,0.1797583081570997,17.97583081570997,0.29949664429530204,6.599552572706939,0.4185833333333333,11.58958333333333,0.3946974734042553,32.74416371158392,8.03,1.4263812233952076
30.719194809944852,0.7831797408653485,78.31797408653483,0.539231076759135,34.408658796480346,0.18957703927492447,18.957703927492446,0.32046979865771813,9.395973154362418,0.41743749999999996,11.146354166666663,0.3887965425531915,32.08850472813239,8.03,1.3245907715556766
29.677478634434237,0.7496575752337131,74.96575752337131,0.5389470863694941,34.14138253488904,0.18580060422960726,18.580060422960727,0.311241610738255,8.165548098434002,0.417375,11.471874999999997,0.37666223404255317,30.740248226950357,8.03,1.295227329313974
3.7903724081838015,0.177804891022487,17.7804891022487,0.28698602947692575,1.6612873090290492,0.0,0.0,0.24748322147651006,0.0,0.3446666666666667,2.0833333333333326,0.11095412234042554,1.2171247044917257,8.03,1.5267189091550464
29.577499098320445,0.7682172192006099,76.82172192006098,0.5433358555450108,34.914380348862515,0.16767371601208458,16.76737160120846,0.3028523489932886,7.046979865771815,0.41734374999999996,10.767968750000001,0.3803191489361702,31.146572104018905,8.03,0.6703182483240965
28.396110525383502,0.7247281657114235,72.47281657114235,0.5459605196913864,35.23706805025389,0.1510574018126888,15.105740181268882,0.3104026845637584,8.05369127516779,0.4001041666666667,8.213020833333335,0.3816489361702128,31.29432624113476,8.03,1.2312977459174455
33.631173922201846,0.7764852812759035,77.64852812759035,0.6106681877306871,43.92726768312374,0.21299093655589124,21.299093655589125,0.3447986577181208,12.639821029082773,0.41654166666666664,11.201041666666669,0.4156416223404255,35.07129137115839,9.242,3.3008564505336286
30.083171334394155,0.7536292592543341,75.3629259254334,0.5434864122121906,35.12062025244797,0.17447129909365558,17.447129909365557,0.3213087248322148,9.507829977628639,0.41601041666666666,11.10130208333333,0.38763297872340424,31.959219858156025,8.03,1.3093283812844896
19.437537566560177,0.4519286603988528,45.19286603988529,0.4761504835496542,26.365382993393997,0.07930513595166164,7.930513595166164,0.2902684563758389,5.369127516778524,0.3963541666666666,7.777604166666667,0.31590757978723405,23.98973108747045,8.03,2.165600817763367
28.97747867481607,0.7384417789243651,73.84417789243652,0.5388142176959776,34.10613777622061,0.16691842900302115,16.691842900302113,0.2986577181208054,6.487695749440718,0.42124999999999996,11.856249999999998,0.3779089095744681,30.87876773049646,8.03,1.3493181419987625
26.286760418026628,0.8266687943545348,82.66687943545348,0.4049833102731906,16.671812993247975,0.21148036253776434,21.148036253776432,0.2986577181208054,6.487695749440718,0.41746875,10.450260416666666,0.2826628989361702,20.295877659574465,8.03,1.4304810447720981
29.71154213470467,0.7676176988169169,76.76176988169169,0.5417014088773181,34.490500759556504,0.1714501510574018,17.14501510574018,0.30956375838926176,7.941834451901568,0.4186145833333333,11.226822916666665,0.37632978723404253,30.703309692671393,8.03,0.6464955314560469
30.10114939087056,0.7667433520835827,76.67433520835827,0.5395493987763994,34.248821021284016,0.17900302114803626,17.900302114803626,0.31711409395973156,8.948545861297541,0.42004166666666665,11.605208333333328,0.3810671542553192,31.229683806146568,8.03,1.279546685554034
29.613500365543217,0.7536791269387447,75.36791269387447,0.5392643954415269,34.49028104908971,0.1797583081570997,17.97583081570997,0.3070469798657718,7.606263982102905,0.41229166666666667,10.503124999999995,0.38563829787234044,31.73758865248227,8.03,1.2734998344522872
30.17823315705989,0.7719639445560003,77.19639445560003,0.5365351570462934,34.09335381950132,0.18806646525679757,18.806646525679756,0.311241610738255,8.165548098434002,0.41346875,10.78359375,0.38821476063829785,32.023862293144205,8.03,1.3019899546090274
26.930558897103452,0.6963767248677952,69.63767248677954,0.524319745545524,32.42070195179438,0.14652567975830816,14.652567975830816,0.29446308724832215,5.92841163310962,0.4149895833333333,11.140364583333332,0.35023271276595747,27.803634751773053,8.03,1.3470456912363171
28.65682513548015,0.7131378076836128,71.31378076836128,0.5456414280881592,35.31017141761393,0.14803625377643503,14.803625377643503,0.3062080536912752,7.494407158836691,0.4145520833333333,11.752343749999996,0.3813996010638298,31.26662234042553,4.015,1.2727870512490191
32.68321529929168,0.7606982805622415,76.06982805622415,0.6051657213517168,42.783674159620205,0.20996978851963746,20.996978851963746,0.33305369127516776,11.073825503355701,0.4070833333333333,9.318750000000003,0.4227061170212766,35.85623522458629,9.242,6.176699167352184
28.956332369127022,0.7235291249440374,72.35291249440374,0.5399310621081937,34.21610348917685,0.1540785498489426,15.407854984894259,0.3070469798657718,7.606263982102905,0.4184895833333333,12.611197916666663,0.38389295212765956,31.543661347517727,8.03,1.626520093949101
29.959011604457412,0.7609232392274721,76.0923239227472,0.5372804197028272,34.05290214273217,0.17522658610271905,17.522658610271904,0.32298657718120805,9.731543624161072,0.41601041666666666,10.967968749999997,0.38248005319148937,31.386672576832154,8.03,1.2951105435024746
21.584573242489594,0.5754265349273262,57.54265349273261,0.4884000866161456,27.851418136508787,0.06722054380664652,6.722054380664652,0.2751677852348993,3.355704697986576,0.42500000000000004,11.625000000000005,0.30169547872340424,22.410608747044915,8.03,1.4737654914835887
30.18954140441448,0.7469347996648892,74.69347996648892,0.5383752114303682,34.15424498998624,0.17749244712990936,17.749244712990937,0.32802013422818793,10.402684563758392,0.41728125,12.76015625,0.3823969414893617,31.37743794326241,8.03,0.6574557527465881
29.722378273097977,0.7615726272955757,76.15726272955757,0.5367913866457493,34.00006494069371,0.1593655589123867,15.93655589123867,0.313758389261745,8.501118568232664,0.4185520833333333,11.752343749999996,0.3878823138297872,31.98692375886525,8.03,1.281487412969691
29.411035925290932,0.7244533393617822,72.44533393617823,0.5395443745186658,34.44482164620488,0.17220543806646527,17.220543806646525,0.31711409395973156,8.948545861297541,0.41622916666666665,12.361979166666666,0.37940492021276595,31.044991134751776,8.03,1.4986020927170227
27.8678381845889,0.7183584001560305,71.83584001560305,0.526338467747489,32.354424456472486,0.15634441087613293,15.634441087613293,0.3011744966442953,6.823266219239373,0.40549999999999997,9.754166666666663,0.37724401595744683,30.80489066193854,8.03,1.471254548591098
30.129656228309155,0.7442120240960651,74.42120240960651,0.5460182474181831,35.53148620432186,0.1729607250755287,17.29607250755287,0.3187919463087248,9.172259507829976,0.4186770833333333,12.434635416666666,0.3873005319148936,31.922281323877062,4.015,1.225435569157672
29.644826479517462,0.7377923908562614,73.77923908562614,0.5383981582614435,34.22706196535763,0.17749244712990936,17.749244712990937,0.3145973154362416,8.612975391498878,0.41213541666666664,12.316927083333331,0.3806515957446808,31.183510638297868,8.03,1.3063248770741902
29.5682894801915,0.748183708116686,74.81837081166859,0.5452070612873019,35.15766080254052,0.16163141993957703,16.1631419939577,0.3028523489932886,7.046979865771815,0.42401041666666667,12.301302083333331,0.3873005319148936,31.922281323877062,8.03,1.2634223164614282
25.34985665112922,0.6799403360860294,67.99403360860295,0.5236638956084764,32.08833034979686,0.10196374622356495,10.196374622356496,0.28439597315436244,4.5861297539149914,0.40029166666666666,8.636458333333332,0.35738031914893614,28.59781323877068,8.03,1.491172890181649
29.66229791748307,0.7308231049171753,73.08231049171752,0.5492054832931256,35.77883534009465,0.17522658610271905,17.522658610271904,0.3179530201342282,9.060402684563762,0.4068333333333333,11.087499999999997,0.3829787234042553,31.44208037825059,8.03,1.2885656354328203
26.25567172776485,0.5180243974875552,51.802439748755525,0.5448449542185521,35.15745504522053,0.17447129909365558,17.447129909365557,0.3196308724832215,9.284116331096197,0.4199791666666666,11.597395833333332,0.3902094414893617,32.245493498817964,8.03,1.3179894823741092
28.212504336786974,0.7189579205397235,71.89579205397234,0.5449429262155,34.93824337423678,0.1578549848942598,15.785498489425981,0.28942953020134227,5.257270693512303,0.4145520833333333,10.68567708333333,0.3764128989361702,30.712544326241126,8.03,1.2966608065773144
29.154893020196578,0.7381170848903134,73.81170848903133,0.5367586873360172,33.802734199229576,0.17371601208459214,17.371601208459214,0.3053691275167785,7.38255033557047,0.4187083333333333,12.00520833333333,0.375,30.555555555555557,8.03,1.264561277760501
30.052497237216315,0.7676176988169169,76.76176988169169,0.5439348074265458,35.371476735853804,0.17673716012084592,17.673716012084594,0.3028523489932886,7.046979865771815,0.40810416666666666,10.079687499999997,0.40043218085106386,33.38135342789598,8.03,1.3972866396390922
30.10503527354818,0.760323718843779,76.03237188437791,0.5379527944750039,33.86908733681889,0.17673716012084592,17.673716012084594,0.3162751677852349,8.83668903803132,0.42506249999999995,13.099479166666663,0.3800698138297872,31.11886820330969,8.03,0.6539682055402704
29.825025523646488,0.7262519005128614,72.62519005128615,0.5444280006376178,35.110911704209016,0.17522658610271905,17.522658610271904,0.32046979865771813,9.395973154362418,0.42524999999999996,12.456249999999999,0.3865525265957447,31.839169621749413,8.03,1.3246274294755
29.2612899751994,0.7296240641497892,72.96240641497891,0.5390507664719518,34.38486477258895,0.1646525679758308,16.46525679758308,0.3162751677852349,8.83668903803132,0.4198854166666666,11.485677083333329,0.38289561170212766,31.432845744680847,8.03,1.347093322001088
30.052988869325077,0.765769269981427,76.57692699814271,0.5352951319641014,34.170029690638636,0.19184290030211482,19.184290030211482,0.3036912751677852,7.158836689038028,0.40940624999999997,9.975781249999995,0.3992686170212766,33.25206855791962,8.03,1.3610815072271032
29.281274084097088,0.744536718130117,74.45367181301171,0.5396942172954088,34.452420920507734,0.18882175226586104,18.882175226586103,0.2936241610738255,5.8165548098433995,0.4068645833333333,10.391406249999998,0.38522273936170215,31.691415484633573,8.03,1.3703618658259002
29.473061853716462,0.7721889032212308,77.21889032212307,0.5350849793007441,33.71901446820086,0.17598187311178248,17.598187311178247,0.2953020134228188,6.040268456375841,0.41473958333333333,10.70911458333333,0.3839760638297872,31.55289598108747,8.03,1.3929903739376703
26.077271313760956,0.6863101016414226,68.63101016414225,0.5204527600425481,31.92112823138842,0.15181268882175228,15.181268882175228,0.28942953020134227,5.257270693512303,0.38702083333333337,6.6442708333333345,0.35945811170212766,28.82867907801418,8.03,1.262117274440706
29.287317950959928,0.6913057354486096,69.13057354486097,0.5420956502068554,34.8222565522494,0.19788519637462235,19.788519637462233,0.3187919463087248,9.172259507829976,0.4230833333333333,13.252083333333333,0.3660239361702128,29.558215130023648,8.03,0.632762720740592
23.778140361939588,0.44356086295473784,44.35608629547379,0.5483045026677609,35.51240857664764,0.11253776435045318,11.253776435045317,0.30788590604026844,7.718120805369126,0.43495833333333334,14.436458333333329,0.3645279255319149,29.391991725768314,12.248,0.8642260980352026
29.720182729588192,0.7715893828375378,77.15893828375377,0.5384269019541996,34.11306781436337,0.1797583081570997,17.97583081570997,0.3104026845637584,8.05369127516779,0.4039479166666667,9.82682291666667,0.3807347074468085,31.19274527186761,8.03,0.6453176169467952
26.935908369361425,0.6785662043378236,67.85662043378235,0.5548337982400763,36.4126125295027,0.10120845921450151,10.120845921450151,0.3053691275167785,7.38255033557047,0.41734374999999996,10.967968749999995,0.35987367021276595,28.874852245862886,8.03,1.5288975332798018
29.675174242254258,0.7503069633018169,75.0306963301817,0.5375114406292553,34.14329045372282,0.1782477341389728,17.82477341389728,0.30788590604026844,7.718120805369126,0.4107708333333333,11.679687499999998,0.3848902925531915,31.654476950354614,8.03,1.335458516352382
30.2188791324389,0.7841039552830933,78.41039552830932,0.5413478053905038,35.15080738484264,0.17598187311178248,17.598187311178247,0.3011744966442953,6.823266219239373,0.4027708333333333,10.346354166666663,0.3968583776595745,32.98426418439716,8.03,1.4141550662108153
29.099649072440133,0.7150361042035134,71.50361042035134,0.5457684398146738,35.253190231117536,0.1555891238670695,15.55891238670695,0.30453020134228187,7.270693512304249,0.42004166666666665,13.338541666666666,0.38505651595744683,31.672946217494097,8.03,1.6572930442289775
28.82332716689665,0.7156356245872064,71.56356245872064,0.5435183631990302,34.60910725048443,0.15332326283987915,15.332326283987916,0.3036912751677852,7.158836689038028,0.4197916666666666,13.840624999999998,0.37391954787234044,30.43550531914893,8.03,1.5846849960800864
21.700898440005755,0.4563502617499346,45.635026174993456,0.5169088291675549,31.112591631105516,0.10800604229607251,10.80060422960725,0.28691275167785235,4.921700223713646,0.405375,8.805208333333335,0.3603723404255319,28.930260047281326,8.03,1.3049476110310343
25.785089599589032,0.70491961329273,70.491961329273,0.5217453397523113,31.99104716376097,0.1042296072507553,10.42296072507553,0.30033557046979864,6.711409395973152,0.37775000000000003,6.052083333333336,0.36136968085106386,29.041075650118202,8.03,1.2215115599421278
29.318843902928162,0.7296240641497892,72.96240641497891,0.5386646439313688,34.12086145705898,0.1933534743202417,19.335347432024168,0.2986577181208054,6.487695749440718,0.41775,12.118749999999999,0.37799202127659576,30.888002364066192,8.03,0.5831037946767536
27.83034980109748,0.7179838384375679,71.7983838437568,0.5427868416987739,34.78573450204923,0.17220543806646527,17.220543806646525,0.2802013422818792,4.026845637583895,0.39666666666666667,8.816666666666663,0.37300531914893614,30.33392434988179,8.03,0.6016343137475283
20.303818181145747,0.44078821970150317,44.078821970150315,0.5242840148078765,32.36931288487491,0.10196374622356495,10.196374622356496,0.2684563758389262,2.460850111856823,0.37406249999999996,4.424479166666667,0.3546376329787234,28.29307033096927,8.03,0.6156083073986824
26.387643367541383,0.7112893788481229,71.1289378848123,0.5231680557624704,31.3609793143707,0.1336858006042296,13.36858006042296,0.27432885906040266,3.243847874720355,0.3960416666666666,10.671874999999995,0.35696476063829785,28.551640070921984,8.03,1.614941045520685
25.93310010934314,0.5043107842746135,50.43107842746136,0.5395029370473196,34.539896807500135,0.1797583081570997,17.97583081570997,0.31711409395973156,8.948545861297541,0.41873958333333333,11.642447916666667,0.3885472074468085,32.06080082742317,8.03,1.5553240142927571
26.661455778534272,0.6514636719459922,65.14636719459922,0.5635271357931001,37.76481840522523,0.07628398791540786,7.628398791540786,0.287751677852349,5.033557046979867,0.45997916666666666,17.33072916666666,0.3435837765957447,27.06486406619385,8.03,1.4256880940800347
27.707526796543544,0.6642032030567783,66.42032030567782,0.539111375413361,34.62851818112923,0.17220543806646527,17.220543806646525,0.30033557046979864,6.711409395973152,0.41204166666666664,10.671874999999995,0.37533244680851063,30.592494089834517,8.03,1.281365469197718
25.70113735165475,0.4922206412319312,49.22206412319312,0.5359662578395569,33.83081371910365,0.18051359516616314,18.051359516616312,0.3070469798657718,7.606263982102905,0.4266770833333333,13.76796875,0.3855551861702128,31.728354018912537,8.03,1.3505131314656516
25.516588284918253,0.5459259210007226,54.59259210007225,0.5845948417986419,40.61854240395792,0.0702416918429003,7.02416918429003,0.3036912751677852,7.158836689038028,0.4477291666666667,15.366145833333333,0.3550531914893617,28.33924349881796,8.03,1.417925622177407
25.49119270489429,0.5444021861992845,54.44021861992846,0.5845948417986419,40.61854240395792,0.0702416918429003,7.02416918429003,0.3036912751677852,7.158836689038028,0.4477291666666667,15.366145833333333,0.3550531914893617,28.33924349881796,8.03,1.4687409513265564
30.080714550686338,0.7758358932077998,77.58358932077998,0.5263511014407583,32.954595045665,0.20996978851963746,20.996978851963746,0.29949664429530204,6.599552572706939,0.40975,10.852083333333333,0.38347739361702127,31.49748817966903,8.03,1.3758434175655363
29.56115847933121,0.7417142071924716,74.17142071924715,0.5406287643522295,34.670888066076664,0.18731117824773413,18.731117824773413,0.3028523489932886,7.046979865771815,0.4106770833333333,11.10130208333333,0.38480718085106386,31.645242316784866,8.03,1.3313386343071156
24.97786899148115,0.6118964347930158,61.18964347930159,0.5601644306147606,37.13218783602701,0.08685800604229607,8.685800604229607,0.28439597315436244,4.5861297539149914,0.41985416666666664,10.848437500000003,0.3468251329787234,27.425014775413715,8.03,1.445361409314325
28.440777656618568,0.6967014189018471,69.67014189018471,0.5383414134372179,34.38735467240193,0.16540785498489427,16.540785498489427,0.3087248322147651,7.829977628635347,0.4186145833333333,11.226822916666665,0.37890625,30.989583333333336,8.03,1.9057666825537358
27.721454908565875,0.7322969720342026,73.22969720342026,0.5509060880148441,35.92411184894727,0.11782477341389729,11.782477341389729,0.28691275167785235,4.921700223713646,0.4224895833333333,11.411197916666667,0.3615359042553192,29.05954491725768,8.03,2.1041045761762494
29.498717642655507,0.7399655137258031,73.99655137258031,0.5561275711510345,36.88142926288663,0.1661631419939577,16.61631419939577,0.3087248322147651,7.829977628635347,0.40937500000000004,9.671875000000005,0.3879654255319149,31.99615839243498,8.03,1.3740561440519077
29.66477204531803,0.7466599733152479,74.66599733152479,0.5453519655444978,35.35061865878467,0.18202416918429004,18.202416918429005,0.31291946308724833,8.389261744966444,0.40810416666666666,9.679687499999998,0.3853058510638298,31.700650118203306,8.03,1.37025617734741
27.522454161375844,0.7259272064788096,72.59272064788095,0.5256123853406084,31.97509368554489,0.15256797583081572,15.256797583081571,0.2860738255033557,4.809843400447425,0.4067708333333333,11.413020833333329,0.36178523936170215,29.08724881796691,8.03,1.733447793388806
25.474742716103354,0.47176270074513404,47.176270074513404,0.5475027267486955,35.427098756489926,0.1540785498489426,15.407854984894259,0.31543624161073824,8.7248322147651,0.4449375,15.15052083333333,0.378656914893617,30.961879432624112,4.015,1.2984347569797885
28.85327338885053,0.7226049105262924,72.26049105262925,0.5458812486333333,35.12536864211717,0.17069486404833836,17.069486404833835,0.29697986577181207,6.263982102908276,0.42001041666666666,12.167968749999998,0.3720910904255319,30.232343380614658,4.015,1.2817874457469578
26.72381960950896,0.6246359659038019,62.46359659038019,0.5194665568943516,31.162352922428383,0.16691842900302115,16.691842900302113,0.3062080536912752,7.494407158836691,0.4225833333333333,12.122916666666663,0.37367021276595747,30.40780141843972,8.03,1.3259010853742466
24.97055556390754,0.4776326812856554,47.76326812856554,0.5410672913070808,34.52230581565854,0.16540785498489427,16.540785498489427,0.3070469798657718,7.606263982102905,0.41185416666666663,12.715104166666663,0.37608045212765956,30.67560579196217,8.03,1.6362246106711529
29.111295234622002,0.7204816553411615,72.04816553411615,0.5389637944785705,34.278852846231906,0.17749244712990936,17.749244712990937,0.3011744966442953,6.823266219239373,0.41346875,12.316927083333331,0.383061835106383,31.451315011820324,8.03,1.1807024438715077
28.009599613230606,0.7064433480941679,70.64433480941679,0.531144904394377,32.94877726470522,0.18202416918429004,18.202416918429005,0.29697986577181207,6.263982102908276,0.40804166666666664,10.938541666666664,0.3615359042553192,29.05954491725768,8.03,1.2363391557136492
29.224572446583664,0.7536292592543341,75.3629259254334,0.5261733490323383,32.53825480363242,0.19184290030211482,19.184290030211482,0.29949664429530204,6.599552572706939,0.4070833333333333,10.118749999999997,0.38389295212765956,31.543661347517727,8.03,1.3285695722275177
26.797849910055774,0.5496482665992899,54.96482665992899,0.5309416142154736,33.71410059102799,0.18580060422960726,18.580060422960727,0.30956375838926176,7.941834451901568,0.42785416666666665,13.2484375,0.3910405585106383,32.337839834515364,8.03,1.4492919129493278
24.11123263157222,0.7152610628687439,71.52610628687438,0.4951882158967103,28.227815382165357,0.07175226586102719,7.175226586102719,0.29949664429530204,6.599552572706939,0.3688229166666666,3.6028645833333335,0.3478224734042553,27.53583037825059,8.03,1.3938008057333435
27.21635948101721,0.7040452665593957,70.40452665593958,0.5184968441488284,31.604274148057367,0.14577039274924472,14.577039274924472,0.3062080536912752,7.494407158836691,0.3914270833333333,9.595052083333334,0.3666057180851064,29.622857565011817,8.03,0.6128445606478136
30.104766282389747,0.7533045652202822,75.33045652202821,0.5466719512941253,35.2912300982616,0.1661631419939577,16.61631419939577,0.3271812080536913,10.290827740492169,0.41728125,11.426822916666664,0.38505651595744683,31.672946217494097,8.03,0.8160167821079294
28.95670005151148,0.7289746760816855,72.89746760816854,0.5322019394938072,33.41239643429133,0.18957703927492447,18.957703927492446,0.3053691275167785,7.38255033557047,0.3908958333333333,9.961979166666664,0.3801529255319149,31.128102836879428,8.03,1.3757086381451888
26.250545465114055,0.5511221337163171,55.11221337163172,0.5231075970343642,32.2576119397764,0.1903323262839879,19.033232628398792,0.30788590604026844,7.718120805369126,0.41492708333333334,11.265885416666663,0.3890458776595745,32.116208628841605,8.03,1.3636809735215683
29.7413869053032,0.778833495126265,77.8833495126265,0.5307011398651839,33.05816146454601,0.1646525679758308,16.46525679758308,0.3062080536912752,7.494407158836691,0.42140625,11.975781249999997,0.38414228723404253,31.57136524822695,8.03,1.3257089020449855
30.16449183127745,0.7898243327703826,78.98243327703825,0.5344816839912676,33.66407644966964,0.2054380664652568,20.54380664652568,0.30956375838926176,7.941834451901568,0.3960729166666667,8.375781250000001,0.38331117021276595,31.47901891252955,8.03,1.3413598010523688
18.13959245219531,0.30077860077926566,30.077860077926566,0.49009180735274227,28.890798050964488,0.05362537764350453,5.362537764350453,0.29194630872483224,5.592841163310966,0.4518229166666667,15.477864583333336,0.3109208776595745,23.43565307328605,7.242,1.3231433347271495
29.346239826870143,0.7375175645066203,73.75175645066203,0.5398373390214104,34.575610505807134,0.19486404833836857,19.486404833836858,0.2953020134228188,6.040268456375841,0.41746875,11.316927083333331,0.3781582446808511,30.906471631205672,8.03,0.6512636744112785
29.70787002354444,0.7795327508787795,77.95327508787796,0.5280190470468065,32.4633736795138,0.17069486404833836,17.069486404833835,0.30956375838926176,7.941834451901568,0.41182291666666665,11.811197916666663,0.3790724734042553,31.008052600472812,8.03,0.665457340724185
29.609547612278366,0.7527050448365891,75.27050448365891,0.5524638802167572,36.1991911954092,0.1729607250755287,17.29607250755287,0.2978187919463087,6.375838926174497,0.41734374999999996,11.10130208333333,0.38272938829787234,31.414376477541367,8.03,0.6597645235646241
28.786491464394853,0.7347947889377962,73.47947889377961,0.5523440600721518,36.05652346278443,0.15861027190332325,15.861027190332324,0.2953020134228188,6.040268456375841,0.41334374999999995,10.301302083333328,0.37882313829787234,30.98034869976359,8.03,0.6493941807487916
30.296302202290054,0.7764852812759035,77.64852812759035,0.5361918366546249,34.09522783768477,0.18806646525679757,18.806646525679756,0.3011744966442953,6.823266219239373,0.4224583333333333,11.973958333333329,0.3918716755319149,32.430186170212764,8.03,1.4374317529670209
28.25652417725776,0.7104150321147887,71.04150321147887,0.5411654435599922,34.67899076231628,0.1487915407854985,14.879154078549849,0.3011744966442953,6.823266219239373,0.4144583333333333,11.440624999999997,0.37608045212765956,30.67560579196217,8.03,1.3270803241537383
24.952990701638594,0.49369450834895856,49.36945083489586,0.5371873804638203,34.28751436834826,0.1933534743202417,19.335347432024168,0.2709731543624161,2.796420581655479,0.4350833333333333,14.518749999999997,0.3646941489361702,29.410460992907794,8.03,2.207847051540963
24.265670200166753,0.499689712185889,49.9689712185889,0.5370433315307738,33.986912493518574,0.17069486404833836,17.069486404833835,0.26929530201342283,2.572706935123044,0.4362916666666667,14.303124999999996,0.3492353723404255,27.692819148936167,8.03,1.5629934211563457
29.64145994849537,0.7691414336183549,76.91414336183549,0.5407897873885027,34.6745089445582,0.19788519637462235,19.788519637462233,0.29697986577181207,6.263982102908276,0.40047916666666666,8.79322916666667,0.38272938829787234,31.414376477541367,8.03,1.2634870441411765
24.06556562824206,0.40289432040319684,40.28943204031969,0.5401935891431586,36.00403694105599,0.15181268882175228,15.181268882175228,0.3053691275167785,7.38255033557047,0.43321875,13.752343749999996,0.38605385638297873,31.783761820330973,3.821,0.4245496438848985
33.81260628765727,0.4038429145777648,40.38429145777648,0.6090237540046592,43.60784925797068,0.3406344410876133,34.06344410876133,0.39429530201342283,19.239373601789712,0.4794479166666667,19.630989583333328,0.5135472074468085,45.94968971631205,14.77,4.665346050968798
44.221596025457025,0.6878837041272712,68.78837041272712,0.7088012228048761,59.0667326828602,0.4312688821752266,43.126888217522655,0.4085570469798658,21.140939597315437,0.47197916666666667,19.730729166666666,0.581283244680851,53.47591607565011,72.706,45.910196932620046
23.448866811862917,0.7147114101694614,71.47114101694615,0.4979908369885237,28.25639185977421,0.09063444108761329,9.06344410876133,0.2600671140939597,1.342281879194629,0.33415625,1.2695312499999996,0.36361369680851063,29.290410756501185,8.03,1.3115600651658479
6.570411768928537,0.2522185578708937,25.221855787089368,0.3191044431037278,4.912818068323685,0.013595166163141994,1.3595166163141994,0.24580536912751677,0.0,0.36575,5.252083333333334,0.12408577127659574,2.6761968085106376,6.0,1.5348643127710762
5.391090848825532,0.20790502533278366,20.790502533278367,0.30392315869356407,3.024569180930987,0.010574018126888218,1.0574018126888218,0.2558724832214765,0.7829977628635317,0.38165625,4.873697916666666,0.1163563829787234,1.8173758865248217,1.366,0.7188481230380952
4.407321907614049,0.19054442213327305,19.054442213327306,0.3115156885791523,3.436738951426704,0.006042296072507553,0.6042296072507553,0.2533557046979866,0.44742729306487633,0.3593333333333333,2.6166666666666654,0.10255984042553191,0.28442671394798985,0.15,0.4058049731865188
6.4310478009874465,0.2589628851447493,25.896288514474925,0.3139516033315253,4.178602667081014,0.010574018126888218,1.0574018126888218,0.26593959731543626,2.1252796420581683,0.3553645833333334,3.5205729166666675,0.11627327127659574,1.8081412529550822,2.718,1.0167628032465814
6.1165221524743325,0.2586880587951081,25.86880587951081,0.31650380320877564,4.929114201526899,0.013595166163141994,1.3595166163141994,0.24328859060402686,0.0,0.36466666666666664,2.816666666666666,0.1155252659574468,1.725029550827422,20.739,6.293472747230082
6.008531439497028,0.23708094522533543,23.708094522533543,0.315042649740714,3.878989478987103,0.015105740181268883,1.5105740181268883,0.26174496644295303,1.5659955257270708,0.35378125,4.02265625,0.11228390957446809,1.3648788416075646,1.515,0.3872326488039495
6.059841492942702,0.24714756845170813,24.71475684517081,0.3179653957935337,4.987531038290507,0.01661631419939577,1.6616314199395772,0.24664429530201343,0.0,0.3646979166666667,3.7872395833333345,0.11087101063829788,1.2078900709219857,12.0,2.2360143063327462
5.730394616916023,0.18155161637787737,18.155161637787735,0.2970437484241321,2.198832279508135,0.00906344410876133,0.906344410876133,0.25838926174496646,1.1185682326621946,0.4179375,10.675520833333332,0.11195146276595745,1.3279403073286051,0.213,0.4706770826081154
5.07026822083096,0.2207941594968018,22.079415949680183,0.3004093017564394,2.2939863995762866,0.00906344410876133,0.906344410876133,0.25671140939597314,0.8948545861297527,0.35520833333333335,2.7343749999999996,0.11361369680851063,1.512632978723403,1.079,0.31229480497840917
5.554946281603011,0.21732226049105263,21.73222604910526,0.3224085936276087,5.077786161905462,0.013595166163141994,1.3595166163141994,0.25,0.0,0.3485729166666667,3.6382812500000004,0.11369680851063829,1.521867612293143,2.909,1.507804003243129
5.227072311484412,0.21954525104500505,21.954525104500505,0.302813387064426,2.7154281203357473,0.009818731117824773,0.9818731117824773,0.25922818791946306,1.230425055928408,0.35781250000000003,3.0598958333333326,0.11278257978723404,1.4202866430260035,0.506,0.7541636544345159
5.966546774741993,0.22811362739752744,22.811362739752745,0.3232287869322383,5.88163197981621,0.014350453172205438,1.4350453172205437,0.2516778523489933,0.22371364653244186,0.3590520833333333,3.8148437499999996,0.1146941489361702,1.6326832151300221,6.9,1.7377338289158397
15.68446940398294,0.4188807918545016,41.88807918545016,0.4074954889367559,16.875928374989595,0.03625377643504532,3.625377643504532,0.2709731543624161,2.796420581655479,0.41700000000000004,10.758333333333335,0.2634640957446808,18.162677304964536,8.031,2.018255930617328
12.51454591188142,0.31953771548380516,31.953771548380523,0.4151575806137866,17.507545086854382,0.02190332326283988,2.190332326283988,0.26174496644295303,1.5659955257270708,0.4070520833333333,9.081510416666667,0.21509308510638298,12.788120567375886,8.031,2.368674679609323
18.128287498482546,0.5082569803676467,50.82569803676467,0.4100577461090639,16.668385554519382,0.04833836858006042,4.833836858006042,0.2651006711409396,2.0134228187919474,0.42357291666666663,12.313281249999996,0.2990359042553192,22.11510047281324,8.03,2.941671164165739
15.575099921155847,0.4689147018799009,46.891470187990095,0.41602720836190127,17.49829637438283,0.0377643504531722,3.7764350453172204,0.26593959731543626,2.1252796420581683,0.3831770833333333,5.43046875,0.2595578457446808,17.728649527186757,8.03,1.8651424904010883
31.28743755248046,0.5564424615575562,55.64424615575562,0.5574545199388612,36.92413092542704,0.3723564954682779,37.235649546827794,0.2953020134228188,6.040268456375841,0.45997916666666666,18.39739583333333,0.4013464095744681,33.48293439716312,7.456,0.6896437531248036
15.600495501179813,0.4704384366813389,47.04384366813389,0.41602720836190127,17.49829637438283,0.0377643504531722,3.7764350453172204,0.26593959731543626,2.1252796420581683,0.3831770833333333,5.43046875,0.2595578457446808,17.728649527186757,8.03,1.8912831845639797
14.239648971826766,0.346715603487635,34.67156034876351,0.4119721873553597,17.396414392379338,0.02945619335347432,2.9456193353474323,0.2609060402684564,1.4541387024608499,0.3834583333333333,6.365625000000002,0.3034408244680851,22.604536052009458,12.248,3.98282278279691
15.085950749805088,0.3103454389907667,31.034543899076674,0.44823796489645434,21.68824851395527,0.04305135951661632,4.305135951661631,0.276006711409396,3.467561521252797,0.4151770833333333,10.897135416666666,0.27210771276595747,19.123079196217496,12.248,5.253400057014685
25.253737990368,0.6408473960203371,64.08473960203372,0.5063958663768304,29.52691068844395,0.15181268882175228,15.181268882175228,0.2978187919463087,6.375838926174497,0.3881979166666667,6.924739583333334,0.3648603723404255,29.428930260047277,8.03,1.6363700494168842
18.55277348742638,0.45317756885064964,45.317756885064966,0.4614552476845888,23.94053725590186,0.02870090634441088,2.870090634441088,0.26593959731543626,2.1252796420581683,0.42993750000000003,13.608854166666665,0.3110871010638298,23.45412234042553,12.248,1.7704359904032256
13.985046352420847,0.15986914719610634,15.986914719610633,0.47552608539742874,25.93522655511771,0.05060422960725076,5.0604229607250755,0.2902684563758389,5.369127516778524,0.3402604166666667,6.599218750000001,0.3246343085106383,24.959367612293143,8.0,1.8417051746542898
14.54609172912029,0.3134172883504657,31.341728835046567,0.42642293591146,19.417817674461514,0.04909365558912387,4.909365558912387,0.2684563758389262,2.460850111856823,0.43505208333333334,13.348177083333333,0.2421875,15.79861111111111,2.0,3.0277164101834417
15.663946300399497,0.4620950189940469,46.20950189940469,0.37947768790586744,13.212088152695856,0.03700906344410876,3.7009063444108756,0.28104026845637586,4.138702460850116,0.43136458333333333,12.853906250000001,0.22481715425531915,13.86857269503546,2.0,2.2571856348609125
17.314021588433324,0.40299405577201824,40.299405577201824,0.4331916189482215,20.87379456667128,0.061933534743202415,6.193353474320242,0.2802013422818792,4.026845637583895,0.4503020833333333,14.854427083333334,0.25872672872340424,17.636303191489358,7.0,1.9439560175879884
3.46432918593773,0.1325915238234551,13.259152382345508,0.28822860667627487,1.667358455856632,0.006797583081570997,0.6797583081570997,0.2332214765100671,0.0,0.36562500000000003,4.036458333333333,0.11028922872340426,1.1432476359338057,3.821,0.423737744033451
39.40710857221479,0.6939786433330231,69.3978643333023,0.6790415739665393,53.786668719353166,0.45845921450151056,45.84592145015105,0.34060402684563756,12.080536912751676,0.3980625,8.024479166666667,0.5257646276595744,47.307180851063826,14.66,0.9143025960276635
11.239255981586004,0.08000992921005155,8.000992921005155,0.45573635384163325,23.506618815003453,0.03474320241691843,3.474320241691843,0.2802013422818792,4.026845637583895,0.3481666666666667,4.954166666666666,0.3112533244680851,23.472591607565015,14.483,4.709921965614319
15.534531353358348,0.1833501775289565,18.335017752895652,0.5110893652548262,30.666711502632058,0.04078549848942598,4.078549848942599,0.26174496644295303,1.5659955257270708,0.42363541666666665,12.521093749999997,0.3343583776595745,26.03981973995272,12.248,3.2370416419749457
14.466040850876615,0.08755324760524298,8.755324760524298,0.5102697700597862,30.336232640303574,0.04607250755287009,4.607250755287009,0.3011744966442953,6.823266219239373,0.4080729166666666,9.975781249999995,0.3366855053191489,26.29838947990544,12.0,3.325326791263037
21.129914482629534,0.4577243934981405,45.77243934981405,0.4838398624677178,26.377774027551386,0.12311178247734139,12.311178247734139,0.30033557046979864,6.711409395973152,0.39445833333333336,6.907291666666666,0.35829454787234044,28.69939420803782,8.0,1.8447622495689262
25.242227896928764,0.7274010735958367,72.74010735958367,0.48648902139668476,26.897964171299805,0.15256797583081572,15.256797583081571,0.2802013422818792,4.026845637583895,0.3619375,4.275520833333334,0.3543051861702128,28.25613179669031,8.0,1.771289856542313
23.74994070118673,0.7304984108831234,73.04984108831235,0.46492466713692354,24.58673708035273,0.13972809667673716,13.972809667673717,0.26593959731543626,2.1252796420581683,0.32088541666666665,1.2106770833333331,0.34798869680851063,27.554299645390067,8.03,2.2853056830713743
23.627287074905905,0.7207066140063919,72.0706614006392,0.4610092915501656,23.544253406580115,0.13141993957703926,13.141993957703926,0.2701342281879195,2.684563758389265,0.3432395833333333,4.1716145833333345,0.3353557180851064,26.150635342789595,8.03,1.3441355413277183
20.857427405175983,0.4578241288669619,45.78241288669619,0.4760520079608936,25.82086537586569,0.13821752265861026,13.821752265861026,0.2936241610738255,5.8165548098433995,0.3881354166666667,6.450260416666667,0.3470744680851064,27.452718676122934,8.0,1.6780731310692927
23.874258540372427,0.7204816553411615,72.04816553411615,0.4817795525811035,26.452059604470918,0.14350453172205438,14.350453172205437,0.2483221476510067,0.0,0.33,2.0833333333333326,0.35480385638297873,28.311539598108748,8.0,1.4902619095486798
20.557928990030614,0.46229559790245434,46.22955979024543,0.49829504320793055,28.95934409387967,0.10800604229607251,10.80060422960725,0.2911073825503356,5.480984340044745,0.3640729166666667,5.97578125,0.33311170212765956,25.901300236406616,8.03,1.8205431961818275
21.293561415203758,0.46109655713506825,46.109655713506825,0.48010141537970213,26.317877757648734,0.12537764350453173,12.537764350453173,0.30033557046979864,6.711409395973152,0.3998229166666667,8.077864583333334,0.35206117021276595,28.00679669030733,8.0,1.667151564837414
15.339340300308171,0.18607295309778055,18.607295309778056,0.49677687590350894,28.567824892702276,0.03625377643504532,3.625377643504532,0.29194630872483224,5.592841163310966,0.4040104166666667,9.501302083333336,0.33527260638297873,26.14140070921986,12.248,3.5425381988690936
14.729862999540122,0.4427363839058143,44.27363839058143,0.36434977901496834,10.273656027098815,0.311178247734139,31.1178247734139,0.2483221476510067,0.0,0.32879166666666665,1.432291666666666,0.11153590425531915,1.2817671394799046,8.03,0.7517107170434107
14.486213316641551,0.3216111029845255,32.16111029845255,0.37162741490176326,12.153438929855737,0.3270392749244713,32.703927492447136,0.27432885906040266,3.243847874720355,0.31136458333333333,2.187239583333333,0.1402094414893617,4.467715721040189,8.03,0.747615825519124
10.130881566678475,0.3676234613048932,36.76234613048933,0.33260007841271594,6.28685605104149,0.13821752265861026,13.821752265861026,0.2516778523489933,0.22371364653244186,0.3419375,2.408854166666666,0.11153590425531915,1.2817671394799046,8.03,0.8073899540313522
18.91456180890705,0.5399562050913798,53.99562050913798,0.4303758760727905,19.02580948500905,0.11102719033232629,11.10271903323263,0.2575503355704698,1.0067114093959737,0.36680208333333336,7.783593750000001,0.28515625,20.572916666666664,3.0,1.4216313423297888
16.60399677564458,0.06946790072563022,6.946790072563022,0.5364928342081372,33.835810999564586,0.09592145015105741,9.592145015105741,0.3313758389261745,10.850111856823268,0.42921875,12.885677083333329,0.32962101063829785,25.513445626477537,12.248,2.7272149280286
22.939578822051278,0.7274010735958367,72.74010735958367,0.45185934849403964,22.80780815942809,0.13444108761329304,13.444108761329304,0.27181208053691275,2.9082774049216997,0.3460625,2.024479166666666,0.31341422872340424,23.712692080378247,3.213,0.5924359491094815
23.321646038971995,0.7100903380807368,71.0090338080737,0.46279874531423665,24.419414132832703,0.13972809667673716,13.972809667673717,0.27684563758389263,3.5794183445190177,0.3194895833333333,1.2695312499999996,0.33111702127659576,25.67966903073286,8.0,1.3356626948818016
23.204900560269166,0.712213593265868,71.22135932658679,0.45659361690861294,23.576450573055748,0.12462235649546828,12.462235649546828,0.28439597315436244,4.5861297539149914,0.32348958333333333,1.2695312499999996,0.33502327127659576,26.11369680851064,8.03,1.3689958633217039
23.02725584049078,0.6915306941138402,69.15306941138402,0.4524732961901791,22.89036811976203,0.12915407854984895,12.915407854984895,0.26677852348993286,2.2371364653243813,0.35775,5.518750000000002,0.32903922872340424,25.44880319148936,8.03,1.3958844451637349
19.208175433660585,0.4828532737580731,48.285327375807306,0.47357563863974517,25.544054444754476,0.1299093655589124,12.990936555891238,0.2609060402684564,1.4541387024608499,0.31821875,0.9440104166666662,0.33427526595744683,26.03058510638298,8.03,1.447840402014464
21.331579969605,0.4553263119633683,45.53263119633683,0.4804219047211424,25.89560083857891,0.12915407854984895,12.915407854984895,0.3070469798657718,7.606263982102905,0.393125,7.173958333333332,0.3597905585106383,28.865617612293136,8.03,1.4427844314051856
9.508931658156023,0.40871443325930756,40.871443325930755,0.3324495305251265,6.5772148357059725,0.05060422960725076,5.0604229607250755,0.2609060402684564,1.4541387024608499,0.3221875,1.1067708333333328,0.11785239361702128,1.9835992907801419,1.236,0.9031677511029814
8.170098865797046,0.3272816127874041,32.72816127874041,0.3262818751942827,6.111150533529301,0.05060422960725076,5.0604229607250755,0.25838926174496646,1.1185682326621946,0.326,2.0833333333333326,0.11727061170212766,1.9189568557919614,1.236,0.7538632079758366
17.78003203358188,0.5119538380386264,51.19538380386264,0.43810846923178864,20.728881523559497,0.10800604229607251,10.80060422960725,0.26426174496644295,1.9015659955257262,0.34352083333333333,2.1734375000000004,0.2789228723404255,19.880319148936167,3.213,1.2263268803331018
23.430640115437427,0.7289746760816855,72.89746760816854,0.45181862491313,23.004650311661738,0.15332326283987915,15.332326283987916,0.27348993288590606,3.1319910514541416,0.3486666666666667,2.8833333333333333,0.3100066489361702,23.33407210401891,3.213,1.3505097740284058
19.475016650589627,0.5902893212232432,59.02893212232432,0.436379591348482,19.821269315746473,0.14803625377643503,14.803625377643503,0.2600671140939597,1.342281879194629,0.3314270833333333,1.5950520833333328,0.28233045212765956,20.258939125295505,3.213,0.5962760270217874
23.526303672038257,0.7341454008696924,73.41454008696924,0.44460707451155984,22.166822802153792,0.15861027190332325,15.861027190332324,0.2726510067114094,3.0201342281879207,0.35539583333333336,2.5578125000000003,0.3172373670212766,24.137485224586285,3.213,0.5853917932437854
23.51162994918955,0.7334960128015887,73.34960128015888,0.44496323889512146,22.265678862081568,0.1540785498489426,15.407854984894259,0.27348993288590606,3.1319910514541416,0.3527291666666667,3.091145833333334,0.31441156914893614,23.823507683215126,3.213,0.5679692340468294
14.035244688635869,0.29760590787998065,29.76059078799807,0.43725189001258497,20.62436739279366,0.1299093655589124,12.990936555891238,0.2609060402684564,1.4541387024608499,0.31945833333333334,1.698958333333333,0.25914228723404253,17.682476359338057,3.213,0.6070635739248887
23.57087320558054,0.7393161256576994,73.93161256576994,0.44623884450165807,22.472883801695517,0.15634441087613293,15.634441087613293,0.27348993288590606,3.1319910514541416,0.3540625,2.024479166666666,0.31806848404255317,24.229831560283685,3.213,0.5824159628332604
18.398292233746382,0.5732534120577845,57.32534120577844,0.4189899823502799,18.05942921696145,0.09290030211480363,9.290030211480364,0.27768456375838924,3.6912751677852316,0.33520833333333333,2.7343749999999996,0.2736037234042553,19.289302600472812,3.213,0.5854265795489074
16.80359555586663,0.5051097753959495,50.51097753959495,0.41678877951897175,17.62918970867094,0.10725075528700906,10.725075528700906,0.26174496644295303,1.5659955257270708,0.3448229166666667,1.8028645833333332,0.26728723404255317,18.587470449172574,3.213,0.6061262394745162
16.648061999116766,0.5057092957796425,50.57092957796425,0.41774567831526244,17.793270992983555,0.09743202416918428,9.743202416918429,0.2609060402684564,1.4541387024608499,0.34215625,1.5361979166666664,0.2691156914893617,18.790632387706854,3.213,0.5980412814196955
23.243643018070443,0.7207564816908026,72.07564816908027,0.4516908992961786,23.06533291680579,0.14577039274924472,14.577039274924472,0.276006711409396,3.467561521252797,0.35403125,2.720572916666667,0.31200132978723405,23.55570330969267,3.213,0.5761983025195495
23.492474520020917,0.7274509412802475,72.74509412802476,0.45239424517060806,23.094998793873298,0.1540785498489426,15.407854984894259,0.276006711409396,3.467561521252797,0.3553645833333334,2.720572916666667,0.3116688829787234,23.51876477541371,3.213,1.1654658615572893
15.718390848250493,0.4351177098986245,43.511770989862455,0.41754154460978427,18.971369774912947,0.04229607250755287,4.229607250755287,0.2709731543624161,2.796420581655479,0.41696875000000005,10.387760416666667,0.22972074468085107,14.413416075650117,7.0,1.939269685082392
15.200286583835771,0.13553925805750963,13.553925805750964,0.5018583230653281,29.776014226579218,0.04154078549848943,4.1540785498489425,0.2986577181208054,6.487695749440718,0.4173125,11.264062499999996,0.33369348404255317,25.965942671394792,12.0,3.745129376454524
22.551673578610224,0.498640274471735,49.8640274471735,0.4977581192690881,29.259226071264724,0.11858006042296072,11.858006042296072,0.29278523489932884,5.7046979865771785,0.42766666666666664,11.891666666666667,0.3405917553191489,26.73241725768321,8.0,1.6966642760929416
21.567143968773337,0.42117913802045237,42.11791380204524,0.49561092312727917,28.628475325906475,0.13595166163141995,13.595166163141995,0.28859060402684567,5.145413870246088,0.43706249999999996,13.432812500000002,0.33834773936170215,26.483082151300234,8.0,1.7411433753603245
20.274573357917856,0.3880814017916905,38.808140179169044,0.49508699339363266,27.99254879661235,0.1283987915407855,12.83987915407855,0.2785234899328859,3.8031319910514525,0.42801041666666667,12.034635416666667,0.3355219414893617,26.16910460992908,8.0,1.5950461475759945
21.094517497325704,0.40843960690966635,40.84396069096664,0.4930009712421776,27.963797525362725,0.12009063444108761,12.009063444108762,0.2902684563758389,5.369127516778524,0.43721875,13.685677083333337,0.3402593085106383,26.695478723404253,8.0,1.5304958366458974
21.867631752899076,0.4865756193566404,48.657561935664035,0.48807730539009225,27.207176615070413,0.13066465256797583,13.066465256797583,0.2978187919463087,6.375838926174497,0.3931875,6.848437499999999,0.3614527925531915,29.050310283687946,8.0,1.8695479199902147
21.97087003498899,0.5079079065767719,50.79079065767719,0.4847020640542447,26.901201452028392,0.12009063444108761,12.009063444108762,0.2961409395973154,6.152125279642054,0.40630208333333334,7.854427083333334,0.35305851063829785,28.117612293144205,8.0,1.8040592656869943
20.894624934810878,0.39522577871159636,39.52257787115964,0.49553052334314723,27.571611204577167,0.12462235649546828,12.462235649546828,0.29949664429530204,6.599552572706939,0.4048125,10.4015625,0.35929188829787234,28.8102098108747,8.0,1.7679480184248195
